mode,sample,offset,rows,elapsed_ms,retained_metadata_bytes,fingerprint
prefix,0,0,500,414.571416,210136,ae62669028e3c73f4361b1b84a9abdfbc5297ceaa2c6b0f9524aae50ff9b0743
prefix,0,500,1000,420.025209,420266,e651609d490b9ddc6b4cf06c4738259acc735cb9f66bc434009104f311687871
prefix,0,1000,1500,423.081083,630402,6417e7c8ae072fc1beee609e4520ee79a259dd2440ff1ed2b2289ef8c390914b
prefix,0,1500,2000,414.481625,840534,73b3d5ccb597dda2ad7e3ee360564f3f71349f0b8f3d47d0f85cdbfebc2a7279
prefix,0,2000,2500,418.995667,1050670,9ac1a02386aefc54024d0d85939be30d3b349c9f388bd2cfd54d299bd8a20e7d
prefix,0,2500,3000,421.721125,1260807,00a6a2b5c74337f65d07eee45a69a7234c4c420bb4b29ac64486c5fb20f9a789
prefix,0,3000,3500,413.463500,1470940,9299f434ef480a10cd2e1d6655ab0a822112c4d0081eb02e8f38c914e018f322
prefix,0,3500,4000,389.513375,1681080,b3d092504bbe2a159dafe21dc316178d9a9e40ae7394402aa5227d9db880a58a
prefix,0,4000,4500,396.173292,1891213,2e627b5c356a8e5421782b860f863e9f09488a21fd20952cb666c994050d6307
prefix,0,4500,5000,408.606125,2101350,6227c79151ebe696b7c1dca0503bb0ac5487a55b61943d3cb3b8c9b10d22201c
prefix,0,5000,5500,426.622500,2311486,7992302158826abe4605bb6fcd7373d0cd8beff06143af70d317ade78dcc0433
prefix,0,5500,6000,393.708042,2521620,68d68ce3bfaf673aebb38b1b7ba45a6dc04b5358d5f8837550361462cfa5118f
prefix,0,6000,6500,398.108209,2731759,fdfe6225c712f4f903e2b593c94dbb3ea056151f09adfaff23026aeaa9fc480e
prefix,0,6500,7000,396.544458,2941892,161fc5beeabc2dcd94e6159bfe8adc47a0e874991ad5b6232fa298ec720df731
prefix,0,7000,7500,397.076916,3152030,8a02a2ef6ad675776c8beabd4a8ba8c51065727c4f062d5b2ef62072605eedb9
prefix,0,7500,8000,398.173167,3362165,1c33437a16eb0ec18c624f4c8846f98eb405c6c4bab52111ff81e17605efaf0f
prefix,0,8000,8500,395.006083,3572300,dfb2a0a8e7aa638142bd3498e2cd88325ef5558289ab902562b692a4c333dfa7
prefix,0,8500,9000,404.913750,3782438,8a010bf2570aa5a0512a70a4fd2e8e0639a961a32a9e5cc7d5bbd63262c66e71
prefix,0,9000,9500,399.184000,3992571,927058816426d525ccaf5325b1231667702b7f7cd311446db1995ff706c96073
prefix,0,9500,10000,406.168584,4202710,5a8110e731ed2a282114cda4899daf5e6198cae01dace82832436f6918276cd1
prefix,0,10000,10500,414.431291,4412844,2765494e2679d8366322ffba790a635c767f6b65ca5d1c36d6e4465fb3580be0
prefix,0,10500,11000,418.974417,4622980,06aac027fc183381cbdcc0d165f6e5e9593f4bbeca23efc3e31d13c2d578eec1
prefix,0,11000,11500,410.962583,4833117,c3d87b216c29defa42bcbc2929554d34c31b435a92e48f2734465273d0f311fb
prefix,0,11500,12000,409.081208,5043250,f54d3a627f72a06edbf9919d9b9e0cd59690d63ed2ce0688752aadba1dbdb6e9
prefix,0,12000,12500,408.152458,5253387,d55b52b2a91e10b3c35ce112619c7a1abee5d4b027a24210fd4e1a7fe9bcba08
prefix,0,12500,13000,405.498042,5463517,069708f3826e05e4375ec2988e28db18140a7e77bc13829f979de6566710c2f2
prefix,0,13000,13500,411.600875,5673651,862d371b63fb48c39b656f46293f603b15e8a1e51a6a310e5704d4ccdea5a172
prefix,0,13500,14000,406.930625,5883786,dee152cdcbaaa7a18fe178f7c199d44ded35eee9274c4d7fa2bba49d4c8b1000
prefix,0,14000,14500,409.886166,6093920,aa494651524866a3ceecae4d8f59e5c07b9b6d77910e9cf11d37b8fa4135b681
prefix,0,14500,15000,434.633709,6304059,37ce967f95a6d944c2a383be14186de45c2e3a02ed6478df8fadf7569476964b
prefix,0,15000,15500,441.811125,6514192,a55377b8211921d4858ad1dd4c9c96533e94d1b531b3de01e33c96a65dc0981c
prefix,0,15500,16000,409.097709,6724330,a673cd18e02c68566cd27133f713ce9c94ef99166718f18a0079b5142c228bce
prefix,0,16000,16500,417.302041,6934465,c91eab5ea34eccf28e55e282415a87e16cfeb10f920d8edad7306e6884ceaffc
prefix,0,16500,17000,415.805125,7144600,1d9ca914c89eb08205d8a854772b0f041967077c1de2661bb860854afb184d0c
prefix,0,17000,17500,417.142958,7354738,837d8ef383035f03a100effab3a8d9071a712c8ed90121192ee71355d37c4d90
prefix,0,17500,18000,413.500375,7564871,464578c0f0f866e8603730d76c8468af321c9991cc6f7edb6cdbff540901feff
prefix,0,18000,18500,414.679000,7775010,4b496eb73a3182406810fd7d0561260e03af7e04fd7b18f634c5bf4d30528e68
prefix,0,18500,19000,443.621291,7985144,5423993074f1b4a400eebb1ebef5ffc136d3f88e5d661183236ec193c96c3f4f
prefix,0,19000,19500,425.705084,8195280,f49f92c2c26bd4280d6527267e535a4a3a93b5d0d53b1bf7fa3308ed3ca125a9
prefix,0,19500,20000,417.817416,8405417,1431b2c84a9367b8ced894cbaa2c24d3ab7d040a1d7521972ea6c67c45a18f22
prefix,0,20000,20500,423.085292,8615051,1a08b34ed9bbd1d050150c7498cd202305ef3888e2c8d29e53e3fdb0320b1a53
prefix,0,20500,21000,428.928750,8824691,dde71584504df3dcc447b44562bffb31d7c2698c651bb7f9205e1b1475e3558d
prefix,0,21000,21500,430.118291,9034324,e9b394fcf2a3b61d35b723cebc39a24b8b88a22b9911c59484a749fb3cd0efae
prefix,0,21500,22000,421.635125,9243961,88fac21b1f847c14630480a6f7322e565b1d69709bc414dadc4bffb5b1fd26f2
prefix,0,22000,22500,424.556875,9453597,20edeb5a15bbabf0e9e617e034a79af3b4bff9733dff631db30e900288593f2d
prefix,0,22500,23000,418.269833,9663231,e3ac407b0043aa971eb4b89b4597a2188cd853ccaffb2219a945d4f66c404746
prefix,0,23000,23500,433.183375,9872870,11aa786e6356e60cbd4037f8116dd7a560f2b27ee65d96b28178ced9b6323ab5
prefix,0,23500,24000,427.573125,10082502,fdd6f3a189763190931cbb36629b7ef61be694fce24a3ea4ae0c260aaaf45879
prefix,0,24000,24500,462.797875,10292137,1cfeb87b56484d662094f4ec867a9e887395bb23c825aeb2199ff33d5dd5ae15
prefix,0,24500,25000,445.072708,10501769,c42f911dd7a5abea0877707df74d9b3f4c07c7036c6b375e8095e93adc9038a3
prefix,0,25000,25500,429.669667,10711401,c1b3c5c17dda51440a89ca7e9ea58b8b7fc3475efda231defc82ee9dff5e4e19
prefix,0,25500,26000,442.961833,10921039,08a5d72d35241dacfb6fcd94a1b6222b8927b3be05560aede418aaaf3f1981a7
prefix,0,26000,26500,430.142208,11130672,a619fdcba4fe875eeddad4de6d15ad95d036d8507f0e7ec194d81a9c974c13ee
prefix,0,26500,27000,435.747333,11340311,26e54b0d8f9d392d1c3984ceb8ef61b4a8a1af7adc9268bb15320c8ddf68ee4b
prefix,0,27000,27500,428.695583,11549945,37fc8a2f103f5940fedfcd0cebc0ed5821a3a45db4ddfc2fe8892a53d2e557a2
prefix,0,27500,28000,432.670125,11759581,14b74b759d2b4be555bcfeb132c58f222bb4104dae7a1fa3ebcfe9a1f093b503
prefix,0,28000,28500,431.505250,11969218,60299c19ec9dd0f37fce5d7a9648afa71be26c8b4157aa03f06a6818c8390ad6
prefix,0,28500,29000,437.006583,12178851,c81611c1ad832abfe8056c4482c4ae20c475bc28f623377c7eaae28584d9eb37
prefix,0,29000,29500,432.997500,12388491,b9eb2deef39bdd4552e2b07b652363185f21f582dac8e0abe76956f42e7b50f8
prefix,0,29500,30000,438.818625,12598124,5655a888b70b4d1ebcf96e89b75ad8c252106a766b13f68c0c1282974ada166a
prefix,0,30000,30500,449.773959,12807761,a84cb176de7fd880f2a3981b973b4fccc3d4c7a7f1d6358c2db28b73daa2614c
prefix,0,30500,31000,464.777792,13017397,0e66aed9e72ff7bfae408600c83c586ff6dd603dfa18f6ae63a3cd6afa35fd18
prefix,0,31000,31500,463.352708,13227031,3a3c7e9b2533aa9d82742a62e93498de07ae6632dd45ea47a9d3843195a89dd9
prefix,0,31500,32000,459.080125,13436670,f168edfec2df7b1b8a90ed4d8cc2087750da9ea67e8122d39c22d0ae91a17f00
prefix,0,32000,32500,449.646042,13646303,58241a5cd81f62fe6231725f00cf1c1cfeba4e683031f3b3e7d1968780e0a5ed
prefix,0,32500,33000,459.119041,13855941,9bd5d6ec5773160adf1d1e06f11ac3d089abf29143c377041931549f9009f30b
prefix,0,33000,33500,559.526250,14065576,ee7d51dceaa2aa8ac3b0bd3ebdd0ee33eea8563d73d8087b74cd68bd190cfaac
prefix,0,33500,34000,450.581291,14275211,19d4fc67366f97f4f1b00f5860bbd9824b7263847b7a467c9e8283cb0875352a
prefix,0,34000,34500,462.286542,14484849,9b578898b16d7da09de6035e3eb9b2776cea062075c90ba2512f5dbdc765e682
prefix,0,34500,35000,442.090167,14694482,6e423d295eb8a1c575062a58e3b1b5f6b248f07f047eee5fa1b52e6de4c19d88
prefix,0,35000,35500,445.491250,14904121,c7165cc13940c2cac8022baa6af3aea7eb4efd61fa46c71b2f0efc5ce44d583b
prefix,0,35500,36000,462.191916,15113753,82869bac01ab2287f60392622a4267668a6c246e0ffd97b67ca1210d06eaf67e
prefix,0,36000,36500,464.474000,15323386,3bf1a4dafab8764d5dbb901a55096bcfd2707c0f47f2592d7a60d75ce86da32b
prefix,0,36500,37000,448.424583,15533020,99db37926ca3bf6301ee1fbd15f946d5ea5873e6117205b8c6d9cb382cdb528d
prefix,0,37000,37500,451.784125,15742651,096850b58bee359aa61f9731d73624f589755b18630a61dd0df034f38bb984db
prefix,0,37500,38000,452.344708,15952291,fe2f8277a01a95b266bcb4d9a9b0837a5f6e6fbeb3b9c737faa59922dd551fc6
prefix,0,38000,38500,452.779875,16161924,671acd1a9be92150445c80b03d2b3514af1233a317cc8c1ea8264986fb7ab66c
prefix,0,38500,39000,449.231542,16371561,5f13c8419f567b09238d8135cc5b2015509d456c63c96a61bfac5df3ea276e42
prefix,0,39000,39500,461.157500,16581197,14ed263e476b118109afcc726b3becb612574f157b653fb19048d683480f5618
prefix,0,39500,40000,449.378083,16790831,509c225594a41969d06d61085ed45f37654a398c2cd830085b2c086e36b486d0
prefix,0,40000,40500,452.310125,17000470,243af97f27a633777f8a5fedbc3ecca370df67d7560fb61f416ce884c39af39f
prefix,0,40500,41000,460.934417,17210103,64a43c7f8e1606610726a134ed48d31d773639b815ff015a5ec8d071bf22dded
prefix,0,41000,41500,470.043334,17419741,a6696a5cd3a23d2dbb2f6702506d82edfaa45d6af3efeaa757eb247a55fe3f6e
prefix,0,41500,42000,485.998416,17629376,77efe8e3d8405bc53ba46059846e8f80b8a8cf34af8ad15c538007cb66c0d84f
prefix,0,42000,42500,480.038500,17839011,7eaea122faa229b70864b2bab620b517eb68a300b4d0bf6f9f9868b88f83caf1
prefix,0,42500,43000,460.751375,18048649,faf269dbd1f4944ae0125aff6a73252c9af3251edd27f8e5e8be946801b0bdcd
prefix,0,43000,43500,461.656833,18258282,98598cf0527c76c725c72f6a8ed0983dd523e272efe75da80e2e18427bfc1c60
prefix,0,43500,44000,456.837292,18467921,63347e8aaea68ca43e78ae86a5ca5cda207fe157ac89bb6fd8250c4129df2f70
prefix,0,44000,44500,460.135125,18677555,842ddb6487e8c8b5725bf1315f13c4c72e6dbe4343ab2e149edc24189c16a9df
prefix,0,44500,45000,464.665625,18887191,0d332db61773ea7b5187c5dc16138a362b457b4e0a1e8894574f67e6c930f4fb
prefix,0,45000,45500,455.424791,19096828,0a9502ac03258c2a60b4f07f50147277d2db5c0e7ab49b5ef201927a5d68ba6f
prefix,0,45500,46000,468.673750,19306461,8bc846162f9c35bce0e913695e0cb4946bf23da52cdb49ea89fc18cd99373b34
prefix,0,46000,46500,463.133250,19516101,6116417de6c5016a94c16229f6a4253eadb284eba9757c1673c57558bdbf2495
prefix,0,46500,47000,477.287208,19725734,3f02761a05b43a996615d980213d302219e24cf888188a395b3c2880d7051749
prefix,0,47000,47500,466.947792,19935371,ce4f20106c679fe71ff532295ec4b1f6e674557eda9b868669e305d423a9a5b2
prefix,0,47500,48000,461.355667,20145004,5568e14cfb3bd987c71487347d09303bb43174c3db694ee019289f06df2d131e
prefix,0,48000,48500,470.774834,20354635,f78e89e617fe05cff40f85ed6ed447d7fecb6562abf67f7cc015aea462b6822f
prefix,0,48500,49000,465.154959,20564271,99c21ffb7c33694256c4594442546c2888dab61519cfe76575cdf23fe012bb19
prefix,0,49000,49500,471.059417,20773903,59e420c10f97d86cce12e715991611bdcb499743452cf96725716b195e9c2def
prefix,0,49500,50000,475.994750,20983541,4dc66aeb3b2195b6e47530fa1f559272429181df28b1a832996041fe67ed2fae
prefix,0,50000,50500,494.855375,21193176,af904fb27df2319d4eed2a3b4e8cf9c61aa02e0a8fc5d58325b7bc5ab62659da
prefix,0,50500,51000,493.424250,21402811,a48cf5dbd0d4fac582af377a69464661d569ad9fe01b854b4452b10c6d2da116
prefix,0,51000,51500,471.296958,21612449,d76a78a20e0654748431204316ad6352a2f2b3480a510930ef7dbac3ae8220f5
prefix,0,51500,52000,472.443250,21822082,8de489a83237aaa36cd88ef063c4de1d3db328bca8659d08839e0f6dc9ffef24
prefix,0,52000,52500,471.255584,22031721,1cb8209dedae794bd9ca4806b3b3c41ab0d862dc80dc32fc5a30fe887a439ee9
prefix,0,52500,53000,470.477000,22241355,234d358f6fa46c274e1be1f21352e06b47b880cefea0e9250139cf1c1fea0560
prefix,0,53000,53500,474.473209,22450991,87e95f6306e89fb2cabe7847bd9f2c7eca323c822375f3d4b8669d3416e833a6
prefix,0,53500,54000,475.939292,22660628,96852f442dadc30195687f58c06f78ae2c977195184378f8b70f490f98e7a857
prefix,0,54000,54500,476.049959,22870261,f714596ecdfaa4b15f939b2a8b54d2665aaef93b81ddd573ef97a40292aed6fc
prefix,0,54500,55000,476.658542,23079901,e3c5d88f0bd1eae4d4d3fbde9886f6d5e088b2c4f1ef437543a76530cc97f83e
prefix,0,55000,55500,474.659583,23289534,26e8450e9f1fbb13335285bce149029d5a471610733fa1b643961343d2d2b991
prefix,0,55500,56000,491.297875,23499171,667390768d6a311c2a808ac31285c52374f751d1c8c46d8ae2dff6a24c4a00d8
prefix,0,56000,56500,478.376708,23708807,c6761ddb2c1842e496a201676cd5554c9b82d0244f667c7b804c18bd58a9b8df
prefix,0,56500,57000,481.276541,23918441,d4c70a59e52e7c0374a22157c21500926f10ebcba39e756cf8f31d66c9dde520
prefix,0,57000,57500,502.777541,24128080,20fa64397939e1f2988a75e838428f1abd07be745cca0a57defa37aa4474b4b4
prefix,0,57500,58000,503.849000,24337713,09b0043b4840893add5e20ad54eb34b79de50a494b06bb6b326e2f45f0aebfd5
prefix,0,58000,58500,493.111667,24547351,252b30a8f9ca21069312f102667c07cebca7e898537878009b496b203d028af9
prefix,0,58500,59000,519.124834,24756986,13c2f53adb01e61446cae15890ed40690422452ec802dd4ac4b2654f5c9c516d
prefix,0,59000,59500,502.199375,24966620,019ea3bc4338221f269ba91108d6e2f64418b09dcd9ff85d0bd57f1acfa632be
prefix,0,59500,60000,485.289250,25176255,7aa89aab579ac19e2288edd344fd014d8030322c214e8a3a3ec7983c4ff44899
prefix,0,60000,60500,492.901584,25385885,6f57aa546bfb291bbd9166b8addc302c3ab300f0f450920062cc0015a88d7590
prefix,0,60500,61000,481.022833,25595521,ac411cb1229e271e05e492745fa0b30a17adf13e514bec7d4c79d7a2a65d6fb1
prefix,0,61000,61500,490.859500,25805155,ddf921937e85a0db5551b492f29c93a99b8ce299be2fea78723d315ca8ea1372
prefix,0,61500,62000,490.531834,26014791,dd0f27dbbb3937020832436c475a510097f7914fd1b02ced7142ee3ee404544d
prefix,0,62000,62500,495.129250,26224428,89764c6d3ac6087d2164f3bb154ce1e27ace556bf174cc220433c687b9721230
prefix,0,62500,63000,483.249916,26434061,1d5b9ad4f3cda03e10c072780e120a167be4de6b235c73d0c19c4d56fa446784
prefix,0,63000,63500,486.167625,26643701,762190c19d759951dd66d4ab8c9bca16813a9020cf15d9e63b656ca532e11052
prefix,0,63500,64000,500.108375,26853334,fd1b51697647eefcd8becc75f49fb95ae2fea7e205ab5ebdf0536c52a53a07cd
prefix,0,64000,64500,499.084417,27062971,36853d7864440dba3d14516d74696b84b00ec44270c898a8ecfa19bec277b423
prefix,0,64500,65000,515.057125,27272607,e4c25c01352bda597b1fba5a26efdd7c9f1f3555eb91c4af3d0ca3a3ed28a0a7
prefix,0,65000,65500,496.031292,27482241,de1100589f9bd8f3d42b641ba55e6a1c56eed974d151a257832f262b4be1f345
prefix,0,65500,66000,500.920750,27691880,56588d0846643e4f4bb407de130bcbd8e57479f4d1f31fc2599a20e220ca6eb6
prefix,0,66000,66500,513.894917,27901513,92efdeab4a581d705d4f93485dc09aef72b7a10ebfb72c437b8e6df1f57a38a0
prefix,0,66500,67000,528.052667,28111151,9d060386b135165a9cccc6f9d6aa24524e44631bf3e7da77d2a8780107d6d0ce
prefix,0,67000,67500,508.368541,28320786,b210404cbf3a8e1b00253eff00da3748e16bf477e40c25fdfd95ef8a9c3f4fbd
prefix,0,67500,68000,495.557959,28530421,2800cb99f576d0d5db7288e31b9b173d819a9824355fd0b80c5f95cabcabb10e
prefix,0,68000,68500,500.593459,28740059,42900f68b0f7b51c107ceb85420ce35b959295bd77c5c4dc94030fa1d696f08e
prefix,0,68500,69000,502.166791,28949692,349397c996a6233e5cc06bf83c680069afb8c2dcf75cae9e1506c73e0ed971c1
prefix,0,69000,69500,492.520334,29159331,f1669531b4ed1d5702f0e37e0522c986e0b12011f678b9e172d4b09c3cb6227f
prefix,0,69500,70000,506.427959,29368965,3c097254d8fbb466c1fc626772d44e79c5c27298f30de94318239b04827b41c8
prefix,0,70000,70500,497.080084,29578601,28ef373a604386c585716390ebd8c97dfee97af62fe9afe142f9a36f318dcd83
prefix,0,70500,71000,503.956459,29788238,6e4d46ce62dc948e1af5c29446c0d3ce8c9d401e327a17ee0cb0fd56e01c59b7
prefix,0,71000,71500,509.060916,29997869,ef28545411c127fda9828059905102cf879365bee9d437321534dfbf5064a1b5
prefix,0,71500,72000,499.373875,30207506,5427289253e1869a96ff5d7cf62bc5742896d265b4c7863c9888c716a98e10e6
prefix,0,72000,72500,501.578875,30417136,2eb93e58a0146c9bb2c9c00d9ad3af62575a86b54dac7ac751661b69cc074fd8
prefix,0,72500,73000,511.706958,30626771,2f8c56baf0f370ef08ec9c6a70bd9e3111c94cf9780f577138931f14c0b9bbf9
prefix,0,73000,73500,505.827833,30836407,40215609f7df20d88e915e2eecfa26397aede6e68833a4514fb5ae458b8b797a
prefix,0,73500,74000,520.072750,31046041,c52a565d1a3af778eba6a3e7f3e010ce9d08b1e0c5a7238f9f12427c8d60b576
prefix,0,74000,74500,544.813625,31255680,c60562f534bc7a8b2f44fbecba7dca4280b5a7fc6cc9f8c71d9ac04c536b2d04
prefix,0,74500,75000,551.814541,31465313,ef337168f4e1f38c6da9a08883bb170b300a100f451c377885713b0e1b8dcd46
prefix,0,75000,75500,558.954417,31674951,b34f185cf12561b05f975219500f94f7ce4d49fc10f125d592577f302632d2ef
prefix,0,75500,76000,534.597458,31884586,f8de30eb2cbd07d1a627f4fd66340cd23afe0f514fa1f84bff14ec94e73786f3
prefix,0,76000,76500,556.042750,32094221,5cf320844d846d9be37f923a1656c7f87395b729d440061888795c4c740541fa
prefix,0,76500,77000,549.388708,32303859,c8893166f17307b6139c010d32f129191971fa8edc4591b922ddc98f7b7b5944
prefix,0,77000,77500,560.723208,32513492,4a9480bef14ed4cd291e10b2a2f97376b889e78b0b50834929bda6f6ae33ba05
prefix,0,77500,78000,546.872292,32723131,25deb03d04571b6fc100b8eeb1f06084eba7e7666c7bb98e43474bc3b01cc3db
prefix,0,78000,78500,560.211125,32932765,12c8639446132dadf41caf0312d12de01826021dc9cb0d35c4ded7e6678fea95
prefix,0,78500,79000,560.811667,33142401,ee0346545dfad10294d270957e1ea555d695244ad0fdbbe9185135ed2d51b878
prefix,0,79000,79500,565.175792,33352038,570852de30412f9ff284f8d0c45d4e247b505406725e80f173bccbce84281e2a
prefix,0,79500,80000,558.695541,33561671,2dee584972b00d397b3a0b1de27a2421d08165f30a0860b568ac82a95a21294c
prefix,0,80000,80500,558.903000,33771311,1efac23511f0f6c2396cbc4c6ae206afcb0e5c4a42f8a8a2152059e7ac8a7ec2
prefix,0,80500,81000,558.796917,33980944,b12f5d36213f0884c5be76106d31f318ef8bb850a940cd1882ce025547561d2d
prefix,0,81000,81500,568.271375,34190581,ebdb9cb18aa0bd1b3af324cef21a34291bfb73f251a59e20e0ae1a0d83f52a43
prefix,0,81500,82000,586.148917,34400217,d699058d188b3acb7c1659a625e1c243c708802b20ca6f5e4f154e91417a82dd
prefix,0,82000,82500,567.225500,34609851,1d2011b784a52ebffbb7951a6fbf3ea4da83408df02be91a4dbbf8a6529b3a9d
prefix,0,82500,83000,559.350250,34819490,6dd0220b044b9e9338ec270c292c6fb19b6861d43b375e6e0ee99ad41de5aa9e
prefix,0,83000,83500,549.047541,35029120,1f0bb52d34e8bb8862be6a74d96796ab45a25cef04f33a1fd56e2be63b64cb40
prefix,0,83500,84000,538.123250,35238755,2a61e774b1b919de3dc2064907ff336b1dcf39d1a0f2b817f86518fdc25e6fcf
prefix,0,84000,84500,538.402500,35448387,0835ae1a5ce90d8f57a69792e171fa60d7786076108fff2a88e6881d1748e749
prefix,0,84500,85000,542.881625,35658021,9bb03245860f7cdb85bd1928617a97cd726a3752e2dab5b4806dbc8097bce102
prefix,0,85000,85500,540.137834,35867659,51253ff4c2c5d9345988a2b0116036a8e51931ef7fa1a186a092d43ccaf90dfa
prefix,0,85500,86000,533.913167,36077292,386323703dac0c89e4a01aa695519867c87144842f3428dca9c748ee58695315
prefix,0,86000,86500,528.514625,36286931,c82212e96cc4e30ead4a2b13288c0523d4e57d16dc41de5e9959075a9dc31420
prefix,0,86500,87000,527.863667,36496565,24019eb407a15fcae4511fe87bd2b890b70b8dbe0a7f47ba17fbd9d1f432e5e1
prefix,0,87000,87500,561.609291,36706201,2b59fa12ff9db2867b731e2c20e30b66d50f6c2e5d7ff0c0db9af9af0ccd912a
prefix,0,87500,88000,567.888291,36915838,ec391fa282bb29849c79a84b7b3137b8d9a95f58e91f207cd5fa013e09ae5c3c
prefix,0,88000,88500,543.378291,37125471,aecc258f792972288414bed7115a8a42daa74487895bc048a6867738ee9df7cf
prefix,0,88500,89000,597.920083,37335111,a6788d6809cb2d279a98804ee0009d3df138a9a559c9d4c0a8a8cfca31d02afe
prefix,0,89000,89500,554.189916,37544744,963f5553dad2fd9d45eafb4dedfd879f42a199906d0b326bd3c3e8ecb7c3592c
prefix,0,89500,90000,571.235125,37754381,abc2cb568e9921361e73b7a935e85788534d2875593a69dc8176ea6c68900761
prefix,0,90000,90500,545.265708,37964017,968521a4db6d234933c2663f6c413ecf63bc3dc7b41486cccd9681423ab94287
prefix,0,90500,91000,571.036500,38173651,86d8e52bf31c076886d6c3e4a6720ed806605d0693884106bb49929072994ff9
prefix,0,91000,91500,561.092500,38383290,daa1c6126751d07796590a88c16901806f99dc48c8d374626e06c670d930e237
prefix,0,91500,92000,549.192125,38592923,a0560dc41c88072ec4cdad2d1024fe512a20dd73a3a7272c95785170e7d7aefb
prefix,0,92000,92500,558.072167,38802561,3ed103eb35cdc207a978249abeaabcf6d7fe7ef2791c84dd11673f3f5fbb7f6d
prefix,0,92500,93000,558.655042,39012196,d18a5797144c8b385659dc9c2fc1926b2b2cb40d1f4d16c07b7acd221603f70d
prefix,0,93000,93500,549.480792,39221831,0a1b766e4c56f71f2e984bfae577778e683a193f3a237466d73ec8c0ced6b739
prefix,0,93500,94000,559.051209,39431469,5c4dc73b88a0fb1ee177c19ff9ff1a4cacbaf4832b12750b4f28eab5fc2a4d2f
prefix,0,94000,94500,555.404666,39641102,6b334999be9a3e505dca7d1a8fced8464e6f53c344d901805e841af298820f61
prefix,0,94500,95000,560.468542,39850740,aecd453c0103e5493af9066db3f1de9183af3caf5c0ee3417670c388cf8150cd
prefix,0,95000,95500,552.510000,40060371,57b49dc6aa36ef54af89058feee27542be62dacc30138ca08642f146ea2e5506
prefix,0,95500,96000,586.571083,40270004,51d10c3a5b45ede6e843a9188b7badffad8cf7498fcd9e5efd1c1797b9928e3a
prefix,0,96000,96500,570.121542,40479638,00b9cbf0360d16c6cf2139ef561c5d695abf62653a8d36d023fe703ad699e75a
prefix,0,96500,97000,575.640000,40689271,42b21715fc3384d3e7b6bbf046152bbdad0b3ddcdc08eb3a08755399b5903406
prefix,0,97000,97500,560.135292,40898911,f145f67cf60fde0d9a95b0e7512d4f46c6236b37b38cd8b3369136e437915915
prefix,0,97500,98000,550.088958,41108544,e7c94c9482c53e9bcb1723892ed8e61b892e123d34e3ba7a74479e11c0015889
prefix,0,98000,98500,547.832542,41318181,257e4fe6c6ae7d0df50783f55ed936c66f42016d176e43770c9da88439e43a3a
prefix,0,98500,99000,553.160541,41527817,725df59d14a5606798540628ea6da936aa2571b6266ff4143d260b203e02aaae
prefix,0,99000,99500,583.510792,41737451,b809e6661de18c37e963cf4007d2e27e16e7850908d7912e61b4cb0e7011bf29
prefix,0,99500,100000,588.876917,41947090,da482c1cdcc091469bf99bef69c33cf05b6c4021195da4df7a4f5ea97172eef0
incremental,0,0,500,435.642209,210136,ae62669028e3c73f4361b1b84a9abdfbc5297ceaa2c6b0f9524aae50ff9b0743
incremental,0,500,500,0.538000,210130,e651609d490b9ddc6b4cf06c4738259acc735cb9f66bc434009104f311687871
incremental,0,1000,500,0.552041,210136,6417e7c8ae072fc1beee609e4520ee79a259dd2440ff1ed2b2289ef8c390914b
incremental,0,1500,500,0.619208,210132,73b3d5ccb597dda2ad7e3ee360564f3f71349f0b8f3d47d0f85cdbfebc2a7279
incremental,0,2000,500,0.556416,210136,9ac1a02386aefc54024d0d85939be30d3b349c9f388bd2cfd54d299bd8a20e7d
incremental,0,2500,500,0.565500,210137,00a6a2b5c74337f65d07eee45a69a7234c4c420bb4b29ac64486c5fb20f9a789
incremental,0,3000,500,0.523041,210133,9299f434ef480a10cd2e1d6655ab0a822112c4d0081eb02e8f38c914e018f322
incremental,0,3500,500,0.553209,210140,b3d092504bbe2a159dafe21dc316178d9a9e40ae7394402aa5227d9db880a58a
incremental,0,4000,500,0.545750,210133,2e627b5c356a8e5421782b860f863e9f09488a21fd20952cb666c994050d6307
incremental,0,4500,500,0.567291,210137,6227c79151ebe696b7c1dca0503bb0ac5487a55b61943d3cb3b8c9b10d22201c
incremental,0,5000,500,0.542667,210136,7992302158826abe4605bb6fcd7373d0cd8beff06143af70d317ade78dcc0433
incremental,0,5500,500,0.571625,210134,68d68ce3bfaf673aebb38b1b7ba45a6dc04b5358d5f8837550361462cfa5118f
incremental,0,6000,500,0.570375,210139,fdfe6225c712f4f903e2b593c94dbb3ea056151f09adfaff23026aeaa9fc480e
incremental,0,6500,500,0.536792,210133,161fc5beeabc2dcd94e6159bfe8adc47a0e874991ad5b6232fa298ec720df731
incremental,0,7000,500,0.577667,210138,8a02a2ef6ad675776c8beabd4a8ba8c51065727c4f062d5b2ef62072605eedb9
incremental,0,7500,500,0.538500,210135,1c33437a16eb0ec18c624f4c8846f98eb405c6c4bab52111ff81e17605efaf0f
incremental,0,8000,500,0.506333,210135,dfb2a0a8e7aa638142bd3498e2cd88325ef5558289ab902562b692a4c333dfa7
incremental,0,8500,500,0.511541,210138,8a010bf2570aa5a0512a70a4fd2e8e0639a961a32a9e5cc7d5bbd63262c66e71
incremental,0,9000,500,0.495000,210133,927058816426d525ccaf5325b1231667702b7f7cd311446db1995ff706c96073
incremental,0,9500,500,0.489459,210139,5a8110e731ed2a282114cda4899daf5e6198cae01dace82832436f6918276cd1
incremental,0,10000,500,0.490834,210134,2765494e2679d8366322ffba790a635c767f6b65ca5d1c36d6e4465fb3580be0
incremental,0,10500,500,0.495375,210136,06aac027fc183381cbdcc0d165f6e5e9593f4bbeca23efc3e31d13c2d578eec1
incremental,0,11000,500,0.509459,210137,c3d87b216c29defa42bcbc2929554d34c31b435a92e48f2734465273d0f311fb
incremental,0,11500,500,0.487750,210133,f54d3a627f72a06edbf9919d9b9e0cd59690d63ed2ce0688752aadba1dbdb6e9
incremental,0,12000,500,0.486834,210137,d55b52b2a91e10b3c35ce112619c7a1abee5d4b027a24210fd4e1a7fe9bcba08
incremental,0,12500,500,0.489792,210130,069708f3826e05e4375ec2988e28db18140a7e77bc13829f979de6566710c2f2
incremental,0,13000,500,0.508500,210134,862d371b63fb48c39b656f46293f603b15e8a1e51a6a310e5704d4ccdea5a172
incremental,0,13500,500,0.535875,210135,dee152cdcbaaa7a18fe178f7c199d44ded35eee9274c4d7fa2bba49d4c8b1000
incremental,0,14000,500,0.498500,210134,aa494651524866a3ceecae4d8f59e5c07b9b6d77910e9cf11d37b8fa4135b681
incremental,0,14500,500,0.485333,210139,37ce967f95a6d944c2a383be14186de45c2e3a02ed6478df8fadf7569476964b
incremental,0,15000,500,0.485167,210133,a55377b8211921d4858ad1dd4c9c96533e94d1b531b3de01e33c96a65dc0981c
incremental,0,15500,500,0.553875,210138,a673cd18e02c68566cd27133f713ce9c94ef99166718f18a0079b5142c228bce
incremental,0,16000,500,0.596792,210135,c91eab5ea34eccf28e55e282415a87e16cfeb10f920d8edad7306e6884ceaffc
incremental,0,16500,500,0.612709,210135,1d9ca914c89eb08205d8a854772b0f041967077c1de2661bb860854afb184d0c
incremental,0,17000,500,0.604959,210138,837d8ef383035f03a100effab3a8d9071a712c8ed90121192ee71355d37c4d90
incremental,0,17500,500,0.618917,210133,464578c0f0f866e8603730d76c8468af321c9991cc6f7edb6cdbff540901feff
incremental,0,18000,500,0.636833,210139,4b496eb73a3182406810fd7d0561260e03af7e04fd7b18f634c5bf4d30528e68
incremental,0,18500,500,0.599375,210134,5423993074f1b4a400eebb1ebef5ffc136d3f88e5d661183236ec193c96c3f4f
incremental,0,19000,500,0.644666,210136,f49f92c2c26bd4280d6527267e535a4a3a93b5d0d53b1bf7fa3308ed3ca125a9
incremental,0,19500,500,0.593333,210137,1431b2c84a9367b8ced894cbaa2c24d3ab7d040a1d7521972ea6c67c45a18f22
incremental,0,20000,500,0.585000,209634,1a08b34ed9bbd1d050150c7498cd202305ef3888e2c8d29e53e3fdb0320b1a53
incremental,0,20500,500,0.656541,209640,dde71584504df3dcc447b44562bffb31d7c2698c651bb7f9205e1b1475e3558d
incremental,0,21000,500,0.544958,209633,e9b394fcf2a3b61d35b723cebc39a24b8b88a22b9911c59484a749fb3cd0efae
incremental,0,21500,500,0.510125,209637,88fac21b1f847c14630480a6f7322e565b1d69709bc414dadc4bffb5b1fd26f2
incremental,0,22000,500,0.564791,209636,20edeb5a15bbabf0e9e617e034a79af3b4bff9733dff631db30e900288593f2d
incremental,0,22500,500,0.587292,209634,e3ac407b0043aa971eb4b89b4597a2188cd853ccaffb2219a945d4f66c404746
incremental,0,23000,500,0.524084,209639,11aa786e6356e60cbd4037f8116dd7a560f2b27ee65d96b28178ced9b6323ab5
incremental,0,23500,500,0.618084,209632,fdd6f3a189763190931cbb36629b7ef61be694fce24a3ea4ae0c260aaaf45879
incremental,0,24000,500,0.529375,209635,1cfeb87b56484d662094f4ec867a9e887395bb23c825aeb2199ff33d5dd5ae15
incremental,0,24500,500,0.515792,209632,c42f911dd7a5abea0877707df74d9b3f4c07c7036c6b375e8095e93adc9038a3
incremental,0,25000,500,0.556708,209632,c1b3c5c17dda51440a89ca7e9ea58b8b7fc3475efda231defc82ee9dff5e4e19
incremental,0,25500,500,0.549166,209638,08a5d72d35241dacfb6fcd94a1b6222b8927b3be05560aede418aaaf3f1981a7
incremental,0,26000,500,0.598958,209633,a619fdcba4fe875eeddad4de6d15ad95d036d8507f0e7ec194d81a9c974c13ee
incremental,0,26500,500,0.539333,209639,26e54b0d8f9d392d1c3984ceb8ef61b4a8a1af7adc9268bb15320c8ddf68ee4b
incremental,0,27000,500,0.595167,209634,37fc8a2f103f5940fedfcd0cebc0ed5821a3a45db4ddfc2fe8892a53d2e557a2
incremental,0,27500,500,0.526333,209636,14b74b759d2b4be555bcfeb132c58f222bb4104dae7a1fa3ebcfe9a1f093b503
incremental,0,28000,500,0.493334,209637,60299c19ec9dd0f37fce5d7a9648afa71be26c8b4157aa03f06a6818c8390ad6
incremental,0,28500,500,0.509333,209633,c81611c1ad832abfe8056c4482c4ae20c475bc28f623377c7eaae28584d9eb37
incremental,0,29000,500,0.490917,209640,b9eb2deef39bdd4552e2b07b652363185f21f582dac8e0abe76956f42e7b50f8
incremental,0,29500,500,0.494166,209633,5655a888b70b4d1ebcf96e89b75ad8c252106a766b13f68c0c1282974ada166a
incremental,0,30000,500,0.515458,209637,a84cb176de7fd880f2a3981b973b4fccc3d4c7a7f1d6358c2db28b73daa2614c
incremental,0,30500,500,0.507125,209636,0e66aed9e72ff7bfae408600c83c586ff6dd603dfa18f6ae63a3cd6afa35fd18
incremental,0,31000,500,0.505792,209634,3a3c7e9b2533aa9d82742a62e93498de07ae6632dd45ea47a9d3843195a89dd9
incremental,0,31500,500,0.501833,209639,f168edfec2df7b1b8a90ed4d8cc2087750da9ea67e8122d39c22d0ae91a17f00
incremental,0,32000,500,0.500083,209633,58241a5cd81f62fe6231725f00cf1c1cfeba4e683031f3b3e7d1968780e0a5ed
incremental,0,32500,500,0.502458,209638,9bd5d6ec5773160adf1d1e06f11ac3d089abf29143c377041931549f9009f30b
incremental,0,33000,500,0.505166,209635,ee7d51dceaa2aa8ac3b0bd3ebdd0ee33eea8563d73d8087b74cd68bd190cfaac
incremental,0,33500,500,0.508000,209635,19d4fc67366f97f4f1b00f5860bbd9824b7263847b7a467c9e8283cb0875352a
incremental,0,34000,500,0.504875,209638,9b578898b16d7da09de6035e3eb9b2776cea062075c90ba2512f5dbdc765e682
incremental,0,34500,500,0.509667,209633,6e423d295eb8a1c575062a58e3b1b5f6b248f07f047eee5fa1b52e6de4c19d88
incremental,0,35000,500,0.531500,209639,c7165cc13940c2cac8022baa6af3aea7eb4efd61fa46c71b2f0efc5ce44d583b
incremental,0,35500,500,0.524417,209632,82869bac01ab2287f60392622a4267668a6c246e0ffd97b67ca1210d06eaf67e
incremental,0,36000,500,0.521333,209633,3bf1a4dafab8764d5dbb901a55096bcfd2707c0f47f2592d7a60d75ce86da32b
incremental,0,36500,500,0.495042,209634,99db37926ca3bf6301ee1fbd15f946d5ea5873e6117205b8c6d9cb382cdb528d
incremental,0,37000,500,0.487916,209631,096850b58bee359aa61f9731d73624f589755b18630a61dd0df034f38bb984db
incremental,0,37500,500,0.494833,209640,fe2f8277a01a95b266bcb4d9a9b0837a5f6e6fbeb3b9c737faa59922dd551fc6
incremental,0,38000,500,0.515583,209633,671acd1a9be92150445c80b03d2b3514af1233a317cc8c1ea8264986fb7ab66c
incremental,0,38500,500,0.597709,209637,5f13c8419f567b09238d8135cc5b2015509d456c63c96a61bfac5df3ea276e42
incremental,0,39000,500,0.579458,209636,14ed263e476b118109afcc726b3becb612574f157b653fb19048d683480f5618
incremental,0,39500,500,0.607291,209634,509c225594a41969d06d61085ed45f37654a398c2cd830085b2c086e36b486d0
incremental,0,40000,500,0.582542,209639,243af97f27a633777f8a5fedbc3ecca370df67d7560fb61f416ce884c39af39f
incremental,0,40500,500,0.566708,209633,64a43c7f8e1606610726a134ed48d31d773639b815ff015a5ec8d071bf22dded
incremental,0,41000,500,0.538834,209638,a6696a5cd3a23d2dbb2f6702506d82edfaa45d6af3efeaa757eb247a55fe3f6e
incremental,0,41500,500,0.533875,209635,77efe8e3d8405bc53ba46059846e8f80b8a8cf34af8ad15c538007cb66c0d84f
incremental,0,42000,500,0.514833,209635,7eaea122faa229b70864b2bab620b517eb68a300b4d0bf6f9f9868b88f83caf1
incremental,0,42500,500,0.946083,209638,faf269dbd1f4944ae0125aff6a73252c9af3251edd27f8e5e8be946801b0bdcd
incremental,0,43000,500,0.544625,209633,98598cf0527c76c725c72f6a8ed0983dd523e272efe75da80e2e18427bfc1c60
incremental,0,43500,500,0.522333,209639,63347e8aaea68ca43e78ae86a5ca5cda207fe157ac89bb6fd8250c4129df2f70
incremental,0,44000,500,0.557334,209634,842ddb6487e8c8b5725bf1315f13c4c72e6dbe4343ab2e149edc24189c16a9df
incremental,0,44500,500,0.550750,209636,0d332db61773ea7b5187c5dc16138a362b457b4e0a1e8894574f67e6c930f4fb
incremental,0,45000,500,0.566792,209637,0a9502ac03258c2a60b4f07f50147277d2db5c0e7ab49b5ef201927a5d68ba6f
incremental,0,45500,500,0.556375,209633,8bc846162f9c35bce0e913695e0cb4946bf23da52cdb49ea89fc18cd99373b34
incremental,0,46000,500,0.502875,209640,6116417de6c5016a94c16229f6a4253eadb284eba9757c1673c57558bdbf2495
incremental,0,46500,500,0.488500,209633,3f02761a05b43a996615d980213d302219e24cf888188a395b3c2880d7051749
incremental,0,47000,500,0.483209,209637,ce4f20106c679fe71ff532295ec4b1f6e674557eda9b868669e305d423a9a5b2
incremental,0,47500,500,0.484375,209633,5568e14cfb3bd987c71487347d09303bb43174c3db694ee019289f06df2d131e
incremental,0,48000,500,0.496292,209631,f78e89e617fe05cff40f85ed6ed447d7fecb6562abf67f7cc015aea462b6822f
incremental,0,48500,500,0.506292,209636,99c21ffb7c33694256c4594442546c2888dab61519cfe76575cdf23fe012bb19
incremental,0,49000,500,0.489250,209632,59e420c10f97d86cce12e715991611bdcb499743452cf96725716b195e9c2def
incremental,0,49500,500,0.494875,209638,4dc66aeb3b2195b6e47530fa1f559272429181df28b1a832996041fe67ed2fae
incremental,0,50000,500,0.492875,209635,af904fb27df2319d4eed2a3b4e8cf9c61aa02e0a8fc5d58325b7bc5ab62659da
incremental,0,50500,500,0.483833,209635,a48cf5dbd0d4fac582af377a69464661d569ad9fe01b854b4452b10c6d2da116
incremental,0,51000,500,0.501875,209638,d76a78a20e0654748431204316ad6352a2f2b3480a510930ef7dbac3ae8220f5
incremental,0,51500,500,0.492208,209633,8de489a83237aaa36cd88ef063c4de1d3db328bca8659d08839e0f6dc9ffef24
incremental,0,52000,500,0.483500,209639,1cb8209dedae794bd9ca4806b3b3c41ab0d862dc80dc32fc5a30fe887a439ee9
incremental,0,52500,500,0.490875,209634,234d358f6fa46c274e1be1f21352e06b47b880cefea0e9250139cf1c1fea0560
incremental,0,53000,500,0.492167,209636,87e95f6306e89fb2cabe7847bd9f2c7eca323c822375f3d4b8669d3416e833a6
incremental,0,53500,500,0.543208,209637,96852f442dadc30195687f58c06f78ae2c977195184378f8b70f490f98e7a857
incremental,0,54000,500,0.541500,209633,f714596ecdfaa4b15f939b2a8b54d2665aaef93b81ddd573ef97a40292aed6fc
incremental,0,54500,500,0.468125,209640,e3c5d88f0bd1eae4d4d3fbde9886f6d5e088b2c4f1ef437543a76530cc97f83e
incremental,0,55000,500,0.449667,209633,26e8450e9f1fbb13335285bce149029d5a471610733fa1b643961343d2d2b991
incremental,0,55500,500,0.461125,209637,667390768d6a311c2a808ac31285c52374f751d1c8c46d8ae2dff6a24c4a00d8
incremental,0,56000,500,0.462833,209636,c6761ddb2c1842e496a201676cd5554c9b82d0244f667c7b804c18bd58a9b8df
incremental,0,56500,500,0.473166,209634,d4c70a59e52e7c0374a22157c21500926f10ebcba39e756cf8f31d66c9dde520
incremental,0,57000,500,0.485416,209639,20fa64397939e1f2988a75e838428f1abd07be745cca0a57defa37aa4474b4b4
incremental,0,57500,500,0.488250,209633,09b0043b4840893add5e20ad54eb34b79de50a494b06bb6b326e2f45f0aebfd5
incremental,0,58000,500,0.495042,209638,252b30a8f9ca21069312f102667c07cebca7e898537878009b496b203d028af9
incremental,0,58500,500,0.498208,209635,13c2f53adb01e61446cae15890ed40690422452ec802dd4ac4b2654f5c9c516d
incremental,0,59000,500,0.501542,209634,019ea3bc4338221f269ba91108d6e2f64418b09dcd9ff85d0bd57f1acfa632be
incremental,0,59500,500,0.511583,209635,7aa89aab579ac19e2288edd344fd014d8030322c214e8a3a3ec7983c4ff44899
incremental,0,60000,500,0.504084,209630,6f57aa546bfb291bbd9166b8addc302c3ab300f0f450920062cc0015a88d7590
incremental,0,60500,500,0.518042,209636,ac411cb1229e271e05e492745fa0b30a17adf13e514bec7d4c79d7a2a65d6fb1
incremental,0,61000,500,0.516333,209634,ddf921937e85a0db5551b492f29c93a99b8ce299be2fea78723d315ca8ea1372
incremental,0,61500,500,0.498000,209636,dd0f27dbbb3937020832436c475a510097f7914fd1b02ced7142ee3ee404544d
incremental,0,62000,500,0.471625,209637,89764c6d3ac6087d2164f3bb154ce1e27ace556bf174cc220433c687b9721230
incremental,0,62500,500,0.466333,209633,1d5b9ad4f3cda03e10c072780e120a167be4de6b235c73d0c19c4d56fa446784
incremental,0,63000,500,0.472041,209640,762190c19d759951dd66d4ab8c9bca16813a9020cf15d9e63b656ca532e11052
incremental,0,63500,500,0.512208,209633,fd1b51697647eefcd8becc75f49fb95ae2fea7e205ab5ebdf0536c52a53a07cd
incremental,0,64000,500,0.543500,209637,36853d7864440dba3d14516d74696b84b00ec44270c898a8ecfa19bec277b423
incremental,0,64500,500,0.547458,209636,e4c25c01352bda597b1fba5a26efdd7c9f1f3555eb91c4af3d0ca3a3ed28a0a7
incremental,0,65000,500,0.550250,209634,de1100589f9bd8f3d42b641ba55e6a1c56eed974d151a257832f262b4be1f345
incremental,0,65500,500,0.541791,209639,56588d0846643e4f4bb407de130bcbd8e57479f4d1f31fc2599a20e220ca6eb6
incremental,0,66000,500,0.543584,209633,92efdeab4a581d705d4f93485dc09aef72b7a10ebfb72c437b8e6df1f57a38a0
incremental,0,66500,500,0.538916,209638,9d060386b135165a9cccc6f9d6aa24524e44631bf3e7da77d2a8780107d6d0ce
incremental,0,67000,500,0.552792,209635,b210404cbf3a8e1b00253eff00da3748e16bf477e40c25fdfd95ef8a9c3f4fbd
incremental,0,67500,500,0.533750,209635,2800cb99f576d0d5db7288e31b9b173d819a9824355fd0b80c5f95cabcabb10e
incremental,0,68000,500,0.537416,209638,42900f68b0f7b51c107ceb85420ce35b959295bd77c5c4dc94030fa1d696f08e
incremental,0,68500,500,0.533458,209633,349397c996a6233e5cc06bf83c680069afb8c2dcf75cae9e1506c73e0ed971c1
incremental,0,69000,500,0.507916,209639,f1669531b4ed1d5702f0e37e0522c986e0b12011f678b9e172d4b09c3cb6227f
incremental,0,69500,500,0.451833,209634,3c097254d8fbb466c1fc626772d44e79c5c27298f30de94318239b04827b41c8
incremental,0,70000,500,0.486334,209636,28ef373a604386c585716390ebd8c97dfee97af62fe9afe142f9a36f318dcd83
incremental,0,70500,500,0.473792,209637,6e4d46ce62dc948e1af5c29446c0d3ce8c9d401e327a17ee0cb0fd56e01c59b7
incremental,0,71000,500,0.482750,209631,ef28545411c127fda9828059905102cf879365bee9d437321534dfbf5064a1b5
incremental,0,71500,500,0.485959,209637,5427289253e1869a96ff5d7cf62bc5742896d265b4c7863c9888c716a98e10e6
incremental,0,72000,500,0.483625,209630,2eb93e58a0146c9bb2c9c00d9ad3af62575a86b54dac7ac751661b69cc074fd8
incremental,0,72500,500,0.486958,209635,2f8c56baf0f370ef08ec9c6a70bd9e3111c94cf9780f577138931f14c0b9bbf9
incremental,0,73000,500,0.485625,209636,40215609f7df20d88e915e2eecfa26397aede6e68833a4514fb5ae458b8b797a
incremental,0,73500,500,0.484750,209634,c52a565d1a3af778eba6a3e7f3e010ce9d08b1e0c5a7238f9f12427c8d60b576
incremental,0,74000,500,0.491583,209639,c60562f534bc7a8b2f44fbecba7dca4280b5a7fc6cc9f8c71d9ac04c536b2d04
incremental,0,74500,500,0.482083,209633,ef337168f4e1f38c6da9a08883bb170b300a100f451c377885713b0e1b8dcd46
incremental,0,75000,500,0.484625,209638,b34f185cf12561b05f975219500f94f7ce4d49fc10f125d592577f302632d2ef
incremental,0,75500,500,0.487292,209635,f8de30eb2cbd07d1a627f4fd66340cd23afe0f514fa1f84bff14ec94e73786f3
incremental,0,76000,500,0.484000,209635,5cf320844d846d9be37f923a1656c7f87395b729d440061888795c4c740541fa
incremental,0,76500,500,0.479959,209638,c8893166f17307b6139c010d32f129191971fa8edc4591b922ddc98f7b7b5944
incremental,0,77000,500,0.483875,209633,4a9480bef14ed4cd291e10b2a2f97376b889e78b0b50834929bda6f6ae33ba05
incremental,0,77500,500,0.485917,209639,25deb03d04571b6fc100b8eeb1f06084eba7e7666c7bb98e43474bc3b01cc3db
incremental,0,78000,500,0.533125,209634,12c8639446132dadf41caf0312d12de01826021dc9cb0d35c4ded7e6678fea95
incremental,0,78500,500,0.547417,209636,ee0346545dfad10294d270957e1ea555d695244ad0fdbbe9185135ed2d51b878
incremental,0,79000,500,0.548959,209637,570852de30412f9ff284f8d0c45d4e247b505406725e80f173bccbce84281e2a
incremental,0,79500,500,0.549958,209633,2dee584972b00d397b3a0b1de27a2421d08165f30a0860b568ac82a95a21294c
incremental,0,80000,500,0.548334,209640,1efac23511f0f6c2396cbc4c6ae206afcb0e5c4a42f8a8a2152059e7ac8a7ec2
incremental,0,80500,500,0.539333,209633,b12f5d36213f0884c5be76106d31f318ef8bb850a940cd1882ce025547561d2d
incremental,0,81000,500,0.531625,209637,ebdb9cb18aa0bd1b3af324cef21a34291bfb73f251a59e20e0ae1a0d83f52a43
incremental,0,81500,500,0.535125,209636,d699058d188b3acb7c1659a625e1c243c708802b20ca6f5e4f154e91417a82dd
incremental,0,82000,500,0.536084,209634,1d2011b784a52ebffbb7951a6fbf3ea4da83408df02be91a4dbbf8a6529b3a9d
incremental,0,82500,500,0.537209,209639,6dd0220b044b9e9338ec270c292c6fb19b6861d43b375e6e0ee99ad41de5aa9e
incremental,0,83000,500,0.527125,209630,1f0bb52d34e8bb8862be6a74d96796ab45a25cef04f33a1fd56e2be63b64cb40
incremental,0,83500,500,0.521000,209635,2a61e774b1b919de3dc2064907ff336b1dcf39d1a0f2b817f86518fdc25e6fcf
incremental,0,84000,500,0.516333,209632,0835ae1a5ce90d8f57a69792e171fa60d7786076108fff2a88e6881d1748e749
incremental,0,84500,500,0.485917,209634,9bb03245860f7cdb85bd1928617a97cd726a3752e2dab5b4806dbc8097bce102
incremental,0,85000,500,0.488917,209638,51253ff4c2c5d9345988a2b0116036a8e51931ef7fa1a186a092d43ccaf90dfa
incremental,0,85500,500,0.485583,209633,386323703dac0c89e4a01aa695519867c87144842f3428dca9c748ee58695315
incremental,0,86000,500,0.483291,209639,c82212e96cc4e30ead4a2b13288c0523d4e57d16dc41de5e9959075a9dc31420
incremental,0,86500,500,0.487625,209634,24019eb407a15fcae4511fe87bd2b890b70b8dbe0a7f47ba17fbd9d1f432e5e1
incremental,0,87000,500,0.485625,209636,2b59fa12ff9db2867b731e2c20e30b66d50f6c2e5d7ff0c0db9af9af0ccd912a
incremental,0,87500,500,0.496708,209637,ec391fa282bb29849c79a84b7b3137b8d9a95f58e91f207cd5fa013e09ae5c3c
incremental,0,88000,500,0.480459,209633,aecc258f792972288414bed7115a8a42daa74487895bc048a6867738ee9df7cf
incremental,0,88500,500,0.477833,209640,a6788d6809cb2d279a98804ee0009d3df138a9a559c9d4c0a8a8cfca31d02afe
incremental,0,89000,500,0.487083,209633,963f5553dad2fd9d45eafb4dedfd879f42a199906d0b326bd3c3e8ecb7c3592c
incremental,0,89500,500,0.478209,209637,abc2cb568e9921361e73b7a935e85788534d2875593a69dc8176ea6c68900761
incremental,0,90000,500,0.483750,209636,968521a4db6d234933c2663f6c413ecf63bc3dc7b41486cccd9681423ab94287
incremental,0,90500,500,0.485958,209634,86d8e52bf31c076886d6c3e4a6720ed806605d0693884106bb49929072994ff9
incremental,0,91000,500,0.483166,209639,daa1c6126751d07796590a88c16901806f99dc48c8d374626e06c670d930e237
incremental,0,91500,500,0.484292,209633,a0560dc41c88072ec4cdad2d1024fe512a20dd73a3a7272c95785170e7d7aefb
incremental,0,92000,500,0.481500,209638,3ed103eb35cdc207a978249abeaabcf6d7fe7ef2791c84dd11673f3f5fbb7f6d
incremental,0,92500,500,0.519417,209635,d18a5797144c8b385659dc9c2fc1926b2b2cb40d1f4d16c07b7acd221603f70d
incremental,0,93000,500,0.542375,209635,0a1b766e4c56f71f2e984bfae577778e683a193f3a237466d73ec8c0ced6b739
incremental,0,93500,500,0.550458,209638,5c4dc73b88a0fb1ee177c19ff9ff1a4cacbaf4832b12750b4f28eab5fc2a4d2f
incremental,0,94000,500,0.548375,209633,6b334999be9a3e505dca7d1a8fced8464e6f53c344d901805e841af298820f61
incremental,0,94500,500,0.540125,209638,aecd453c0103e5493af9066db3f1de9183af3caf5c0ee3417670c388cf8150cd
incremental,0,95000,500,0.543291,209631,57b49dc6aa36ef54af89058feee27542be62dacc30138ca08642f146ea2e5506
incremental,0,95500,500,0.540042,209633,51d10c3a5b45ede6e843a9188b7badffad8cf7498fcd9e5efd1c1797b9928e3a
incremental,0,96000,500,0.547834,209634,00b9cbf0360d16c6cf2139ef561c5d695abf62653a8d36d023fe703ad699e75a
incremental,0,96500,500,0.534708,209633,42b21715fc3384d3e7b6bbf046152bbdad0b3ddcdc08eb3a08755399b5903406
incremental,0,97000,500,0.530959,209640,f145f67cf60fde0d9a95b0e7512d4f46c6236b37b38cd8b3369136e437915915
incremental,0,97500,500,0.538250,209633,e7c94c9482c53e9bcb1723892ed8e61b892e123d34e3ba7a74479e11c0015889
incremental,0,98000,500,0.514292,209637,257e4fe6c6ae7d0df50783f55ed936c66f42016d176e43770c9da88439e43a3a
incremental,0,98500,500,0.533042,209636,725df59d14a5606798540628ea6da936aa2571b6266ff4143d260b203e02aaae
incremental,0,99000,500,0.476458,209634,b809e6661de18c37e963cf4007d2e27e16e7850908d7912e61b4cb0e7011bf29
incremental,0,99500,500,0.469792,209639,da482c1cdcc091469bf99bef69c33cf05b6c4021195da4df7a4f5ea97172eef0
incremental,1,0,500,429.328083,210136,ae62669028e3c73f4361b1b84a9abdfbc5297ceaa2c6b0f9524aae50ff9b0743
incremental,1,500,500,0.533042,210130,e651609d490b9ddc6b4cf06c4738259acc735cb9f66bc434009104f311687871
incremental,1,1000,500,0.541125,210136,6417e7c8ae072fc1beee609e4520ee79a259dd2440ff1ed2b2289ef8c390914b
incremental,1,1500,500,0.539125,210132,73b3d5ccb597dda2ad7e3ee360564f3f71349f0b8f3d47d0f85cdbfebc2a7279
incremental,1,2000,500,0.538041,210136,9ac1a02386aefc54024d0d85939be30d3b349c9f388bd2cfd54d299bd8a20e7d
incremental,1,2500,500,0.531500,210137,00a6a2b5c74337f65d07eee45a69a7234c4c420bb4b29ac64486c5fb20f9a789
incremental,1,3000,500,0.555709,210133,9299f434ef480a10cd2e1d6655ab0a822112c4d0081eb02e8f38c914e018f322
incremental,1,3500,500,0.560209,210140,b3d092504bbe2a159dafe21dc316178d9a9e40ae7394402aa5227d9db880a58a
incremental,1,4000,500,0.564166,210133,2e627b5c356a8e5421782b860f863e9f09488a21fd20952cb666c994050d6307
incremental,1,4500,500,0.558708,210137,6227c79151ebe696b7c1dca0503bb0ac5487a55b61943d3cb3b8c9b10d22201c
incremental,1,5000,500,0.563417,210136,7992302158826abe4605bb6fcd7373d0cd8beff06143af70d317ade78dcc0433
incremental,1,5500,500,0.559125,210134,68d68ce3bfaf673aebb38b1b7ba45a6dc04b5358d5f8837550361462cfa5118f
incremental,1,6000,500,0.555625,210139,fdfe6225c712f4f903e2b593c94dbb3ea056151f09adfaff23026aeaa9fc480e
incremental,1,6500,500,0.573625,210133,161fc5beeabc2dcd94e6159bfe8adc47a0e874991ad5b6232fa298ec720df731
incremental,1,7000,500,0.541042,210138,8a02a2ef6ad675776c8beabd4a8ba8c51065727c4f062d5b2ef62072605eedb9
incremental,1,7500,500,0.543792,210135,1c33437a16eb0ec18c624f4c8846f98eb405c6c4bab52111ff81e17605efaf0f
incremental,1,8000,500,0.531584,210135,dfb2a0a8e7aa638142bd3498e2cd88325ef5558289ab902562b692a4c333dfa7
incremental,1,8500,500,0.545917,210138,8a010bf2570aa5a0512a70a4fd2e8e0639a961a32a9e5cc7d5bbd63262c66e71
incremental,1,9000,500,0.562583,210133,927058816426d525ccaf5325b1231667702b7f7cd311446db1995ff706c96073
incremental,1,9500,500,0.544291,210139,5a8110e731ed2a282114cda4899daf5e6198cae01dace82832436f6918276cd1
incremental,1,10000,500,0.549292,210134,2765494e2679d8366322ffba790a635c767f6b65ca5d1c36d6e4465fb3580be0
incremental,1,10500,500,0.519417,210136,06aac027fc183381cbdcc0d165f6e5e9593f4bbeca23efc3e31d13c2d578eec1
incremental,1,11000,500,0.545625,210137,c3d87b216c29defa42bcbc2929554d34c31b435a92e48f2734465273d0f311fb
incremental,1,11500,500,0.525333,210133,f54d3a627f72a06edbf9919d9b9e0cd59690d63ed2ce0688752aadba1dbdb6e9
incremental,1,12000,500,0.546500,210137,d55b52b2a91e10b3c35ce112619c7a1abee5d4b027a24210fd4e1a7fe9bcba08
incremental,1,12500,500,0.529500,210130,069708f3826e05e4375ec2988e28db18140a7e77bc13829f979de6566710c2f2
incremental,1,13000,500,0.530833,210134,862d371b63fb48c39b656f46293f603b15e8a1e51a6a310e5704d4ccdea5a172
incremental,1,13500,500,0.543083,210135,dee152cdcbaaa7a18fe178f7c199d44ded35eee9274c4d7fa2bba49d4c8b1000
incremental,1,14000,500,0.557292,210134,aa494651524866a3ceecae4d8f59e5c07b9b6d77910e9cf11d37b8fa4135b681
incremental,1,14500,500,0.552083,210139,37ce967f95a6d944c2a383be14186de45c2e3a02ed6478df8fadf7569476964b
incremental,1,15000,500,0.538625,210133,a55377b8211921d4858ad1dd4c9c96533e94d1b531b3de01e33c96a65dc0981c
incremental,1,15500,500,0.553375,210138,a673cd18e02c68566cd27133f713ce9c94ef99166718f18a0079b5142c228bce
incremental,1,16000,500,0.527542,210135,c91eab5ea34eccf28e55e282415a87e16cfeb10f920d8edad7306e6884ceaffc
incremental,1,16500,500,0.533125,210135,1d9ca914c89eb08205d8a854772b0f041967077c1de2661bb860854afb184d0c
incremental,1,17000,500,0.551959,210138,837d8ef383035f03a100effab3a8d9071a712c8ed90121192ee71355d37c4d90
incremental,1,17500,500,0.548166,210133,464578c0f0f866e8603730d76c8468af321c9991cc6f7edb6cdbff540901feff
incremental,1,18000,500,0.539459,210139,4b496eb73a3182406810fd7d0561260e03af7e04fd7b18f634c5bf4d30528e68
incremental,1,18500,500,0.530708,210134,5423993074f1b4a400eebb1ebef5ffc136d3f88e5d661183236ec193c96c3f4f
incremental,1,19000,500,0.526375,210136,f49f92c2c26bd4280d6527267e535a4a3a93b5d0d53b1bf7fa3308ed3ca125a9
incremental,1,19500,500,0.531958,210137,1431b2c84a9367b8ced894cbaa2c24d3ab7d040a1d7521972ea6c67c45a18f22
incremental,1,20000,500,0.528708,209634,1a08b34ed9bbd1d050150c7498cd202305ef3888e2c8d29e53e3fdb0320b1a53
incremental,1,20500,500,0.537208,209640,dde71584504df3dcc447b44562bffb31d7c2698c651bb7f9205e1b1475e3558d
incremental,1,21000,500,0.535917,209633,e9b394fcf2a3b61d35b723cebc39a24b8b88a22b9911c59484a749fb3cd0efae
incremental,1,21500,500,0.523416,209637,88fac21b1f847c14630480a6f7322e565b1d69709bc414dadc4bffb5b1fd26f2
incremental,1,22000,500,0.522958,209636,20edeb5a15bbabf0e9e617e034a79af3b4bff9733dff631db30e900288593f2d
incremental,1,22500,500,0.543459,209634,e3ac407b0043aa971eb4b89b4597a2188cd853ccaffb2219a945d4f66c404746
incremental,1,23000,500,0.540084,209639,11aa786e6356e60cbd4037f8116dd7a560f2b27ee65d96b28178ced9b6323ab5
incremental,1,23500,500,0.530875,209632,fdd6f3a189763190931cbb36629b7ef61be694fce24a3ea4ae0c260aaaf45879
incremental,1,24000,500,0.531917,209635,1cfeb87b56484d662094f4ec867a9e887395bb23c825aeb2199ff33d5dd5ae15
incremental,1,24500,500,0.538417,209632,c42f911dd7a5abea0877707df74d9b3f4c07c7036c6b375e8095e93adc9038a3
incremental,1,25000,500,0.534916,209632,c1b3c5c17dda51440a89ca7e9ea58b8b7fc3475efda231defc82ee9dff5e4e19
incremental,1,25500,500,0.502500,209638,08a5d72d35241dacfb6fcd94a1b6222b8927b3be05560aede418aaaf3f1981a7
incremental,1,26000,500,0.531584,209633,a619fdcba4fe875eeddad4de6d15ad95d036d8507f0e7ec194d81a9c974c13ee
incremental,1,26500,500,0.529458,209639,26e54b0d8f9d392d1c3984ceb8ef61b4a8a1af7adc9268bb15320c8ddf68ee4b
incremental,1,27000,500,0.528667,209634,37fc8a2f103f5940fedfcd0cebc0ed5821a3a45db4ddfc2fe8892a53d2e557a2
incremental,1,27500,500,0.532250,209636,14b74b759d2b4be555bcfeb132c58f222bb4104dae7a1fa3ebcfe9a1f093b503
incremental,1,28000,500,0.531542,209637,60299c19ec9dd0f37fce5d7a9648afa71be26c8b4157aa03f06a6818c8390ad6
incremental,1,28500,500,0.534500,209633,c81611c1ad832abfe8056c4482c4ae20c475bc28f623377c7eaae28584d9eb37
incremental,1,29000,500,0.522458,209640,b9eb2deef39bdd4552e2b07b652363185f21f582dac8e0abe76956f42e7b50f8
incremental,1,29500,500,0.522333,209633,5655a888b70b4d1ebcf96e89b75ad8c252106a766b13f68c0c1282974ada166a
incremental,1,30000,500,0.522708,209637,a84cb176de7fd880f2a3981b973b4fccc3d4c7a7f1d6358c2db28b73daa2614c
incremental,1,30500,500,0.527583,209636,0e66aed9e72ff7bfae408600c83c586ff6dd603dfa18f6ae63a3cd6afa35fd18
incremental,1,31000,500,0.539583,209634,3a3c7e9b2533aa9d82742a62e93498de07ae6632dd45ea47a9d3843195a89dd9
incremental,1,31500,500,0.534125,209639,f168edfec2df7b1b8a90ed4d8cc2087750da9ea67e8122d39c22d0ae91a17f00
incremental,1,32000,500,0.533625,209633,58241a5cd81f62fe6231725f00cf1c1cfeba4e683031f3b3e7d1968780e0a5ed
incremental,1,32500,500,0.528166,209638,9bd5d6ec5773160adf1d1e06f11ac3d089abf29143c377041931549f9009f30b
incremental,1,33000,500,0.526875,209635,ee7d51dceaa2aa8ac3b0bd3ebdd0ee33eea8563d73d8087b74cd68bd190cfaac
incremental,1,33500,500,0.528375,209635,19d4fc67366f97f4f1b00f5860bbd9824b7263847b7a467c9e8283cb0875352a
incremental,1,34000,500,0.536500,209638,9b578898b16d7da09de6035e3eb9b2776cea062075c90ba2512f5dbdc765e682
incremental,1,34500,500,0.530250,209633,6e423d295eb8a1c575062a58e3b1b5f6b248f07f047eee5fa1b52e6de4c19d88
incremental,1,35000,500,0.526750,209639,c7165cc13940c2cac8022baa6af3aea7eb4efd61fa46c71b2f0efc5ce44d583b
incremental,1,35500,500,0.530875,209632,82869bac01ab2287f60392622a4267668a6c246e0ffd97b67ca1210d06eaf67e
incremental,1,36000,500,0.522333,209633,3bf1a4dafab8764d5dbb901a55096bcfd2707c0f47f2592d7a60d75ce86da32b
incremental,1,36500,500,0.520917,209634,99db37926ca3bf6301ee1fbd15f946d5ea5873e6117205b8c6d9cb382cdb528d
incremental,1,37000,500,0.548125,209631,096850b58bee359aa61f9731d73624f589755b18630a61dd0df034f38bb984db
incremental,1,37500,500,0.530125,209640,fe2f8277a01a95b266bcb4d9a9b0837a5f6e6fbeb3b9c737faa59922dd551fc6
incremental,1,38000,500,0.526625,209633,671acd1a9be92150445c80b03d2b3514af1233a317cc8c1ea8264986fb7ab66c
incremental,1,38500,500,0.523125,209637,5f13c8419f567b09238d8135cc5b2015509d456c63c96a61bfac5df3ea276e42
incremental,1,39000,500,0.520625,209636,14ed263e476b118109afcc726b3becb612574f157b653fb19048d683480f5618
incremental,1,39500,500,0.512875,209634,509c225594a41969d06d61085ed45f37654a398c2cd830085b2c086e36b486d0
incremental,1,40000,500,0.525250,209639,243af97f27a633777f8a5fedbc3ecca370df67d7560fb61f416ce884c39af39f
incremental,1,40500,500,0.524834,209633,64a43c7f8e1606610726a134ed48d31d773639b815ff015a5ec8d071bf22dded
incremental,1,41000,500,0.522417,209638,a6696a5cd3a23d2dbb2f6702506d82edfaa45d6af3efeaa757eb247a55fe3f6e
incremental,1,41500,500,0.500875,209635,77efe8e3d8405bc53ba46059846e8f80b8a8cf34af8ad15c538007cb66c0d84f
incremental,1,42000,500,0.567750,209635,7eaea122faa229b70864b2bab620b517eb68a300b4d0bf6f9f9868b88f83caf1
incremental,1,42500,500,0.485583,209638,faf269dbd1f4944ae0125aff6a73252c9af3251edd27f8e5e8be946801b0bdcd
incremental,1,43000,500,0.497459,209633,98598cf0527c76c725c72f6a8ed0983dd523e272efe75da80e2e18427bfc1c60
incremental,1,43500,500,0.477000,209639,63347e8aaea68ca43e78ae86a5ca5cda207fe157ac89bb6fd8250c4129df2f70
incremental,1,44000,500,0.478708,209634,842ddb6487e8c8b5725bf1315f13c4c72e6dbe4343ab2e149edc24189c16a9df
incremental,1,44500,500,0.481208,209636,0d332db61773ea7b5187c5dc16138a362b457b4e0a1e8894574f67e6c930f4fb
incremental,1,45000,500,0.481791,209637,0a9502ac03258c2a60b4f07f50147277d2db5c0e7ab49b5ef201927a5d68ba6f
incremental,1,45500,500,0.517458,209633,8bc846162f9c35bce0e913695e0cb4946bf23da52cdb49ea89fc18cd99373b34
incremental,1,46000,500,0.498291,209640,6116417de6c5016a94c16229f6a4253eadb284eba9757c1673c57558bdbf2495
incremental,1,46500,500,0.489459,209633,3f02761a05b43a996615d980213d302219e24cf888188a395b3c2880d7051749
incremental,1,47000,500,0.474792,209637,ce4f20106c679fe71ff532295ec4b1f6e674557eda9b868669e305d423a9a5b2
incremental,1,47500,500,0.479583,209633,5568e14cfb3bd987c71487347d09303bb43174c3db694ee019289f06df2d131e
incremental,1,48000,500,0.502209,209631,f78e89e617fe05cff40f85ed6ed447d7fecb6562abf67f7cc015aea462b6822f
incremental,1,48500,500,0.482583,209636,99c21ffb7c33694256c4594442546c2888dab61519cfe76575cdf23fe012bb19
incremental,1,49000,500,0.479916,209632,59e420c10f97d86cce12e715991611bdcb499743452cf96725716b195e9c2def
incremental,1,49500,500,0.480875,209638,4dc66aeb3b2195b6e47530fa1f559272429181df28b1a832996041fe67ed2fae
incremental,1,50000,500,0.483459,209635,af904fb27df2319d4eed2a3b4e8cf9c61aa02e0a8fc5d58325b7bc5ab62659da
incremental,1,50500,500,0.499667,209635,a48cf5dbd0d4fac582af377a69464661d569ad9fe01b854b4452b10c6d2da116
incremental,1,51000,500,0.536917,209638,d76a78a20e0654748431204316ad6352a2f2b3480a510930ef7dbac3ae8220f5
incremental,1,51500,500,0.495500,209633,8de489a83237aaa36cd88ef063c4de1d3db328bca8659d08839e0f6dc9ffef24
incremental,1,52000,500,0.488625,209639,1cb8209dedae794bd9ca4806b3b3c41ab0d862dc80dc32fc5a30fe887a439ee9
incremental,1,52500,500,0.477917,209634,234d358f6fa46c274e1be1f21352e06b47b880cefea0e9250139cf1c1fea0560
incremental,1,53000,500,0.479750,209636,87e95f6306e89fb2cabe7847bd9f2c7eca323c822375f3d4b8669d3416e833a6
incremental,1,53500,500,0.478833,209637,96852f442dadc30195687f58c06f78ae2c977195184378f8b70f490f98e7a857
incremental,1,54000,500,0.477667,209633,f714596ecdfaa4b15f939b2a8b54d2665aaef93b81ddd573ef97a40292aed6fc
incremental,1,54500,500,0.526875,209640,e3c5d88f0bd1eae4d4d3fbde9886f6d5e088b2c4f1ef437543a76530cc97f83e
incremental,1,55000,500,0.481334,209633,26e8450e9f1fbb13335285bce149029d5a471610733fa1b643961343d2d2b991
incremental,1,55500,500,0.481250,209637,667390768d6a311c2a808ac31285c52374f751d1c8c46d8ae2dff6a24c4a00d8
incremental,1,56000,500,0.479208,209636,c6761ddb2c1842e496a201676cd5554c9b82d0244f667c7b804c18bd58a9b8df
incremental,1,56500,500,0.485542,209634,d4c70a59e52e7c0374a22157c21500926f10ebcba39e756cf8f31d66c9dde520
incremental,1,57000,500,0.515709,209639,20fa64397939e1f2988a75e838428f1abd07be745cca0a57defa37aa4474b4b4
incremental,1,57500,500,0.487584,209633,09b0043b4840893add5e20ad54eb34b79de50a494b06bb6b326e2f45f0aebfd5
incremental,1,58000,500,0.475958,209638,252b30a8f9ca21069312f102667c07cebca7e898537878009b496b203d028af9
incremental,1,58500,500,0.477417,209635,13c2f53adb01e61446cae15890ed40690422452ec802dd4ac4b2654f5c9c516d
incremental,1,59000,500,0.477209,209634,019ea3bc4338221f269ba91108d6e2f64418b09dcd9ff85d0bd57f1acfa632be
incremental,1,59500,500,0.474375,209635,7aa89aab579ac19e2288edd344fd014d8030322c214e8a3a3ec7983c4ff44899
incremental,1,60000,500,0.478209,209630,6f57aa546bfb291bbd9166b8addc302c3ab300f0f450920062cc0015a88d7590
incremental,1,60500,500,0.488083,209636,ac411cb1229e271e05e492745fa0b30a17adf13e514bec7d4c79d7a2a65d6fb1
incremental,1,61000,500,0.484708,209634,ddf921937e85a0db5551b492f29c93a99b8ce299be2fea78723d315ca8ea1372
incremental,1,61500,500,0.482416,209636,dd0f27dbbb3937020832436c475a510097f7914fd1b02ced7142ee3ee404544d
incremental,1,62000,500,0.483125,209637,89764c6d3ac6087d2164f3bb154ce1e27ace556bf174cc220433c687b9721230
incremental,1,62500,500,0.480084,209633,1d5b9ad4f3cda03e10c072780e120a167be4de6b235c73d0c19c4d56fa446784
incremental,1,63000,500,0.485750,209640,762190c19d759951dd66d4ab8c9bca16813a9020cf15d9e63b656ca532e11052
incremental,1,63500,500,0.489167,209633,fd1b51697647eefcd8becc75f49fb95ae2fea7e205ab5ebdf0536c52a53a07cd
incremental,1,64000,500,0.475958,209637,36853d7864440dba3d14516d74696b84b00ec44270c898a8ecfa19bec277b423
incremental,1,64500,500,0.480791,209636,e4c25c01352bda597b1fba5a26efdd7c9f1f3555eb91c4af3d0ca3a3ed28a0a7
incremental,1,65000,500,0.484542,209634,de1100589f9bd8f3d42b641ba55e6a1c56eed974d151a257832f262b4be1f345
incremental,1,65500,500,0.501375,209639,56588d0846643e4f4bb407de130bcbd8e57479f4d1f31fc2599a20e220ca6eb6
incremental,1,66000,500,0.532416,209633,92efdeab4a581d705d4f93485dc09aef72b7a10ebfb72c437b8e6df1f57a38a0
incremental,1,66500,500,0.494042,209638,9d060386b135165a9cccc6f9d6aa24524e44631bf3e7da77d2a8780107d6d0ce
incremental,1,67000,500,0.473583,209635,b210404cbf3a8e1b00253eff00da3748e16bf477e40c25fdfd95ef8a9c3f4fbd
incremental,1,67500,500,0.472750,209635,2800cb99f576d0d5db7288e31b9b173d819a9824355fd0b80c5f95cabcabb10e
incremental,1,68000,500,0.481583,209638,42900f68b0f7b51c107ceb85420ce35b959295bd77c5c4dc94030fa1d696f08e
incremental,1,68500,500,0.474958,209633,349397c996a6233e5cc06bf83c680069afb8c2dcf75cae9e1506c73e0ed971c1
incremental,1,69000,500,0.470125,209639,f1669531b4ed1d5702f0e37e0522c986e0b12011f678b9e172d4b09c3cb6227f
incremental,1,69500,500,0.518875,209634,3c097254d8fbb466c1fc626772d44e79c5c27298f30de94318239b04827b41c8
incremental,1,70000,500,0.483792,209636,28ef373a604386c585716390ebd8c97dfee97af62fe9afe142f9a36f318dcd83
incremental,1,70500,500,0.467875,209637,6e4d46ce62dc948e1af5c29446c0d3ce8c9d401e327a17ee0cb0fd56e01c59b7
incremental,1,71000,500,0.482458,209631,ef28545411c127fda9828059905102cf879365bee9d437321534dfbf5064a1b5
incremental,1,71500,500,0.493208,209637,5427289253e1869a96ff5d7cf62bc5742896d265b4c7863c9888c716a98e10e6
incremental,1,72000,500,0.477959,209630,2eb93e58a0146c9bb2c9c00d9ad3af62575a86b54dac7ac751661b69cc074fd8
incremental,1,72500,500,0.476291,209635,2f8c56baf0f370ef08ec9c6a70bd9e3111c94cf9780f577138931f14c0b9bbf9
incremental,1,73000,500,0.471167,209636,40215609f7df20d88e915e2eecfa26397aede6e68833a4514fb5ae458b8b797a
incremental,1,73500,500,0.474500,209634,c52a565d1a3af778eba6a3e7f3e010ce9d08b1e0c5a7238f9f12427c8d60b576
incremental,1,74000,500,0.475208,209639,c60562f534bc7a8b2f44fbecba7dca4280b5a7fc6cc9f8c71d9ac04c536b2d04
incremental,1,74500,500,0.475416,209633,ef337168f4e1f38c6da9a08883bb170b300a100f451c377885713b0e1b8dcd46
incremental,1,75000,500,0.475917,209638,b34f185cf12561b05f975219500f94f7ce4d49fc10f125d592577f302632d2ef
incremental,1,75500,500,0.478292,209635,f8de30eb2cbd07d1a627f4fd66340cd23afe0f514fa1f84bff14ec94e73786f3
incremental,1,76000,500,0.480250,209635,5cf320844d846d9be37f923a1656c7f87395b729d440061888795c4c740541fa
incremental,1,76500,500,0.475542,209638,c8893166f17307b6139c010d32f129191971fa8edc4591b922ddc98f7b7b5944
incremental,1,77000,500,0.475167,209633,4a9480bef14ed4cd291e10b2a2f97376b889e78b0b50834929bda6f6ae33ba05
incremental,1,77500,500,0.490333,209639,25deb03d04571b6fc100b8eeb1f06084eba7e7666c7bb98e43474bc3b01cc3db
incremental,1,78000,500,0.502125,209634,12c8639446132dadf41caf0312d12de01826021dc9cb0d35c4ded7e6678fea95
incremental,1,78500,500,0.479167,209636,ee0346545dfad10294d270957e1ea555d695244ad0fdbbe9185135ed2d51b878
incremental,1,79000,500,0.479250,209637,570852de30412f9ff284f8d0c45d4e247b505406725e80f173bccbce84281e2a
incremental,1,79500,500,0.480792,209633,2dee584972b00d397b3a0b1de27a2421d08165f30a0860b568ac82a95a21294c
incremental,1,80000,500,0.473833,209640,1efac23511f0f6c2396cbc4c6ae206afcb0e5c4a42f8a8a2152059e7ac8a7ec2
incremental,1,80500,500,0.495250,209633,b12f5d36213f0884c5be76106d31f318ef8bb850a940cd1882ce025547561d2d
incremental,1,81000,500,0.524375,209637,ebdb9cb18aa0bd1b3af324cef21a34291bfb73f251a59e20e0ae1a0d83f52a43
incremental,1,81500,500,0.473292,209636,d699058d188b3acb7c1659a625e1c243c708802b20ca6f5e4f154e91417a82dd
incremental,1,82000,500,0.475667,209634,1d2011b784a52ebffbb7951a6fbf3ea4da83408df02be91a4dbbf8a6529b3a9d
incremental,1,82500,500,0.488625,209639,6dd0220b044b9e9338ec270c292c6fb19b6861d43b375e6e0ee99ad41de5aa9e
incremental,1,83000,500,0.486375,209630,1f0bb52d34e8bb8862be6a74d96796ab45a25cef04f33a1fd56e2be63b64cb40
incremental,1,83500,500,0.472458,209635,2a61e774b1b919de3dc2064907ff336b1dcf39d1a0f2b817f86518fdc25e6fcf
incremental,1,84000,500,0.477209,209632,0835ae1a5ce90d8f57a69792e171fa60d7786076108fff2a88e6881d1748e749
incremental,1,84500,500,0.475708,209634,9bb03245860f7cdb85bd1928617a97cd726a3752e2dab5b4806dbc8097bce102
incremental,1,85000,500,0.507041,209638,51253ff4c2c5d9345988a2b0116036a8e51931ef7fa1a186a092d43ccaf90dfa
incremental,1,85500,500,0.474250,209633,386323703dac0c89e4a01aa695519867c87144842f3428dca9c748ee58695315
incremental,1,86000,500,0.481166,209639,c82212e96cc4e30ead4a2b13288c0523d4e57d16dc41de5e9959075a9dc31420
incremental,1,86500,500,0.477708,209634,24019eb407a15fcae4511fe87bd2b890b70b8dbe0a7f47ba17fbd9d1f432e5e1
incremental,1,87000,500,0.478792,209636,2b59fa12ff9db2867b731e2c20e30b66d50f6c2e5d7ff0c0db9af9af0ccd912a
incremental,1,87500,500,0.479042,209637,ec391fa282bb29849c79a84b7b3137b8d9a95f58e91f207cd5fa013e09ae5c3c
incremental,1,88000,500,0.478167,209633,aecc258f792972288414bed7115a8a42daa74487895bc048a6867738ee9df7cf
incremental,1,88500,500,0.474375,209640,a6788d6809cb2d279a98804ee0009d3df138a9a559c9d4c0a8a8cfca31d02afe
incremental,1,89000,500,0.479166,209633,963f5553dad2fd9d45eafb4dedfd879f42a199906d0b326bd3c3e8ecb7c3592c
incremental,1,89500,500,0.473375,209637,abc2cb568e9921361e73b7a935e85788534d2875593a69dc8176ea6c68900761
incremental,1,90000,500,0.473250,209636,968521a4db6d234933c2663f6c413ecf63bc3dc7b41486cccd9681423ab94287
incremental,1,90500,500,0.475333,209634,86d8e52bf31c076886d6c3e4a6720ed806605d0693884106bb49929072994ff9
incremental,1,91000,500,0.481709,209639,daa1c6126751d07796590a88c16901806f99dc48c8d374626e06c670d930e237
incremental,1,91500,500,0.488166,209633,a0560dc41c88072ec4cdad2d1024fe512a20dd73a3a7272c95785170e7d7aefb
incremental,1,92000,500,0.473958,209638,3ed103eb35cdc207a978249abeaabcf6d7fe7ef2791c84dd11673f3f5fbb7f6d
incremental,1,92500,500,0.467625,209635,d18a5797144c8b385659dc9c2fc1926b2b2cb40d1f4d16c07b7acd221603f70d
incremental,1,93000,500,0.469750,209635,0a1b766e4c56f71f2e984bfae577778e683a193f3a237466d73ec8c0ced6b739
incremental,1,93500,500,0.477708,209638,5c4dc73b88a0fb1ee177c19ff9ff1a4cacbaf4832b12750b4f28eab5fc2a4d2f
incremental,1,94000,500,0.468292,209633,6b334999be9a3e505dca7d1a8fced8464e6f53c344d901805e841af298820f61
incremental,1,94500,500,0.474000,209638,aecd453c0103e5493af9066db3f1de9183af3caf5c0ee3417670c388cf8150cd
incremental,1,95000,500,0.475750,209631,57b49dc6aa36ef54af89058feee27542be62dacc30138ca08642f146ea2e5506
incremental,1,95500,500,0.475583,209633,51d10c3a5b45ede6e843a9188b7badffad8cf7498fcd9e5efd1c1797b9928e3a
incremental,1,96000,500,0.480250,209634,00b9cbf0360d16c6cf2139ef561c5d695abf62653a8d36d023fe703ad699e75a
incremental,1,96500,500,0.518416,209633,42b21715fc3384d3e7b6bbf046152bbdad0b3ddcdc08eb3a08755399b5903406
incremental,1,97000,500,0.478958,209640,f145f67cf60fde0d9a95b0e7512d4f46c6236b37b38cd8b3369136e437915915
incremental,1,97500,500,0.474208,209633,e7c94c9482c53e9bcb1723892ed8e61b892e123d34e3ba7a74479e11c0015889
incremental,1,98000,500,0.480083,209637,257e4fe6c6ae7d0df50783f55ed936c66f42016d176e43770c9da88439e43a3a
incremental,1,98500,500,0.502834,209636,725df59d14a5606798540628ea6da936aa2571b6266ff4143d260b203e02aaae
incremental,1,99000,500,0.478625,209634,b809e6661de18c37e963cf4007d2e27e16e7850908d7912e61b4cb0e7011bf29
incremental,1,99500,500,0.478291,209639,da482c1cdcc091469bf99bef69c33cf05b6c4021195da4df7a4f5ea97172eef0
prefix,1,0,500,418.129333,210136,ae62669028e3c73f4361b1b84a9abdfbc5297ceaa2c6b0f9524aae50ff9b0743
prefix,1,500,1000,421.902667,420266,e651609d490b9ddc6b4cf06c4738259acc735cb9f66bc434009104f311687871
prefix,1,1000,1500,423.002041,630402,6417e7c8ae072fc1beee609e4520ee79a259dd2440ff1ed2b2289ef8c390914b
prefix,1,1500,2000,420.253250,840534,73b3d5ccb597dda2ad7e3ee360564f3f71349f0b8f3d47d0f85cdbfebc2a7279
prefix,1,2000,2500,426.773417,1050670,9ac1a02386aefc54024d0d85939be30d3b349c9f388bd2cfd54d299bd8a20e7d
prefix,1,2500,3000,442.503250,1260807,00a6a2b5c74337f65d07eee45a69a7234c4c420bb4b29ac64486c5fb20f9a789
prefix,1,3000,3500,426.951708,1470940,9299f434ef480a10cd2e1d6655ab0a822112c4d0081eb02e8f38c914e018f322
prefix,1,3500,4000,422.963250,1681080,b3d092504bbe2a159dafe21dc316178d9a9e40ae7394402aa5227d9db880a58a
prefix,1,4000,4500,428.865708,1891213,2e627b5c356a8e5421782b860f863e9f09488a21fd20952cb666c994050d6307
prefix,1,4500,5000,429.132334,2101350,6227c79151ebe696b7c1dca0503bb0ac5487a55b61943d3cb3b8c9b10d22201c
prefix,1,5000,5500,427.037375,2311486,7992302158826abe4605bb6fcd7373d0cd8beff06143af70d317ade78dcc0433
prefix,1,5500,6000,429.811500,2521620,68d68ce3bfaf673aebb38b1b7ba45a6dc04b5358d5f8837550361462cfa5118f
prefix,1,6000,6500,433.810958,2731759,fdfe6225c712f4f903e2b593c94dbb3ea056151f09adfaff23026aeaa9fc480e
prefix,1,6500,7000,429.336458,2941892,161fc5beeabc2dcd94e6159bfe8adc47a0e874991ad5b6232fa298ec720df731
prefix,1,7000,7500,434.626416,3152030,8a02a2ef6ad675776c8beabd4a8ba8c51065727c4f062d5b2ef62072605eedb9
prefix,1,7500,8000,441.922042,3362165,1c33437a16eb0ec18c624f4c8846f98eb405c6c4bab52111ff81e17605efaf0f
prefix,1,8000,8500,449.387541,3572300,dfb2a0a8e7aa638142bd3498e2cd88325ef5558289ab902562b692a4c333dfa7
prefix,1,8500,9000,460.709708,3782438,8a010bf2570aa5a0512a70a4fd2e8e0639a961a32a9e5cc7d5bbd63262c66e71
prefix,1,9000,9500,475.576500,3992571,927058816426d525ccaf5325b1231667702b7f7cd311446db1995ff706c96073
prefix,1,9500,10000,557.029917,4202710,5a8110e731ed2a282114cda4899daf5e6198cae01dace82832436f6918276cd1
prefix,1,10000,10500,493.264666,4412844,2765494e2679d8366322ffba790a635c767f6b65ca5d1c36d6e4465fb3580be0
prefix,1,10500,11000,479.276708,4622980,06aac027fc183381cbdcc0d165f6e5e9593f4bbeca23efc3e31d13c2d578eec1
prefix,1,11000,11500,482.993125,4833117,c3d87b216c29defa42bcbc2929554d34c31b435a92e48f2734465273d0f311fb
prefix,1,11500,12000,449.343500,5043250,f54d3a627f72a06edbf9919d9b9e0cd59690d63ed2ce0688752aadba1dbdb6e9
prefix,1,12000,12500,557.766959,5253387,d55b52b2a91e10b3c35ce112619c7a1abee5d4b027a24210fd4e1a7fe9bcba08
prefix,1,12500,13000,585.813958,5463517,069708f3826e05e4375ec2988e28db18140a7e77bc13829f979de6566710c2f2
prefix,1,13000,13500,574.812458,5673651,862d371b63fb48c39b656f46293f603b15e8a1e51a6a310e5704d4ccdea5a172
prefix,1,13500,14000,534.168708,5883786,dee152cdcbaaa7a18fe178f7c199d44ded35eee9274c4d7fa2bba49d4c8b1000
prefix,1,14000,14500,580.111541,6093920,aa494651524866a3ceecae4d8f59e5c07b9b6d77910e9cf11d37b8fa4135b681
prefix,1,14500,15000,488.810584,6304059,37ce967f95a6d944c2a383be14186de45c2e3a02ed6478df8fadf7569476964b
prefix,1,15000,15500,466.866208,6514192,a55377b8211921d4858ad1dd4c9c96533e94d1b531b3de01e33c96a65dc0981c
prefix,1,15500,16000,451.919917,6724330,a673cd18e02c68566cd27133f713ce9c94ef99166718f18a0079b5142c228bce
prefix,1,16000,16500,450.954292,6934465,c91eab5ea34eccf28e55e282415a87e16cfeb10f920d8edad7306e6884ceaffc
prefix,1,16500,17000,453.442708,7144600,1d9ca914c89eb08205d8a854772b0f041967077c1de2661bb860854afb184d0c
prefix,1,17000,17500,446.678625,7354738,837d8ef383035f03a100effab3a8d9071a712c8ed90121192ee71355d37c4d90
prefix,1,17500,18000,450.831500,7564871,464578c0f0f866e8603730d76c8468af321c9991cc6f7edb6cdbff540901feff
prefix,1,18000,18500,460.959208,7775010,4b496eb73a3182406810fd7d0561260e03af7e04fd7b18f634c5bf4d30528e68
prefix,1,18500,19000,454.104792,7985144,5423993074f1b4a400eebb1ebef5ffc136d3f88e5d661183236ec193c96c3f4f
prefix,1,19000,19500,461.755000,8195280,f49f92c2c26bd4280d6527267e535a4a3a93b5d0d53b1bf7fa3308ed3ca125a9
prefix,1,19500,20000,467.023625,8405417,1431b2c84a9367b8ced894cbaa2c24d3ab7d040a1d7521972ea6c67c45a18f22
prefix,1,20000,20500,451.077500,8615051,1a08b34ed9bbd1d050150c7498cd202305ef3888e2c8d29e53e3fdb0320b1a53
prefix,1,20500,21000,451.389083,8824691,dde71584504df3dcc447b44562bffb31d7c2698c651bb7f9205e1b1475e3558d
prefix,1,21000,21500,449.606041,9034324,e9b394fcf2a3b61d35b723cebc39a24b8b88a22b9911c59484a749fb3cd0efae
prefix,1,21500,22000,464.821958,9243961,88fac21b1f847c14630480a6f7322e565b1d69709bc414dadc4bffb5b1fd26f2
prefix,1,22000,22500,460.830834,9453597,20edeb5a15bbabf0e9e617e034a79af3b4bff9733dff631db30e900288593f2d
prefix,1,22500,23000,462.800083,9663231,e3ac407b0043aa971eb4b89b4597a2188cd853ccaffb2219a945d4f66c404746
prefix,1,23000,23500,459.389125,9872870,11aa786e6356e60cbd4037f8116dd7a560f2b27ee65d96b28178ced9b6323ab5
prefix,1,23500,24000,464.381709,10082502,fdd6f3a189763190931cbb36629b7ef61be694fce24a3ea4ae0c260aaaf45879
prefix,1,24000,24500,467.473750,10292137,1cfeb87b56484d662094f4ec867a9e887395bb23c825aeb2199ff33d5dd5ae15
prefix,1,24500,25000,467.536666,10501769,c42f911dd7a5abea0877707df74d9b3f4c07c7036c6b375e8095e93adc9038a3
prefix,1,25000,25500,455.685750,10711401,c1b3c5c17dda51440a89ca7e9ea58b8b7fc3475efda231defc82ee9dff5e4e19
prefix,1,25500,26000,451.438500,10921039,08a5d72d35241dacfb6fcd94a1b6222b8927b3be05560aede418aaaf3f1981a7
prefix,1,26000,26500,457.318000,11130672,a619fdcba4fe875eeddad4de6d15ad95d036d8507f0e7ec194d81a9c974c13ee
prefix,1,26500,27000,452.066667,11340311,26e54b0d8f9d392d1c3984ceb8ef61b4a8a1af7adc9268bb15320c8ddf68ee4b
prefix,1,27000,27500,452.423792,11549945,37fc8a2f103f5940fedfcd0cebc0ed5821a3a45db4ddfc2fe8892a53d2e557a2
prefix,1,27500,28000,463.868625,11759581,14b74b759d2b4be555bcfeb132c58f222bb4104dae7a1fa3ebcfe9a1f093b503
prefix,1,28000,28500,493.232333,11969218,60299c19ec9dd0f37fce5d7a9648afa71be26c8b4157aa03f06a6818c8390ad6
prefix,1,28500,29000,450.622125,12178851,c81611c1ad832abfe8056c4482c4ae20c475bc28f623377c7eaae28584d9eb37
prefix,1,29000,29500,463.694209,12388491,b9eb2deef39bdd4552e2b07b652363185f21f582dac8e0abe76956f42e7b50f8
prefix,1,29500,30000,453.152291,12598124,5655a888b70b4d1ebcf96e89b75ad8c252106a766b13f68c0c1282974ada166a
prefix,1,30000,30500,463.062542,12807761,a84cb176de7fd880f2a3981b973b4fccc3d4c7a7f1d6358c2db28b73daa2614c
prefix,1,30500,31000,463.596375,13017397,0e66aed9e72ff7bfae408600c83c586ff6dd603dfa18f6ae63a3cd6afa35fd18
prefix,1,31000,31500,456.700708,13227031,3a3c7e9b2533aa9d82742a62e93498de07ae6632dd45ea47a9d3843195a89dd9
prefix,1,31500,32000,458.486834,13436670,f168edfec2df7b1b8a90ed4d8cc2087750da9ea67e8122d39c22d0ae91a17f00
prefix,1,32000,32500,460.985541,13646303,58241a5cd81f62fe6231725f00cf1c1cfeba4e683031f3b3e7d1968780e0a5ed
prefix,1,32500,33000,466.596000,13855941,9bd5d6ec5773160adf1d1e06f11ac3d089abf29143c377041931549f9009f30b
prefix,1,33000,33500,461.358500,14065576,ee7d51dceaa2aa8ac3b0bd3ebdd0ee33eea8563d73d8087b74cd68bd190cfaac
prefix,1,33500,34000,462.500583,14275211,19d4fc67366f97f4f1b00f5860bbd9824b7263847b7a467c9e8283cb0875352a
prefix,1,34000,34500,470.186334,14484849,9b578898b16d7da09de6035e3eb9b2776cea062075c90ba2512f5dbdc765e682
prefix,1,34500,35000,461.989958,14694482,6e423d295eb8a1c575062a58e3b1b5f6b248f07f047eee5fa1b52e6de4c19d88
prefix,1,35000,35500,462.212166,14904121,c7165cc13940c2cac8022baa6af3aea7eb4efd61fa46c71b2f0efc5ce44d583b
prefix,1,35500,36000,472.868375,15113753,82869bac01ab2287f60392622a4267668a6c246e0ffd97b67ca1210d06eaf67e
prefix,1,36000,36500,475.710750,15323386,3bf1a4dafab8764d5dbb901a55096bcfd2707c0f47f2592d7a60d75ce86da32b
prefix,1,36500,37000,496.162834,15533020,99db37926ca3bf6301ee1fbd15f946d5ea5873e6117205b8c6d9cb382cdb528d
prefix,1,37000,37500,469.298334,15742651,096850b58bee359aa61f9731d73624f589755b18630a61dd0df034f38bb984db
prefix,1,37500,38000,478.143666,15952291,fe2f8277a01a95b266bcb4d9a9b0837a5f6e6fbeb3b9c737faa59922dd551fc6
prefix,1,38000,38500,493.954625,16161924,671acd1a9be92150445c80b03d2b3514af1233a317cc8c1ea8264986fb7ab66c
prefix,1,38500,39000,491.289917,16371561,5f13c8419f567b09238d8135cc5b2015509d456c63c96a61bfac5df3ea276e42
prefix,1,39000,39500,491.116959,16581197,14ed263e476b118109afcc726b3becb612574f157b653fb19048d683480f5618
prefix,1,39500,40000,491.604791,16790831,509c225594a41969d06d61085ed45f37654a398c2cd830085b2c086e36b486d0
prefix,1,40000,40500,489.853791,17000470,243af97f27a633777f8a5fedbc3ecca370df67d7560fb61f416ce884c39af39f
prefix,1,40500,41000,488.380667,17210103,64a43c7f8e1606610726a134ed48d31d773639b815ff015a5ec8d071bf22dded
prefix,1,41000,41500,484.704000,17419741,a6696a5cd3a23d2dbb2f6702506d82edfaa45d6af3efeaa757eb247a55fe3f6e
prefix,1,41500,42000,493.915042,17629376,77efe8e3d8405bc53ba46059846e8f80b8a8cf34af8ad15c538007cb66c0d84f
prefix,1,42000,42500,496.213792,17839011,7eaea122faa229b70864b2bab620b517eb68a300b4d0bf6f9f9868b88f83caf1
prefix,1,42500,43000,503.732541,18048649,faf269dbd1f4944ae0125aff6a73252c9af3251edd27f8e5e8be946801b0bdcd
prefix,1,43000,43500,505.853000,18258282,98598cf0527c76c725c72f6a8ed0983dd523e272efe75da80e2e18427bfc1c60
prefix,1,43500,44000,488.557791,18467921,63347e8aaea68ca43e78ae86a5ca5cda207fe157ac89bb6fd8250c4129df2f70
prefix,1,44000,44500,482.018959,18677555,842ddb6487e8c8b5725bf1315f13c4c72e6dbe4343ab2e149edc24189c16a9df
prefix,1,44500,45000,544.551833,18887191,0d332db61773ea7b5187c5dc16138a362b457b4e0a1e8894574f67e6c930f4fb
prefix,1,45000,45500,485.753292,19096828,0a9502ac03258c2a60b4f07f50147277d2db5c0e7ab49b5ef201927a5d68ba6f
prefix,1,45500,46000,485.550250,19306461,8bc846162f9c35bce0e913695e0cb4946bf23da52cdb49ea89fc18cd99373b34
prefix,1,46000,46500,482.137708,19516101,6116417de6c5016a94c16229f6a4253eadb284eba9757c1673c57558bdbf2495
prefix,1,46500,47000,480.359167,19725734,3f02761a05b43a996615d980213d302219e24cf888188a395b3c2880d7051749
prefix,1,47000,47500,482.610166,19935371,ce4f20106c679fe71ff532295ec4b1f6e674557eda9b868669e305d423a9a5b2
prefix,1,47500,48000,482.408375,20145004,5568e14cfb3bd987c71487347d09303bb43174c3db694ee019289f06df2d131e
prefix,1,48000,48500,493.268541,20354635,f78e89e617fe05cff40f85ed6ed447d7fecb6562abf67f7cc015aea462b6822f
prefix,1,48500,49000,498.927167,20564271,99c21ffb7c33694256c4594442546c2888dab61519cfe76575cdf23fe012bb19
prefix,1,49000,49500,484.335958,20773903,59e420c10f97d86cce12e715991611bdcb499743452cf96725716b195e9c2def
prefix,1,49500,50000,489.944750,20983541,4dc66aeb3b2195b6e47530fa1f559272429181df28b1a832996041fe67ed2fae
prefix,1,50000,50500,481.139000,21193176,af904fb27df2319d4eed2a3b4e8cf9c61aa02e0a8fc5d58325b7bc5ab62659da
prefix,1,50500,51000,485.149334,21402811,a48cf5dbd0d4fac582af377a69464661d569ad9fe01b854b4452b10c6d2da116
prefix,1,51000,51500,504.151750,21612449,d76a78a20e0654748431204316ad6352a2f2b3480a510930ef7dbac3ae8220f5
prefix,1,51500,52000,489.231333,21822082,8de489a83237aaa36cd88ef063c4de1d3db328bca8659d08839e0f6dc9ffef24
prefix,1,52000,52500,484.495542,22031721,1cb8209dedae794bd9ca4806b3b3c41ab0d862dc80dc32fc5a30fe887a439ee9
prefix,1,52500,53000,519.865083,22241355,234d358f6fa46c274e1be1f21352e06b47b880cefea0e9250139cf1c1fea0560
prefix,1,53000,53500,519.874833,22450991,87e95f6306e89fb2cabe7847bd9f2c7eca323c822375f3d4b8669d3416e833a6
prefix,1,53500,54000,488.297541,22660628,96852f442dadc30195687f58c06f78ae2c977195184378f8b70f490f98e7a857
prefix,1,54000,54500,491.990375,22870261,f714596ecdfaa4b15f939b2a8b54d2665aaef93b81ddd573ef97a40292aed6fc
prefix,1,54500,55000,487.290334,23079901,e3c5d88f0bd1eae4d4d3fbde9886f6d5e088b2c4f1ef437543a76530cc97f83e
prefix,1,55000,55500,492.490209,23289534,26e8450e9f1fbb13335285bce149029d5a471610733fa1b643961343d2d2b991
prefix,1,55500,56000,508.835959,23499171,667390768d6a311c2a808ac31285c52374f751d1c8c46d8ae2dff6a24c4a00d8
prefix,1,56000,56500,494.362333,23708807,c6761ddb2c1842e496a201676cd5554c9b82d0244f667c7b804c18bd58a9b8df
prefix,1,56500,57000,506.964542,23918441,d4c70a59e52e7c0374a22157c21500926f10ebcba39e756cf8f31d66c9dde520
prefix,1,57000,57500,511.801958,24128080,20fa64397939e1f2988a75e838428f1abd07be745cca0a57defa37aa4474b4b4
prefix,1,57500,58000,499.461458,24337713,09b0043b4840893add5e20ad54eb34b79de50a494b06bb6b326e2f45f0aebfd5
prefix,1,58000,58500,500.985208,24547351,252b30a8f9ca21069312f102667c07cebca7e898537878009b496b203d028af9
prefix,1,58500,59000,499.681250,24756986,13c2f53adb01e61446cae15890ed40690422452ec802dd4ac4b2654f5c9c516d
prefix,1,59000,59500,498.940958,24966620,019ea3bc4338221f269ba91108d6e2f64418b09dcd9ff85d0bd57f1acfa632be
prefix,1,59500,60000,498.439042,25176255,7aa89aab579ac19e2288edd344fd014d8030322c214e8a3a3ec7983c4ff44899
prefix,1,60000,60500,506.313833,25385885,6f57aa546bfb291bbd9166b8addc302c3ab300f0f450920062cc0015a88d7590
prefix,1,60500,61000,552.628583,25595521,ac411cb1229e271e05e492745fa0b30a17adf13e514bec7d4c79d7a2a65d6fb1
prefix,1,61000,61500,515.386625,25805155,ddf921937e85a0db5551b492f29c93a99b8ce299be2fea78723d315ca8ea1372
prefix,1,61500,62000,524.113542,26014791,dd0f27dbbb3937020832436c475a510097f7914fd1b02ced7142ee3ee404544d
prefix,1,62000,62500,515.522458,26224428,89764c6d3ac6087d2164f3bb154ce1e27ace556bf174cc220433c687b9721230
prefix,1,62500,63000,504.804625,26434061,1d5b9ad4f3cda03e10c072780e120a167be4de6b235c73d0c19c4d56fa446784
prefix,1,63000,63500,505.177000,26643701,762190c19d759951dd66d4ab8c9bca16813a9020cf15d9e63b656ca532e11052
prefix,1,63500,64000,506.625209,26853334,fd1b51697647eefcd8becc75f49fb95ae2fea7e205ab5ebdf0536c52a53a07cd
prefix,1,64000,64500,501.434042,27062971,36853d7864440dba3d14516d74696b84b00ec44270c898a8ecfa19bec277b423
prefix,1,64500,65000,498.684250,27272607,e4c25c01352bda597b1fba5a26efdd7c9f1f3555eb91c4af3d0ca3a3ed28a0a7
prefix,1,65000,65500,510.766333,27482241,de1100589f9bd8f3d42b641ba55e6a1c56eed974d151a257832f262b4be1f345
prefix,1,65500,66000,506.815166,27691880,56588d0846643e4f4bb407de130bcbd8e57479f4d1f31fc2599a20e220ca6eb6
prefix,1,66000,66500,505.432500,27901513,92efdeab4a581d705d4f93485dc09aef72b7a10ebfb72c437b8e6df1f57a38a0
prefix,1,66500,67000,519.312542,28111151,9d060386b135165a9cccc6f9d6aa24524e44631bf3e7da77d2a8780107d6d0ce
prefix,1,67000,67500,512.290166,28320786,b210404cbf3a8e1b00253eff00da3748e16bf477e40c25fdfd95ef8a9c3f4fbd
prefix,1,67500,68000,522.424500,28530421,2800cb99f576d0d5db7288e31b9b173d819a9824355fd0b80c5f95cabcabb10e
prefix,1,68000,68500,518.521125,28740059,42900f68b0f7b51c107ceb85420ce35b959295bd77c5c4dc94030fa1d696f08e
prefix,1,68500,69000,532.988583,28949692,349397c996a6233e5cc06bf83c680069afb8c2dcf75cae9e1506c73e0ed971c1
prefix,1,69000,69500,510.377625,29159331,f1669531b4ed1d5702f0e37e0522c986e0b12011f678b9e172d4b09c3cb6227f
prefix,1,69500,70000,512.984625,29368965,3c097254d8fbb466c1fc626772d44e79c5c27298f30de94318239b04827b41c8
prefix,1,70000,70500,512.455959,29578601,28ef373a604386c585716390ebd8c97dfee97af62fe9afe142f9a36f318dcd83
prefix,1,70500,71000,524.049791,29788238,6e4d46ce62dc948e1af5c29446c0d3ce8c9d401e327a17ee0cb0fd56e01c59b7
prefix,1,71000,71500,530.066750,29997869,ef28545411c127fda9828059905102cf879365bee9d437321534dfbf5064a1b5
prefix,1,71500,72000,527.381416,30207506,5427289253e1869a96ff5d7cf62bc5742896d265b4c7863c9888c716a98e10e6
prefix,1,72000,72500,516.645042,30417136,2eb93e58a0146c9bb2c9c00d9ad3af62575a86b54dac7ac751661b69cc074fd8
prefix,1,72500,73000,519.649375,30626771,2f8c56baf0f370ef08ec9c6a70bd9e3111c94cf9780f577138931f14c0b9bbf9
prefix,1,73000,73500,509.004541,30836407,40215609f7df20d88e915e2eecfa26397aede6e68833a4514fb5ae458b8b797a
prefix,1,73500,74000,514.922333,31046041,c52a565d1a3af778eba6a3e7f3e010ce9d08b1e0c5a7238f9f12427c8d60b576
prefix,1,74000,74500,512.540083,31255680,c60562f534bc7a8b2f44fbecba7dca4280b5a7fc6cc9f8c71d9ac04c536b2d04
prefix,1,74500,75000,521.245333,31465313,ef337168f4e1f38c6da9a08883bb170b300a100f451c377885713b0e1b8dcd46
prefix,1,75000,75500,519.146500,31674951,b34f185cf12561b05f975219500f94f7ce4d49fc10f125d592577f302632d2ef
prefix,1,75500,76000,541.119417,31884586,f8de30eb2cbd07d1a627f4fd66340cd23afe0f514fa1f84bff14ec94e73786f3
prefix,1,76000,76500,557.931209,32094221,5cf320844d846d9be37f923a1656c7f87395b729d440061888795c4c740541fa
prefix,1,76500,77000,538.721750,32303859,c8893166f17307b6139c010d32f129191971fa8edc4591b922ddc98f7b7b5944
prefix,1,77000,77500,525.179334,32513492,4a9480bef14ed4cd291e10b2a2f97376b889e78b0b50834929bda6f6ae33ba05
prefix,1,77500,78000,520.018459,32723131,25deb03d04571b6fc100b8eeb1f06084eba7e7666c7bb98e43474bc3b01cc3db
prefix,1,78000,78500,528.185000,32932765,12c8639446132dadf41caf0312d12de01826021dc9cb0d35c4ded7e6678fea95
prefix,1,78500,79000,517.415500,33142401,ee0346545dfad10294d270957e1ea555d695244ad0fdbbe9185135ed2d51b878
prefix,1,79000,79500,532.092833,33352038,570852de30412f9ff284f8d0c45d4e247b505406725e80f173bccbce84281e2a
prefix,1,79500,80000,527.508584,33561671,2dee584972b00d397b3a0b1de27a2421d08165f30a0860b568ac82a95a21294c
prefix,1,80000,80500,528.994583,33771311,1efac23511f0f6c2396cbc4c6ae206afcb0e5c4a42f8a8a2152059e7ac8a7ec2
prefix,1,80500,81000,542.133417,33980944,b12f5d36213f0884c5be76106d31f318ef8bb850a940cd1882ce025547561d2d
prefix,1,81000,81500,520.815500,34190581,ebdb9cb18aa0bd1b3af324cef21a34291bfb73f251a59e20e0ae1a0d83f52a43
prefix,1,81500,82000,538.868459,34400217,d699058d188b3acb7c1659a625e1c243c708802b20ca6f5e4f154e91417a82dd
prefix,1,82000,82500,530.683667,34609851,1d2011b784a52ebffbb7951a6fbf3ea4da83408df02be91a4dbbf8a6529b3a9d
prefix,1,82500,83000,525.262208,34819490,6dd0220b044b9e9338ec270c292c6fb19b6861d43b375e6e0ee99ad41de5aa9e
prefix,1,83000,83500,565.113292,35029120,1f0bb52d34e8bb8862be6a74d96796ab45a25cef04f33a1fd56e2be63b64cb40
prefix,1,83500,84000,565.706500,35238755,2a61e774b1b919de3dc2064907ff336b1dcf39d1a0f2b817f86518fdc25e6fcf
prefix,1,84000,84500,531.337959,35448387,0835ae1a5ce90d8f57a69792e171fa60d7786076108fff2a88e6881d1748e749
prefix,1,84500,85000,531.904250,35658021,9bb03245860f7cdb85bd1928617a97cd726a3752e2dab5b4806dbc8097bce102
prefix,1,85000,85500,529.095083,35867659,51253ff4c2c5d9345988a2b0116036a8e51931ef7fa1a186a092d43ccaf90dfa
prefix,1,85500,86000,531.780375,36077292,386323703dac0c89e4a01aa695519867c87144842f3428dca9c748ee58695315
prefix,1,86000,86500,541.763041,36286931,c82212e96cc4e30ead4a2b13288c0523d4e57d16dc41de5e9959075a9dc31420
prefix,1,86500,87000,527.673917,36496565,24019eb407a15fcae4511fe87bd2b890b70b8dbe0a7f47ba17fbd9d1f432e5e1
prefix,1,87000,87500,538.525375,36706201,2b59fa12ff9db2867b731e2c20e30b66d50f6c2e5d7ff0c0db9af9af0ccd912a
prefix,1,87500,88000,552.928250,36915838,ec391fa282bb29849c79a84b7b3137b8d9a95f58e91f207cd5fa013e09ae5c3c
prefix,1,88000,88500,539.170583,37125471,aecc258f792972288414bed7115a8a42daa74487895bc048a6867738ee9df7cf
prefix,1,88500,89000,546.065709,37335111,a6788d6809cb2d279a98804ee0009d3df138a9a559c9d4c0a8a8cfca31d02afe
prefix,1,89000,89500,555.359375,37544744,963f5553dad2fd9d45eafb4dedfd879f42a199906d0b326bd3c3e8ecb7c3592c
prefix,1,89500,90000,552.067000,37754381,abc2cb568e9921361e73b7a935e85788534d2875593a69dc8176ea6c68900761
prefix,1,90000,90500,544.041333,37964017,968521a4db6d234933c2663f6c413ecf63bc3dc7b41486cccd9681423ab94287
prefix,1,90500,91000,564.620458,38173651,86d8e52bf31c076886d6c3e4a6720ed806605d0693884106bb49929072994ff9
prefix,1,91000,91500,578.625917,38383290,daa1c6126751d07796590a88c16901806f99dc48c8d374626e06c670d930e237
prefix,1,91500,92000,553.045708,38592923,a0560dc41c88072ec4cdad2d1024fe512a20dd73a3a7272c95785170e7d7aefb
prefix,1,92000,92500,550.764583,38802561,3ed103eb35cdc207a978249abeaabcf6d7fe7ef2791c84dd11673f3f5fbb7f6d
prefix,1,92500,93000,565.324083,39012196,d18a5797144c8b385659dc9c2fc1926b2b2cb40d1f4d16c07b7acd221603f70d
prefix,1,93000,93500,559.881583,39221831,0a1b766e4c56f71f2e984bfae577778e683a193f3a237466d73ec8c0ced6b739
prefix,1,93500,94000,570.291667,39431469,5c4dc73b88a0fb1ee177c19ff9ff1a4cacbaf4832b12750b4f28eab5fc2a4d2f
prefix,1,94000,94500,557.073833,39641102,6b334999be9a3e505dca7d1a8fced8464e6f53c344d901805e841af298820f61
prefix,1,94500,95000,555.909708,39850740,aecd453c0103e5493af9066db3f1de9183af3caf5c0ee3417670c388cf8150cd
prefix,1,95000,95500,551.057250,40060371,57b49dc6aa36ef54af89058feee27542be62dacc30138ca08642f146ea2e5506
prefix,1,95500,96000,552.229250,40270004,51d10c3a5b45ede6e843a9188b7badffad8cf7498fcd9e5efd1c1797b9928e3a
prefix,1,96000,96500,551.772750,40479638,00b9cbf0360d16c6cf2139ef561c5d695abf62653a8d36d023fe703ad699e75a
prefix,1,96500,97000,547.810291,40689271,42b21715fc3384d3e7b6bbf046152bbdad0b3ddcdc08eb3a08755399b5903406
prefix,1,97000,97500,557.970417,40898911,f145f67cf60fde0d9a95b0e7512d4f46c6236b37b38cd8b3369136e437915915
prefix,1,97500,98000,576.738875,41108544,e7c94c9482c53e9bcb1723892ed8e61b892e123d34e3ba7a74479e11c0015889
prefix,1,98000,98500,571.768666,41318181,257e4fe6c6ae7d0df50783f55ed936c66f42016d176e43770c9da88439e43a3a
prefix,1,98500,99000,551.946334,41527817,725df59d14a5606798540628ea6da936aa2571b6266ff4143d260b203e02aaae
prefix,1,99000,99500,560.861500,41737451,b809e6661de18c37e963cf4007d2e27e16e7850908d7912e61b4cb0e7011bf29
prefix,1,99500,100000,560.343459,41947090,da482c1cdcc091469bf99bef69c33cf05b6c4021195da4df7a4f5ea97172eef0
prefix,2,0,500,395.173417,210136,ae62669028e3c73f4361b1b84a9abdfbc5297ceaa2c6b0f9524aae50ff9b0743
prefix,2,500,1000,398.210750,420266,e651609d490b9ddc6b4cf06c4738259acc735cb9f66bc434009104f311687871
prefix,2,1000,1500,402.616083,630402,6417e7c8ae072fc1beee609e4520ee79a259dd2440ff1ed2b2289ef8c390914b
prefix,2,1500,2000,398.698292,840534,73b3d5ccb597dda2ad7e3ee360564f3f71349f0b8f3d47d0f85cdbfebc2a7279
prefix,2,2000,2500,405.083291,1050670,9ac1a02386aefc54024d0d85939be30d3b349c9f388bd2cfd54d299bd8a20e7d
prefix,2,2500,3000,403.390667,1260807,00a6a2b5c74337f65d07eee45a69a7234c4c420bb4b29ac64486c5fb20f9a789
prefix,2,3000,3500,406.872875,1470940,9299f434ef480a10cd2e1d6655ab0a822112c4d0081eb02e8f38c914e018f322
prefix,2,3500,4000,419.457625,1681080,b3d092504bbe2a159dafe21dc316178d9a9e40ae7394402aa5227d9db880a58a
prefix,2,4000,4500,417.859042,1891213,2e627b5c356a8e5421782b860f863e9f09488a21fd20952cb666c994050d6307
prefix,2,4500,5000,405.381666,2101350,6227c79151ebe696b7c1dca0503bb0ac5487a55b61943d3cb3b8c9b10d22201c
prefix,2,5000,5500,409.140916,2311486,7992302158826abe4605bb6fcd7373d0cd8beff06143af70d317ade78dcc0433
prefix,2,5500,6000,412.383500,2521620,68d68ce3bfaf673aebb38b1b7ba45a6dc04b5358d5f8837550361462cfa5118f
prefix,2,6000,6500,411.149583,2731759,fdfe6225c712f4f903e2b593c94dbb3ea056151f09adfaff23026aeaa9fc480e
prefix,2,6500,7000,421.130208,2941892,161fc5beeabc2dcd94e6159bfe8adc47a0e874991ad5b6232fa298ec720df731
prefix,2,7000,7500,438.172000,3152030,8a02a2ef6ad675776c8beabd4a8ba8c51065727c4f062d5b2ef62072605eedb9
prefix,2,7500,8000,405.877375,3362165,1c33437a16eb0ec18c624f4c8846f98eb405c6c4bab52111ff81e17605efaf0f
prefix,2,8000,8500,412.446584,3572300,dfb2a0a8e7aa638142bd3498e2cd88325ef5558289ab902562b692a4c333dfa7
prefix,2,8500,9000,412.419208,3782438,8a010bf2570aa5a0512a70a4fd2e8e0639a961a32a9e5cc7d5bbd63262c66e71
prefix,2,9000,9500,413.842875,3992571,927058816426d525ccaf5325b1231667702b7f7cd311446db1995ff706c96073
prefix,2,9500,10000,411.465333,4202710,5a8110e731ed2a282114cda4899daf5e6198cae01dace82832436f6918276cd1
prefix,2,10000,10500,417.845084,4412844,2765494e2679d8366322ffba790a635c767f6b65ca5d1c36d6e4465fb3580be0
prefix,2,10500,11000,419.380833,4622980,06aac027fc183381cbdcc0d165f6e5e9593f4bbeca23efc3e31d13c2d578eec1
prefix,2,11000,11500,414.585166,4833117,c3d87b216c29defa42bcbc2929554d34c31b435a92e48f2734465273d0f311fb
prefix,2,11500,12000,433.310625,5043250,f54d3a627f72a06edbf9919d9b9e0cd59690d63ed2ce0688752aadba1dbdb6e9
prefix,2,12000,12500,419.340708,5253387,d55b52b2a91e10b3c35ce112619c7a1abee5d4b027a24210fd4e1a7fe9bcba08
prefix,2,12500,13000,417.121125,5463517,069708f3826e05e4375ec2988e28db18140a7e77bc13829f979de6566710c2f2
prefix,2,13000,13500,423.414958,5673651,862d371b63fb48c39b656f46293f603b15e8a1e51a6a310e5704d4ccdea5a172
prefix,2,13500,14000,427.637000,5883786,dee152cdcbaaa7a18fe178f7c199d44ded35eee9274c4d7fa2bba49d4c8b1000
prefix,2,14000,14500,418.648167,6093920,aa494651524866a3ceecae4d8f59e5c07b9b6d77910e9cf11d37b8fa4135b681
prefix,2,14500,15000,427.718125,6304059,37ce967f95a6d944c2a383be14186de45c2e3a02ed6478df8fadf7569476964b
prefix,2,15000,15500,449.025042,6514192,a55377b8211921d4858ad1dd4c9c96533e94d1b531b3de01e33c96a65dc0981c
prefix,2,15500,16000,421.318250,6724330,a673cd18e02c68566cd27133f713ce9c94ef99166718f18a0079b5142c228bce
prefix,2,16000,16500,445.140084,6934465,c91eab5ea34eccf28e55e282415a87e16cfeb10f920d8edad7306e6884ceaffc
prefix,2,16500,17000,441.796666,7144600,1d9ca914c89eb08205d8a854772b0f041967077c1de2661bb860854afb184d0c
prefix,2,17000,17500,428.650625,7354738,837d8ef383035f03a100effab3a8d9071a712c8ed90121192ee71355d37c4d90
prefix,2,17500,18000,430.799250,7564871,464578c0f0f866e8603730d76c8468af321c9991cc6f7edb6cdbff540901feff
prefix,2,18000,18500,423.739084,7775010,4b496eb73a3182406810fd7d0561260e03af7e04fd7b18f634c5bf4d30528e68
prefix,2,18500,19000,425.606333,7985144,5423993074f1b4a400eebb1ebef5ffc136d3f88e5d661183236ec193c96c3f4f
prefix,2,19000,19500,427.823208,8195280,f49f92c2c26bd4280d6527267e535a4a3a93b5d0d53b1bf7fa3308ed3ca125a9
prefix,2,19500,20000,427.185500,8405417,1431b2c84a9367b8ced894cbaa2c24d3ab7d040a1d7521972ea6c67c45a18f22
prefix,2,20000,20500,430.816167,8615051,1a08b34ed9bbd1d050150c7498cd202305ef3888e2c8d29e53e3fdb0320b1a53
prefix,2,20500,21000,429.452708,8824691,dde71584504df3dcc447b44562bffb31d7c2698c651bb7f9205e1b1475e3558d
prefix,2,21000,21500,433.633208,9034324,e9b394fcf2a3b61d35b723cebc39a24b8b88a22b9911c59484a749fb3cd0efae
prefix,2,21500,22000,430.089125,9243961,88fac21b1f847c14630480a6f7322e565b1d69709bc414dadc4bffb5b1fd26f2
prefix,2,22000,22500,430.870542,9453597,20edeb5a15bbabf0e9e617e034a79af3b4bff9733dff631db30e900288593f2d
prefix,2,22500,23000,433.266708,9663231,e3ac407b0043aa971eb4b89b4597a2188cd853ccaffb2219a945d4f66c404746
prefix,2,23000,23500,436.008792,9872870,11aa786e6356e60cbd4037f8116dd7a560f2b27ee65d96b28178ced9b6323ab5
prefix,2,23500,24000,451.631583,10082502,fdd6f3a189763190931cbb36629b7ef61be694fce24a3ea4ae0c260aaaf45879
prefix,2,24000,24500,433.897333,10292137,1cfeb87b56484d662094f4ec867a9e887395bb23c825aeb2199ff33d5dd5ae15
prefix,2,24500,25000,435.770750,10501769,c42f911dd7a5abea0877707df74d9b3f4c07c7036c6b375e8095e93adc9038a3
prefix,2,25000,25500,453.547792,10711401,c1b3c5c17dda51440a89ca7e9ea58b8b7fc3475efda231defc82ee9dff5e4e19
prefix,2,25500,26000,466.727042,10921039,08a5d72d35241dacfb6fcd94a1b6222b8927b3be05560aede418aaaf3f1981a7
prefix,2,26000,26500,453.062500,11130672,a619fdcba4fe875eeddad4de6d15ad95d036d8507f0e7ec194d81a9c974c13ee
prefix,2,26500,27000,439.773833,11340311,26e54b0d8f9d392d1c3984ceb8ef61b4a8a1af7adc9268bb15320c8ddf68ee4b
prefix,2,27000,27500,447.038834,11549945,37fc8a2f103f5940fedfcd0cebc0ed5821a3a45db4ddfc2fe8892a53d2e557a2
prefix,2,27500,28000,450.944708,11759581,14b74b759d2b4be555bcfeb132c58f222bb4104dae7a1fa3ebcfe9a1f093b503
prefix,2,28000,28500,439.375417,11969218,60299c19ec9dd0f37fce5d7a9648afa71be26c8b4157aa03f06a6818c8390ad6
prefix,2,28500,29000,444.457542,12178851,c81611c1ad832abfe8056c4482c4ae20c475bc28f623377c7eaae28584d9eb37
prefix,2,29000,29500,441.393750,12388491,b9eb2deef39bdd4552e2b07b652363185f21f582dac8e0abe76956f42e7b50f8
prefix,2,29500,30000,442.735875,12598124,5655a888b70b4d1ebcf96e89b75ad8c252106a766b13f68c0c1282974ada166a
prefix,2,30000,30500,443.822667,12807761,a84cb176de7fd880f2a3981b973b4fccc3d4c7a7f1d6358c2db28b73daa2614c
prefix,2,30500,31000,443.375250,13017397,0e66aed9e72ff7bfae408600c83c586ff6dd603dfa18f6ae63a3cd6afa35fd18
prefix,2,31000,31500,444.498500,13227031,3a3c7e9b2533aa9d82742a62e93498de07ae6632dd45ea47a9d3843195a89dd9
prefix,2,31500,32000,449.477500,13436670,f168edfec2df7b1b8a90ed4d8cc2087750da9ea67e8122d39c22d0ae91a17f00
prefix,2,32000,32500,445.932417,13646303,58241a5cd81f62fe6231725f00cf1c1cfeba4e683031f3b3e7d1968780e0a5ed
prefix,2,32500,33000,453.006750,13855941,9bd5d6ec5773160adf1d1e06f11ac3d089abf29143c377041931549f9009f30b
prefix,2,33000,33500,458.600083,14065576,ee7d51dceaa2aa8ac3b0bd3ebdd0ee33eea8563d73d8087b74cd68bd190cfaac
prefix,2,33500,34000,455.554000,14275211,19d4fc67366f97f4f1b00f5860bbd9824b7263847b7a467c9e8283cb0875352a
prefix,2,34000,34500,472.914833,14484849,9b578898b16d7da09de6035e3eb9b2776cea062075c90ba2512f5dbdc765e682
prefix,2,34500,35000,476.401708,14694482,6e423d295eb8a1c575062a58e3b1b5f6b248f07f047eee5fa1b52e6de4c19d88
prefix,2,35000,35500,456.381958,14904121,c7165cc13940c2cac8022baa6af3aea7eb4efd61fa46c71b2f0efc5ce44d583b
prefix,2,35500,36000,454.899542,15113753,82869bac01ab2287f60392622a4267668a6c246e0ffd97b67ca1210d06eaf67e
prefix,2,36000,36500,458.551250,15323386,3bf1a4dafab8764d5dbb901a55096bcfd2707c0f47f2592d7a60d75ce86da32b
prefix,2,36500,37000,457.069042,15533020,99db37926ca3bf6301ee1fbd15f946d5ea5873e6117205b8c6d9cb382cdb528d
prefix,2,37000,37500,457.585333,15742651,096850b58bee359aa61f9731d73624f589755b18630a61dd0df034f38bb984db
prefix,2,37500,38000,454.487292,15952291,fe2f8277a01a95b266bcb4d9a9b0837a5f6e6fbeb3b9c737faa59922dd551fc6
prefix,2,38000,38500,455.638917,16161924,671acd1a9be92150445c80b03d2b3514af1233a317cc8c1ea8264986fb7ab66c
prefix,2,38500,39000,455.474333,16371561,5f13c8419f567b09238d8135cc5b2015509d456c63c96a61bfac5df3ea276e42
prefix,2,39000,39500,459.346500,16581197,14ed263e476b118109afcc726b3becb612574f157b653fb19048d683480f5618
prefix,2,39500,40000,460.268792,16790831,509c225594a41969d06d61085ed45f37654a398c2cd830085b2c086e36b486d0
prefix,2,40000,40500,465.911875,17000470,243af97f27a633777f8a5fedbc3ecca370df67d7560fb61f416ce884c39af39f
prefix,2,40500,41000,460.306334,17210103,64a43c7f8e1606610726a134ed48d31d773639b815ff015a5ec8d071bf22dded
prefix,2,41000,41500,464.511916,17419741,a6696a5cd3a23d2dbb2f6702506d82edfaa45d6af3efeaa757eb247a55fe3f6e
prefix,2,41500,42000,464.430750,17629376,77efe8e3d8405bc53ba46059846e8f80b8a8cf34af8ad15c538007cb66c0d84f
prefix,2,42000,42500,468.187500,17839011,7eaea122faa229b70864b2bab620b517eb68a300b4d0bf6f9f9868b88f83caf1
prefix,2,42500,43000,483.261708,18048649,faf269dbd1f4944ae0125aff6a73252c9af3251edd27f8e5e8be946801b0bdcd
prefix,2,43000,43500,485.572375,18258282,98598cf0527c76c725c72f6a8ed0983dd523e272efe75da80e2e18427bfc1c60
prefix,2,43500,44000,464.713541,18467921,63347e8aaea68ca43e78ae86a5ca5cda207fe157ac89bb6fd8250c4129df2f70
prefix,2,44000,44500,465.448500,18677555,842ddb6487e8c8b5725bf1315f13c4c72e6dbe4343ab2e149edc24189c16a9df
prefix,2,44500,45000,488.738875,18887191,0d332db61773ea7b5187c5dc16138a362b457b4e0a1e8894574f67e6c930f4fb
prefix,2,45000,45500,479.646333,19096828,0a9502ac03258c2a60b4f07f50147277d2db5c0e7ab49b5ef201927a5d68ba6f
prefix,2,45500,46000,472.509250,19306461,8bc846162f9c35bce0e913695e0cb4946bf23da52cdb49ea89fc18cd99373b34
prefix,2,46000,46500,484.941917,19516101,6116417de6c5016a94c16229f6a4253eadb284eba9757c1673c57558bdbf2495
prefix,2,46500,47000,479.678708,19725734,3f02761a05b43a996615d980213d302219e24cf888188a395b3c2880d7051749
prefix,2,47000,47500,475.536333,19935371,ce4f20106c679fe71ff532295ec4b1f6e674557eda9b868669e305d423a9a5b2
prefix,2,47500,48000,475.658584,20145004,5568e14cfb3bd987c71487347d09303bb43174c3db694ee019289f06df2d131e
prefix,2,48000,48500,476.414917,20354635,f78e89e617fe05cff40f85ed6ed447d7fecb6562abf67f7cc015aea462b6822f
prefix,2,48500,49000,482.484333,20564271,99c21ffb7c33694256c4594442546c2888dab61519cfe76575cdf23fe012bb19
prefix,2,49000,49500,476.974375,20773903,59e420c10f97d86cce12e715991611bdcb499743452cf96725716b195e9c2def
prefix,2,49500,50000,478.587792,20983541,4dc66aeb3b2195b6e47530fa1f559272429181df28b1a832996041fe67ed2fae
prefix,2,50000,50500,477.140708,21193176,af904fb27df2319d4eed2a3b4e8cf9c61aa02e0a8fc5d58325b7bc5ab62659da
prefix,2,50500,51000,483.597000,21402811,a48cf5dbd0d4fac582af377a69464661d569ad9fe01b854b4452b10c6d2da116
prefix,2,51000,51500,494.390291,21612449,d76a78a20e0654748431204316ad6352a2f2b3480a510930ef7dbac3ae8220f5
prefix,2,51500,52000,498.449333,21822082,8de489a83237aaa36cd88ef063c4de1d3db328bca8659d08839e0f6dc9ffef24
prefix,2,52000,52500,484.303625,22031721,1cb8209dedae794bd9ca4806b3b3c41ab0d862dc80dc32fc5a30fe887a439ee9
prefix,2,52500,53000,509.968792,22241355,234d358f6fa46c274e1be1f21352e06b47b880cefea0e9250139cf1c1fea0560
prefix,2,53000,53500,505.969917,22450991,87e95f6306e89fb2cabe7847bd9f2c7eca323c822375f3d4b8669d3416e833a6
prefix,2,53500,54000,504.304958,22660628,96852f442dadc30195687f58c06f78ae2c977195184378f8b70f490f98e7a857
prefix,2,54000,54500,524.011584,22870261,f714596ecdfaa4b15f939b2a8b54d2665aaef93b81ddd573ef97a40292aed6fc
prefix,2,54500,55000,523.876333,23079901,e3c5d88f0bd1eae4d4d3fbde9886f6d5e088b2c4f1ef437543a76530cc97f83e
prefix,2,55000,55500,503.595167,23289534,26e8450e9f1fbb13335285bce149029d5a471610733fa1b643961343d2d2b991
prefix,2,55500,56000,509.621583,23499171,667390768d6a311c2a808ac31285c52374f751d1c8c46d8ae2dff6a24c4a00d8
prefix,2,56000,56500,512.730375,23708807,c6761ddb2c1842e496a201676cd5554c9b82d0244f667c7b804c18bd58a9b8df
prefix,2,56500,57000,496.074250,23918441,d4c70a59e52e7c0374a22157c21500926f10ebcba39e756cf8f31d66c9dde520
prefix,2,57000,57500,509.487375,24128080,20fa64397939e1f2988a75e838428f1abd07be745cca0a57defa37aa4474b4b4
prefix,2,57500,58000,514.685334,24337713,09b0043b4840893add5e20ad54eb34b79de50a494b06bb6b326e2f45f0aebfd5
prefix,2,58000,58500,520.309500,24547351,252b30a8f9ca21069312f102667c07cebca7e898537878009b496b203d028af9
prefix,2,58500,59000,531.745417,24756986,13c2f53adb01e61446cae15890ed40690422452ec802dd4ac4b2654f5c9c516d
prefix,2,59000,59500,530.007917,24966620,019ea3bc4338221f269ba91108d6e2f64418b09dcd9ff85d0bd57f1acfa632be
prefix,2,59500,60000,518.100708,25176255,7aa89aab579ac19e2288edd344fd014d8030322c214e8a3a3ec7983c4ff44899
prefix,2,60000,60500,532.945334,25385885,6f57aa546bfb291bbd9166b8addc302c3ab300f0f450920062cc0015a88d7590
prefix,2,60500,61000,526.299584,25595521,ac411cb1229e271e05e492745fa0b30a17adf13e514bec7d4c79d7a2a65d6fb1
prefix,2,61000,61500,525.299459,25805155,ddf921937e85a0db5551b492f29c93a99b8ce299be2fea78723d315ca8ea1372
prefix,2,61500,62000,527.873792,26014791,dd0f27dbbb3937020832436c475a510097f7914fd1b02ced7142ee3ee404544d
prefix,2,62000,62500,523.263459,26224428,89764c6d3ac6087d2164f3bb154ce1e27ace556bf174cc220433c687b9721230
prefix,2,62500,63000,530.493875,26434061,1d5b9ad4f3cda03e10c072780e120a167be4de6b235c73d0c19c4d56fa446784
prefix,2,63000,63500,512.638833,26643701,762190c19d759951dd66d4ab8c9bca16813a9020cf15d9e63b656ca532e11052
prefix,2,63500,64000,501.343750,26853334,fd1b51697647eefcd8becc75f49fb95ae2fea7e205ab5ebdf0536c52a53a07cd
prefix,2,64000,64500,502.082417,27062971,36853d7864440dba3d14516d74696b84b00ec44270c898a8ecfa19bec277b423
prefix,2,64500,65000,498.855042,27272607,e4c25c01352bda597b1fba5a26efdd7c9f1f3555eb91c4af3d0ca3a3ed28a0a7
prefix,2,65000,65500,505.706708,27482241,de1100589f9bd8f3d42b641ba55e6a1c56eed974d151a257832f262b4be1f345
prefix,2,65500,66000,501.178792,27691880,56588d0846643e4f4bb407de130bcbd8e57479f4d1f31fc2599a20e220ca6eb6
prefix,2,66000,66500,510.633834,27901513,92efdeab4a581d705d4f93485dc09aef72b7a10ebfb72c437b8e6df1f57a38a0
prefix,2,66500,67000,544.592042,28111151,9d060386b135165a9cccc6f9d6aa24524e44631bf3e7da77d2a8780107d6d0ce
prefix,2,67000,67500,517.597334,28320786,b210404cbf3a8e1b00253eff00da3748e16bf477e40c25fdfd95ef8a9c3f4fbd
prefix,2,67500,68000,531.319334,28530421,2800cb99f576d0d5db7288e31b9b173d819a9824355fd0b80c5f95cabcabb10e
prefix,2,68000,68500,510.453291,28740059,42900f68b0f7b51c107ceb85420ce35b959295bd77c5c4dc94030fa1d696f08e
prefix,2,68500,69000,512.578875,28949692,349397c996a6233e5cc06bf83c680069afb8c2dcf75cae9e1506c73e0ed971c1
prefix,2,69000,69500,517.538250,29159331,f1669531b4ed1d5702f0e37e0522c986e0b12011f678b9e172d4b09c3cb6227f
prefix,2,69500,70000,512.970500,29368965,3c097254d8fbb466c1fc626772d44e79c5c27298f30de94318239b04827b41c8
prefix,2,70000,70500,509.870208,29578601,28ef373a604386c585716390ebd8c97dfee97af62fe9afe142f9a36f318dcd83
prefix,2,70500,71000,507.538125,29788238,6e4d46ce62dc948e1af5c29446c0d3ce8c9d401e327a17ee0cb0fd56e01c59b7
prefix,2,71000,71500,517.698875,29997869,ef28545411c127fda9828059905102cf879365bee9d437321534dfbf5064a1b5
prefix,2,71500,72000,511.977666,30207506,5427289253e1869a96ff5d7cf62bc5742896d265b4c7863c9888c716a98e10e6
prefix,2,72000,72500,505.625084,30417136,2eb93e58a0146c9bb2c9c00d9ad3af62575a86b54dac7ac751661b69cc074fd8
prefix,2,72500,73000,510.405292,30626771,2f8c56baf0f370ef08ec9c6a70bd9e3111c94cf9780f577138931f14c0b9bbf9
prefix,2,73000,73500,503.154000,30836407,40215609f7df20d88e915e2eecfa26397aede6e68833a4514fb5ae458b8b797a
prefix,2,73500,74000,517.769459,31046041,c52a565d1a3af778eba6a3e7f3e010ce9d08b1e0c5a7238f9f12427c8d60b576
prefix,2,74000,74500,526.681958,31255680,c60562f534bc7a8b2f44fbecba7dca4280b5a7fc6cc9f8c71d9ac04c536b2d04
prefix,2,74500,75000,542.433083,31465313,ef337168f4e1f38c6da9a08883bb170b300a100f451c377885713b0e1b8dcd46
prefix,2,75000,75500,524.983667,31674951,b34f185cf12561b05f975219500f94f7ce4d49fc10f125d592577f302632d2ef
prefix,2,75500,76000,522.732416,31884586,f8de30eb2cbd07d1a627f4fd66340cd23afe0f514fa1f84bff14ec94e73786f3
prefix,2,76000,76500,527.370958,32094221,5cf320844d846d9be37f923a1656c7f87395b729d440061888795c4c740541fa
prefix,2,76500,77000,525.435667,32303859,c8893166f17307b6139c010d32f129191971fa8edc4591b922ddc98f7b7b5944
prefix,2,77000,77500,553.923250,32513492,4a9480bef14ed4cd291e10b2a2f97376b889e78b0b50834929bda6f6ae33ba05
prefix,2,77500,78000,519.544583,32723131,25deb03d04571b6fc100b8eeb1f06084eba7e7666c7bb98e43474bc3b01cc3db
prefix,2,78000,78500,520.444167,32932765,12c8639446132dadf41caf0312d12de01826021dc9cb0d35c4ded7e6678fea95
prefix,2,78500,79000,525.431292,33142401,ee0346545dfad10294d270957e1ea555d695244ad0fdbbe9185135ed2d51b878
prefix,2,79000,79500,528.593667,33352038,570852de30412f9ff284f8d0c45d4e247b505406725e80f173bccbce84281e2a
prefix,2,79500,80000,543.195084,33561671,2dee584972b00d397b3a0b1de27a2421d08165f30a0860b568ac82a95a21294c
prefix,2,80000,80500,532.607791,33771311,1efac23511f0f6c2396cbc4c6ae206afcb0e5c4a42f8a8a2152059e7ac8a7ec2
prefix,2,80500,81000,533.565083,33980944,b12f5d36213f0884c5be76106d31f318ef8bb850a940cd1882ce025547561d2d
prefix,2,81000,81500,531.232209,34190581,ebdb9cb18aa0bd1b3af324cef21a34291bfb73f251a59e20e0ae1a0d83f52a43
prefix,2,81500,82000,539.633292,34400217,d699058d188b3acb7c1659a625e1c243c708802b20ca6f5e4f154e91417a82dd
prefix,2,82000,82500,577.678625,34609851,1d2011b784a52ebffbb7951a6fbf3ea4da83408df02be91a4dbbf8a6529b3a9d
prefix,2,82500,83000,539.157125,34819490,6dd0220b044b9e9338ec270c292c6fb19b6861d43b375e6e0ee99ad41de5aa9e
prefix,2,83000,83500,536.572417,35029120,1f0bb52d34e8bb8862be6a74d96796ab45a25cef04f33a1fd56e2be63b64cb40
prefix,2,83500,84000,530.492416,35238755,2a61e774b1b919de3dc2064907ff336b1dcf39d1a0f2b817f86518fdc25e6fcf
prefix,2,84000,84500,537.869166,35448387,0835ae1a5ce90d8f57a69792e171fa60d7786076108fff2a88e6881d1748e749
prefix,2,84500,85000,538.228459,35658021,9bb03245860f7cdb85bd1928617a97cd726a3752e2dab5b4806dbc8097bce102
prefix,2,85000,85500,537.966292,35867659,51253ff4c2c5d9345988a2b0116036a8e51931ef7fa1a186a092d43ccaf90dfa
prefix,2,85500,86000,532.138292,36077292,386323703dac0c89e4a01aa695519867c87144842f3428dca9c748ee58695315
prefix,2,86000,86500,540.043458,36286931,c82212e96cc4e30ead4a2b13288c0523d4e57d16dc41de5e9959075a9dc31420
prefix,2,86500,87000,533.493208,36496565,24019eb407a15fcae4511fe87bd2b890b70b8dbe0a7f47ba17fbd9d1f432e5e1
prefix,2,87000,87500,540.834542,36706201,2b59fa12ff9db2867b731e2c20e30b66d50f6c2e5d7ff0c0db9af9af0ccd912a
prefix,2,87500,88000,546.556208,36915838,ec391fa282bb29849c79a84b7b3137b8d9a95f58e91f207cd5fa013e09ae5c3c
prefix,2,88000,88500,536.587917,37125471,aecc258f792972288414bed7115a8a42daa74487895bc048a6867738ee9df7cf
prefix,2,88500,89000,545.207291,37335111,a6788d6809cb2d279a98804ee0009d3df138a9a559c9d4c0a8a8cfca31d02afe
prefix,2,89000,89500,603.243167,37544744,963f5553dad2fd9d45eafb4dedfd879f42a199906d0b326bd3c3e8ecb7c3592c
prefix,2,89500,90000,548.049541,37754381,abc2cb568e9921361e73b7a935e85788534d2875593a69dc8176ea6c68900761
prefix,2,90000,90500,554.462250,37964017,968521a4db6d234933c2663f6c413ecf63bc3dc7b41486cccd9681423ab94287
prefix,2,90500,91000,551.723458,38173651,86d8e52bf31c076886d6c3e4a6720ed806605d0693884106bb49929072994ff9
prefix,2,91000,91500,552.408917,38383290,daa1c6126751d07796590a88c16901806f99dc48c8d374626e06c670d930e237
prefix,2,91500,92000,552.489083,38592923,a0560dc41c88072ec4cdad2d1024fe512a20dd73a3a7272c95785170e7d7aefb
prefix,2,92000,92500,544.715709,38802561,3ed103eb35cdc207a978249abeaabcf6d7fe7ef2791c84dd11673f3f5fbb7f6d
prefix,2,92500,93000,546.375209,39012196,d18a5797144c8b385659dc9c2fc1926b2b2cb40d1f4d16c07b7acd221603f70d
prefix,2,93000,93500,554.344917,39221831,0a1b766e4c56f71f2e984bfae577778e683a193f3a237466d73ec8c0ced6b739
prefix,2,93500,94000,571.914041,39431469,5c4dc73b88a0fb1ee177c19ff9ff1a4cacbaf4832b12750b4f28eab5fc2a4d2f
prefix,2,94000,94500,558.423875,39641102,6b334999be9a3e505dca7d1a8fced8464e6f53c344d901805e841af298820f61
prefix,2,94500,95000,560.386083,39850740,aecd453c0103e5493af9066db3f1de9183af3caf5c0ee3417670c388cf8150cd
prefix,2,95000,95500,552.045208,40060371,57b49dc6aa36ef54af89058feee27542be62dacc30138ca08642f146ea2e5506
prefix,2,95500,96000,548.264125,40270004,51d10c3a5b45ede6e843a9188b7badffad8cf7498fcd9e5efd1c1797b9928e3a
prefix,2,96000,96500,560.010125,40479638,00b9cbf0360d16c6cf2139ef561c5d695abf62653a8d36d023fe703ad699e75a
prefix,2,96500,97000,577.020708,40689271,42b21715fc3384d3e7b6bbf046152bbdad0b3ddcdc08eb3a08755399b5903406
prefix,2,97000,97500,570.123000,40898911,f145f67cf60fde0d9a95b0e7512d4f46c6236b37b38cd8b3369136e437915915
prefix,2,97500,98000,547.576833,41108544,e7c94c9482c53e9bcb1723892ed8e61b892e123d34e3ba7a74479e11c0015889
prefix,2,98000,98500,561.849209,41318181,257e4fe6c6ae7d0df50783f55ed936c66f42016d176e43770c9da88439e43a3a
prefix,2,98500,99000,555.596625,41527817,725df59d14a5606798540628ea6da936aa2571b6266ff4143d260b203e02aaae
prefix,2,99000,99500,552.717958,41737451,b809e6661de18c37e963cf4007d2e27e16e7850908d7912e61b4cb0e7011bf29
prefix,2,99500,100000,567.015750,41947090,da482c1cdcc091469bf99bef69c33cf05b6c4021195da4df7a4f5ea97172eef0
incremental,2,0,500,406.043417,210136,ae62669028e3c73f4361b1b84a9abdfbc5297ceaa2c6b0f9524aae50ff9b0743
incremental,2,500,500,0.566709,210130,e651609d490b9ddc6b4cf06c4738259acc735cb9f66bc434009104f311687871
incremental,2,1000,500,0.551333,210136,6417e7c8ae072fc1beee609e4520ee79a259dd2440ff1ed2b2289ef8c390914b
incremental,2,1500,500,0.535917,210132,73b3d5ccb597dda2ad7e3ee360564f3f71349f0b8f3d47d0f85cdbfebc2a7279
incremental,2,2000,500,0.557375,210136,9ac1a02386aefc54024d0d85939be30d3b349c9f388bd2cfd54d299bd8a20e7d
incremental,2,2500,500,0.572166,210137,00a6a2b5c74337f65d07eee45a69a7234c4c420bb4b29ac64486c5fb20f9a789
incremental,2,3000,500,0.557084,210133,9299f434ef480a10cd2e1d6655ab0a822112c4d0081eb02e8f38c914e018f322
incremental,2,3500,500,0.524750,210140,b3d092504bbe2a159dafe21dc316178d9a9e40ae7394402aa5227d9db880a58a
incremental,2,4000,500,0.510416,210133,2e627b5c356a8e5421782b860f863e9f09488a21fd20952cb666c994050d6307
incremental,2,4500,500,0.556292,210137,6227c79151ebe696b7c1dca0503bb0ac5487a55b61943d3cb3b8c9b10d22201c
incremental,2,5000,500,0.560250,210136,7992302158826abe4605bb6fcd7373d0cd8beff06143af70d317ade78dcc0433
incremental,2,5500,500,0.551750,210134,68d68ce3bfaf673aebb38b1b7ba45a6dc04b5358d5f8837550361462cfa5118f
incremental,2,6000,500,0.533250,210139,fdfe6225c712f4f903e2b593c94dbb3ea056151f09adfaff23026aeaa9fc480e
incremental,2,6500,500,0.554834,210133,161fc5beeabc2dcd94e6159bfe8adc47a0e874991ad5b6232fa298ec720df731
incremental,2,7000,500,0.513083,210138,8a02a2ef6ad675776c8beabd4a8ba8c51065727c4f062d5b2ef62072605eedb9
incremental,2,7500,500,0.541917,210135,1c33437a16eb0ec18c624f4c8846f98eb405c6c4bab52111ff81e17605efaf0f
incremental,2,8000,500,0.557541,210135,dfb2a0a8e7aa638142bd3498e2cd88325ef5558289ab902562b692a4c333dfa7
incremental,2,8500,500,0.556000,210138,8a010bf2570aa5a0512a70a4fd2e8e0639a961a32a9e5cc7d5bbd63262c66e71
incremental,2,9000,500,0.553625,210133,927058816426d525ccaf5325b1231667702b7f7cd311446db1995ff706c96073
incremental,2,9500,500,0.538500,210139,5a8110e731ed2a282114cda4899daf5e6198cae01dace82832436f6918276cd1
incremental,2,10000,500,0.564583,210134,2765494e2679d8366322ffba790a635c767f6b65ca5d1c36d6e4465fb3580be0
incremental,2,10500,500,0.532375,210136,06aac027fc183381cbdcc0d165f6e5e9593f4bbeca23efc3e31d13c2d578eec1
incremental,2,11000,500,0.542709,210137,c3d87b216c29defa42bcbc2929554d34c31b435a92e48f2734465273d0f311fb
incremental,2,11500,500,0.550958,210133,f54d3a627f72a06edbf9919d9b9e0cd59690d63ed2ce0688752aadba1dbdb6e9
incremental,2,12000,500,0.568041,210137,d55b52b2a91e10b3c35ce112619c7a1abee5d4b027a24210fd4e1a7fe9bcba08
incremental,2,12500,500,0.557292,210130,069708f3826e05e4375ec2988e28db18140a7e77bc13829f979de6566710c2f2
incremental,2,13000,500,0.520875,210134,862d371b63fb48c39b656f46293f603b15e8a1e51a6a310e5704d4ccdea5a172
incremental,2,13500,500,0.536292,210135,dee152cdcbaaa7a18fe178f7c199d44ded35eee9274c4d7fa2bba49d4c8b1000
incremental,2,14000,500,0.537750,210134,aa494651524866a3ceecae4d8f59e5c07b9b6d77910e9cf11d37b8fa4135b681
incremental,2,14500,500,0.538208,210139,37ce967f95a6d944c2a383be14186de45c2e3a02ed6478df8fadf7569476964b
incremental,2,15000,500,0.529334,210133,a55377b8211921d4858ad1dd4c9c96533e94d1b531b3de01e33c96a65dc0981c
incremental,2,15500,500,0.518125,210138,a673cd18e02c68566cd27133f713ce9c94ef99166718f18a0079b5142c228bce
incremental,2,16000,500,0.527000,210135,c91eab5ea34eccf28e55e282415a87e16cfeb10f920d8edad7306e6884ceaffc
incremental,2,16500,500,0.543666,210135,1d9ca914c89eb08205d8a854772b0f041967077c1de2661bb860854afb184d0c
incremental,2,17000,500,0.547709,210138,837d8ef383035f03a100effab3a8d9071a712c8ed90121192ee71355d37c4d90
incremental,2,17500,500,0.551125,210133,464578c0f0f866e8603730d76c8468af321c9991cc6f7edb6cdbff540901feff
incremental,2,18000,500,0.534584,210139,4b496eb73a3182406810fd7d0561260e03af7e04fd7b18f634c5bf4d30528e68
incremental,2,18500,500,0.530333,210134,5423993074f1b4a400eebb1ebef5ffc136d3f88e5d661183236ec193c96c3f4f
incremental,2,19000,500,0.520750,210136,f49f92c2c26bd4280d6527267e535a4a3a93b5d0d53b1bf7fa3308ed3ca125a9
incremental,2,19500,500,0.540708,210137,1431b2c84a9367b8ced894cbaa2c24d3ab7d040a1d7521972ea6c67c45a18f22
incremental,2,20000,500,0.538959,209634,1a08b34ed9bbd1d050150c7498cd202305ef3888e2c8d29e53e3fdb0320b1a53
incremental,2,20500,500,0.523291,209640,dde71584504df3dcc447b44562bffb31d7c2698c651bb7f9205e1b1475e3558d
incremental,2,21000,500,0.525292,209633,e9b394fcf2a3b61d35b723cebc39a24b8b88a22b9911c59484a749fb3cd0efae
incremental,2,21500,500,0.519833,209637,88fac21b1f847c14630480a6f7322e565b1d69709bc414dadc4bffb5b1fd26f2
incremental,2,22000,500,0.537208,209636,20edeb5a15bbabf0e9e617e034a79af3b4bff9733dff631db30e900288593f2d
incremental,2,22500,500,0.526500,209634,e3ac407b0043aa971eb4b89b4597a2188cd853ccaffb2219a945d4f66c404746
incremental,2,23000,500,0.529417,209639,11aa786e6356e60cbd4037f8116dd7a560f2b27ee65d96b28178ced9b6323ab5
incremental,2,23500,500,0.542458,209632,fdd6f3a189763190931cbb36629b7ef61be694fce24a3ea4ae0c260aaaf45879
incremental,2,24000,500,0.545375,209635,1cfeb87b56484d662094f4ec867a9e887395bb23c825aeb2199ff33d5dd5ae15
incremental,2,24500,500,0.535875,209632,c42f911dd7a5abea0877707df74d9b3f4c07c7036c6b375e8095e93adc9038a3
incremental,2,25000,500,0.542125,209632,c1b3c5c17dda51440a89ca7e9ea58b8b7fc3475efda231defc82ee9dff5e4e19
incremental,2,25500,500,0.516166,209638,08a5d72d35241dacfb6fcd94a1b6222b8927b3be05560aede418aaaf3f1981a7
incremental,2,26000,500,0.534000,209633,a619fdcba4fe875eeddad4de6d15ad95d036d8507f0e7ec194d81a9c974c13ee
incremental,2,26500,500,0.534458,209639,26e54b0d8f9d392d1c3984ceb8ef61b4a8a1af7adc9268bb15320c8ddf68ee4b
incremental,2,27000,500,0.537958,209634,37fc8a2f103f5940fedfcd0cebc0ed5821a3a45db4ddfc2fe8892a53d2e557a2
incremental,2,27500,500,0.534834,209636,14b74b759d2b4be555bcfeb132c58f222bb4104dae7a1fa3ebcfe9a1f093b503
incremental,2,28000,500,0.535917,209637,60299c19ec9dd0f37fce5d7a9648afa71be26c8b4157aa03f06a6818c8390ad6
incremental,2,28500,500,0.523125,209633,c81611c1ad832abfe8056c4482c4ae20c475bc28f623377c7eaae28584d9eb37
incremental,2,29000,500,0.527792,209640,b9eb2deef39bdd4552e2b07b652363185f21f582dac8e0abe76956f42e7b50f8
incremental,2,29500,500,0.525209,209633,5655a888b70b4d1ebcf96e89b75ad8c252106a766b13f68c0c1282974ada166a
incremental,2,30000,500,0.523667,209637,a84cb176de7fd880f2a3981b973b4fccc3d4c7a7f1d6358c2db28b73daa2614c
incremental,2,30500,500,0.526708,209636,0e66aed9e72ff7bfae408600c83c586ff6dd603dfa18f6ae63a3cd6afa35fd18
incremental,2,31000,500,0.527917,209634,3a3c7e9b2533aa9d82742a62e93498de07ae6632dd45ea47a9d3843195a89dd9
incremental,2,31500,500,0.529708,209639,f168edfec2df7b1b8a90ed4d8cc2087750da9ea67e8122d39c22d0ae91a17f00
incremental,2,32000,500,0.529250,209633,58241a5cd81f62fe6231725f00cf1c1cfeba4e683031f3b3e7d1968780e0a5ed
incremental,2,32500,500,0.508083,209638,9bd5d6ec5773160adf1d1e06f11ac3d089abf29143c377041931549f9009f30b
incremental,2,33000,500,0.521833,209635,ee7d51dceaa2aa8ac3b0bd3ebdd0ee33eea8563d73d8087b74cd68bd190cfaac
incremental,2,33500,500,0.528000,209635,19d4fc67366f97f4f1b00f5860bbd9824b7263847b7a467c9e8283cb0875352a
incremental,2,34000,500,0.527458,209638,9b578898b16d7da09de6035e3eb9b2776cea062075c90ba2512f5dbdc765e682
incremental,2,34500,500,0.530959,209633,6e423d295eb8a1c575062a58e3b1b5f6b248f07f047eee5fa1b52e6de4c19d88
incremental,2,35000,500,0.525500,209639,c7165cc13940c2cac8022baa6af3aea7eb4efd61fa46c71b2f0efc5ce44d583b
incremental,2,35500,500,0.529917,209632,82869bac01ab2287f60392622a4267668a6c246e0ffd97b67ca1210d06eaf67e
incremental,2,36000,500,0.533708,209633,3bf1a4dafab8764d5dbb901a55096bcfd2707c0f47f2592d7a60d75ce86da32b
incremental,2,36500,500,0.531708,209634,99db37926ca3bf6301ee1fbd15f946d5ea5873e6117205b8c6d9cb382cdb528d
incremental,2,37000,500,0.531375,209631,096850b58bee359aa61f9731d73624f589755b18630a61dd0df034f38bb984db
incremental,2,37500,500,0.533125,209640,fe2f8277a01a95b266bcb4d9a9b0837a5f6e6fbeb3b9c737faa59922dd551fc6
incremental,2,38000,500,0.536750,209633,671acd1a9be92150445c80b03d2b3514af1233a317cc8c1ea8264986fb7ab66c
incremental,2,38500,500,0.532458,209637,5f13c8419f567b09238d8135cc5b2015509d456c63c96a61bfac5df3ea276e42
incremental,2,39000,500,0.531750,209636,14ed263e476b118109afcc726b3becb612574f157b653fb19048d683480f5618
incremental,2,39500,500,0.530708,209634,509c225594a41969d06d61085ed45f37654a398c2cd830085b2c086e36b486d0
incremental,2,40000,500,0.527667,209639,243af97f27a633777f8a5fedbc3ecca370df67d7560fb61f416ce884c39af39f
incremental,2,40500,500,0.531917,209633,64a43c7f8e1606610726a134ed48d31d773639b815ff015a5ec8d071bf22dded
incremental,2,41000,500,0.528500,209638,a6696a5cd3a23d2dbb2f6702506d82edfaa45d6af3efeaa757eb247a55fe3f6e
incremental,2,41500,500,0.527625,209635,77efe8e3d8405bc53ba46059846e8f80b8a8cf34af8ad15c538007cb66c0d84f
incremental,2,42000,500,0.522750,209635,7eaea122faa229b70864b2bab620b517eb68a300b4d0bf6f9f9868b88f83caf1
incremental,2,42500,500,0.500666,209638,faf269dbd1f4944ae0125aff6a73252c9af3251edd27f8e5e8be946801b0bdcd
incremental,2,43000,500,0.538000,209633,98598cf0527c76c725c72f6a8ed0983dd523e272efe75da80e2e18427bfc1c60
incremental,2,43500,500,0.538375,209639,63347e8aaea68ca43e78ae86a5ca5cda207fe157ac89bb6fd8250c4129df2f70
incremental,2,44000,500,0.534000,209634,842ddb6487e8c8b5725bf1315f13c4c72e6dbe4343ab2e149edc24189c16a9df
incremental,2,44500,500,0.558667,209636,0d332db61773ea7b5187c5dc16138a362b457b4e0a1e8894574f67e6c930f4fb
incremental,2,45000,500,0.528042,209637,0a9502ac03258c2a60b4f07f50147277d2db5c0e7ab49b5ef201927a5d68ba6f
incremental,2,45500,500,0.535917,209633,8bc846162f9c35bce0e913695e0cb4946bf23da52cdb49ea89fc18cd99373b34
incremental,2,46000,500,0.521208,209640,6116417de6c5016a94c16229f6a4253eadb284eba9757c1673c57558bdbf2495
incremental,2,46500,500,0.535541,209633,3f02761a05b43a996615d980213d302219e24cf888188a395b3c2880d7051749
incremental,2,47000,500,0.538500,209637,ce4f20106c679fe71ff532295ec4b1f6e674557eda9b868669e305d423a9a5b2
incremental,2,47500,500,0.533500,209633,5568e14cfb3bd987c71487347d09303bb43174c3db694ee019289f06df2d131e
incremental,2,48000,500,0.524708,209631,f78e89e617fe05cff40f85ed6ed447d7fecb6562abf67f7cc015aea462b6822f
incremental,2,48500,500,0.517917,209636,99c21ffb7c33694256c4594442546c2888dab61519cfe76575cdf23fe012bb19
incremental,2,49000,500,0.535500,209632,59e420c10f97d86cce12e715991611bdcb499743452cf96725716b195e9c2def
incremental,2,49500,500,0.543375,209638,4dc66aeb3b2195b6e47530fa1f559272429181df28b1a832996041fe67ed2fae
incremental,2,50000,500,0.540125,209635,af904fb27df2319d4eed2a3b4e8cf9c61aa02e0a8fc5d58325b7bc5ab62659da
incremental,2,50500,500,0.538708,209635,a48cf5dbd0d4fac582af377a69464661d569ad9fe01b854b4452b10c6d2da116
incremental,2,51000,500,0.536750,209638,d76a78a20e0654748431204316ad6352a2f2b3480a510930ef7dbac3ae8220f5
incremental,2,51500,500,0.538208,209633,8de489a83237aaa36cd88ef063c4de1d3db328bca8659d08839e0f6dc9ffef24
incremental,2,52000,500,0.540917,209639,1cb8209dedae794bd9ca4806b3b3c41ab0d862dc80dc32fc5a30fe887a439ee9
incremental,2,52500,500,0.537959,209634,234d358f6fa46c274e1be1f21352e06b47b880cefea0e9250139cf1c1fea0560
incremental,2,53000,500,0.530292,209636,87e95f6306e89fb2cabe7847bd9f2c7eca323c822375f3d4b8669d3416e833a6
incremental,2,53500,500,0.534041,209637,96852f442dadc30195687f58c06f78ae2c977195184378f8b70f490f98e7a857
incremental,2,54000,500,0.530709,209633,f714596ecdfaa4b15f939b2a8b54d2665aaef93b81ddd573ef97a40292aed6fc
incremental,2,54500,500,0.537958,209640,e3c5d88f0bd1eae4d4d3fbde9886f6d5e088b2c4f1ef437543a76530cc97f83e
incremental,2,55000,500,0.530958,209633,26e8450e9f1fbb13335285bce149029d5a471610733fa1b643961343d2d2b991
incremental,2,55500,500,0.529625,209637,667390768d6a311c2a808ac31285c52374f751d1c8c46d8ae2dff6a24c4a00d8
incremental,2,56000,500,0.525833,209636,c6761ddb2c1842e496a201676cd5554c9b82d0244f667c7b804c18bd58a9b8df
incremental,2,56500,500,0.529167,209634,d4c70a59e52e7c0374a22157c21500926f10ebcba39e756cf8f31d66c9dde520
incremental,2,57000,500,0.524000,209639,20fa64397939e1f2988a75e838428f1abd07be745cca0a57defa37aa4474b4b4
incremental,2,57500,500,0.531250,209633,09b0043b4840893add5e20ad54eb34b79de50a494b06bb6b326e2f45f0aebfd5
incremental,2,58000,500,0.532000,209638,252b30a8f9ca21069312f102667c07cebca7e898537878009b496b203d028af9
incremental,2,58500,500,0.530375,209635,13c2f53adb01e61446cae15890ed40690422452ec802dd4ac4b2654f5c9c516d
incremental,2,59000,500,0.521917,209634,019ea3bc4338221f269ba91108d6e2f64418b09dcd9ff85d0bd57f1acfa632be
incremental,2,59500,500,0.526916,209635,7aa89aab579ac19e2288edd344fd014d8030322c214e8a3a3ec7983c4ff44899
incremental,2,60000,500,0.525167,209630,6f57aa546bfb291bbd9166b8addc302c3ab300f0f450920062cc0015a88d7590
incremental,2,60500,500,0.505666,209636,ac411cb1229e271e05e492745fa0b30a17adf13e514bec7d4c79d7a2a65d6fb1
incremental,2,61000,500,0.520917,209634,ddf921937e85a0db5551b492f29c93a99b8ce299be2fea78723d315ca8ea1372
incremental,2,61500,500,0.540958,209636,dd0f27dbbb3937020832436c475a510097f7914fd1b02ced7142ee3ee404544d
incremental,2,62000,500,0.530084,209637,89764c6d3ac6087d2164f3bb154ce1e27ace556bf174cc220433c687b9721230
incremental,2,62500,500,0.520459,209633,1d5b9ad4f3cda03e10c072780e120a167be4de6b235c73d0c19c4d56fa446784
incremental,2,63000,500,0.530083,209640,762190c19d759951dd66d4ab8c9bca16813a9020cf15d9e63b656ca532e11052
incremental,2,63500,500,0.533459,209633,fd1b51697647eefcd8becc75f49fb95ae2fea7e205ab5ebdf0536c52a53a07cd
incremental,2,64000,500,0.535875,209637,36853d7864440dba3d14516d74696b84b00ec44270c898a8ecfa19bec277b423
incremental,2,64500,500,0.527375,209636,e4c25c01352bda597b1fba5a26efdd7c9f1f3555eb91c4af3d0ca3a3ed28a0a7
incremental,2,65000,500,0.530958,209634,de1100589f9bd8f3d42b641ba55e6a1c56eed974d151a257832f262b4be1f345
incremental,2,65500,500,0.531208,209639,56588d0846643e4f4bb407de130bcbd8e57479f4d1f31fc2599a20e220ca6eb6
incremental,2,66000,500,0.529916,209633,92efdeab4a581d705d4f93485dc09aef72b7a10ebfb72c437b8e6df1f57a38a0
incremental,2,66500,500,0.530708,209638,9d060386b135165a9cccc6f9d6aa24524e44631bf3e7da77d2a8780107d6d0ce
incremental,2,67000,500,0.527459,209635,b210404cbf3a8e1b00253eff00da3748e16bf477e40c25fdfd95ef8a9c3f4fbd
incremental,2,67500,500,0.524334,209635,2800cb99f576d0d5db7288e31b9b173d819a9824355fd0b80c5f95cabcabb10e
incremental,2,68000,500,0.529500,209638,42900f68b0f7b51c107ceb85420ce35b959295bd77c5c4dc94030fa1d696f08e
incremental,2,68500,500,0.533042,209633,349397c996a6233e5cc06bf83c680069afb8c2dcf75cae9e1506c73e0ed971c1
incremental,2,69000,500,0.527000,209639,f1669531b4ed1d5702f0e37e0522c986e0b12011f678b9e172d4b09c3cb6227f
incremental,2,69500,500,0.532500,209634,3c097254d8fbb466c1fc626772d44e79c5c27298f30de94318239b04827b41c8
incremental,2,70000,500,0.532917,209636,28ef373a604386c585716390ebd8c97dfee97af62fe9afe142f9a36f318dcd83
incremental,2,70500,500,0.541584,209637,6e4d46ce62dc948e1af5c29446c0d3ce8c9d401e327a17ee0cb0fd56e01c59b7
incremental,2,71000,500,0.531083,209631,ef28545411c127fda9828059905102cf879365bee9d437321534dfbf5064a1b5
incremental,2,71500,500,0.520000,209637,5427289253e1869a96ff5d7cf62bc5742896d265b4c7863c9888c716a98e10e6
incremental,2,72000,500,0.517500,209630,2eb93e58a0146c9bb2c9c00d9ad3af62575a86b54dac7ac751661b69cc074fd8
incremental,2,72500,500,0.538542,209635,2f8c56baf0f370ef08ec9c6a70bd9e3111c94cf9780f577138931f14c0b9bbf9
incremental,2,73000,500,0.532000,209636,40215609f7df20d88e915e2eecfa26397aede6e68833a4514fb5ae458b8b797a
incremental,2,73500,500,0.529625,209634,c52a565d1a3af778eba6a3e7f3e010ce9d08b1e0c5a7238f9f12427c8d60b576
incremental,2,74000,500,0.529625,209639,c60562f534bc7a8b2f44fbecba7dca4280b5a7fc6cc9f8c71d9ac04c536b2d04
incremental,2,74500,500,0.502459,209633,ef337168f4e1f38c6da9a08883bb170b300a100f451c377885713b0e1b8dcd46
incremental,2,75000,500,0.505375,209638,b34f185cf12561b05f975219500f94f7ce4d49fc10f125d592577f302632d2ef
incremental,2,75500,500,0.536375,209635,f8de30eb2cbd07d1a627f4fd66340cd23afe0f514fa1f84bff14ec94e73786f3
incremental,2,76000,500,0.532708,209635,5cf320844d846d9be37f923a1656c7f87395b729d440061888795c4c740541fa
incremental,2,76500,500,0.521208,209638,c8893166f17307b6139c010d32f129191971fa8edc4591b922ddc98f7b7b5944
incremental,2,77000,500,0.537500,209633,4a9480bef14ed4cd291e10b2a2f97376b889e78b0b50834929bda6f6ae33ba05
incremental,2,77500,500,0.566542,209639,25deb03d04571b6fc100b8eeb1f06084eba7e7666c7bb98e43474bc3b01cc3db
incremental,2,78000,500,0.568500,209634,12c8639446132dadf41caf0312d12de01826021dc9cb0d35c4ded7e6678fea95
incremental,2,78500,500,0.511875,209636,ee0346545dfad10294d270957e1ea555d695244ad0fdbbe9185135ed2d51b878
incremental,2,79000,500,0.523292,209637,570852de30412f9ff284f8d0c45d4e247b505406725e80f173bccbce84281e2a
incremental,2,79500,500,0.536042,209633,2dee584972b00d397b3a0b1de27a2421d08165f30a0860b568ac82a95a21294c
incremental,2,80000,500,0.559125,209640,1efac23511f0f6c2396cbc4c6ae206afcb0e5c4a42f8a8a2152059e7ac8a7ec2
incremental,2,80500,500,0.561000,209633,b12f5d36213f0884c5be76106d31f318ef8bb850a940cd1882ce025547561d2d
incremental,2,81000,500,0.583125,209637,ebdb9cb18aa0bd1b3af324cef21a34291bfb73f251a59e20e0ae1a0d83f52a43
incremental,2,81500,500,0.556583,209636,d699058d188b3acb7c1659a625e1c243c708802b20ca6f5e4f154e91417a82dd
incremental,2,82000,500,0.567667,209634,1d2011b784a52ebffbb7951a6fbf3ea4da83408df02be91a4dbbf8a6529b3a9d
incremental,2,82500,500,0.549458,209639,6dd0220b044b9e9338ec270c292c6fb19b6861d43b375e6e0ee99ad41de5aa9e
incremental,2,83000,500,0.544208,209630,1f0bb52d34e8bb8862be6a74d96796ab45a25cef04f33a1fd56e2be63b64cb40
incremental,2,83500,500,0.533792,209635,2a61e774b1b919de3dc2064907ff336b1dcf39d1a0f2b817f86518fdc25e6fcf
incremental,2,84000,500,0.527291,209632,0835ae1a5ce90d8f57a69792e171fa60d7786076108fff2a88e6881d1748e749
incremental,2,84500,500,0.529583,209634,9bb03245860f7cdb85bd1928617a97cd726a3752e2dab5b4806dbc8097bce102
incremental,2,85000,500,0.518584,209638,51253ff4c2c5d9345988a2b0116036a8e51931ef7fa1a186a092d43ccaf90dfa
incremental,2,85500,500,0.482500,209633,386323703dac0c89e4a01aa695519867c87144842f3428dca9c748ee58695315
incremental,2,86000,500,0.490500,209639,c82212e96cc4e30ead4a2b13288c0523d4e57d16dc41de5e9959075a9dc31420
incremental,2,86500,500,0.477041,209634,24019eb407a15fcae4511fe87bd2b890b70b8dbe0a7f47ba17fbd9d1f432e5e1
incremental,2,87000,500,0.583583,209636,2b59fa12ff9db2867b731e2c20e30b66d50f6c2e5d7ff0c0db9af9af0ccd912a
incremental,2,87500,500,0.484334,209637,ec391fa282bb29849c79a84b7b3137b8d9a95f58e91f207cd5fa013e09ae5c3c
incremental,2,88000,500,0.499875,209633,aecc258f792972288414bed7115a8a42daa74487895bc048a6867738ee9df7cf
incremental,2,88500,500,0.472125,209640,a6788d6809cb2d279a98804ee0009d3df138a9a559c9d4c0a8a8cfca31d02afe
incremental,2,89000,500,0.481083,209633,963f5553dad2fd9d45eafb4dedfd879f42a199906d0b326bd3c3e8ecb7c3592c
incremental,2,89500,500,0.503042,209637,abc2cb568e9921361e73b7a935e85788534d2875593a69dc8176ea6c68900761
incremental,2,90000,500,0.478666,209636,968521a4db6d234933c2663f6c413ecf63bc3dc7b41486cccd9681423ab94287
incremental,2,90500,500,0.476792,209634,86d8e52bf31c076886d6c3e4a6720ed806605d0693884106bb49929072994ff9
incremental,2,91000,500,0.471834,209639,daa1c6126751d07796590a88c16901806f99dc48c8d374626e06c670d930e237
incremental,2,91500,500,0.484167,209633,a0560dc41c88072ec4cdad2d1024fe512a20dd73a3a7272c95785170e7d7aefb
incremental,2,92000,500,0.478375,209638,3ed103eb35cdc207a978249abeaabcf6d7fe7ef2791c84dd11673f3f5fbb7f6d
incremental,2,92500,500,0.541334,209635,d18a5797144c8b385659dc9c2fc1926b2b2cb40d1f4d16c07b7acd221603f70d
incremental,2,93000,500,0.483542,209635,0a1b766e4c56f71f2e984bfae577778e683a193f3a237466d73ec8c0ced6b739
incremental,2,93500,500,0.503458,209638,5c4dc73b88a0fb1ee177c19ff9ff1a4cacbaf4832b12750b4f28eab5fc2a4d2f
incremental,2,94000,500,0.496875,209633,6b334999be9a3e505dca7d1a8fced8464e6f53c344d901805e841af298820f61
incremental,2,94500,500,0.471292,209638,aecd453c0103e5493af9066db3f1de9183af3caf5c0ee3417670c388cf8150cd
incremental,2,95000,500,0.475375,209631,57b49dc6aa36ef54af89058feee27542be62dacc30138ca08642f146ea2e5506
incremental,2,95500,500,0.467750,209633,51d10c3a5b45ede6e843a9188b7badffad8cf7498fcd9e5efd1c1797b9928e3a
incremental,2,96000,500,0.475709,209634,00b9cbf0360d16c6cf2139ef561c5d695abf62653a8d36d023fe703ad699e75a
incremental,2,96500,500,0.481291,209633,42b21715fc3384d3e7b6bbf046152bbdad0b3ddcdc08eb3a08755399b5903406
incremental,2,97000,500,0.520458,209640,f145f67cf60fde0d9a95b0e7512d4f46c6236b37b38cd8b3369136e437915915
incremental,2,97500,500,0.467917,209633,e7c94c9482c53e9bcb1723892ed8e61b892e123d34e3ba7a74479e11c0015889
incremental,2,98000,500,0.469833,209637,257e4fe6c6ae7d0df50783f55ed936c66f42016d176e43770c9da88439e43a3a
incremental,2,98500,500,0.524333,209636,725df59d14a5606798540628ea6da936aa2571b6266ff4143d260b203e02aaae
incremental,2,99000,500,0.533500,209634,b809e6661de18c37e963cf4007d2e27e16e7850908d7912e61b4cb0e7011bf29
incremental,2,99500,500,0.532250,209639,da482c1cdcc091469bf99bef69c33cf05b6c4021195da4df7a4f5ea97172eef0
cancel,0,0,0,7.680709,0,cancelled
cancel,1,0,0,7.619750,0,cancelled
cancel,2,0,0,7.652250,0,cancelled
cancel,3,0,0,7.701667,0,cancelled
cancel,4,0,0,7.081833,0,cancelled
cancel,5,0,0,7.667625,0,cancelled
cancel,6,0,0,7.656791,0,cancelled
cancel,7,0,0,7.657458,0,cancelled
cancel,8,0,0,7.646792,0,cancelled
cancel,9,0,0,7.651750,0,cancelled
cancel,10,0,0,7.714333,0,cancelled
cancel,11,0,0,7.635916,0,cancelled
cancel,12,0,0,7.710250,0,cancelled
cancel,13,0,0,7.650167,0,cancelled
cancel,14,0,0,7.641417,0,cancelled
cancel,15,0,0,7.752958,0,cancelled
cancel,16,0,0,7.640875,0,cancelled
cancel,17,0,0,7.680541,0,cancelled
cancel,18,0,0,7.659875,0,cancelled
cancel,19,0,0,7.682042,0,cancelled
selection,0,0,1,21.764917 ,0,fdc34560a47c0f6120f2928754d3352c37c9eebc
selection,1,0,1,11.281375 ,0,cfe34ce98b7a08fc2d24ab5fa0c2aa22a44781d7
selection,2,0,1,9.780708 ,0,a2211d7faf52625caf79c1e3f02e708ab6b7e409
selection,3,0,1,11.291958 ,0,ecaed5bbf6cbd357fa3ea411e3d6674e6be8e080
selection,4,0,1,11.260708 ,0,fb925662363399217a01d8db4f5cc8f3f3189eab
selection,5,0,1,11.289375000000001 ,0,386db21d896481e8b2b671612627381fc6d95870
selection,6,0,1,11.578875 ,0,8b9bb04b25926944a3e020c3f44c889d9c40f88a
selection,7,0,1,11.232916000000001 ,0,7d33cc410a34f14342efe81747219322b42b4a36
selection,8,0,1,11.3045 ,0,069e1c3a11c69bde2d974214bf4cab39ba3e7e8f
selection,9,0,1,9.807500000000001 ,0,38e7c7ba82ac7d03bc815a417f1bc085b407a463
selection,10,0,1,11.234416000000001 ,0,bd73b1e420b443d5dd55adc67c22fe5513fb02df
selection,11,0,1,9.719333 ,0,04832f8fe1f30a34383f01ec9d7ad098b6a0bc24
selection,12,0,1,11.231 ,0,56ac494f91ae555eb208fc632f46557f017a7d5f
selection,13,0,1,11.352583 ,0,8c3ac24967660b31db42ca633feb668e841a3af8
selection,14,0,1,11.526458 ,0,bf3030ce22ab90be3afa7da4555026ccb9745e93
selection,15,0,1,9.7195 ,0,59ea8135acb25ada0d5996fe673ce6f3f40d4109
selection,16,0,1,9.745292 ,0,2ec2fa44763e47d7885f8d4402dc2ad050bc56ca
selection,17,0,1,9.714667 ,0,9e648e9e435478e0d57eb06e7874f722bc500f4b
selection,18,0,1,11.338833 ,0,7a060f7a9613cade53be66b28853eeb882cb762a
selection,19,0,1,11.294625000000002 ,0,d56cf3fd3b77fdacb5f9994ab4f90184a9303ce9
selection,20,0,1,11.271208 ,0,6a88485f46bd2e21bfe014213bb99af1bb9e5ec0
selection,21,0,1,11.4005 ,0,22153ecb4c5acacd1f62f51ec24a372318deaade
selection,22,0,1,11.234667 ,0,8757be0174c4b1c5dadd5ad3b4d388861b1d566d
selection,23,0,1,11.319125 ,0,00121dbf5813393f62802a627e5d78fa4880a0ae
selection,24,0,1,11.347249999999999 ,0,9bd60059f7ad65a6be22dc6a04c6d848b1db1d35
selection,25,0,1,11.251458000000001 ,0,cd4110346b83812484c872c18d061d081a37b6b9
selection,26,0,1,9.714792 ,0,f88d63b74442d7eda7d990d9a663cb566da9029f
selection,27,0,1,9.7065 ,0,a65700b9605a327aca1dde3d229540e351962b16
selection,28,0,1,9.419916 ,0,19e7ca2e8e6458a40eba7c81f03955d77d567e2b
selection,29,0,1,9.716084 ,0,f5bef02c1103a47aa50e26bb07055fdbb7768d47
selection,30,0,1,9.666084 ,0,132a242f9e7fe043bd6c85f1e5fcd9d48f5a0354
selection,31,0,1,9.703875 ,0,cabf9d034cda44ecf5304663e59027f424061e3e
selection,32,0,1,9.668916 ,0,2a1ed9bd8416634f8c7224b3a5b86c14294ffa94
selection,33,0,1,9.668583 ,0,f8a301edceeffa7249e6d925ac3bda47b5379ab2
selection,34,0,1,9.740458 ,0,12d04c0f7630a566225b7bc7e00a4f64b875a913
selection,35,0,1,9.662917 ,0,d0b84aea6f8ecdb58a36f78195a2a91bbeee7148
selection,36,0,1,9.779459000000001 ,0,2492dc0306e5b45ec4f82abdbfab189c793c5fc6
selection,37,0,1,9.717125 ,0,5c1b47f5ccd2707713b7d2af5df9186111515f99
selection,38,0,1,9.717792 ,0,96c35e6011be1b2d8f8b11d63c2ae75e9d6479bc
selection,39,0,1,10.705459000000001 ,0,e0f786b744350c07ac439597060f97a7de74cc10
