mode,sample,offset,rows,elapsed_ms,retained_metadata_bytes,fingerprint
prefix,0,0,500,533.176250,210136,d4e14b1d8ed4e7d8ee73fc2b3c884b256abce40afe03942a90a3df26fdbbac1d
prefix,0,500,1000,527.782917,420266,4b1bb48ea4d158574e5e03fa763dadec1ab99e397be347b0f6ad0dc2083b117f
prefix,0,1000,1500,530.040084,630402,e45e6848c41244392933af5c5d31bcd5842697875f75ee067f467ef30f7eac6c
prefix,0,1500,2000,536.512375,840534,ed3288fad6b931493667e1005a66729bc59533774b7cbc533b243adaa721e2b9
prefix,0,2000,2500,644.894750,1050670,0155b54d5d1bf3d22f98a03762885b884d31ffa1b476bba7475af823a55dff23
prefix,0,2500,3000,541.558459,1260807,275453b5cd8d085ed69fea2f1b235655d603edbec66b5df33ad2758790154732
prefix,0,3000,3500,537.933625,1470940,c701bdefdda24981b3e595820df1b74bacb4714822e9f37afb64efe5d14b2e8b
prefix,0,3500,4000,535.914333,1681080,dbbb7d063c38d1f6e217e573f49a0022cc4256fc2ea0b10209d113fe1db99b7b
prefix,0,4000,4500,540.737167,1891213,55a426835ccda0c708c6e07b91fe15126e48f2dda06f425bb14543248a781d67
prefix,0,4500,5000,582.399250,2101350,06abb1ec7826656fddc79d4652b0c7743736231896a5a2c025ef65a6f94cae34
prefix,0,5000,5500,549.547459,2311486,272c36e29f68f588fb3b27246e496d91cc331fcd3e5c878b85b05dfa98b6ace5
prefix,0,5500,6000,563.922000,2521620,8db3e8577a3cc6d6240abfa2f849745a1e773f152a1271d345f0fe16bd255b8a
prefix,0,6000,6500,541.586958,2731759,8df35d334564270e2c7f2120580cd7e7be1d4d7bd903efb1e103a41e9876deff
prefix,0,6500,7000,536.902209,2941892,096232c0673c8f44a843dc50283f82ce2f1f1b83af92f8a184386ddd84dae119
prefix,0,7000,7500,550.349459,3152030,dc3a8cdf1e2705c351f44b0efe2ae237368b912f3b23bce0fac94e13600b2823
prefix,0,7500,8000,543.600791,3362165,9838f7a0c4564f148b90f9afda02d8ab7eb634388c1865fa9e4babea1b5b8f6d
prefix,0,8000,8500,535.987375,3572300,e44b994dc417da3bd06235a486e9e9d43d000313cab4e22f2efe4c59b153ce8c
prefix,0,8500,9000,543.116542,3782438,f009468644b24a1fb4cd190fa97c1ed26200e096225266c57e1e033bf434dcd5
prefix,0,9000,9500,569.316708,3992571,877f4f1a84262c9eef376e56687254fc53fe134a270ec981c7a1d1e869c0a024
prefix,0,9500,10000,582.871459,4202710,7fcd77f6c2fb1399ac4e4edc85ab1169b39b4a44a0c8a7337cbec209036736b4
prefix,0,10000,10500,550.393000,4412844,7ff987e5e86cc30c58310b12a7fdfe445ee5ee279a9064140e9d5c3fa00af2da
prefix,0,10500,11000,547.399583,4622980,0037c8c215b858d5946e24d7f92073867714f84f22b0b1161bc1b5b127470f79
prefix,0,11000,11500,551.600334,4833117,66f2839d2b71d33c174a9f95de7f0b2014b041e8f2c70db9223090e42659a703
prefix,0,11500,12000,548.264500,5043250,6c5b30010d2d1944c9f1ba1ea50513d1848b8a0de85d6b61d467d3998c74b18d
prefix,0,12000,12500,547.774208,5253387,ce4067c7eb1e095bd83db812106b750acaf2f6143fae8b6e8bfa1494f33d026c
prefix,0,12500,13000,545.871167,5463517,487c81d8cb33694209f5aae3376e35d5eb8f71d58f36b0f4f45aa2057d64cc6c
prefix,0,13000,13500,568.911333,5673651,a4ac545c555673816ef8f084669ca0b52938950b4460b28ffde091531796fc52
prefix,0,13500,14000,553.876625,5883786,6049b62e647ce20f5e9b5b1555b4eff26a0bcc583f1f42b52fdb81bb11502d31
prefix,0,14000,14500,546.371958,6093920,ae6f3e638a8f56d42f8d4692e407ecc7cb887eaeeb9e4f2b8ce4655422ae09b7
prefix,0,14500,15000,551.456708,6304059,26753358685cb0725a7e80c4205618256e7328c446275e1c4f370381761155fc
prefix,0,15000,15500,553.117209,6514192,436277cfe1ee0a086d74bc60c8b6450ab8928a3ac017f99ce85f683312587dc8
prefix,0,15500,16000,555.549792,6724330,df298c3d44b2e5364576d76166bc490acba034f3b5e142df91dd5b06946fc119
prefix,0,16000,16500,570.664334,6934465,63c6d10dae28a800110ec216c908642ac194522ae9b0e0cb8a258988ce6a56dd
prefix,0,16500,17000,594.726000,7144600,f0d0af008ff4b53fc3142cbcf9e306f0a8d5b50fa4d491455d45708b4fd78c76
prefix,0,17000,17500,556.621584,7354738,627f551449f69c67a2fd3ac321499699ff8913b87bd897ee25fcfd84f21a2bac
prefix,0,17500,18000,554.922208,7564871,02f7910bd3c0ab3e1b1954310b1b1ba962abc19ae5930e5e5582590561847540
prefix,0,18000,18500,556.712750,7775010,e9738d22241c9b49568e8358a05feda416a26f8a1b10dcee908c0a6d5f61189e
prefix,0,18500,19000,556.941708,7985144,bcfe9c111b11c2770aa10b17f4f4380379864570016fe9d3a76a24cc879feb73
prefix,0,19000,19500,561.612833,8195280,04fa3159f1822a6ee25e065294645d7ba5bc33bcae0c10f88d7dcc6e1c271382
prefix,0,19500,20000,555.878666,8405417,fc32d7d7cce353388a76a6a86c23fe4246dcb92455731c32cc21ba119e959120
prefix,0,20000,20500,566.374000,8615051,1a08b34ed9bbd1d050150c7498cd202305ef3888e2c8d29e53e3fdb0320b1a53
prefix,0,20500,21000,567.150959,8824691,dde71584504df3dcc447b44562bffb31d7c2698c651bb7f9205e1b1475e3558d
prefix,0,21000,21500,562.372958,9034324,e9b394fcf2a3b61d35b723cebc39a24b8b88a22b9911c59484a749fb3cd0efae
prefix,0,21500,22000,557.660834,9243961,88fac21b1f847c14630480a6f7322e565b1d69709bc414dadc4bffb5b1fd26f2
prefix,0,22000,22500,563.075584,9453597,20edeb5a15bbabf0e9e617e034a79af3b4bff9733dff631db30e900288593f2d
prefix,0,22500,23000,567.648584,9663231,e3ac407b0043aa971eb4b89b4597a2188cd853ccaffb2219a945d4f66c404746
prefix,0,23000,23500,581.433083,9872870,11aa786e6356e60cbd4037f8116dd7a560f2b27ee65d96b28178ced9b6323ab5
prefix,0,23500,24000,613.867916,10082502,fdd6f3a189763190931cbb36629b7ef61be694fce24a3ea4ae0c260aaaf45879
prefix,0,24000,24500,570.435750,10292137,1cfeb87b56484d662094f4ec867a9e887395bb23c825aeb2199ff33d5dd5ae15
prefix,0,24500,25000,572.499125,10501769,c42f911dd7a5abea0877707df74d9b3f4c07c7036c6b375e8095e93adc9038a3
prefix,0,25000,25500,567.664833,10711401,c1b3c5c17dda51440a89ca7e9ea58b8b7fc3475efda231defc82ee9dff5e4e19
prefix,0,25500,26000,565.296792,10921039,08a5d72d35241dacfb6fcd94a1b6222b8927b3be05560aede418aaaf3f1981a7
prefix,0,26000,26500,579.415917,11130672,a619fdcba4fe875eeddad4de6d15ad95d036d8507f0e7ec194d81a9c974c13ee
prefix,0,26500,27000,566.924000,11340311,26e54b0d8f9d392d1c3984ceb8ef61b4a8a1af7adc9268bb15320c8ddf68ee4b
prefix,0,27000,27500,576.450250,11549945,37fc8a2f103f5940fedfcd0cebc0ed5821a3a45db4ddfc2fe8892a53d2e557a2
prefix,0,27500,28000,579.547583,11759581,14b74b759d2b4be555bcfeb132c58f222bb4104dae7a1fa3ebcfe9a1f093b503
prefix,0,28000,28500,578.639958,11969218,60299c19ec9dd0f37fce5d7a9648afa71be26c8b4157aa03f06a6818c8390ad6
prefix,0,28500,29000,574.470916,12178851,c81611c1ad832abfe8056c4482c4ae20c475bc28f623377c7eaae28584d9eb37
prefix,0,29000,29500,574.351375,12388491,b9eb2deef39bdd4552e2b07b652363185f21f582dac8e0abe76956f42e7b50f8
prefix,0,29500,30000,577.226584,12598124,5655a888b70b4d1ebcf96e89b75ad8c252106a766b13f68c0c1282974ada166a
prefix,0,30000,30500,583.764375,12807761,a84cb176de7fd880f2a3981b973b4fccc3d4c7a7f1d6358c2db28b73daa2614c
prefix,0,30500,31000,618.627125,13017397,0e66aed9e72ff7bfae408600c83c586ff6dd603dfa18f6ae63a3cd6afa35fd18
prefix,0,31000,31500,585.310792,13227031,3a3c7e9b2533aa9d82742a62e93498de07ae6632dd45ea47a9d3843195a89dd9
prefix,0,31500,32000,595.238833,13436670,f168edfec2df7b1b8a90ed4d8cc2087750da9ea67e8122d39c22d0ae91a17f00
prefix,0,32000,32500,597.491875,13646303,58241a5cd81f62fe6231725f00cf1c1cfeba4e683031f3b3e7d1968780e0a5ed
prefix,0,32500,33000,587.367167,13855941,9bd5d6ec5773160adf1d1e06f11ac3d089abf29143c377041931549f9009f30b
prefix,0,33000,33500,588.501750,14065576,ee7d51dceaa2aa8ac3b0bd3ebdd0ee33eea8563d73d8087b74cd68bd190cfaac
prefix,0,33500,34000,588.437792,14275211,19d4fc67366f97f4f1b00f5860bbd9824b7263847b7a467c9e8283cb0875352a
prefix,0,34000,34500,583.834625,14484849,9b578898b16d7da09de6035e3eb9b2776cea062075c90ba2512f5dbdc765e682
prefix,0,34500,35000,582.515958,14694482,6e423d295eb8a1c575062a58e3b1b5f6b248f07f047eee5fa1b52e6de4c19d88
prefix,0,35000,35500,580.517833,14904121,c7165cc13940c2cac8022baa6af3aea7eb4efd61fa46c71b2f0efc5ce44d583b
prefix,0,35500,36000,588.120958,15113753,82869bac01ab2287f60392622a4267668a6c246e0ffd97b67ca1210d06eaf67e
prefix,0,36000,36500,609.637208,15323386,3bf1a4dafab8764d5dbb901a55096bcfd2707c0f47f2592d7a60d75ce86da32b
prefix,0,36500,37000,616.234417,15533020,99db37926ca3bf6301ee1fbd15f946d5ea5873e6117205b8c6d9cb382cdb528d
prefix,0,37000,37500,671.162500,15742651,096850b58bee359aa61f9731d73624f589755b18630a61dd0df034f38bb984db
prefix,0,37500,38000,634.833291,15952291,fe2f8277a01a95b266bcb4d9a9b0837a5f6e6fbeb3b9c737faa59922dd551fc6
prefix,0,38000,38500,631.233917,16161924,671acd1a9be92150445c80b03d2b3514af1233a317cc8c1ea8264986fb7ab66c
prefix,0,38500,39000,632.456875,16371561,5f13c8419f567b09238d8135cc5b2015509d456c63c96a61bfac5df3ea276e42
prefix,0,39000,39500,617.280375,16581197,14ed263e476b118109afcc726b3becb612574f157b653fb19048d683480f5618
prefix,0,39500,40000,613.913417,16790831,509c225594a41969d06d61085ed45f37654a398c2cd830085b2c086e36b486d0
prefix,0,40000,40500,621.126208,17000470,243af97f27a633777f8a5fedbc3ecca370df67d7560fb61f416ce884c39af39f
prefix,0,40500,41000,625.174250,17210103,64a43c7f8e1606610726a134ed48d31d773639b815ff015a5ec8d071bf22dded
prefix,0,41000,41500,642.964125,17419741,a6696a5cd3a23d2dbb2f6702506d82edfaa45d6af3efeaa757eb247a55fe3f6e
prefix,0,41500,42000,653.252708,17629376,77efe8e3d8405bc53ba46059846e8f80b8a8cf34af8ad15c538007cb66c0d84f
prefix,0,42000,42500,672.980125,17839011,7eaea122faa229b70864b2bab620b517eb68a300b4d0bf6f9f9868b88f83caf1
prefix,0,42500,43000,653.773833,18048649,faf269dbd1f4944ae0125aff6a73252c9af3251edd27f8e5e8be946801b0bdcd
prefix,0,43000,43500,652.562458,18258282,98598cf0527c76c725c72f6a8ed0983dd523e272efe75da80e2e18427bfc1c60
prefix,0,43500,44000,643.425416,18467921,63347e8aaea68ca43e78ae86a5ca5cda207fe157ac89bb6fd8250c4129df2f70
prefix,0,44000,44500,617.429791,18677555,842ddb6487e8c8b5725bf1315f13c4c72e6dbe4343ab2e149edc24189c16a9df
prefix,0,44500,45000,633.766000,18887191,0d332db61773ea7b5187c5dc16138a362b457b4e0a1e8894574f67e6c930f4fb
prefix,0,45000,45500,620.477791,19096828,0a9502ac03258c2a60b4f07f50147277d2db5c0e7ab49b5ef201927a5d68ba6f
prefix,0,45500,46000,607.663875,19306461,8bc846162f9c35bce0e913695e0cb4946bf23da52cdb49ea89fc18cd99373b34
prefix,0,46000,46500,607.451708,19516101,6116417de6c5016a94c16229f6a4253eadb284eba9757c1673c57558bdbf2495
prefix,0,46500,47000,606.551166,19725734,3f02761a05b43a996615d980213d302219e24cf888188a395b3c2880d7051749
prefix,0,47000,47500,606.146000,19935371,ce4f20106c679fe71ff532295ec4b1f6e674557eda9b868669e305d423a9a5b2
prefix,0,47500,48000,604.995125,20145004,5568e14cfb3bd987c71487347d09303bb43174c3db694ee019289f06df2d131e
prefix,0,48000,48500,611.983209,20354635,f78e89e617fe05cff40f85ed6ed447d7fecb6562abf67f7cc015aea462b6822f
prefix,0,48500,49000,606.834083,20564271,99c21ffb7c33694256c4594442546c2888dab61519cfe76575cdf23fe012bb19
prefix,0,49000,49500,608.605125,20773903,59e420c10f97d86cce12e715991611bdcb499743452cf96725716b195e9c2def
prefix,0,49500,50000,628.628458,20983541,4dc66aeb3b2195b6e47530fa1f559272429181df28b1a832996041fe67ed2fae
prefix,0,50000,50500,662.644500,21193176,af904fb27df2319d4eed2a3b4e8cf9c61aa02e0a8fc5d58325b7bc5ab62659da
prefix,0,50500,51000,623.379208,21402811,a48cf5dbd0d4fac582af377a69464661d569ad9fe01b854b4452b10c6d2da116
prefix,0,51000,51500,606.122708,21612449,d76a78a20e0654748431204316ad6352a2f2b3480a510930ef7dbac3ae8220f5
prefix,0,51500,52000,651.221792,21822082,8de489a83237aaa36cd88ef063c4de1d3db328bca8659d08839e0f6dc9ffef24
prefix,0,52000,52500,618.688500,22031721,1cb8209dedae794bd9ca4806b3b3c41ab0d862dc80dc32fc5a30fe887a439ee9
prefix,0,52500,53000,608.942417,22241355,234d358f6fa46c274e1be1f21352e06b47b880cefea0e9250139cf1c1fea0560
prefix,0,53000,53500,622.206250,22450991,87e95f6306e89fb2cabe7847bd9f2c7eca323c822375f3d4b8669d3416e833a6
prefix,0,53500,54000,616.355666,22660628,96852f442dadc30195687f58c06f78ae2c977195184378f8b70f490f98e7a857
prefix,0,54000,54500,631.363042,22870261,f714596ecdfaa4b15f939b2a8b54d2665aaef93b81ddd573ef97a40292aed6fc
prefix,0,54500,55000,651.925792,23079901,e3c5d88f0bd1eae4d4d3fbde9886f6d5e088b2c4f1ef437543a76530cc97f83e
prefix,0,55000,55500,618.246042,23289534,26e8450e9f1fbb13335285bce149029d5a471610733fa1b643961343d2d2b991
prefix,0,55500,56000,617.130250,23499171,667390768d6a311c2a808ac31285c52374f751d1c8c46d8ae2dff6a24c4a00d8
prefix,0,56000,56500,638.973167,23708807,c6761ddb2c1842e496a201676cd5554c9b82d0244f667c7b804c18bd58a9b8df
prefix,0,56500,57000,688.080000,23918441,d4c70a59e52e7c0374a22157c21500926f10ebcba39e756cf8f31d66c9dde520
prefix,0,57000,57500,626.706708,24128080,20fa64397939e1f2988a75e838428f1abd07be745cca0a57defa37aa4474b4b4
prefix,0,57500,58000,621.508583,24337713,09b0043b4840893add5e20ad54eb34b79de50a494b06bb6b326e2f45f0aebfd5
prefix,0,58000,58500,624.991125,24547351,252b30a8f9ca21069312f102667c07cebca7e898537878009b496b203d028af9
prefix,0,58500,59000,661.261208,24756986,13c2f53adb01e61446cae15890ed40690422452ec802dd4ac4b2654f5c9c516d
prefix,0,59000,59500,615.304458,24966620,019ea3bc4338221f269ba91108d6e2f64418b09dcd9ff85d0bd57f1acfa632be
prefix,0,59500,60000,626.767291,25176255,7aa89aab579ac19e2288edd344fd014d8030322c214e8a3a3ec7983c4ff44899
prefix,0,60000,60500,627.239416,25385885,6f57aa546bfb291bbd9166b8addc302c3ab300f0f450920062cc0015a88d7590
prefix,0,60500,61000,621.215375,25595521,ac411cb1229e271e05e492745fa0b30a17adf13e514bec7d4c79d7a2a65d6fb1
prefix,0,61000,61500,619.207958,25805155,ddf921937e85a0db5551b492f29c93a99b8ce299be2fea78723d315ca8ea1372
prefix,0,61500,62000,623.039625,26014791,dd0f27dbbb3937020832436c475a510097f7914fd1b02ced7142ee3ee404544d
prefix,0,62000,62500,643.184083,26224428,89764c6d3ac6087d2164f3bb154ce1e27ace556bf174cc220433c687b9721230
prefix,0,62500,63000,672.750041,26434061,1d5b9ad4f3cda03e10c072780e120a167be4de6b235c73d0c19c4d56fa446784
prefix,0,63000,63500,639.046333,26643701,762190c19d759951dd66d4ab8c9bca16813a9020cf15d9e63b656ca532e11052
prefix,0,63500,64000,645.040750,26853334,fd1b51697647eefcd8becc75f49fb95ae2fea7e205ab5ebdf0536c52a53a07cd
prefix,0,64000,64500,656.198833,27062971,36853d7864440dba3d14516d74696b84b00ec44270c898a8ecfa19bec277b423
prefix,0,64500,65000,673.396208,27272607,e4c25c01352bda597b1fba5a26efdd7c9f1f3555eb91c4af3d0ca3a3ed28a0a7
prefix,0,65000,65500,636.903584,27482241,de1100589f9bd8f3d42b641ba55e6a1c56eed974d151a257832f262b4be1f345
prefix,0,65500,66000,637.702750,27691880,56588d0846643e4f4bb407de130bcbd8e57479f4d1f31fc2599a20e220ca6eb6
prefix,0,66000,66500,633.788666,27901513,92efdeab4a581d705d4f93485dc09aef72b7a10ebfb72c437b8e6df1f57a38a0
prefix,0,66500,67000,633.952292,28111151,9d060386b135165a9cccc6f9d6aa24524e44631bf3e7da77d2a8780107d6d0ce
prefix,0,67000,67500,637.203833,28320786,b210404cbf3a8e1b00253eff00da3748e16bf477e40c25fdfd95ef8a9c3f4fbd
prefix,0,67500,68000,641.401375,28530421,2800cb99f576d0d5db7288e31b9b173d819a9824355fd0b80c5f95cabcabb10e
prefix,0,68000,68500,634.949750,28740059,42900f68b0f7b51c107ceb85420ce35b959295bd77c5c4dc94030fa1d696f08e
prefix,0,68500,69000,693.567875,28949692,349397c996a6233e5cc06bf83c680069afb8c2dcf75cae9e1506c73e0ed971c1
prefix,0,69000,69500,656.895375,29159331,f1669531b4ed1d5702f0e37e0522c986e0b12011f678b9e172d4b09c3cb6227f
prefix,0,69500,70000,661.410417,29368965,3c097254d8fbb466c1fc626772d44e79c5c27298f30de94318239b04827b41c8
prefix,0,70000,70500,642.964459,29578601,28ef373a604386c585716390ebd8c97dfee97af62fe9afe142f9a36f318dcd83
prefix,0,70500,71000,652.736625,29788238,6e4d46ce62dc948e1af5c29446c0d3ce8c9d401e327a17ee0cb0fd56e01c59b7
prefix,0,71000,71500,658.083959,29997869,ef28545411c127fda9828059905102cf879365bee9d437321534dfbf5064a1b5
prefix,0,71500,72000,645.790208,30207506,5427289253e1869a96ff5d7cf62bc5742896d265b4c7863c9888c716a98e10e6
prefix,0,72000,72500,645.116250,30417136,2eb93e58a0146c9bb2c9c00d9ad3af62575a86b54dac7ac751661b69cc074fd8
prefix,0,72500,73000,656.847541,30626771,2f8c56baf0f370ef08ec9c6a70bd9e3111c94cf9780f577138931f14c0b9bbf9
prefix,0,73000,73500,644.935917,30836407,40215609f7df20d88e915e2eecfa26397aede6e68833a4514fb5ae458b8b797a
prefix,0,73500,74000,644.799125,31046041,c52a565d1a3af778eba6a3e7f3e010ce9d08b1e0c5a7238f9f12427c8d60b576
prefix,0,74000,74500,656.066208,31255680,c60562f534bc7a8b2f44fbecba7dca4280b5a7fc6cc9f8c71d9ac04c536b2d04
prefix,0,74500,75000,770.640583,31465313,ef337168f4e1f38c6da9a08883bb170b300a100f451c377885713b0e1b8dcd46
prefix,0,75000,75500,672.137709,31674951,b34f185cf12561b05f975219500f94f7ce4d49fc10f125d592577f302632d2ef
prefix,0,75500,76000,647.323625,31884586,f8de30eb2cbd07d1a627f4fd66340cd23afe0f514fa1f84bff14ec94e73786f3
prefix,0,76000,76500,656.631500,32094221,5cf320844d846d9be37f923a1656c7f87395b729d440061888795c4c740541fa
prefix,0,76500,77000,647.830875,32303859,c8893166f17307b6139c010d32f129191971fa8edc4591b922ddc98f7b7b5944
prefix,0,77000,77500,658.093208,32513492,4a9480bef14ed4cd291e10b2a2f97376b889e78b0b50834929bda6f6ae33ba05
prefix,0,77500,78000,662.979125,32723131,25deb03d04571b6fc100b8eeb1f06084eba7e7666c7bb98e43474bc3b01cc3db
prefix,0,78000,78500,700.986792,32932765,12c8639446132dadf41caf0312d12de01826021dc9cb0d35c4ded7e6678fea95
prefix,0,78500,79000,689.675417,33142401,ee0346545dfad10294d270957e1ea555d695244ad0fdbbe9185135ed2d51b878
prefix,0,79000,79500,682.747208,33352038,570852de30412f9ff284f8d0c45d4e247b505406725e80f173bccbce84281e2a
prefix,0,79500,80000,658.416625,33561671,2dee584972b00d397b3a0b1de27a2421d08165f30a0860b568ac82a95a21294c
prefix,0,80000,80500,656.513708,33771311,1efac23511f0f6c2396cbc4c6ae206afcb0e5c4a42f8a8a2152059e7ac8a7ec2
prefix,0,80500,81000,717.816333,33980944,b12f5d36213f0884c5be76106d31f318ef8bb850a940cd1882ce025547561d2d
prefix,0,81000,81500,673.526750,34190581,ebdb9cb18aa0bd1b3af324cef21a34291bfb73f251a59e20e0ae1a0d83f52a43
prefix,0,81500,82000,665.306042,34400217,d699058d188b3acb7c1659a625e1c243c708802b20ca6f5e4f154e91417a82dd
prefix,0,82000,82500,663.655917,34609851,1d2011b784a52ebffbb7951a6fbf3ea4da83408df02be91a4dbbf8a6529b3a9d
prefix,0,82500,83000,660.745083,34819490,6dd0220b044b9e9338ec270c292c6fb19b6861d43b375e6e0ee99ad41de5aa9e
prefix,0,83000,83500,663.463292,35029120,1f0bb52d34e8bb8862be6a74d96796ab45a25cef04f33a1fd56e2be63b64cb40
prefix,0,83500,84000,676.417709,35238755,2a61e774b1b919de3dc2064907ff336b1dcf39d1a0f2b817f86518fdc25e6fcf
prefix,0,84000,84500,677.072166,35448387,0835ae1a5ce90d8f57a69792e171fa60d7786076108fff2a88e6881d1748e749
prefix,0,84500,85000,673.300959,35658021,9bb03245860f7cdb85bd1928617a97cd726a3752e2dab5b4806dbc8097bce102
prefix,0,85000,85500,669.951500,35867659,51253ff4c2c5d9345988a2b0116036a8e51931ef7fa1a186a092d43ccaf90dfa
prefix,0,85500,86000,677.193250,36077292,386323703dac0c89e4a01aa695519867c87144842f3428dca9c748ee58695315
prefix,0,86000,86500,691.159167,36286931,c82212e96cc4e30ead4a2b13288c0523d4e57d16dc41de5e9959075a9dc31420
prefix,0,86500,87000,707.344084,36496565,24019eb407a15fcae4511fe87bd2b890b70b8dbe0a7f47ba17fbd9d1f432e5e1
prefix,0,87000,87500,691.985667,36706201,2b59fa12ff9db2867b731e2c20e30b66d50f6c2e5d7ff0c0db9af9af0ccd912a
prefix,0,87500,88000,685.908709,36915838,ec391fa282bb29849c79a84b7b3137b8d9a95f58e91f207cd5fa013e09ae5c3c
prefix,0,88000,88500,686.780833,37125471,aecc258f792972288414bed7115a8a42daa74487895bc048a6867738ee9df7cf
prefix,0,88500,89000,679.048375,37335111,a6788d6809cb2d279a98804ee0009d3df138a9a559c9d4c0a8a8cfca31d02afe
prefix,0,89000,89500,671.848125,37544744,963f5553dad2fd9d45eafb4dedfd879f42a199906d0b326bd3c3e8ecb7c3592c
prefix,0,89500,90000,676.492334,37754381,abc2cb568e9921361e73b7a935e85788534d2875593a69dc8176ea6c68900761
prefix,0,90000,90500,702.394167,37964017,968521a4db6d234933c2663f6c413ecf63bc3dc7b41486cccd9681423ab94287
prefix,0,90500,91000,692.690417,38173651,86d8e52bf31c076886d6c3e4a6720ed806605d0693884106bb49929072994ff9
prefix,0,91000,91500,719.867292,38383290,daa1c6126751d07796590a88c16901806f99dc48c8d374626e06c670d930e237
prefix,0,91500,92000,703.847250,38592923,a0560dc41c88072ec4cdad2d1024fe512a20dd73a3a7272c95785170e7d7aefb
prefix,0,92000,92500,745.021875,38802561,3ed103eb35cdc207a978249abeaabcf6d7fe7ef2791c84dd11673f3f5fbb7f6d
prefix,0,92500,93000,695.455625,39012196,d18a5797144c8b385659dc9c2fc1926b2b2cb40d1f4d16c07b7acd221603f70d
prefix,0,93000,93500,675.516125,39221831,0a1b766e4c56f71f2e984bfae577778e683a193f3a237466d73ec8c0ced6b739
prefix,0,93500,94000,677.025666,39431469,5c4dc73b88a0fb1ee177c19ff9ff1a4cacbaf4832b12750b4f28eab5fc2a4d2f
prefix,0,94000,94500,696.372584,39641102,6b334999be9a3e505dca7d1a8fced8464e6f53c344d901805e841af298820f61
prefix,0,94500,95000,700.890250,39850740,aecd453c0103e5493af9066db3f1de9183af3caf5c0ee3417670c388cf8150cd
prefix,0,95000,95500,698.511708,40060371,57b49dc6aa36ef54af89058feee27542be62dacc30138ca08642f146ea2e5506
prefix,0,95500,96000,698.773125,40270004,51d10c3a5b45ede6e843a9188b7badffad8cf7498fcd9e5efd1c1797b9928e3a
prefix,0,96000,96500,689.201083,40479638,00b9cbf0360d16c6cf2139ef561c5d695abf62653a8d36d023fe703ad699e75a
prefix,0,96500,97000,677.581792,40689271,42b21715fc3384d3e7b6bbf046152bbdad0b3ddcdc08eb3a08755399b5903406
prefix,0,97000,97500,724.935375,40898911,f145f67cf60fde0d9a95b0e7512d4f46c6236b37b38cd8b3369136e437915915
prefix,0,97500,98000,726.012375,41108544,e7c94c9482c53e9bcb1723892ed8e61b892e123d34e3ba7a74479e11c0015889
prefix,0,98000,98500,785.085917,41318181,257e4fe6c6ae7d0df50783f55ed936c66f42016d176e43770c9da88439e43a3a
prefix,0,98500,99000,728.681042,41527817,725df59d14a5606798540628ea6da936aa2571b6266ff4143d260b203e02aaae
prefix,0,99000,99500,723.842292,41737451,b809e6661de18c37e963cf4007d2e27e16e7850908d7912e61b4cb0e7011bf29
prefix,0,99500,100000,726.648292,41947090,da482c1cdcc091469bf99bef69c33cf05b6c4021195da4df7a4f5ea97172eef0
incremental,0,0,500,608.567958,210136,d4e14b1d8ed4e7d8ee73fc2b3c884b256abce40afe03942a90a3df26fdbbac1d
incremental,0,500,500,0.509750,210130,4b1bb48ea4d158574e5e03fa763dadec1ab99e397be347b0f6ad0dc2083b117f
incremental,0,1000,500,0.489542,210136,e45e6848c41244392933af5c5d31bcd5842697875f75ee067f467ef30f7eac6c
incremental,0,1500,500,0.524125,210132,ed3288fad6b931493667e1005a66729bc59533774b7cbc533b243adaa721e2b9
incremental,0,2000,500,0.595208,210136,0155b54d5d1bf3d22f98a03762885b884d31ffa1b476bba7475af823a55dff23
incremental,0,2500,500,0.482583,210137,275453b5cd8d085ed69fea2f1b235655d603edbec66b5df33ad2758790154732
incremental,0,3000,500,0.485833,210133,c701bdefdda24981b3e595820df1b74bacb4714822e9f37afb64efe5d14b2e8b
incremental,0,3500,500,0.501500,210140,dbbb7d063c38d1f6e217e573f49a0022cc4256fc2ea0b10209d113fe1db99b7b
incremental,0,4000,500,0.550375,210133,55a426835ccda0c708c6e07b91fe15126e48f2dda06f425bb14543248a781d67
incremental,0,4500,500,0.523500,210137,06abb1ec7826656fddc79d4652b0c7743736231896a5a2c025ef65a6f94cae34
incremental,0,5000,500,0.529416,210136,272c36e29f68f588fb3b27246e496d91cc331fcd3e5c878b85b05dfa98b6ace5
incremental,0,5500,500,0.538250,210134,8db3e8577a3cc6d6240abfa2f849745a1e773f152a1271d345f0fe16bd255b8a
incremental,0,6000,500,0.501167,210139,8df35d334564270e2c7f2120580cd7e7be1d4d7bd903efb1e103a41e9876deff
incremental,0,6500,500,0.493125,210133,096232c0673c8f44a843dc50283f82ce2f1f1b83af92f8a184386ddd84dae119
incremental,0,7000,500,0.508292,210138,dc3a8cdf1e2705c351f44b0efe2ae237368b912f3b23bce0fac94e13600b2823
incremental,0,7500,500,0.561500,210135,9838f7a0c4564f148b90f9afda02d8ab7eb634388c1865fa9e4babea1b5b8f6d
incremental,0,8000,500,0.540750,210135,e44b994dc417da3bd06235a486e9e9d43d000313cab4e22f2efe4c59b153ce8c
incremental,0,8500,500,0.602000,210138,f009468644b24a1fb4cd190fa97c1ed26200e096225266c57e1e033bf434dcd5
incremental,0,9000,500,0.563417,210133,877f4f1a84262c9eef376e56687254fc53fe134a270ec981c7a1d1e869c0a024
incremental,0,9500,500,0.500208,210139,7fcd77f6c2fb1399ac4e4edc85ab1169b39b4a44a0c8a7337cbec209036736b4
incremental,0,10000,500,0.479542,210134,7ff987e5e86cc30c58310b12a7fdfe445ee5ee279a9064140e9d5c3fa00af2da
incremental,0,10500,500,0.482750,210136,0037c8c215b858d5946e24d7f92073867714f84f22b0b1161bc1b5b127470f79
incremental,0,11000,500,0.499416,210137,66f2839d2b71d33c174a9f95de7f0b2014b041e8f2c70db9223090e42659a703
incremental,0,11500,500,0.474500,210133,6c5b30010d2d1944c9f1ba1ea50513d1848b8a0de85d6b61d467d3998c74b18d
incremental,0,12000,500,0.476833,210137,ce4067c7eb1e095bd83db812106b750acaf2f6143fae8b6e8bfa1494f33d026c
incremental,0,12500,500,0.480291,210130,487c81d8cb33694209f5aae3376e35d5eb8f71d58f36b0f4f45aa2057d64cc6c
incremental,0,13000,500,0.488917,210134,a4ac545c555673816ef8f084669ca0b52938950b4460b28ffde091531796fc52
incremental,0,13500,500,0.473125,210135,6049b62e647ce20f5e9b5b1555b4eff26a0bcc583f1f42b52fdb81bb11502d31
incremental,0,14000,500,0.472792,210134,ae6f3e638a8f56d42f8d4692e407ecc7cb887eaeeb9e4f2b8ce4655422ae09b7
incremental,0,14500,500,0.518792,210139,26753358685cb0725a7e80c4205618256e7328c446275e1c4f370381761155fc
incremental,0,15000,500,0.500500,210133,436277cfe1ee0a086d74bc60c8b6450ab8928a3ac017f99ce85f683312587dc8
incremental,0,15500,500,0.472375,210138,df298c3d44b2e5364576d76166bc490acba034f3b5e142df91dd5b06946fc119
incremental,0,16000,500,0.496583,210135,63c6d10dae28a800110ec216c908642ac194522ae9b0e0cb8a258988ce6a56dd
incremental,0,16500,500,0.479791,210135,f0d0af008ff4b53fc3142cbcf9e306f0a8d5b50fa4d491455d45708b4fd78c76
incremental,0,17000,500,0.470125,210138,627f551449f69c67a2fd3ac321499699ff8913b87bd897ee25fcfd84f21a2bac
incremental,0,17500,500,0.472791,210133,02f7910bd3c0ab3e1b1954310b1b1ba962abc19ae5930e5e5582590561847540
incremental,0,18000,500,0.492792,210139,e9738d22241c9b49568e8358a05feda416a26f8a1b10dcee908c0a6d5f61189e
incremental,0,18500,500,0.519375,210134,bcfe9c111b11c2770aa10b17f4f4380379864570016fe9d3a76a24cc879feb73
incremental,0,19000,500,0.468709,210136,04fa3159f1822a6ee25e065294645d7ba5bc33bcae0c10f88d7dcc6e1c271382
incremental,0,19500,500,0.468708,210137,fc32d7d7cce353388a76a6a86c23fe4246dcb92455731c32cc21ba119e959120
incremental,0,20000,500,0.465459,209634,1a08b34ed9bbd1d050150c7498cd202305ef3888e2c8d29e53e3fdb0320b1a53
incremental,0,20500,500,0.470916,209640,dde71584504df3dcc447b44562bffb31d7c2698c651bb7f9205e1b1475e3558d
incremental,0,21000,500,0.474167,209633,e9b394fcf2a3b61d35b723cebc39a24b8b88a22b9911c59484a749fb3cd0efae
incremental,0,21500,500,0.471083,209637,88fac21b1f847c14630480a6f7322e565b1d69709bc414dadc4bffb5b1fd26f2
incremental,0,22000,500,0.474000,209636,20edeb5a15bbabf0e9e617e034a79af3b4bff9733dff631db30e900288593f2d
incremental,0,22500,500,0.536500,209634,e3ac407b0043aa971eb4b89b4597a2188cd853ccaffb2219a945d4f66c404746
incremental,0,23000,500,0.534875,209639,11aa786e6356e60cbd4037f8116dd7a560f2b27ee65d96b28178ced9b6323ab5
incremental,0,23500,500,0.514875,209632,fdd6f3a189763190931cbb36629b7ef61be694fce24a3ea4ae0c260aaaf45879
incremental,0,24000,500,0.492292,209635,1cfeb87b56484d662094f4ec867a9e887395bb23c825aeb2199ff33d5dd5ae15
incremental,0,24500,500,0.479333,209632,c42f911dd7a5abea0877707df74d9b3f4c07c7036c6b375e8095e93adc9038a3
incremental,0,25000,500,0.483708,209632,c1b3c5c17dda51440a89ca7e9ea58b8b7fc3475efda231defc82ee9dff5e4e19
incremental,0,25500,500,0.477125,209638,08a5d72d35241dacfb6fcd94a1b6222b8927b3be05560aede418aaaf3f1981a7
incremental,0,26000,500,0.472125,209633,a619fdcba4fe875eeddad4de6d15ad95d036d8507f0e7ec194d81a9c974c13ee
incremental,0,26500,500,0.495416,209639,26e54b0d8f9d392d1c3984ceb8ef61b4a8a1af7adc9268bb15320c8ddf68ee4b
incremental,0,27000,500,0.475084,209634,37fc8a2f103f5940fedfcd0cebc0ed5821a3a45db4ddfc2fe8892a53d2e557a2
incremental,0,27500,500,0.467667,209636,14b74b759d2b4be555bcfeb132c58f222bb4104dae7a1fa3ebcfe9a1f093b503
incremental,0,28000,500,0.466166,209637,60299c19ec9dd0f37fce5d7a9648afa71be26c8b4157aa03f06a6818c8390ad6
incremental,0,28500,500,0.472542,209633,c81611c1ad832abfe8056c4482c4ae20c475bc28f623377c7eaae28584d9eb37
incremental,0,29000,500,0.465250,209640,b9eb2deef39bdd4552e2b07b652363185f21f582dac8e0abe76956f42e7b50f8
incremental,0,29500,500,0.474208,209633,5655a888b70b4d1ebcf96e89b75ad8c252106a766b13f68c0c1282974ada166a
incremental,0,30000,500,0.468750,209637,a84cb176de7fd880f2a3981b973b4fccc3d4c7a7f1d6358c2db28b73daa2614c
incremental,0,30500,500,0.494167,209636,0e66aed9e72ff7bfae408600c83c586ff6dd603dfa18f6ae63a3cd6afa35fd18
incremental,0,31000,500,0.491125,209634,3a3c7e9b2533aa9d82742a62e93498de07ae6632dd45ea47a9d3843195a89dd9
incremental,0,31500,500,0.517209,209639,f168edfec2df7b1b8a90ed4d8cc2087750da9ea67e8122d39c22d0ae91a17f00
incremental,0,32000,500,0.493375,209633,58241a5cd81f62fe6231725f00cf1c1cfeba4e683031f3b3e7d1968780e0a5ed
incremental,0,32500,500,0.474292,209638,9bd5d6ec5773160adf1d1e06f11ac3d089abf29143c377041931549f9009f30b
incremental,0,33000,500,0.486292,209635,ee7d51dceaa2aa8ac3b0bd3ebdd0ee33eea8563d73d8087b74cd68bd190cfaac
incremental,0,33500,500,0.507250,209635,19d4fc67366f97f4f1b00f5860bbd9824b7263847b7a467c9e8283cb0875352a
incremental,0,34000,500,0.467375,209638,9b578898b16d7da09de6035e3eb9b2776cea062075c90ba2512f5dbdc765e682
incremental,0,34500,500,0.481750,209633,6e423d295eb8a1c575062a58e3b1b5f6b248f07f047eee5fa1b52e6de4c19d88
incremental,0,35000,500,0.478625,209639,c7165cc13940c2cac8022baa6af3aea7eb4efd61fa46c71b2f0efc5ce44d583b
incremental,0,35500,500,0.479375,209632,82869bac01ab2287f60392622a4267668a6c246e0ffd97b67ca1210d06eaf67e
incremental,0,36000,500,0.476791,209633,3bf1a4dafab8764d5dbb901a55096bcfd2707c0f47f2592d7a60d75ce86da32b
incremental,0,36500,500,0.481625,209634,99db37926ca3bf6301ee1fbd15f946d5ea5873e6117205b8c6d9cb382cdb528d
incremental,0,37000,500,0.481583,209631,096850b58bee359aa61f9731d73624f589755b18630a61dd0df034f38bb984db
incremental,0,37500,500,0.489208,209640,fe2f8277a01a95b266bcb4d9a9b0837a5f6e6fbeb3b9c737faa59922dd551fc6
incremental,0,38000,500,0.483542,209633,671acd1a9be92150445c80b03d2b3514af1233a317cc8c1ea8264986fb7ab66c
incremental,0,38500,500,0.522292,209637,5f13c8419f567b09238d8135cc5b2015509d456c63c96a61bfac5df3ea276e42
incremental,0,39000,500,0.509542,209636,14ed263e476b118109afcc726b3becb612574f157b653fb19048d683480f5618
incremental,0,39500,500,0.504250,209634,509c225594a41969d06d61085ed45f37654a398c2cd830085b2c086e36b486d0
incremental,0,40000,500,0.489833,209639,243af97f27a633777f8a5fedbc3ecca370df67d7560fb61f416ce884c39af39f
incremental,0,40500,500,0.484375,209633,64a43c7f8e1606610726a134ed48d31d773639b815ff015a5ec8d071bf22dded
incremental,0,41000,500,0.474792,209638,a6696a5cd3a23d2dbb2f6702506d82edfaa45d6af3efeaa757eb247a55fe3f6e
incremental,0,41500,500,0.479875,209635,77efe8e3d8405bc53ba46059846e8f80b8a8cf34af8ad15c538007cb66c0d84f
incremental,0,42000,500,0.466625,209635,7eaea122faa229b70864b2bab620b517eb68a300b4d0bf6f9f9868b88f83caf1
incremental,0,42500,500,0.470959,209638,faf269dbd1f4944ae0125aff6a73252c9af3251edd27f8e5e8be946801b0bdcd
incremental,0,43000,500,0.464875,209633,98598cf0527c76c725c72f6a8ed0983dd523e272efe75da80e2e18427bfc1c60
incremental,0,43500,500,0.470125,209639,63347e8aaea68ca43e78ae86a5ca5cda207fe157ac89bb6fd8250c4129df2f70
incremental,0,44000,500,0.472917,209634,842ddb6487e8c8b5725bf1315f13c4c72e6dbe4343ab2e149edc24189c16a9df
incremental,0,44500,500,0.518667,209636,0d332db61773ea7b5187c5dc16138a362b457b4e0a1e8894574f67e6c930f4fb
incremental,0,45000,500,0.448875,209637,0a9502ac03258c2a60b4f07f50147277d2db5c0e7ab49b5ef201927a5d68ba6f
incremental,0,45500,500,0.604666,209633,8bc846162f9c35bce0e913695e0cb4946bf23da52cdb49ea89fc18cd99373b34
incremental,0,46000,500,0.497792,209640,6116417de6c5016a94c16229f6a4253eadb284eba9757c1673c57558bdbf2495
incremental,0,46500,500,0.510792,209633,3f02761a05b43a996615d980213d302219e24cf888188a395b3c2880d7051749
incremental,0,47000,500,0.525292,209637,ce4f20106c679fe71ff532295ec4b1f6e674557eda9b868669e305d423a9a5b2
incremental,0,47500,500,0.523500,209633,5568e14cfb3bd987c71487347d09303bb43174c3db694ee019289f06df2d131e
incremental,0,48000,500,0.475792,209631,f78e89e617fe05cff40f85ed6ed447d7fecb6562abf67f7cc015aea462b6822f
incremental,0,48500,500,0.570417,209636,99c21ffb7c33694256c4594442546c2888dab61519cfe76575cdf23fe012bb19
incremental,0,49000,500,0.515458,209632,59e420c10f97d86cce12e715991611bdcb499743452cf96725716b195e9c2def
incremental,0,49500,500,0.572834,209638,4dc66aeb3b2195b6e47530fa1f559272429181df28b1a832996041fe67ed2fae
incremental,0,50000,500,0.514208,209635,af904fb27df2319d4eed2a3b4e8cf9c61aa02e0a8fc5d58325b7bc5ab62659da
incremental,0,50500,500,0.519167,209635,a48cf5dbd0d4fac582af377a69464661d569ad9fe01b854b4452b10c6d2da116
incremental,0,51000,500,0.599625,209638,d76a78a20e0654748431204316ad6352a2f2b3480a510930ef7dbac3ae8220f5
incremental,0,51500,500,0.519625,209633,8de489a83237aaa36cd88ef063c4de1d3db328bca8659d08839e0f6dc9ffef24
incremental,0,52000,500,0.553125,209639,1cb8209dedae794bd9ca4806b3b3c41ab0d862dc80dc32fc5a30fe887a439ee9
incremental,0,52500,500,0.532291,209634,234d358f6fa46c274e1be1f21352e06b47b880cefea0e9250139cf1c1fea0560
incremental,0,53000,500,0.554291,209636,87e95f6306e89fb2cabe7847bd9f2c7eca323c822375f3d4b8669d3416e833a6
incremental,0,53500,500,0.586750,209637,96852f442dadc30195687f58c06f78ae2c977195184378f8b70f490f98e7a857
incremental,0,54000,500,0.556417,209633,f714596ecdfaa4b15f939b2a8b54d2665aaef93b81ddd573ef97a40292aed6fc
incremental,0,54500,500,0.479541,209640,e3c5d88f0bd1eae4d4d3fbde9886f6d5e088b2c4f1ef437543a76530cc97f83e
incremental,0,55000,500,0.484458,209633,26e8450e9f1fbb13335285bce149029d5a471610733fa1b643961343d2d2b991
incremental,0,55500,500,0.491834,209637,667390768d6a311c2a808ac31285c52374f751d1c8c46d8ae2dff6a24c4a00d8
incremental,0,56000,500,0.515250,209636,c6761ddb2c1842e496a201676cd5554c9b82d0244f667c7b804c18bd58a9b8df
incremental,0,56500,500,0.478208,209634,d4c70a59e52e7c0374a22157c21500926f10ebcba39e756cf8f31d66c9dde520
incremental,0,57000,500,0.477125,209639,20fa64397939e1f2988a75e838428f1abd07be745cca0a57defa37aa4474b4b4
incremental,0,57500,500,0.479375,209633,09b0043b4840893add5e20ad54eb34b79de50a494b06bb6b326e2f45f0aebfd5
incremental,0,58000,500,0.477666,209638,252b30a8f9ca21069312f102667c07cebca7e898537878009b496b203d028af9
incremental,0,58500,500,0.484416,209635,13c2f53adb01e61446cae15890ed40690422452ec802dd4ac4b2654f5c9c516d
incremental,0,59000,500,0.472667,209634,019ea3bc4338221f269ba91108d6e2f64418b09dcd9ff85d0bd57f1acfa632be
incremental,0,59500,500,0.473500,209635,7aa89aab579ac19e2288edd344fd014d8030322c214e8a3a3ec7983c4ff44899
incremental,0,60000,500,0.476958,209630,6f57aa546bfb291bbd9166b8addc302c3ab300f0f450920062cc0015a88d7590
incremental,0,60500,500,0.512375,209636,ac411cb1229e271e05e492745fa0b30a17adf13e514bec7d4c79d7a2a65d6fb1
incremental,0,61000,500,0.525042,209634,ddf921937e85a0db5551b492f29c93a99b8ce299be2fea78723d315ca8ea1372
incremental,0,61500,500,0.532416,209636,dd0f27dbbb3937020832436c475a510097f7914fd1b02ced7142ee3ee404544d
incremental,0,62000,500,0.479125,209637,89764c6d3ac6087d2164f3bb154ce1e27ace556bf174cc220433c687b9721230
incremental,0,62500,500,0.497666,209633,1d5b9ad4f3cda03e10c072780e120a167be4de6b235c73d0c19c4d56fa446784
incremental,0,63000,500,0.500833,209640,762190c19d759951dd66d4ab8c9bca16813a9020cf15d9e63b656ca532e11052
incremental,0,63500,500,0.466250,209633,fd1b51697647eefcd8becc75f49fb95ae2fea7e205ab5ebdf0536c52a53a07cd
incremental,0,64000,500,0.491917,209637,36853d7864440dba3d14516d74696b84b00ec44270c898a8ecfa19bec277b423
incremental,0,64500,500,0.472042,209636,e4c25c01352bda597b1fba5a26efdd7c9f1f3555eb91c4af3d0ca3a3ed28a0a7
incremental,0,65000,500,0.468667,209634,de1100589f9bd8f3d42b641ba55e6a1c56eed974d151a257832f262b4be1f345
incremental,0,65500,500,0.481166,209639,56588d0846643e4f4bb407de130bcbd8e57479f4d1f31fc2599a20e220ca6eb6
incremental,0,66000,500,0.482000,209633,92efdeab4a581d705d4f93485dc09aef72b7a10ebfb72c437b8e6df1f57a38a0
incremental,0,66500,500,0.515250,209638,9d060386b135165a9cccc6f9d6aa24524e44631bf3e7da77d2a8780107d6d0ce
incremental,0,67000,500,0.558750,209635,b210404cbf3a8e1b00253eff00da3748e16bf477e40c25fdfd95ef8a9c3f4fbd
incremental,0,67500,500,0.543333,209635,2800cb99f576d0d5db7288e31b9b173d819a9824355fd0b80c5f95cabcabb10e
incremental,0,68000,500,0.494458,209638,42900f68b0f7b51c107ceb85420ce35b959295bd77c5c4dc94030fa1d696f08e
incremental,0,68500,500,0.502083,209633,349397c996a6233e5cc06bf83c680069afb8c2dcf75cae9e1506c73e0ed971c1
incremental,0,69000,500,0.468416,209639,f1669531b4ed1d5702f0e37e0522c986e0b12011f678b9e172d4b09c3cb6227f
incremental,0,69500,500,0.468292,209634,3c097254d8fbb466c1fc626772d44e79c5c27298f30de94318239b04827b41c8
incremental,0,70000,500,0.463458,209636,28ef373a604386c585716390ebd8c97dfee97af62fe9afe142f9a36f318dcd83
incremental,0,70500,500,0.471375,209637,6e4d46ce62dc948e1af5c29446c0d3ce8c9d401e327a17ee0cb0fd56e01c59b7
incremental,0,71000,500,0.467542,209631,ef28545411c127fda9828059905102cf879365bee9d437321534dfbf5064a1b5
incremental,0,71500,500,0.483584,209637,5427289253e1869a96ff5d7cf62bc5742896d265b4c7863c9888c716a98e10e6
incremental,0,72000,500,0.468042,209630,2eb93e58a0146c9bb2c9c00d9ad3af62575a86b54dac7ac751661b69cc074fd8
incremental,0,72500,500,0.464208,209635,2f8c56baf0f370ef08ec9c6a70bd9e3111c94cf9780f577138931f14c0b9bbf9
incremental,0,73000,500,0.472084,209636,40215609f7df20d88e915e2eecfa26397aede6e68833a4514fb5ae458b8b797a
incremental,0,73500,500,0.479458,209634,c52a565d1a3af778eba6a3e7f3e010ce9d08b1e0c5a7238f9f12427c8d60b576
incremental,0,74000,500,0.462375,209639,c60562f534bc7a8b2f44fbecba7dca4280b5a7fc6cc9f8c71d9ac04c536b2d04
incremental,0,74500,500,0.465833,209633,ef337168f4e1f38c6da9a08883bb170b300a100f451c377885713b0e1b8dcd46
incremental,0,75000,500,0.470542,209638,b34f185cf12561b05f975219500f94f7ce4d49fc10f125d592577f302632d2ef
incremental,0,75500,500,0.507250,209635,f8de30eb2cbd07d1a627f4fd66340cd23afe0f514fa1f84bff14ec94e73786f3
incremental,0,76000,500,0.512833,209635,5cf320844d846d9be37f923a1656c7f87395b729d440061888795c4c740541fa
incremental,0,76500,500,0.467250,209638,c8893166f17307b6139c010d32f129191971fa8edc4591b922ddc98f7b7b5944
incremental,0,77000,500,0.481459,209633,4a9480bef14ed4cd291e10b2a2f97376b889e78b0b50834929bda6f6ae33ba05
incremental,0,77500,500,0.485709,209639,25deb03d04571b6fc100b8eeb1f06084eba7e7666c7bb98e43474bc3b01cc3db
incremental,0,78000,500,0.515750,209634,12c8639446132dadf41caf0312d12de01826021dc9cb0d35c4ded7e6678fea95
incremental,0,78500,500,0.468542,209636,ee0346545dfad10294d270957e1ea555d695244ad0fdbbe9185135ed2d51b878
incremental,0,79000,500,0.471875,209637,570852de30412f9ff284f8d0c45d4e247b505406725e80f173bccbce84281e2a
incremental,0,79500,500,0.481750,209633,2dee584972b00d397b3a0b1de27a2421d08165f30a0860b568ac82a95a21294c
incremental,0,80000,500,0.473334,209640,1efac23511f0f6c2396cbc4c6ae206afcb0e5c4a42f8a8a2152059e7ac8a7ec2
incremental,0,80500,500,0.479042,209633,b12f5d36213f0884c5be76106d31f318ef8bb850a940cd1882ce025547561d2d
incremental,0,81000,500,0.473667,209637,ebdb9cb18aa0bd1b3af324cef21a34291bfb73f251a59e20e0ae1a0d83f52a43
incremental,0,81500,500,0.493708,209636,d699058d188b3acb7c1659a625e1c243c708802b20ca6f5e4f154e91417a82dd
incremental,0,82000,500,0.536917,209634,1d2011b784a52ebffbb7951a6fbf3ea4da83408df02be91a4dbbf8a6529b3a9d
incremental,0,82500,500,0.601166,209639,6dd0220b044b9e9338ec270c292c6fb19b6861d43b375e6e0ee99ad41de5aa9e
incremental,0,83000,500,0.454583,209630,1f0bb52d34e8bb8862be6a74d96796ab45a25cef04f33a1fd56e2be63b64cb40
incremental,0,83500,500,0.436958,209635,2a61e774b1b919de3dc2064907ff336b1dcf39d1a0f2b817f86518fdc25e6fcf
incremental,0,84000,500,0.473125,209632,0835ae1a5ce90d8f57a69792e171fa60d7786076108fff2a88e6881d1748e749
incremental,0,84500,500,0.489833,209634,9bb03245860f7cdb85bd1928617a97cd726a3752e2dab5b4806dbc8097bce102
incremental,0,85000,500,0.473583,209638,51253ff4c2c5d9345988a2b0116036a8e51931ef7fa1a186a092d43ccaf90dfa
incremental,0,85500,500,0.475250,209633,386323703dac0c89e4a01aa695519867c87144842f3428dca9c748ee58695315
incremental,0,86000,500,0.472542,209639,c82212e96cc4e30ead4a2b13288c0523d4e57d16dc41de5e9959075a9dc31420
incremental,0,86500,500,0.473459,209634,24019eb407a15fcae4511fe87bd2b890b70b8dbe0a7f47ba17fbd9d1f432e5e1
incremental,0,87000,500,0.470625,209636,2b59fa12ff9db2867b731e2c20e30b66d50f6c2e5d7ff0c0db9af9af0ccd912a
incremental,0,87500,500,0.471250,209637,ec391fa282bb29849c79a84b7b3137b8d9a95f58e91f207cd5fa013e09ae5c3c
incremental,0,88000,500,0.470792,209633,aecc258f792972288414bed7115a8a42daa74487895bc048a6867738ee9df7cf
incremental,0,88500,500,0.482583,209640,a6788d6809cb2d279a98804ee0009d3df138a9a559c9d4c0a8a8cfca31d02afe
incremental,0,89000,500,0.485042,209633,963f5553dad2fd9d45eafb4dedfd879f42a199906d0b326bd3c3e8ecb7c3592c
incremental,0,89500,500,0.475958,209637,abc2cb568e9921361e73b7a935e85788534d2875593a69dc8176ea6c68900761
incremental,0,90000,500,0.475167,209636,968521a4db6d234933c2663f6c413ecf63bc3dc7b41486cccd9681423ab94287
incremental,0,90500,500,0.503542,209634,86d8e52bf31c076886d6c3e4a6720ed806605d0693884106bb49929072994ff9
incremental,0,91000,500,0.526167,209639,daa1c6126751d07796590a88c16901806f99dc48c8d374626e06c670d930e237
incremental,0,91500,500,0.521333,209633,a0560dc41c88072ec4cdad2d1024fe512a20dd73a3a7272c95785170e7d7aefb
incremental,0,92000,500,0.475000,209638,3ed103eb35cdc207a978249abeaabcf6d7fe7ef2791c84dd11673f3f5fbb7f6d
incremental,0,92500,500,0.472209,209635,d18a5797144c8b385659dc9c2fc1926b2b2cb40d1f4d16c07b7acd221603f70d
incremental,0,93000,500,0.513875,209635,0a1b766e4c56f71f2e984bfae577778e683a193f3a237466d73ec8c0ced6b739
incremental,0,93500,500,0.471542,209638,5c4dc73b88a0fb1ee177c19ff9ff1a4cacbaf4832b12750b4f28eab5fc2a4d2f
incremental,0,94000,500,0.476834,209633,6b334999be9a3e505dca7d1a8fced8464e6f53c344d901805e841af298820f61
incremental,0,94500,500,0.469916,209638,aecd453c0103e5493af9066db3f1de9183af3caf5c0ee3417670c388cf8150cd
incremental,0,95000,500,0.530917,209631,57b49dc6aa36ef54af89058feee27542be62dacc30138ca08642f146ea2e5506
incremental,0,95500,500,0.517084,209633,51d10c3a5b45ede6e843a9188b7badffad8cf7498fcd9e5efd1c1797b9928e3a
incremental,0,96000,500,0.503166,209634,00b9cbf0360d16c6cf2139ef561c5d695abf62653a8d36d023fe703ad699e75a
incremental,0,96500,500,0.511292,209633,42b21715fc3384d3e7b6bbf046152bbdad0b3ddcdc08eb3a08755399b5903406
incremental,0,97000,500,0.531541,209640,f145f67cf60fde0d9a95b0e7512d4f46c6236b37b38cd8b3369136e437915915
incremental,0,97500,500,0.534042,209633,e7c94c9482c53e9bcb1723892ed8e61b892e123d34e3ba7a74479e11c0015889
incremental,0,98000,500,0.501417,209637,257e4fe6c6ae7d0df50783f55ed936c66f42016d176e43770c9da88439e43a3a
incremental,0,98500,500,0.505291,209636,725df59d14a5606798540628ea6da936aa2571b6266ff4143d260b203e02aaae
incremental,0,99000,500,0.514666,209634,b809e6661de18c37e963cf4007d2e27e16e7850908d7912e61b4cb0e7011bf29
incremental,0,99500,500,0.504916,209639,da482c1cdcc091469bf99bef69c33cf05b6c4021195da4df7a4f5ea97172eef0
incremental,1,0,500,578.507625,210136,d4e14b1d8ed4e7d8ee73fc2b3c884b256abce40afe03942a90a3df26fdbbac1d
incremental,1,500,500,0.572542,210130,4b1bb48ea4d158574e5e03fa763dadec1ab99e397be347b0f6ad0dc2083b117f
incremental,1,1000,500,0.547375,210136,e45e6848c41244392933af5c5d31bcd5842697875f75ee067f467ef30f7eac6c
incremental,1,1500,500,0.630500,210132,ed3288fad6b931493667e1005a66729bc59533774b7cbc533b243adaa721e2b9
incremental,1,2000,500,0.597834,210136,0155b54d5d1bf3d22f98a03762885b884d31ffa1b476bba7475af823a55dff23
incremental,1,2500,500,0.664333,210137,275453b5cd8d085ed69fea2f1b235655d603edbec66b5df33ad2758790154732
incremental,1,3000,500,0.529708,210133,c701bdefdda24981b3e595820df1b74bacb4714822e9f37afb64efe5d14b2e8b
incremental,1,3500,500,0.513208,210140,dbbb7d063c38d1f6e217e573f49a0022cc4256fc2ea0b10209d113fe1db99b7b
incremental,1,4000,500,0.513791,210133,55a426835ccda0c708c6e07b91fe15126e48f2dda06f425bb14543248a781d67
incremental,1,4500,500,0.475625,210137,06abb1ec7826656fddc79d4652b0c7743736231896a5a2c025ef65a6f94cae34
incremental,1,5000,500,0.476917,210136,272c36e29f68f588fb3b27246e496d91cc331fcd3e5c878b85b05dfa98b6ace5
incremental,1,5500,500,0.474458,210134,8db3e8577a3cc6d6240abfa2f849745a1e773f152a1271d345f0fe16bd255b8a
incremental,1,6000,500,0.473000,210139,8df35d334564270e2c7f2120580cd7e7be1d4d7bd903efb1e103a41e9876deff
incremental,1,6500,500,0.483250,210133,096232c0673c8f44a843dc50283f82ce2f1f1b83af92f8a184386ddd84dae119
incremental,1,7000,500,0.493833,210138,dc3a8cdf1e2705c351f44b0efe2ae237368b912f3b23bce0fac94e13600b2823
incremental,1,7500,500,0.525167,210135,9838f7a0c4564f148b90f9afda02d8ab7eb634388c1865fa9e4babea1b5b8f6d
incremental,1,8000,500,0.561000,210135,e44b994dc417da3bd06235a486e9e9d43d000313cab4e22f2efe4c59b153ce8c
incremental,1,8500,500,0.541542,210138,f009468644b24a1fb4cd190fa97c1ed26200e096225266c57e1e033bf434dcd5
incremental,1,9000,500,0.517625,210133,877f4f1a84262c9eef376e56687254fc53fe134a270ec981c7a1d1e869c0a024
incremental,1,9500,500,0.499667,210139,7fcd77f6c2fb1399ac4e4edc85ab1169b39b4a44a0c8a7337cbec209036736b4
incremental,1,10000,500,0.480875,210134,7ff987e5e86cc30c58310b12a7fdfe445ee5ee279a9064140e9d5c3fa00af2da
incremental,1,10500,500,0.557083,210136,0037c8c215b858d5946e24d7f92073867714f84f22b0b1161bc1b5b127470f79
incremental,1,11000,500,0.550750,210137,66f2839d2b71d33c174a9f95de7f0b2014b041e8f2c70db9223090e42659a703
incremental,1,11500,500,0.541167,210133,6c5b30010d2d1944c9f1ba1ea50513d1848b8a0de85d6b61d467d3998c74b18d
incremental,1,12000,500,0.545000,210137,ce4067c7eb1e095bd83db812106b750acaf2f6143fae8b6e8bfa1494f33d026c
incremental,1,12500,500,0.538708,210130,487c81d8cb33694209f5aae3376e35d5eb8f71d58f36b0f4f45aa2057d64cc6c
incremental,1,13000,500,0.546500,210134,a4ac545c555673816ef8f084669ca0b52938950b4460b28ffde091531796fc52
incremental,1,13500,500,0.539625,210135,6049b62e647ce20f5e9b5b1555b4eff26a0bcc583f1f42b52fdb81bb11502d31
incremental,1,14000,500,0.540209,210134,ae6f3e638a8f56d42f8d4692e407ecc7cb887eaeeb9e4f2b8ce4655422ae09b7
incremental,1,14500,500,0.482917,210139,26753358685cb0725a7e80c4205618256e7328c446275e1c4f370381761155fc
incremental,1,15000,500,0.505334,210133,436277cfe1ee0a086d74bc60c8b6450ab8928a3ac017f99ce85f683312587dc8
incremental,1,15500,500,0.505541,210138,df298c3d44b2e5364576d76166bc490acba034f3b5e142df91dd5b06946fc119
incremental,1,16000,500,0.512291,210135,63c6d10dae28a800110ec216c908642ac194522ae9b0e0cb8a258988ce6a56dd
incremental,1,16500,500,0.489875,210135,f0d0af008ff4b53fc3142cbcf9e306f0a8d5b50fa4d491455d45708b4fd78c76
incremental,1,17000,500,0.486250,210138,627f551449f69c67a2fd3ac321499699ff8913b87bd897ee25fcfd84f21a2bac
incremental,1,17500,500,0.488916,210133,02f7910bd3c0ab3e1b1954310b1b1ba962abc19ae5930e5e5582590561847540
incremental,1,18000,500,0.491416,210139,e9738d22241c9b49568e8358a05feda416a26f8a1b10dcee908c0a6d5f61189e
incremental,1,18500,500,0.491375,210134,bcfe9c111b11c2770aa10b17f4f4380379864570016fe9d3a76a24cc879feb73
incremental,1,19000,500,0.485709,210136,04fa3159f1822a6ee25e065294645d7ba5bc33bcae0c10f88d7dcc6e1c271382
incremental,1,19500,500,0.485042,210137,fc32d7d7cce353388a76a6a86c23fe4246dcb92455731c32cc21ba119e959120
incremental,1,20000,500,0.487917,209634,1a08b34ed9bbd1d050150c7498cd202305ef3888e2c8d29e53e3fdb0320b1a53
incremental,1,20500,500,0.484750,209640,dde71584504df3dcc447b44562bffb31d7c2698c651bb7f9205e1b1475e3558d
incremental,1,21000,500,0.485333,209633,e9b394fcf2a3b61d35b723cebc39a24b8b88a22b9911c59484a749fb3cd0efae
incremental,1,21500,500,0.488458,209637,88fac21b1f847c14630480a6f7322e565b1d69709bc414dadc4bffb5b1fd26f2
incremental,1,22000,500,0.485125,209636,20edeb5a15bbabf0e9e617e034a79af3b4bff9733dff631db30e900288593f2d
incremental,1,22500,500,0.490542,209634,e3ac407b0043aa971eb4b89b4597a2188cd853ccaffb2219a945d4f66c404746
incremental,1,23000,500,0.506875,209639,11aa786e6356e60cbd4037f8116dd7a560f2b27ee65d96b28178ced9b6323ab5
incremental,1,23500,500,0.520000,209632,fdd6f3a189763190931cbb36629b7ef61be694fce24a3ea4ae0c260aaaf45879
incremental,1,24000,500,0.512584,209635,1cfeb87b56484d662094f4ec867a9e887395bb23c825aeb2199ff33d5dd5ae15
incremental,1,24500,500,0.488125,209632,c42f911dd7a5abea0877707df74d9b3f4c07c7036c6b375e8095e93adc9038a3
incremental,1,25000,500,0.488417,209632,c1b3c5c17dda51440a89ca7e9ea58b8b7fc3475efda231defc82ee9dff5e4e19
incremental,1,25500,500,0.496875,209638,08a5d72d35241dacfb6fcd94a1b6222b8927b3be05560aede418aaaf3f1981a7
incremental,1,26000,500,0.512750,209633,a619fdcba4fe875eeddad4de6d15ad95d036d8507f0e7ec194d81a9c974c13ee
incremental,1,26500,500,0.557625,209639,26e54b0d8f9d392d1c3984ceb8ef61b4a8a1af7adc9268bb15320c8ddf68ee4b
incremental,1,27000,500,0.531792,209634,37fc8a2f103f5940fedfcd0cebc0ed5821a3a45db4ddfc2fe8892a53d2e557a2
incremental,1,27500,500,0.544791,209636,14b74b759d2b4be555bcfeb132c58f222bb4104dae7a1fa3ebcfe9a1f093b503
incremental,1,28000,500,0.500708,209637,60299c19ec9dd0f37fce5d7a9648afa71be26c8b4157aa03f06a6818c8390ad6
incremental,1,28500,500,0.529958,209633,c81611c1ad832abfe8056c4482c4ae20c475bc28f623377c7eaae28584d9eb37
incremental,1,29000,500,0.495667,209640,b9eb2deef39bdd4552e2b07b652363185f21f582dac8e0abe76956f42e7b50f8
incremental,1,29500,500,0.524083,209633,5655a888b70b4d1ebcf96e89b75ad8c252106a766b13f68c0c1282974ada166a
incremental,1,30000,500,0.516125,209637,a84cb176de7fd880f2a3981b973b4fccc3d4c7a7f1d6358c2db28b73daa2614c
incremental,1,30500,500,0.637417,209636,0e66aed9e72ff7bfae408600c83c586ff6dd603dfa18f6ae63a3cd6afa35fd18
incremental,1,31000,500,0.567209,209634,3a3c7e9b2533aa9d82742a62e93498de07ae6632dd45ea47a9d3843195a89dd9
incremental,1,31500,500,0.565584,209639,f168edfec2df7b1b8a90ed4d8cc2087750da9ea67e8122d39c22d0ae91a17f00
incremental,1,32000,500,0.502375,209633,58241a5cd81f62fe6231725f00cf1c1cfeba4e683031f3b3e7d1968780e0a5ed
incremental,1,32500,500,0.536542,209638,9bd5d6ec5773160adf1d1e06f11ac3d089abf29143c377041931549f9009f30b
incremental,1,33000,500,0.526250,209635,ee7d51dceaa2aa8ac3b0bd3ebdd0ee33eea8563d73d8087b74cd68bd190cfaac
incremental,1,33500,500,0.492500,209635,19d4fc67366f97f4f1b00f5860bbd9824b7263847b7a467c9e8283cb0875352a
incremental,1,34000,500,0.566875,209638,9b578898b16d7da09de6035e3eb9b2776cea062075c90ba2512f5dbdc765e682
incremental,1,34500,500,0.587833,209633,6e423d295eb8a1c575062a58e3b1b5f6b248f07f047eee5fa1b52e6de4c19d88
incremental,1,35000,500,0.581667,209639,c7165cc13940c2cac8022baa6af3aea7eb4efd61fa46c71b2f0efc5ce44d583b
incremental,1,35500,500,0.548584,209632,82869bac01ab2287f60392622a4267668a6c246e0ffd97b67ca1210d06eaf67e
incremental,1,36000,500,0.572667,209633,3bf1a4dafab8764d5dbb901a55096bcfd2707c0f47f2592d7a60d75ce86da32b
incremental,1,36500,500,0.551583,209634,99db37926ca3bf6301ee1fbd15f946d5ea5873e6117205b8c6d9cb382cdb528d
incremental,1,37000,500,0.533083,209631,096850b58bee359aa61f9731d73624f589755b18630a61dd0df034f38bb984db
incremental,1,37500,500,0.524125,209640,fe2f8277a01a95b266bcb4d9a9b0837a5f6e6fbeb3b9c737faa59922dd551fc6
incremental,1,38000,500,0.518917,209633,671acd1a9be92150445c80b03d2b3514af1233a317cc8c1ea8264986fb7ab66c
incremental,1,38500,500,0.535333,209637,5f13c8419f567b09238d8135cc5b2015509d456c63c96a61bfac5df3ea276e42
incremental,1,39000,500,0.542458,209636,14ed263e476b118109afcc726b3becb612574f157b653fb19048d683480f5618
incremental,1,39500,500,0.554667,209634,509c225594a41969d06d61085ed45f37654a398c2cd830085b2c086e36b486d0
incremental,1,40000,500,0.532125,209639,243af97f27a633777f8a5fedbc3ecca370df67d7560fb61f416ce884c39af39f
incremental,1,40500,500,0.559208,209633,64a43c7f8e1606610726a134ed48d31d773639b815ff015a5ec8d071bf22dded
incremental,1,41000,500,0.496750,209638,a6696a5cd3a23d2dbb2f6702506d82edfaa45d6af3efeaa757eb247a55fe3f6e
incremental,1,41500,500,0.520834,209635,77efe8e3d8405bc53ba46059846e8f80b8a8cf34af8ad15c538007cb66c0d84f
incremental,1,42000,500,0.499875,209635,7eaea122faa229b70864b2bab620b517eb68a300b4d0bf6f9f9868b88f83caf1
incremental,1,42500,500,0.507583,209638,faf269dbd1f4944ae0125aff6a73252c9af3251edd27f8e5e8be946801b0bdcd
incremental,1,43000,500,0.492958,209633,98598cf0527c76c725c72f6a8ed0983dd523e272efe75da80e2e18427bfc1c60
incremental,1,43500,500,0.486709,209639,63347e8aaea68ca43e78ae86a5ca5cda207fe157ac89bb6fd8250c4129df2f70
incremental,1,44000,500,0.568542,209634,842ddb6487e8c8b5725bf1315f13c4c72e6dbe4343ab2e149edc24189c16a9df
incremental,1,44500,500,0.531125,209636,0d332db61773ea7b5187c5dc16138a362b457b4e0a1e8894574f67e6c930f4fb
incremental,1,45000,500,0.515417,209637,0a9502ac03258c2a60b4f07f50147277d2db5c0e7ab49b5ef201927a5d68ba6f
incremental,1,45500,500,1.211375,209633,8bc846162f9c35bce0e913695e0cb4946bf23da52cdb49ea89fc18cd99373b34
incremental,1,46000,500,0.489458,209640,6116417de6c5016a94c16229f6a4253eadb284eba9757c1673c57558bdbf2495
incremental,1,46500,500,0.475500,209633,3f02761a05b43a996615d980213d302219e24cf888188a395b3c2880d7051749
incremental,1,47000,500,0.483541,209637,ce4f20106c679fe71ff532295ec4b1f6e674557eda9b868669e305d423a9a5b2
incremental,1,47500,500,0.529667,209633,5568e14cfb3bd987c71487347d09303bb43174c3db694ee019289f06df2d131e
incremental,1,48000,500,0.553959,209631,f78e89e617fe05cff40f85ed6ed447d7fecb6562abf67f7cc015aea462b6822f
incremental,1,48500,500,0.540292,209636,99c21ffb7c33694256c4594442546c2888dab61519cfe76575cdf23fe012bb19
incremental,1,49000,500,0.589083,209632,59e420c10f97d86cce12e715991611bdcb499743452cf96725716b195e9c2def
incremental,1,49500,500,0.622750,209638,4dc66aeb3b2195b6e47530fa1f559272429181df28b1a832996041fe67ed2fae
incremental,1,50000,500,0.542583,209635,af904fb27df2319d4eed2a3b4e8cf9c61aa02e0a8fc5d58325b7bc5ab62659da
incremental,1,50500,500,0.602917,209635,a48cf5dbd0d4fac582af377a69464661d569ad9fe01b854b4452b10c6d2da116
incremental,1,51000,500,0.617542,209638,d76a78a20e0654748431204316ad6352a2f2b3480a510930ef7dbac3ae8220f5
incremental,1,51500,500,0.598125,209633,8de489a83237aaa36cd88ef063c4de1d3db328bca8659d08839e0f6dc9ffef24
incremental,1,52000,500,0.695417,209639,1cb8209dedae794bd9ca4806b3b3c41ab0d862dc80dc32fc5a30fe887a439ee9
incremental,1,52500,500,0.642458,209634,234d358f6fa46c274e1be1f21352e06b47b880cefea0e9250139cf1c1fea0560
incremental,1,53000,500,0.596958,209636,87e95f6306e89fb2cabe7847bd9f2c7eca323c822375f3d4b8669d3416e833a6
incremental,1,53500,500,0.645500,209637,96852f442dadc30195687f58c06f78ae2c977195184378f8b70f490f98e7a857
incremental,1,54000,500,0.646041,209633,f714596ecdfaa4b15f939b2a8b54d2665aaef93b81ddd573ef97a40292aed6fc
incremental,1,54500,500,0.646625,209640,e3c5d88f0bd1eae4d4d3fbde9886f6d5e088b2c4f1ef437543a76530cc97f83e
incremental,1,55000,500,0.632750,209633,26e8450e9f1fbb13335285bce149029d5a471610733fa1b643961343d2d2b991
incremental,1,55500,500,0.647542,209637,667390768d6a311c2a808ac31285c52374f751d1c8c46d8ae2dff6a24c4a00d8
incremental,1,56000,500,0.609250,209636,c6761ddb2c1842e496a201676cd5554c9b82d0244f667c7b804c18bd58a9b8df
incremental,1,56500,500,0.695041,209634,d4c70a59e52e7c0374a22157c21500926f10ebcba39e756cf8f31d66c9dde520
incremental,1,57000,500,0.670500,209639,20fa64397939e1f2988a75e838428f1abd07be745cca0a57defa37aa4474b4b4
incremental,1,57500,500,0.621416,209633,09b0043b4840893add5e20ad54eb34b79de50a494b06bb6b326e2f45f0aebfd5
incremental,1,58000,500,0.673167,209638,252b30a8f9ca21069312f102667c07cebca7e898537878009b496b203d028af9
incremental,1,58500,500,0.654959,209635,13c2f53adb01e61446cae15890ed40690422452ec802dd4ac4b2654f5c9c516d
incremental,1,59000,500,0.643042,209634,019ea3bc4338221f269ba91108d6e2f64418b09dcd9ff85d0bd57f1acfa632be
incremental,1,59500,500,0.637875,209635,7aa89aab579ac19e2288edd344fd014d8030322c214e8a3a3ec7983c4ff44899
incremental,1,60000,500,0.596209,209630,6f57aa546bfb291bbd9166b8addc302c3ab300f0f450920062cc0015a88d7590
incremental,1,60500,500,0.657917,209636,ac411cb1229e271e05e492745fa0b30a17adf13e514bec7d4c79d7a2a65d6fb1
incremental,1,61000,500,0.594042,209634,ddf921937e85a0db5551b492f29c93a99b8ce299be2fea78723d315ca8ea1372
incremental,1,61500,500,0.643708,209636,dd0f27dbbb3937020832436c475a510097f7914fd1b02ced7142ee3ee404544d
incremental,1,62000,500,0.642750,209637,89764c6d3ac6087d2164f3bb154ce1e27ace556bf174cc220433c687b9721230
incremental,1,62500,500,0.609584,209633,1d5b9ad4f3cda03e10c072780e120a167be4de6b235c73d0c19c4d56fa446784
incremental,1,63000,500,0.606667,209640,762190c19d759951dd66d4ab8c9bca16813a9020cf15d9e63b656ca532e11052
incremental,1,63500,500,0.620459,209633,fd1b51697647eefcd8becc75f49fb95ae2fea7e205ab5ebdf0536c52a53a07cd
incremental,1,64000,500,0.619959,209637,36853d7864440dba3d14516d74696b84b00ec44270c898a8ecfa19bec277b423
incremental,1,64500,500,0.577000,209636,e4c25c01352bda597b1fba5a26efdd7c9f1f3555eb91c4af3d0ca3a3ed28a0a7
incremental,1,65000,500,0.552958,209634,de1100589f9bd8f3d42b641ba55e6a1c56eed974d151a257832f262b4be1f345
incremental,1,65500,500,0.568709,209639,56588d0846643e4f4bb407de130bcbd8e57479f4d1f31fc2599a20e220ca6eb6
incremental,1,66000,500,0.525959,209633,92efdeab4a581d705d4f93485dc09aef72b7a10ebfb72c437b8e6df1f57a38a0
incremental,1,66500,500,0.536041,209638,9d060386b135165a9cccc6f9d6aa24524e44631bf3e7da77d2a8780107d6d0ce
incremental,1,67000,500,0.573542,209635,b210404cbf3a8e1b00253eff00da3748e16bf477e40c25fdfd95ef8a9c3f4fbd
incremental,1,67500,500,0.545166,209635,2800cb99f576d0d5db7288e31b9b173d819a9824355fd0b80c5f95cabcabb10e
incremental,1,68000,500,0.638208,209638,42900f68b0f7b51c107ceb85420ce35b959295bd77c5c4dc94030fa1d696f08e
incremental,1,68500,500,0.636083,209633,349397c996a6233e5cc06bf83c680069afb8c2dcf75cae9e1506c73e0ed971c1
incremental,1,69000,500,0.619667,209639,f1669531b4ed1d5702f0e37e0522c986e0b12011f678b9e172d4b09c3cb6227f
incremental,1,69500,500,0.655417,209634,3c097254d8fbb466c1fc626772d44e79c5c27298f30de94318239b04827b41c8
incremental,1,70000,500,0.644708,209636,28ef373a604386c585716390ebd8c97dfee97af62fe9afe142f9a36f318dcd83
incremental,1,70500,500,0.588625,209637,6e4d46ce62dc948e1af5c29446c0d3ce8c9d401e327a17ee0cb0fd56e01c59b7
incremental,1,71000,500,0.644666,209631,ef28545411c127fda9828059905102cf879365bee9d437321534dfbf5064a1b5
incremental,1,71500,500,0.654833,209637,5427289253e1869a96ff5d7cf62bc5742896d265b4c7863c9888c716a98e10e6
incremental,1,72000,500,0.601000,209630,2eb93e58a0146c9bb2c9c00d9ad3af62575a86b54dac7ac751661b69cc074fd8
incremental,1,72500,500,0.555875,209635,2f8c56baf0f370ef08ec9c6a70bd9e3111c94cf9780f577138931f14c0b9bbf9
incremental,1,73000,500,0.589042,209636,40215609f7df20d88e915e2eecfa26397aede6e68833a4514fb5ae458b8b797a
incremental,1,73500,500,0.579500,209634,c52a565d1a3af778eba6a3e7f3e010ce9d08b1e0c5a7238f9f12427c8d60b576
incremental,1,74000,500,0.597917,209639,c60562f534bc7a8b2f44fbecba7dca4280b5a7fc6cc9f8c71d9ac04c536b2d04
incremental,1,74500,500,0.540625,209633,ef337168f4e1f38c6da9a08883bb170b300a100f451c377885713b0e1b8dcd46
incremental,1,75000,500,0.561833,209638,b34f185cf12561b05f975219500f94f7ce4d49fc10f125d592577f302632d2ef
incremental,1,75500,500,0.577625,209635,f8de30eb2cbd07d1a627f4fd66340cd23afe0f514fa1f84bff14ec94e73786f3
incremental,1,76000,500,0.562875,209635,5cf320844d846d9be37f923a1656c7f87395b729d440061888795c4c740541fa
incremental,1,76500,500,0.553667,209638,c8893166f17307b6139c010d32f129191971fa8edc4591b922ddc98f7b7b5944
incremental,1,77000,500,0.528625,209633,4a9480bef14ed4cd291e10b2a2f97376b889e78b0b50834929bda6f6ae33ba05
incremental,1,77500,500,0.527292,209639,25deb03d04571b6fc100b8eeb1f06084eba7e7666c7bb98e43474bc3b01cc3db
incremental,1,78000,500,0.555583,209634,12c8639446132dadf41caf0312d12de01826021dc9cb0d35c4ded7e6678fea95
incremental,1,78500,500,0.538541,209636,ee0346545dfad10294d270957e1ea555d695244ad0fdbbe9185135ed2d51b878
incremental,1,79000,500,0.543583,209637,570852de30412f9ff284f8d0c45d4e247b505406725e80f173bccbce84281e2a
incremental,1,79500,500,0.546458,209633,2dee584972b00d397b3a0b1de27a2421d08165f30a0860b568ac82a95a21294c
incremental,1,80000,500,0.542541,209640,1efac23511f0f6c2396cbc4c6ae206afcb0e5c4a42f8a8a2152059e7ac8a7ec2
incremental,1,80500,500,0.674959,209633,b12f5d36213f0884c5be76106d31f318ef8bb850a940cd1882ce025547561d2d
incremental,1,81000,500,0.625833,209637,ebdb9cb18aa0bd1b3af324cef21a34291bfb73f251a59e20e0ae1a0d83f52a43
incremental,1,81500,500,0.649583,209636,d699058d188b3acb7c1659a625e1c243c708802b20ca6f5e4f154e91417a82dd
incremental,1,82000,500,0.639166,209634,1d2011b784a52ebffbb7951a6fbf3ea4da83408df02be91a4dbbf8a6529b3a9d
incremental,1,82500,500,0.634750,209639,6dd0220b044b9e9338ec270c292c6fb19b6861d43b375e6e0ee99ad41de5aa9e
incremental,1,83000,500,0.628750,209630,1f0bb52d34e8bb8862be6a74d96796ab45a25cef04f33a1fd56e2be63b64cb40
incremental,1,83500,500,0.628458,209635,2a61e774b1b919de3dc2064907ff336b1dcf39d1a0f2b817f86518fdc25e6fcf
incremental,1,84000,500,0.628500,209632,0835ae1a5ce90d8f57a69792e171fa60d7786076108fff2a88e6881d1748e749
incremental,1,84500,500,0.609458,209634,9bb03245860f7cdb85bd1928617a97cd726a3752e2dab5b4806dbc8097bce102
incremental,1,85000,500,0.594000,209638,51253ff4c2c5d9345988a2b0116036a8e51931ef7fa1a186a092d43ccaf90dfa
incremental,1,85500,500,0.591083,209633,386323703dac0c89e4a01aa695519867c87144842f3428dca9c748ee58695315
incremental,1,86000,500,0.634750,209639,c82212e96cc4e30ead4a2b13288c0523d4e57d16dc41de5e9959075a9dc31420
incremental,1,86500,500,0.573166,209634,24019eb407a15fcae4511fe87bd2b890b70b8dbe0a7f47ba17fbd9d1f432e5e1
incremental,1,87000,500,0.592709,209636,2b59fa12ff9db2867b731e2c20e30b66d50f6c2e5d7ff0c0db9af9af0ccd912a
incremental,1,87500,500,0.608583,209637,ec391fa282bb29849c79a84b7b3137b8d9a95f58e91f207cd5fa013e09ae5c3c
incremental,1,88000,500,0.603417,209633,aecc258f792972288414bed7115a8a42daa74487895bc048a6867738ee9df7cf
incremental,1,88500,500,0.626584,209640,a6788d6809cb2d279a98804ee0009d3df138a9a559c9d4c0a8a8cfca31d02afe
incremental,1,89000,500,0.609333,209633,963f5553dad2fd9d45eafb4dedfd879f42a199906d0b326bd3c3e8ecb7c3592c
incremental,1,89500,500,0.618042,209637,abc2cb568e9921361e73b7a935e85788534d2875593a69dc8176ea6c68900761
incremental,1,90000,500,0.587166,209636,968521a4db6d234933c2663f6c413ecf63bc3dc7b41486cccd9681423ab94287
incremental,1,90500,500,0.523250,209634,86d8e52bf31c076886d6c3e4a6720ed806605d0693884106bb49929072994ff9
incremental,1,91000,500,0.528750,209639,daa1c6126751d07796590a88c16901806f99dc48c8d374626e06c670d930e237
incremental,1,91500,500,0.512958,209633,a0560dc41c88072ec4cdad2d1024fe512a20dd73a3a7272c95785170e7d7aefb
incremental,1,92000,500,0.504500,209638,3ed103eb35cdc207a978249abeaabcf6d7fe7ef2791c84dd11673f3f5fbb7f6d
incremental,1,92500,500,0.494416,209635,d18a5797144c8b385659dc9c2fc1926b2b2cb40d1f4d16c07b7acd221603f70d
incremental,1,93000,500,0.499042,209635,0a1b766e4c56f71f2e984bfae577778e683a193f3a237466d73ec8c0ced6b739
incremental,1,93500,500,0.493875,209638,5c4dc73b88a0fb1ee177c19ff9ff1a4cacbaf4832b12750b4f28eab5fc2a4d2f
incremental,1,94000,500,0.511625,209633,6b334999be9a3e505dca7d1a8fced8464e6f53c344d901805e841af298820f61
incremental,1,94500,500,0.503000,209638,aecd453c0103e5493af9066db3f1de9183af3caf5c0ee3417670c388cf8150cd
incremental,1,95000,500,0.498417,209631,57b49dc6aa36ef54af89058feee27542be62dacc30138ca08642f146ea2e5506
incremental,1,95500,500,0.501333,209633,51d10c3a5b45ede6e843a9188b7badffad8cf7498fcd9e5efd1c1797b9928e3a
incremental,1,96000,500,0.504125,209634,00b9cbf0360d16c6cf2139ef561c5d695abf62653a8d36d023fe703ad699e75a
incremental,1,96500,500,0.489000,209633,42b21715fc3384d3e7b6bbf046152bbdad0b3ddcdc08eb3a08755399b5903406
incremental,1,97000,500,0.489916,209640,f145f67cf60fde0d9a95b0e7512d4f46c6236b37b38cd8b3369136e437915915
incremental,1,97500,500,0.490084,209633,e7c94c9482c53e9bcb1723892ed8e61b892e123d34e3ba7a74479e11c0015889
incremental,1,98000,500,0.483209,209637,257e4fe6c6ae7d0df50783f55ed936c66f42016d176e43770c9da88439e43a3a
incremental,1,98500,500,0.492875,209636,725df59d14a5606798540628ea6da936aa2571b6266ff4143d260b203e02aaae
incremental,1,99000,500,0.543333,209634,b809e6661de18c37e963cf4007d2e27e16e7850908d7912e61b4cb0e7011bf29
incremental,1,99500,500,0.544917,209639,da482c1cdcc091469bf99bef69c33cf05b6c4021195da4df7a4f5ea97172eef0
prefix,1,0,500,571.909833,210136,d4e14b1d8ed4e7d8ee73fc2b3c884b256abce40afe03942a90a3df26fdbbac1d
prefix,1,500,1000,572.409375,420266,4b1bb48ea4d158574e5e03fa763dadec1ab99e397be347b0f6ad0dc2083b117f
prefix,1,1000,1500,573.409458,630402,e45e6848c41244392933af5c5d31bcd5842697875f75ee067f467ef30f7eac6c
prefix,1,1500,2000,678.436291,840534,ed3288fad6b931493667e1005a66729bc59533774b7cbc533b243adaa721e2b9
prefix,1,2000,2500,582.224958,1050670,0155b54d5d1bf3d22f98a03762885b884d31ffa1b476bba7475af823a55dff23
prefix,1,2500,3000,557.619583,1260807,275453b5cd8d085ed69fea2f1b235655d603edbec66b5df33ad2758790154732
prefix,1,3000,3500,564.664167,1470940,c701bdefdda24981b3e595820df1b74bacb4714822e9f37afb64efe5d14b2e8b
prefix,1,3500,4000,545.334541,1681080,dbbb7d063c38d1f6e217e573f49a0022cc4256fc2ea0b10209d113fe1db99b7b
prefix,1,4000,4500,547.226375,1891213,55a426835ccda0c708c6e07b91fe15126e48f2dda06f425bb14543248a781d67
prefix,1,4500,5000,545.385041,2101350,06abb1ec7826656fddc79d4652b0c7743736231896a5a2c025ef65a6f94cae34
prefix,1,5000,5500,539.345167,2311486,272c36e29f68f588fb3b27246e496d91cc331fcd3e5c878b85b05dfa98b6ace5
prefix,1,5500,6000,603.947416,2521620,8db3e8577a3cc6d6240abfa2f849745a1e773f152a1271d345f0fe16bd255b8a
prefix,1,6000,6500,542.488250,2731759,8df35d334564270e2c7f2120580cd7e7be1d4d7bd903efb1e103a41e9876deff
prefix,1,6500,7000,549.459917,2941892,096232c0673c8f44a843dc50283f82ce2f1f1b83af92f8a184386ddd84dae119
prefix,1,7000,7500,558.784292,3152030,dc3a8cdf1e2705c351f44b0efe2ae237368b912f3b23bce0fac94e13600b2823
prefix,1,7500,8000,543.807167,3362165,9838f7a0c4564f148b90f9afda02d8ab7eb634388c1865fa9e4babea1b5b8f6d
prefix,1,8000,8500,557.066666,3572300,e44b994dc417da3bd06235a486e9e9d43d000313cab4e22f2efe4c59b153ce8c
prefix,1,8500,9000,552.402541,3782438,f009468644b24a1fb4cd190fa97c1ed26200e096225266c57e1e033bf434dcd5
prefix,1,9000,9500,560.719167,3992571,877f4f1a84262c9eef376e56687254fc53fe134a270ec981c7a1d1e869c0a024
prefix,1,9500,10000,562.532791,4202710,7fcd77f6c2fb1399ac4e4edc85ab1169b39b4a44a0c8a7337cbec209036736b4
prefix,1,10000,10500,609.558334,4412844,7ff987e5e86cc30c58310b12a7fdfe445ee5ee279a9064140e9d5c3fa00af2da
prefix,1,10500,11000,564.925916,4622980,0037c8c215b858d5946e24d7f92073867714f84f22b0b1161bc1b5b127470f79
prefix,1,11000,11500,559.914958,4833117,66f2839d2b71d33c174a9f95de7f0b2014b041e8f2c70db9223090e42659a703
prefix,1,11500,12000,557.473000,5043250,6c5b30010d2d1944c9f1ba1ea50513d1848b8a0de85d6b61d467d3998c74b18d
prefix,1,12000,12500,563.349500,5253387,ce4067c7eb1e095bd83db812106b750acaf2f6143fae8b6e8bfa1494f33d026c
prefix,1,12500,13000,567.640666,5463517,487c81d8cb33694209f5aae3376e35d5eb8f71d58f36b0f4f45aa2057d64cc6c
prefix,1,13000,13500,559.546500,5673651,a4ac545c555673816ef8f084669ca0b52938950b4460b28ffde091531796fc52
prefix,1,13500,14000,567.311916,5883786,6049b62e647ce20f5e9b5b1555b4eff26a0bcc583f1f42b52fdb81bb11502d31
prefix,1,14000,14500,554.505042,6093920,ae6f3e638a8f56d42f8d4692e407ecc7cb887eaeeb9e4f2b8ce4655422ae09b7
prefix,1,14500,15000,577.919292,6304059,26753358685cb0725a7e80c4205618256e7328c446275e1c4f370381761155fc
prefix,1,15000,15500,601.780208,6514192,436277cfe1ee0a086d74bc60c8b6450ab8928a3ac017f99ce85f683312587dc8
prefix,1,15500,16000,594.495125,6724330,df298c3d44b2e5364576d76166bc490acba034f3b5e142df91dd5b06946fc119
prefix,1,16000,16500,630.768625,6934465,63c6d10dae28a800110ec216c908642ac194522ae9b0e0cb8a258988ce6a56dd
prefix,1,16500,17000,635.938375,7144600,f0d0af008ff4b53fc3142cbcf9e306f0a8d5b50fa4d491455d45708b4fd78c76
prefix,1,17000,17500,739.198875,7354738,627f551449f69c67a2fd3ac321499699ff8913b87bd897ee25fcfd84f21a2bac
prefix,1,17500,18000,615.076000,7564871,02f7910bd3c0ab3e1b1954310b1b1ba962abc19ae5930e5e5582590561847540
prefix,1,18000,18500,591.201750,7775010,e9738d22241c9b49568e8358a05feda416a26f8a1b10dcee908c0a6d5f61189e
prefix,1,18500,19000,591.409333,7985144,bcfe9c111b11c2770aa10b17f4f4380379864570016fe9d3a76a24cc879feb73
prefix,1,19000,19500,573.126417,8195280,04fa3159f1822a6ee25e065294645d7ba5bc33bcae0c10f88d7dcc6e1c271382
prefix,1,19500,20000,565.218125,8405417,fc32d7d7cce353388a76a6a86c23fe4246dcb92455731c32cc21ba119e959120
prefix,1,20000,20500,581.073791,8615051,1a08b34ed9bbd1d050150c7498cd202305ef3888e2c8d29e53e3fdb0320b1a53
prefix,1,20500,21000,622.350459,8824691,dde71584504df3dcc447b44562bffb31d7c2698c651bb7f9205e1b1475e3558d
prefix,1,21000,21500,597.602875,9034324,e9b394fcf2a3b61d35b723cebc39a24b8b88a22b9911c59484a749fb3cd0efae
prefix,1,21500,22000,635.168541,9243961,88fac21b1f847c14630480a6f7322e565b1d69709bc414dadc4bffb5b1fd26f2
prefix,1,22000,22500,610.579542,9453597,20edeb5a15bbabf0e9e617e034a79af3b4bff9733dff631db30e900288593f2d
prefix,1,22500,23000,572.987667,9663231,e3ac407b0043aa971eb4b89b4597a2188cd853ccaffb2219a945d4f66c404746
prefix,1,23000,23500,593.880958,9872870,11aa786e6356e60cbd4037f8116dd7a560f2b27ee65d96b28178ced9b6323ab5
prefix,1,23500,24000,606.492416,10082502,fdd6f3a189763190931cbb36629b7ef61be694fce24a3ea4ae0c260aaaf45879
prefix,1,24000,24500,634.661959,10292137,1cfeb87b56484d662094f4ec867a9e887395bb23c825aeb2199ff33d5dd5ae15
prefix,1,24500,25000,622.124083,10501769,c42f911dd7a5abea0877707df74d9b3f4c07c7036c6b375e8095e93adc9038a3
prefix,1,25000,25500,586.851917,10711401,c1b3c5c17dda51440a89ca7e9ea58b8b7fc3475efda231defc82ee9dff5e4e19
prefix,1,25500,26000,579.656625,10921039,08a5d72d35241dacfb6fcd94a1b6222b8927b3be05560aede418aaaf3f1981a7
prefix,1,26000,26500,581.169167,11130672,a619fdcba4fe875eeddad4de6d15ad95d036d8507f0e7ec194d81a9c974c13ee
prefix,1,26500,27000,579.178292,11340311,26e54b0d8f9d392d1c3984ceb8ef61b4a8a1af7adc9268bb15320c8ddf68ee4b
prefix,1,27000,27500,579.876792,11549945,37fc8a2f103f5940fedfcd0cebc0ed5821a3a45db4ddfc2fe8892a53d2e557a2
prefix,1,27500,28000,595.330708,11759581,14b74b759d2b4be555bcfeb132c58f222bb4104dae7a1fa3ebcfe9a1f093b503
prefix,1,28000,28500,630.794417,11969218,60299c19ec9dd0f37fce5d7a9648afa71be26c8b4157aa03f06a6818c8390ad6
prefix,1,28500,29000,592.122500,12178851,c81611c1ad832abfe8056c4482c4ae20c475bc28f623377c7eaae28584d9eb37
prefix,1,29000,29500,577.167791,12388491,b9eb2deef39bdd4552e2b07b652363185f21f582dac8e0abe76956f42e7b50f8
prefix,1,29500,30000,583.763125,12598124,5655a888b70b4d1ebcf96e89b75ad8c252106a766b13f68c0c1282974ada166a
prefix,1,30000,30500,620.167041,12807761,a84cb176de7fd880f2a3981b973b4fccc3d4c7a7f1d6358c2db28b73daa2614c
prefix,1,30500,31000,579.390500,13017397,0e66aed9e72ff7bfae408600c83c586ff6dd603dfa18f6ae63a3cd6afa35fd18
prefix,1,31000,31500,587.267750,13227031,3a3c7e9b2533aa9d82742a62e93498de07ae6632dd45ea47a9d3843195a89dd9
prefix,1,31500,32000,623.099625,13436670,f168edfec2df7b1b8a90ed4d8cc2087750da9ea67e8122d39c22d0ae91a17f00
prefix,1,32000,32500,624.018042,13646303,58241a5cd81f62fe6231725f00cf1c1cfeba4e683031f3b3e7d1968780e0a5ed
prefix,1,32500,33000,625.319334,13855941,9bd5d6ec5773160adf1d1e06f11ac3d089abf29143c377041931549f9009f30b
prefix,1,33000,33500,662.142333,14065576,ee7d51dceaa2aa8ac3b0bd3ebdd0ee33eea8563d73d8087b74cd68bd190cfaac
prefix,1,33500,34000,633.640875,14275211,19d4fc67366f97f4f1b00f5860bbd9824b7263847b7a467c9e8283cb0875352a
prefix,1,34000,34500,636.602666,14484849,9b578898b16d7da09de6035e3eb9b2776cea062075c90ba2512f5dbdc765e682
prefix,1,34500,35000,632.632125,14694482,6e423d295eb8a1c575062a58e3b1b5f6b248f07f047eee5fa1b52e6de4c19d88
prefix,1,35000,35500,633.867708,14904121,c7165cc13940c2cac8022baa6af3aea7eb4efd61fa46c71b2f0efc5ce44d583b
prefix,1,35500,36000,638.698417,15113753,82869bac01ab2287f60392622a4267668a6c246e0ffd97b67ca1210d06eaf67e
prefix,1,36000,36500,634.715542,15323386,3bf1a4dafab8764d5dbb901a55096bcfd2707c0f47f2592d7a60d75ce86da32b
prefix,1,36500,37000,742.193750,15533020,99db37926ca3bf6301ee1fbd15f946d5ea5873e6117205b8c6d9cb382cdb528d
prefix,1,37000,37500,678.515042,15742651,096850b58bee359aa61f9731d73624f589755b18630a61dd0df034f38bb984db
prefix,1,37500,38000,645.702292,15952291,fe2f8277a01a95b266bcb4d9a9b0837a5f6e6fbeb3b9c737faa59922dd551fc6
prefix,1,38000,38500,647.633709,16161924,671acd1a9be92150445c80b03d2b3514af1233a317cc8c1ea8264986fb7ab66c
prefix,1,38500,39000,644.931750,16371561,5f13c8419f567b09238d8135cc5b2015509d456c63c96a61bfac5df3ea276e42
prefix,1,39000,39500,638.499000,16581197,14ed263e476b118109afcc726b3becb612574f157b653fb19048d683480f5618
prefix,1,39500,40000,659.126125,16790831,509c225594a41969d06d61085ed45f37654a398c2cd830085b2c086e36b486d0
prefix,1,40000,40500,670.845583,17000470,243af97f27a633777f8a5fedbc3ecca370df67d7560fb61f416ce884c39af39f
prefix,1,40500,41000,706.078375,17210103,64a43c7f8e1606610726a134ed48d31d773639b815ff015a5ec8d071bf22dded
prefix,1,41000,41500,670.514334,17419741,a6696a5cd3a23d2dbb2f6702506d82edfaa45d6af3efeaa757eb247a55fe3f6e
prefix,1,41500,42000,680.813125,17629376,77efe8e3d8405bc53ba46059846e8f80b8a8cf34af8ad15c538007cb66c0d84f
prefix,1,42000,42500,657.518625,17839011,7eaea122faa229b70864b2bab620b517eb68a300b4d0bf6f9f9868b88f83caf1
prefix,1,42500,43000,718.364000,18048649,faf269dbd1f4944ae0125aff6a73252c9af3251edd27f8e5e8be946801b0bdcd
prefix,1,43000,43500,692.213041,18258282,98598cf0527c76c725c72f6a8ed0983dd523e272efe75da80e2e18427bfc1c60
prefix,1,43500,44000,625.793000,18467921,63347e8aaea68ca43e78ae86a5ca5cda207fe157ac89bb6fd8250c4129df2f70
prefix,1,44000,44500,630.403792,18677555,842ddb6487e8c8b5725bf1315f13c4c72e6dbe4343ab2e149edc24189c16a9df
prefix,1,44500,45000,674.103250,18887191,0d332db61773ea7b5187c5dc16138a362b457b4e0a1e8894574f67e6c930f4fb
prefix,1,45000,45500,649.874917,19096828,0a9502ac03258c2a60b4f07f50147277d2db5c0e7ab49b5ef201927a5d68ba6f
prefix,1,45500,46000,631.975750,19306461,8bc846162f9c35bce0e913695e0cb4946bf23da52cdb49ea89fc18cd99373b34
prefix,1,46000,46500,655.289292,19516101,6116417de6c5016a94c16229f6a4253eadb284eba9757c1673c57558bdbf2495
prefix,1,46500,47000,658.919083,19725734,3f02761a05b43a996615d980213d302219e24cf888188a395b3c2880d7051749
prefix,1,47000,47500,620.954792,19935371,ce4f20106c679fe71ff532295ec4b1f6e674557eda9b868669e305d423a9a5b2
prefix,1,47500,48000,653.313792,20145004,5568e14cfb3bd987c71487347d09303bb43174c3db694ee019289f06df2d131e
prefix,1,48000,48500,697.640125,20354635,f78e89e617fe05cff40f85ed6ed447d7fecb6562abf67f7cc015aea462b6822f
prefix,1,48500,49000,687.905083,20564271,99c21ffb7c33694256c4594442546c2888dab61519cfe76575cdf23fe012bb19
prefix,1,49000,49500,628.107083,20773903,59e420c10f97d86cce12e715991611bdcb499743452cf96725716b195e9c2def
prefix,1,49500,50000,622.491000,20983541,4dc66aeb3b2195b6e47530fa1f559272429181df28b1a832996041fe67ed2fae
prefix,1,50000,50500,643.258000,21193176,af904fb27df2319d4eed2a3b4e8cf9c61aa02e0a8fc5d58325b7bc5ab62659da
prefix,1,50500,51000,635.939667,21402811,a48cf5dbd0d4fac582af377a69464661d569ad9fe01b854b4452b10c6d2da116
prefix,1,51000,51500,631.405083,21612449,d76a78a20e0654748431204316ad6352a2f2b3480a510930ef7dbac3ae8220f5
prefix,1,51500,52000,635.417834,21822082,8de489a83237aaa36cd88ef063c4de1d3db328bca8659d08839e0f6dc9ffef24
prefix,1,52000,52500,635.037875,22031721,1cb8209dedae794bd9ca4806b3b3c41ab0d862dc80dc32fc5a30fe887a439ee9
prefix,1,52500,53000,632.105500,22241355,234d358f6fa46c274e1be1f21352e06b47b880cefea0e9250139cf1c1fea0560
prefix,1,53000,53500,658.945458,22450991,87e95f6306e89fb2cabe7847bd9f2c7eca323c822375f3d4b8669d3416e833a6
prefix,1,53500,54000,640.863542,22660628,96852f442dadc30195687f58c06f78ae2c977195184378f8b70f490f98e7a857
prefix,1,54000,54500,636.852750,22870261,f714596ecdfaa4b15f939b2a8b54d2665aaef93b81ddd573ef97a40292aed6fc
prefix,1,54500,55000,661.841292,23079901,e3c5d88f0bd1eae4d4d3fbde9886f6d5e088b2c4f1ef437543a76530cc97f83e
prefix,1,55000,55500,671.209916,23289534,26e8450e9f1fbb13335285bce149029d5a471610733fa1b643961343d2d2b991
prefix,1,55500,56000,635.779958,23499171,667390768d6a311c2a808ac31285c52374f751d1c8c46d8ae2dff6a24c4a00d8
prefix,1,56000,56500,633.841625,23708807,c6761ddb2c1842e496a201676cd5554c9b82d0244f667c7b804c18bd58a9b8df
prefix,1,56500,57000,651.490500,23918441,d4c70a59e52e7c0374a22157c21500926f10ebcba39e756cf8f31d66c9dde520
prefix,1,57000,57500,686.250959,24128080,20fa64397939e1f2988a75e838428f1abd07be745cca0a57defa37aa4474b4b4
prefix,1,57500,58000,704.402292,24337713,09b0043b4840893add5e20ad54eb34b79de50a494b06bb6b326e2f45f0aebfd5
prefix,1,58000,58500,680.027333,24547351,252b30a8f9ca21069312f102667c07cebca7e898537878009b496b203d028af9
prefix,1,58500,59000,655.553959,24756986,13c2f53adb01e61446cae15890ed40690422452ec802dd4ac4b2654f5c9c516d
prefix,1,59000,59500,648.464125,24966620,019ea3bc4338221f269ba91108d6e2f64418b09dcd9ff85d0bd57f1acfa632be
prefix,1,59500,60000,645.916542,25176255,7aa89aab579ac19e2288edd344fd014d8030322c214e8a3a3ec7983c4ff44899
prefix,1,60000,60500,663.022042,25385885,6f57aa546bfb291bbd9166b8addc302c3ab300f0f450920062cc0015a88d7590
prefix,1,60500,61000,710.126292,25595521,ac411cb1229e271e05e492745fa0b30a17adf13e514bec7d4c79d7a2a65d6fb1
prefix,1,61000,61500,687.050834,25805155,ddf921937e85a0db5551b492f29c93a99b8ce299be2fea78723d315ca8ea1372
prefix,1,61500,62000,664.657167,26014791,dd0f27dbbb3937020832436c475a510097f7914fd1b02ced7142ee3ee404544d
prefix,1,62000,62500,651.184583,26224428,89764c6d3ac6087d2164f3bb154ce1e27ace556bf174cc220433c687b9721230
prefix,1,62500,63000,677.344958,26434061,1d5b9ad4f3cda03e10c072780e120a167be4de6b235c73d0c19c4d56fa446784
prefix,1,63000,63500,662.760208,26643701,762190c19d759951dd66d4ab8c9bca16813a9020cf15d9e63b656ca532e11052
prefix,1,63500,64000,651.378250,26853334,fd1b51697647eefcd8becc75f49fb95ae2fea7e205ab5ebdf0536c52a53a07cd
prefix,1,64000,64500,643.457458,27062971,36853d7864440dba3d14516d74696b84b00ec44270c898a8ecfa19bec277b423
prefix,1,64500,65000,651.831416,27272607,e4c25c01352bda597b1fba5a26efdd7c9f1f3555eb91c4af3d0ca3a3ed28a0a7
prefix,1,65000,65500,661.322167,27482241,de1100589f9bd8f3d42b641ba55e6a1c56eed974d151a257832f262b4be1f345
prefix,1,65500,66000,671.909000,27691880,56588d0846643e4f4bb407de130bcbd8e57479f4d1f31fc2599a20e220ca6eb6
prefix,1,66000,66500,716.143125,27901513,92efdeab4a581d705d4f93485dc09aef72b7a10ebfb72c437b8e6df1f57a38a0
prefix,1,66500,67000,703.949875,28111151,9d060386b135165a9cccc6f9d6aa24524e44631bf3e7da77d2a8780107d6d0ce
prefix,1,67000,67500,666.011666,28320786,b210404cbf3a8e1b00253eff00da3748e16bf477e40c25fdfd95ef8a9c3f4fbd
prefix,1,67500,68000,659.330000,28530421,2800cb99f576d0d5db7288e31b9b173d819a9824355fd0b80c5f95cabcabb10e
prefix,1,68000,68500,666.507416,28740059,42900f68b0f7b51c107ceb85420ce35b959295bd77c5c4dc94030fa1d696f08e
prefix,1,68500,69000,670.461375,28949692,349397c996a6233e5cc06bf83c680069afb8c2dcf75cae9e1506c73e0ed971c1
prefix,1,69000,69500,663.904375,29159331,f1669531b4ed1d5702f0e37e0522c986e0b12011f678b9e172d4b09c3cb6227f
prefix,1,69500,70000,664.889334,29368965,3c097254d8fbb466c1fc626772d44e79c5c27298f30de94318239b04827b41c8
prefix,1,70000,70500,668.396416,29578601,28ef373a604386c585716390ebd8c97dfee97af62fe9afe142f9a36f318dcd83
prefix,1,70500,71000,674.699375,29788238,6e4d46ce62dc948e1af5c29446c0d3ce8c9d401e327a17ee0cb0fd56e01c59b7
prefix,1,71000,71500,672.274917,29997869,ef28545411c127fda9828059905102cf879365bee9d437321534dfbf5064a1b5
prefix,1,71500,72000,662.532000,30207506,5427289253e1869a96ff5d7cf62bc5742896d265b4c7863c9888c716a98e10e6
prefix,1,72000,72500,676.139208,30417136,2eb93e58a0146c9bb2c9c00d9ad3af62575a86b54dac7ac751661b69cc074fd8
prefix,1,72500,73000,706.704125,30626771,2f8c56baf0f370ef08ec9c6a70bd9e3111c94cf9780f577138931f14c0b9bbf9
prefix,1,73000,73500,683.790875,30836407,40215609f7df20d88e915e2eecfa26397aede6e68833a4514fb5ae458b8b797a
prefix,1,73500,74000,690.480875,31046041,c52a565d1a3af778eba6a3e7f3e010ce9d08b1e0c5a7238f9f12427c8d60b576
prefix,1,74000,74500,700.223292,31255680,c60562f534bc7a8b2f44fbecba7dca4280b5a7fc6cc9f8c71d9ac04c536b2d04
prefix,1,74500,75000,700.611916,31465313,ef337168f4e1f38c6da9a08883bb170b300a100f451c377885713b0e1b8dcd46
prefix,1,75000,75500,674.719542,31674951,b34f185cf12561b05f975219500f94f7ce4d49fc10f125d592577f302632d2ef
prefix,1,75500,76000,691.545375,31884586,f8de30eb2cbd07d1a627f4fd66340cd23afe0f514fa1f84bff14ec94e73786f3
prefix,1,76000,76500,708.051459,32094221,5cf320844d846d9be37f923a1656c7f87395b729d440061888795c4c740541fa
prefix,1,76500,77000,673.741833,32303859,c8893166f17307b6139c010d32f129191971fa8edc4591b922ddc98f7b7b5944
prefix,1,77000,77500,671.313917,32513492,4a9480bef14ed4cd291e10b2a2f97376b889e78b0b50834929bda6f6ae33ba05
prefix,1,77500,78000,668.869000,32723131,25deb03d04571b6fc100b8eeb1f06084eba7e7666c7bb98e43474bc3b01cc3db
prefix,1,78000,78500,690.968084,32932765,12c8639446132dadf41caf0312d12de01826021dc9cb0d35c4ded7e6678fea95
prefix,1,78500,79000,705.847875,33142401,ee0346545dfad10294d270957e1ea555d695244ad0fdbbe9185135ed2d51b878
prefix,1,79000,79500,674.166000,33352038,570852de30412f9ff284f8d0c45d4e247b505406725e80f173bccbce84281e2a
prefix,1,79500,80000,686.119250,33561671,2dee584972b00d397b3a0b1de27a2421d08165f30a0860b568ac82a95a21294c
prefix,1,80000,80500,672.000250,33771311,1efac23511f0f6c2396cbc4c6ae206afcb0e5c4a42f8a8a2152059e7ac8a7ec2
prefix,1,80500,81000,670.711084,33980944,b12f5d36213f0884c5be76106d31f318ef8bb850a940cd1882ce025547561d2d
prefix,1,81000,81500,683.726791,34190581,ebdb9cb18aa0bd1b3af324cef21a34291bfb73f251a59e20e0ae1a0d83f52a43
prefix,1,81500,82000,684.265041,34400217,d699058d188b3acb7c1659a625e1c243c708802b20ca6f5e4f154e91417a82dd
prefix,1,82000,82500,684.694625,34609851,1d2011b784a52ebffbb7951a6fbf3ea4da83408df02be91a4dbbf8a6529b3a9d
prefix,1,82500,83000,688.467958,34819490,6dd0220b044b9e9338ec270c292c6fb19b6861d43b375e6e0ee99ad41de5aa9e
prefix,1,83000,83500,705.849083,35029120,1f0bb52d34e8bb8862be6a74d96796ab45a25cef04f33a1fd56e2be63b64cb40
prefix,1,83500,84000,766.642958,35238755,2a61e774b1b919de3dc2064907ff336b1dcf39d1a0f2b817f86518fdc25e6fcf
prefix,1,84000,84500,707.759625,35448387,0835ae1a5ce90d8f57a69792e171fa60d7786076108fff2a88e6881d1748e749
prefix,1,84500,85000,690.896541,35658021,9bb03245860f7cdb85bd1928617a97cd726a3752e2dab5b4806dbc8097bce102
prefix,1,85000,85500,686.813375,35867659,51253ff4c2c5d9345988a2b0116036a8e51931ef7fa1a186a092d43ccaf90dfa
prefix,1,85500,86000,685.851583,36077292,386323703dac0c89e4a01aa695519867c87144842f3428dca9c748ee58695315
prefix,1,86000,86500,736.819208,36286931,c82212e96cc4e30ead4a2b13288c0523d4e57d16dc41de5e9959075a9dc31420
prefix,1,86500,87000,702.979417,36496565,24019eb407a15fcae4511fe87bd2b890b70b8dbe0a7f47ba17fbd9d1f432e5e1
prefix,1,87000,87500,713.373084,36706201,2b59fa12ff9db2867b731e2c20e30b66d50f6c2e5d7ff0c0db9af9af0ccd912a
prefix,1,87500,88000,725.753333,36915838,ec391fa282bb29849c79a84b7b3137b8d9a95f58e91f207cd5fa013e09ae5c3c
prefix,1,88000,88500,688.395709,37125471,aecc258f792972288414bed7115a8a42daa74487895bc048a6867738ee9df7cf
prefix,1,88500,89000,694.845042,37335111,a6788d6809cb2d279a98804ee0009d3df138a9a559c9d4c0a8a8cfca31d02afe
prefix,1,89000,89500,696.138292,37544744,963f5553dad2fd9d45eafb4dedfd879f42a199906d0b326bd3c3e8ecb7c3592c
prefix,1,89500,90000,740.307958,37754381,abc2cb568e9921361e73b7a935e85788534d2875593a69dc8176ea6c68900761
prefix,1,90000,90500,706.314666,37964017,968521a4db6d234933c2663f6c413ecf63bc3dc7b41486cccd9681423ab94287
prefix,1,90500,91000,701.280416,38173651,86d8e52bf31c076886d6c3e4a6720ed806605d0693884106bb49929072994ff9
prefix,1,91000,91500,699.839083,38383290,daa1c6126751d07796590a88c16901806f99dc48c8d374626e06c670d930e237
prefix,1,91500,92000,702.064084,38592923,a0560dc41c88072ec4cdad2d1024fe512a20dd73a3a7272c95785170e7d7aefb
prefix,1,92000,92500,713.207583,38802561,3ed103eb35cdc207a978249abeaabcf6d7fe7ef2791c84dd11673f3f5fbb7f6d
prefix,1,92500,93000,769.372417,39012196,d18a5797144c8b385659dc9c2fc1926b2b2cb40d1f4d16c07b7acd221603f70d
prefix,1,93000,93500,719.631458,39221831,0a1b766e4c56f71f2e984bfae577778e683a193f3a237466d73ec8c0ced6b739
prefix,1,93500,94000,744.000416,39431469,5c4dc73b88a0fb1ee177c19ff9ff1a4cacbaf4832b12750b4f28eab5fc2a4d2f
prefix,1,94000,94500,699.286292,39641102,6b334999be9a3e505dca7d1a8fced8464e6f53c344d901805e841af298820f61
prefix,1,94500,95000,703.713334,39850740,aecd453c0103e5493af9066db3f1de9183af3caf5c0ee3417670c388cf8150cd
prefix,1,95000,95500,708.499875,40060371,57b49dc6aa36ef54af89058feee27542be62dacc30138ca08642f146ea2e5506
prefix,1,95500,96000,760.767500,40270004,51d10c3a5b45ede6e843a9188b7badffad8cf7498fcd9e5efd1c1797b9928e3a
prefix,1,96000,96500,700.493000,40479638,00b9cbf0360d16c6cf2139ef561c5d695abf62653a8d36d023fe703ad699e75a
prefix,1,96500,97000,702.599125,40689271,42b21715fc3384d3e7b6bbf046152bbdad0b3ddcdc08eb3a08755399b5903406
prefix,1,97000,97500,704.079959,40898911,f145f67cf60fde0d9a95b0e7512d4f46c6236b37b38cd8b3369136e437915915
prefix,1,97500,98000,719.093584,41108544,e7c94c9482c53e9bcb1723892ed8e61b892e123d34e3ba7a74479e11c0015889
prefix,1,98000,98500,717.076042,41318181,257e4fe6c6ae7d0df50783f55ed936c66f42016d176e43770c9da88439e43a3a
prefix,1,98500,99000,708.294458,41527817,725df59d14a5606798540628ea6da936aa2571b6266ff4143d260b203e02aaae
prefix,1,99000,99500,703.153333,41737451,b809e6661de18c37e963cf4007d2e27e16e7850908d7912e61b4cb0e7011bf29
prefix,1,99500,100000,710.686667,41947090,da482c1cdcc091469bf99bef69c33cf05b6c4021195da4df7a4f5ea97172eef0
prefix,2,0,500,550.573916,210136,d4e14b1d8ed4e7d8ee73fc2b3c884b256abce40afe03942a90a3df26fdbbac1d
prefix,2,500,1000,547.082333,420266,4b1bb48ea4d158574e5e03fa763dadec1ab99e397be347b0f6ad0dc2083b117f
prefix,2,1000,1500,606.603583,630402,e45e6848c41244392933af5c5d31bcd5842697875f75ee067f467ef30f7eac6c
prefix,2,1500,2000,555.918083,840534,ed3288fad6b931493667e1005a66729bc59533774b7cbc533b243adaa721e2b9
prefix,2,2000,2500,546.795459,1050670,0155b54d5d1bf3d22f98a03762885b884d31ffa1b476bba7475af823a55dff23
prefix,2,2500,3000,546.724625,1260807,275453b5cd8d085ed69fea2f1b235655d603edbec66b5df33ad2758790154732
prefix,2,3000,3500,548.150875,1470940,c701bdefdda24981b3e595820df1b74bacb4714822e9f37afb64efe5d14b2e8b
prefix,2,3500,4000,579.318250,1681080,dbbb7d063c38d1f6e217e573f49a0022cc4256fc2ea0b10209d113fe1db99b7b
prefix,2,4000,4500,559.748875,1891213,55a426835ccda0c708c6e07b91fe15126e48f2dda06f425bb14543248a781d67
prefix,2,4500,5000,553.758833,2101350,06abb1ec7826656fddc79d4652b0c7743736231896a5a2c025ef65a6f94cae34
prefix,2,5000,5500,552.912042,2311486,272c36e29f68f588fb3b27246e496d91cc331fcd3e5c878b85b05dfa98b6ace5
prefix,2,5500,6000,552.315458,2521620,8db3e8577a3cc6d6240abfa2f849745a1e773f152a1271d345f0fe16bd255b8a
prefix,2,6000,6500,550.238584,2731759,8df35d334564270e2c7f2120580cd7e7be1d4d7bd903efb1e103a41e9876deff
prefix,2,6500,7000,554.661875,2941892,096232c0673c8f44a843dc50283f82ce2f1f1b83af92f8a184386ddd84dae119
prefix,2,7000,7500,555.288625,3152030,dc3a8cdf1e2705c351f44b0efe2ae237368b912f3b23bce0fac94e13600b2823
prefix,2,7500,8000,552.918000,3362165,9838f7a0c4564f148b90f9afda02d8ab7eb634388c1865fa9e4babea1b5b8f6d
prefix,2,8000,8500,562.521250,3572300,e44b994dc417da3bd06235a486e9e9d43d000313cab4e22f2efe4c59b153ce8c
prefix,2,8500,9000,617.909834,3782438,f009468644b24a1fb4cd190fa97c1ed26200e096225266c57e1e033bf434dcd5
prefix,2,9000,9500,571.823708,3992571,877f4f1a84262c9eef376e56687254fc53fe134a270ec981c7a1d1e869c0a024
prefix,2,9500,10000,556.533250,4202710,7fcd77f6c2fb1399ac4e4edc85ab1169b39b4a44a0c8a7337cbec209036736b4
prefix,2,10000,10500,560.555209,4412844,7ff987e5e86cc30c58310b12a7fdfe445ee5ee279a9064140e9d5c3fa00af2da
prefix,2,10500,11000,562.547000,4622980,0037c8c215b858d5946e24d7f92073867714f84f22b0b1161bc1b5b127470f79
prefix,2,11000,11500,585.883458,4833117,66f2839d2b71d33c174a9f95de7f0b2014b041e8f2c70db9223090e42659a703
prefix,2,11500,12000,577.696708,5043250,6c5b30010d2d1944c9f1ba1ea50513d1848b8a0de85d6b61d467d3998c74b18d
prefix,2,12000,12500,580.467375,5253387,ce4067c7eb1e095bd83db812106b750acaf2f6143fae8b6e8bfa1494f33d026c
prefix,2,12500,13000,566.111875,5463517,487c81d8cb33694209f5aae3376e35d5eb8f71d58f36b0f4f45aa2057d64cc6c
prefix,2,13000,13500,564.607917,5673651,a4ac545c555673816ef8f084669ca0b52938950b4460b28ffde091531796fc52
prefix,2,13500,14000,569.856250,5883786,6049b62e647ce20f5e9b5b1555b4eff26a0bcc583f1f42b52fdb81bb11502d31
prefix,2,14000,14500,559.279208,6093920,ae6f3e638a8f56d42f8d4692e407ecc7cb887eaeeb9e4f2b8ce4655422ae09b7
prefix,2,14500,15000,560.668125,6304059,26753358685cb0725a7e80c4205618256e7328c446275e1c4f370381761155fc
prefix,2,15000,15500,618.956458,6514192,436277cfe1ee0a086d74bc60c8b6450ab8928a3ac017f99ce85f683312587dc8
prefix,2,15500,16000,608.786917,6724330,df298c3d44b2e5364576d76166bc490acba034f3b5e142df91dd5b06946fc119
prefix,2,16000,16500,567.348500,6934465,63c6d10dae28a800110ec216c908642ac194522ae9b0e0cb8a258988ce6a56dd
prefix,2,16500,17000,569.700333,7144600,f0d0af008ff4b53fc3142cbcf9e306f0a8d5b50fa4d491455d45708b4fd78c76
prefix,2,17000,17500,577.787750,7354738,627f551449f69c67a2fd3ac321499699ff8913b87bd897ee25fcfd84f21a2bac
prefix,2,17500,18000,582.970750,7564871,02f7910bd3c0ab3e1b1954310b1b1ba962abc19ae5930e5e5582590561847540
prefix,2,18000,18500,570.757667,7775010,e9738d22241c9b49568e8358a05feda416a26f8a1b10dcee908c0a6d5f61189e
prefix,2,18500,19000,571.749125,7985144,bcfe9c111b11c2770aa10b17f4f4380379864570016fe9d3a76a24cc879feb73
prefix,2,19000,19500,569.443625,8195280,04fa3159f1822a6ee25e065294645d7ba5bc33bcae0c10f88d7dcc6e1c271382
prefix,2,19500,20000,573.584250,8405417,fc32d7d7cce353388a76a6a86c23fe4246dcb92455731c32cc21ba119e959120
prefix,2,20000,20500,578.227250,8615051,1a08b34ed9bbd1d050150c7498cd202305ef3888e2c8d29e53e3fdb0320b1a53
prefix,2,20500,21000,573.381791,8824691,dde71584504df3dcc447b44562bffb31d7c2698c651bb7f9205e1b1475e3558d
prefix,2,21000,21500,577.478583,9034324,e9b394fcf2a3b61d35b723cebc39a24b8b88a22b9911c59484a749fb3cd0efae
prefix,2,21500,22000,574.070375,9243961,88fac21b1f847c14630480a6f7322e565b1d69709bc414dadc4bffb5b1fd26f2
prefix,2,22000,22500,630.833000,9453597,20edeb5a15bbabf0e9e617e034a79af3b4bff9733dff631db30e900288593f2d
prefix,2,22500,23000,583.244625,9663231,e3ac407b0043aa971eb4b89b4597a2188cd853ccaffb2219a945d4f66c404746
prefix,2,23000,23500,581.477250,9872870,11aa786e6356e60cbd4037f8116dd7a560f2b27ee65d96b28178ced9b6323ab5
prefix,2,23500,24000,579.093125,10082502,fdd6f3a189763190931cbb36629b7ef61be694fce24a3ea4ae0c260aaaf45879
prefix,2,24000,24500,579.174750,10292137,1cfeb87b56484d662094f4ec867a9e887395bb23c825aeb2199ff33d5dd5ae15
prefix,2,24500,25000,583.964208,10501769,c42f911dd7a5abea0877707df74d9b3f4c07c7036c6b375e8095e93adc9038a3
prefix,2,25000,25500,574.754917,10711401,c1b3c5c17dda51440a89ca7e9ea58b8b7fc3475efda231defc82ee9dff5e4e19
prefix,2,25500,26000,577.404250,10921039,08a5d72d35241dacfb6fcd94a1b6222b8927b3be05560aede418aaaf3f1981a7
prefix,2,26000,26500,581.048333,11130672,a619fdcba4fe875eeddad4de6d15ad95d036d8507f0e7ec194d81a9c974c13ee
prefix,2,26500,27000,586.716250,11340311,26e54b0d8f9d392d1c3984ceb8ef61b4a8a1af7adc9268bb15320c8ddf68ee4b
prefix,2,27000,27500,579.040708,11549945,37fc8a2f103f5940fedfcd0cebc0ed5821a3a45db4ddfc2fe8892a53d2e557a2
prefix,2,27500,28000,589.898250,11759581,14b74b759d2b4be555bcfeb132c58f222bb4104dae7a1fa3ebcfe9a1f093b503
prefix,2,28000,28500,585.921375,11969218,60299c19ec9dd0f37fce5d7a9648afa71be26c8b4157aa03f06a6818c8390ad6
prefix,2,28500,29000,595.168000,12178851,c81611c1ad832abfe8056c4482c4ae20c475bc28f623377c7eaae28584d9eb37
prefix,2,29000,29500,615.876667,12388491,b9eb2deef39bdd4552e2b07b652363185f21f582dac8e0abe76956f42e7b50f8
prefix,2,29500,30000,594.786500,12598124,5655a888b70b4d1ebcf96e89b75ad8c252106a766b13f68c0c1282974ada166a
prefix,2,30000,30500,590.923083,12807761,a84cb176de7fd880f2a3981b973b4fccc3d4c7a7f1d6358c2db28b73daa2614c
prefix,2,30500,31000,589.830250,13017397,0e66aed9e72ff7bfae408600c83c586ff6dd603dfa18f6ae63a3cd6afa35fd18
prefix,2,31000,31500,600.756375,13227031,3a3c7e9b2533aa9d82742a62e93498de07ae6632dd45ea47a9d3843195a89dd9
prefix,2,31500,32000,636.931041,13436670,f168edfec2df7b1b8a90ed4d8cc2087750da9ea67e8122d39c22d0ae91a17f00
prefix,2,32000,32500,600.291333,13646303,58241a5cd81f62fe6231725f00cf1c1cfeba4e683031f3b3e7d1968780e0a5ed
prefix,2,32500,33000,587.273584,13855941,9bd5d6ec5773160adf1d1e06f11ac3d089abf29143c377041931549f9009f30b
prefix,2,33000,33500,599.428167,14065576,ee7d51dceaa2aa8ac3b0bd3ebdd0ee33eea8563d73d8087b74cd68bd190cfaac
prefix,2,33500,34000,594.683875,14275211,19d4fc67366f97f4f1b00f5860bbd9824b7263847b7a467c9e8283cb0875352a
prefix,2,34000,34500,594.990417,14484849,9b578898b16d7da09de6035e3eb9b2776cea062075c90ba2512f5dbdc765e682
prefix,2,34500,35000,597.058875,14694482,6e423d295eb8a1c575062a58e3b1b5f6b248f07f047eee5fa1b52e6de4c19d88
prefix,2,35000,35500,608.295416,14904121,c7165cc13940c2cac8022baa6af3aea7eb4efd61fa46c71b2f0efc5ce44d583b
prefix,2,35500,36000,654.987083,15113753,82869bac01ab2287f60392622a4267668a6c246e0ffd97b67ca1210d06eaf67e
prefix,2,36000,36500,598.457292,15323386,3bf1a4dafab8764d5dbb901a55096bcfd2707c0f47f2592d7a60d75ce86da32b
prefix,2,36500,37000,602.371750,15533020,99db37926ca3bf6301ee1fbd15f946d5ea5873e6117205b8c6d9cb382cdb528d
prefix,2,37000,37500,597.758334,15742651,096850b58bee359aa61f9731d73624f589755b18630a61dd0df034f38bb984db
prefix,2,37500,38000,597.766166,15952291,fe2f8277a01a95b266bcb4d9a9b0837a5f6e6fbeb3b9c737faa59922dd551fc6
prefix,2,38000,38500,597.688917,16161924,671acd1a9be92150445c80b03d2b3514af1233a317cc8c1ea8264986fb7ab66c
prefix,2,38500,39000,606.191459,16371561,5f13c8419f567b09238d8135cc5b2015509d456c63c96a61bfac5df3ea276e42
prefix,2,39000,39500,593.373125,16581197,14ed263e476b118109afcc726b3becb612574f157b653fb19048d683480f5618
prefix,2,39500,40000,612.222459,16790831,509c225594a41969d06d61085ed45f37654a398c2cd830085b2c086e36b486d0
prefix,2,40000,40500,606.968625,17000470,243af97f27a633777f8a5fedbc3ecca370df67d7560fb61f416ce884c39af39f
prefix,2,40500,41000,606.422625,17210103,64a43c7f8e1606610726a134ed48d31d773639b815ff015a5ec8d071bf22dded
prefix,2,41000,41500,612.997458,17419741,a6696a5cd3a23d2dbb2f6702506d82edfaa45d6af3efeaa757eb247a55fe3f6e
prefix,2,41500,42000,607.792167,17629376,77efe8e3d8405bc53ba46059846e8f80b8a8cf34af8ad15c538007cb66c0d84f
prefix,2,42000,42500,693.853917,17839011,7eaea122faa229b70864b2bab620b517eb68a300b4d0bf6f9f9868b88f83caf1
prefix,2,42500,43000,628.670416,18048649,faf269dbd1f4944ae0125aff6a73252c9af3251edd27f8e5e8be946801b0bdcd
prefix,2,43000,43500,618.407458,18258282,98598cf0527c76c725c72f6a8ed0983dd523e272efe75da80e2e18427bfc1c60
prefix,2,43500,44000,611.851625,18467921,63347e8aaea68ca43e78ae86a5ca5cda207fe157ac89bb6fd8250c4129df2f70
prefix,2,44000,44500,607.874666,18677555,842ddb6487e8c8b5725bf1315f13c4c72e6dbe4343ab2e149edc24189c16a9df
prefix,2,44500,45000,612.764875,18887191,0d332db61773ea7b5187c5dc16138a362b457b4e0a1e8894574f67e6c930f4fb
prefix,2,45000,45500,615.706291,19096828,0a9502ac03258c2a60b4f07f50147277d2db5c0e7ab49b5ef201927a5d68ba6f
prefix,2,45500,46000,617.323875,19306461,8bc846162f9c35bce0e913695e0cb4946bf23da52cdb49ea89fc18cd99373b34
prefix,2,46000,46500,608.872125,19516101,6116417de6c5016a94c16229f6a4253eadb284eba9757c1673c57558bdbf2495
prefix,2,46500,47000,616.808458,19725734,3f02761a05b43a996615d980213d302219e24cf888188a395b3c2880d7051749
prefix,2,47000,47500,619.763042,19935371,ce4f20106c679fe71ff532295ec4b1f6e674557eda9b868669e305d423a9a5b2
prefix,2,47500,48000,612.648875,20145004,5568e14cfb3bd987c71487347d09303bb43174c3db694ee019289f06df2d131e
prefix,2,48000,48500,639.725209,20354635,f78e89e617fe05cff40f85ed6ed447d7fecb6562abf67f7cc015aea462b6822f
prefix,2,48500,49000,657.414417,20564271,99c21ffb7c33694256c4594442546c2888dab61519cfe76575cdf23fe012bb19
prefix,2,49000,49500,639.512208,20773903,59e420c10f97d86cce12e715991611bdcb499743452cf96725716b195e9c2def
prefix,2,49500,50000,619.791625,20983541,4dc66aeb3b2195b6e47530fa1f559272429181df28b1a832996041fe67ed2fae
prefix,2,50000,50500,624.213583,21193176,af904fb27df2319d4eed2a3b4e8cf9c61aa02e0a8fc5d58325b7bc5ab62659da
prefix,2,50500,51000,625.375584,21402811,a48cf5dbd0d4fac582af377a69464661d569ad9fe01b854b4452b10c6d2da116
prefix,2,51000,51500,624.381458,21612449,d76a78a20e0654748431204316ad6352a2f2b3480a510930ef7dbac3ae8220f5
prefix,2,51500,52000,626.931291,21822082,8de489a83237aaa36cd88ef063c4de1d3db328bca8659d08839e0f6dc9ffef24
prefix,2,52000,52500,623.960541,22031721,1cb8209dedae794bd9ca4806b3b3c41ab0d862dc80dc32fc5a30fe887a439ee9
prefix,2,52500,53000,627.491625,22241355,234d358f6fa46c274e1be1f21352e06b47b880cefea0e9250139cf1c1fea0560
prefix,2,53000,53500,630.286208,22450991,87e95f6306e89fb2cabe7847bd9f2c7eca323c822375f3d4b8669d3416e833a6
prefix,2,53500,54000,648.193584,22660628,96852f442dadc30195687f58c06f78ae2c977195184378f8b70f490f98e7a857
prefix,2,54000,54500,706.992333,22870261,f714596ecdfaa4b15f939b2a8b54d2665aaef93b81ddd573ef97a40292aed6fc
prefix,2,54500,55000,743.886417,23079901,e3c5d88f0bd1eae4d4d3fbde9886f6d5e088b2c4f1ef437543a76530cc97f83e
prefix,2,55000,55500,686.824875,23289534,26e8450e9f1fbb13335285bce149029d5a471610733fa1b643961343d2d2b991
prefix,2,55500,56000,656.556375,23499171,667390768d6a311c2a808ac31285c52374f751d1c8c46d8ae2dff6a24c4a00d8
prefix,2,56000,56500,666.743250,23708807,c6761ddb2c1842e496a201676cd5554c9b82d0244f667c7b804c18bd58a9b8df
prefix,2,56500,57000,684.979416,23918441,d4c70a59e52e7c0374a22157c21500926f10ebcba39e756cf8f31d66c9dde520
prefix,2,57000,57500,695.476375,24128080,20fa64397939e1f2988a75e838428f1abd07be745cca0a57defa37aa4474b4b4
prefix,2,57500,58000,657.806208,24337713,09b0043b4840893add5e20ad54eb34b79de50a494b06bb6b326e2f45f0aebfd5
prefix,2,58000,58500,659.305833,24547351,252b30a8f9ca21069312f102667c07cebca7e898537878009b496b203d028af9
prefix,2,58500,59000,656.228625,24756986,13c2f53adb01e61446cae15890ed40690422452ec802dd4ac4b2654f5c9c516d
prefix,2,59000,59500,670.933583,24966620,019ea3bc4338221f269ba91108d6e2f64418b09dcd9ff85d0bd57f1acfa632be
prefix,2,59500,60000,654.465334,25176255,7aa89aab579ac19e2288edd344fd014d8030322c214e8a3a3ec7983c4ff44899
prefix,2,60000,60500,673.174500,25385885,6f57aa546bfb291bbd9166b8addc302c3ab300f0f450920062cc0015a88d7590
prefix,2,60500,61000,707.474166,25595521,ac411cb1229e271e05e492745fa0b30a17adf13e514bec7d4c79d7a2a65d6fb1
prefix,2,61000,61500,690.593458,25805155,ddf921937e85a0db5551b492f29c93a99b8ce299be2fea78723d315ca8ea1372
prefix,2,61500,62000,736.804667,26014791,dd0f27dbbb3937020832436c475a510097f7914fd1b02ced7142ee3ee404544d
prefix,2,62000,62500,659.088333,26224428,89764c6d3ac6087d2164f3bb154ce1e27ace556bf174cc220433c687b9721230
prefix,2,62500,63000,644.518583,26434061,1d5b9ad4f3cda03e10c072780e120a167be4de6b235c73d0c19c4d56fa446784
prefix,2,63000,63500,646.108167,26643701,762190c19d759951dd66d4ab8c9bca16813a9020cf15d9e63b656ca532e11052
prefix,2,63500,64000,646.048417,26853334,fd1b51697647eefcd8becc75f49fb95ae2fea7e205ab5ebdf0536c52a53a07cd
prefix,2,64000,64500,666.391125,27062971,36853d7864440dba3d14516d74696b84b00ec44270c898a8ecfa19bec277b423
prefix,2,64500,65000,640.899334,27272607,e4c25c01352bda597b1fba5a26efdd7c9f1f3555eb91c4af3d0ca3a3ed28a0a7
prefix,2,65000,65500,667.070083,27482241,de1100589f9bd8f3d42b641ba55e6a1c56eed974d151a257832f262b4be1f345
prefix,2,65500,66000,653.629334,27691880,56588d0846643e4f4bb407de130bcbd8e57479f4d1f31fc2599a20e220ca6eb6
prefix,2,66000,66500,647.775375,27901513,92efdeab4a581d705d4f93485dc09aef72b7a10ebfb72c437b8e6df1f57a38a0
prefix,2,66500,67000,711.881125,28111151,9d060386b135165a9cccc6f9d6aa24524e44631bf3e7da77d2a8780107d6d0ce
prefix,2,67000,67500,661.870042,28320786,b210404cbf3a8e1b00253eff00da3748e16bf477e40c25fdfd95ef8a9c3f4fbd
prefix,2,67500,68000,651.676625,28530421,2800cb99f576d0d5db7288e31b9b173d819a9824355fd0b80c5f95cabcabb10e
prefix,2,68000,68500,654.345375,28740059,42900f68b0f7b51c107ceb85420ce35b959295bd77c5c4dc94030fa1d696f08e
prefix,2,68500,69000,663.210666,28949692,349397c996a6233e5cc06bf83c680069afb8c2dcf75cae9e1506c73e0ed971c1
prefix,2,69000,69500,658.696000,29159331,f1669531b4ed1d5702f0e37e0522c986e0b12011f678b9e172d4b09c3cb6227f
prefix,2,69500,70000,651.083375,29368965,3c097254d8fbb466c1fc626772d44e79c5c27298f30de94318239b04827b41c8
prefix,2,70000,70500,654.789542,29578601,28ef373a604386c585716390ebd8c97dfee97af62fe9afe142f9a36f318dcd83
prefix,2,70500,71000,649.998000,29788238,6e4d46ce62dc948e1af5c29446c0d3ce8c9d401e327a17ee0cb0fd56e01c59b7
prefix,2,71000,71500,661.234083,29997869,ef28545411c127fda9828059905102cf879365bee9d437321534dfbf5064a1b5
prefix,2,71500,72000,670.661542,30207506,5427289253e1869a96ff5d7cf62bc5742896d265b4c7863c9888c716a98e10e6
prefix,2,72000,72500,657.675458,30417136,2eb93e58a0146c9bb2c9c00d9ad3af62575a86b54dac7ac751661b69cc074fd8
prefix,2,72500,73000,718.986666,30626771,2f8c56baf0f370ef08ec9c6a70bd9e3111c94cf9780f577138931f14c0b9bbf9
prefix,2,73000,73500,661.385959,30836407,40215609f7df20d88e915e2eecfa26397aede6e68833a4514fb5ae458b8b797a
prefix,2,73500,74000,663.139583,31046041,c52a565d1a3af778eba6a3e7f3e010ce9d08b1e0c5a7238f9f12427c8d60b576
prefix,2,74000,74500,662.458833,31255680,c60562f534bc7a8b2f44fbecba7dca4280b5a7fc6cc9f8c71d9ac04c536b2d04
prefix,2,74500,75000,657.670416,31465313,ef337168f4e1f38c6da9a08883bb170b300a100f451c377885713b0e1b8dcd46
prefix,2,75000,75500,654.250084,31674951,b34f185cf12561b05f975219500f94f7ce4d49fc10f125d592577f302632d2ef
prefix,2,75500,76000,668.647708,31884586,f8de30eb2cbd07d1a627f4fd66340cd23afe0f514fa1f84bff14ec94e73786f3
prefix,2,76000,76500,665.529250,32094221,5cf320844d846d9be37f923a1656c7f87395b729d440061888795c4c740541fa
prefix,2,76500,77000,666.867459,32303859,c8893166f17307b6139c010d32f129191971fa8edc4591b922ddc98f7b7b5944
prefix,2,77000,77500,685.102375,32513492,4a9480bef14ed4cd291e10b2a2f97376b889e78b0b50834929bda6f6ae33ba05
prefix,2,77500,78000,662.003625,32723131,25deb03d04571b6fc100b8eeb1f06084eba7e7666c7bb98e43474bc3b01cc3db
prefix,2,78000,78500,728.946375,32932765,12c8639446132dadf41caf0312d12de01826021dc9cb0d35c4ded7e6678fea95
prefix,2,78500,79000,685.629625,33142401,ee0346545dfad10294d270957e1ea555d695244ad0fdbbe9185135ed2d51b878
prefix,2,79000,79500,739.612834,33352038,570852de30412f9ff284f8d0c45d4e247b505406725e80f173bccbce84281e2a
prefix,2,79500,80000,685.017583,33561671,2dee584972b00d397b3a0b1de27a2421d08165f30a0860b568ac82a95a21294c
prefix,2,80000,80500,674.099458,33771311,1efac23511f0f6c2396cbc4c6ae206afcb0e5c4a42f8a8a2152059e7ac8a7ec2
prefix,2,80500,81000,673.227459,33980944,b12f5d36213f0884c5be76106d31f318ef8bb850a940cd1882ce025547561d2d
prefix,2,81000,81500,683.740500,34190581,ebdb9cb18aa0bd1b3af324cef21a34291bfb73f251a59e20e0ae1a0d83f52a43
prefix,2,81500,82000,678.033750,34400217,d699058d188b3acb7c1659a625e1c243c708802b20ca6f5e4f154e91417a82dd
prefix,2,82000,82500,685.958667,34609851,1d2011b784a52ebffbb7951a6fbf3ea4da83408df02be91a4dbbf8a6529b3a9d
prefix,2,82500,83000,689.702125,34819490,6dd0220b044b9e9338ec270c292c6fb19b6861d43b375e6e0ee99ad41de5aa9e
prefix,2,83000,83500,675.590583,35029120,1f0bb52d34e8bb8862be6a74d96796ab45a25cef04f33a1fd56e2be63b64cb40
prefix,2,83500,84000,681.936958,35238755,2a61e774b1b919de3dc2064907ff336b1dcf39d1a0f2b817f86518fdc25e6fcf
prefix,2,84000,84500,718.879583,35448387,0835ae1a5ce90d8f57a69792e171fa60d7786076108fff2a88e6881d1748e749
prefix,2,84500,85000,698.385291,35658021,9bb03245860f7cdb85bd1928617a97cd726a3752e2dab5b4806dbc8097bce102
prefix,2,85000,85500,722.985250,35867659,51253ff4c2c5d9345988a2b0116036a8e51931ef7fa1a186a092d43ccaf90dfa
prefix,2,85500,86000,680.319417,36077292,386323703dac0c89e4a01aa695519867c87144842f3428dca9c748ee58695315
prefix,2,86000,86500,689.065209,36286931,c82212e96cc4e30ead4a2b13288c0523d4e57d16dc41de5e9959075a9dc31420
prefix,2,86500,87000,692.306500,36496565,24019eb407a15fcae4511fe87bd2b890b70b8dbe0a7f47ba17fbd9d1f432e5e1
prefix,2,87000,87500,710.130750,36706201,2b59fa12ff9db2867b731e2c20e30b66d50f6c2e5d7ff0c0db9af9af0ccd912a
prefix,2,87500,88000,705.481166,36915838,ec391fa282bb29849c79a84b7b3137b8d9a95f58e91f207cd5fa013e09ae5c3c
prefix,2,88000,88500,682.583000,37125471,aecc258f792972288414bed7115a8a42daa74487895bc048a6867738ee9df7cf
prefix,2,88500,89000,686.576125,37335111,a6788d6809cb2d279a98804ee0009d3df138a9a559c9d4c0a8a8cfca31d02afe
prefix,2,89000,89500,696.748625,37544744,963f5553dad2fd9d45eafb4dedfd879f42a199906d0b326bd3c3e8ecb7c3592c
prefix,2,89500,90000,743.393125,37754381,abc2cb568e9921361e73b7a935e85788534d2875593a69dc8176ea6c68900761
prefix,2,90000,90500,704.872917,37964017,968521a4db6d234933c2663f6c413ecf63bc3dc7b41486cccd9681423ab94287
prefix,2,90500,91000,694.271667,38173651,86d8e52bf31c076886d6c3e4a6720ed806605d0693884106bb49929072994ff9
prefix,2,91000,91500,705.052000,38383290,daa1c6126751d07796590a88c16901806f99dc48c8d374626e06c670d930e237
prefix,2,91500,92000,693.645042,38592923,a0560dc41c88072ec4cdad2d1024fe512a20dd73a3a7272c95785170e7d7aefb
prefix,2,92000,92500,695.598417,38802561,3ed103eb35cdc207a978249abeaabcf6d7fe7ef2791c84dd11673f3f5fbb7f6d
prefix,2,92500,93000,702.173667,39012196,d18a5797144c8b385659dc9c2fc1926b2b2cb40d1f4d16c07b7acd221603f70d
prefix,2,93000,93500,723.085000,39221831,0a1b766e4c56f71f2e984bfae577778e683a193f3a237466d73ec8c0ced6b739
prefix,2,93500,94000,751.821667,39431469,5c4dc73b88a0fb1ee177c19ff9ff1a4cacbaf4832b12750b4f28eab5fc2a4d2f
prefix,2,94000,94500,727.472083,39641102,6b334999be9a3e505dca7d1a8fced8464e6f53c344d901805e841af298820f61
prefix,2,94500,95000,721.409375,39850740,aecd453c0103e5493af9066db3f1de9183af3caf5c0ee3417670c388cf8150cd
prefix,2,95000,95500,715.732458,40060371,57b49dc6aa36ef54af89058feee27542be62dacc30138ca08642f146ea2e5506
prefix,2,95500,96000,729.752125,40270004,51d10c3a5b45ede6e843a9188b7badffad8cf7498fcd9e5efd1c1797b9928e3a
prefix,2,96000,96500,722.312792,40479638,00b9cbf0360d16c6cf2139ef561c5d695abf62653a8d36d023fe703ad699e75a
prefix,2,96500,97000,712.411584,40689271,42b21715fc3384d3e7b6bbf046152bbdad0b3ddcdc08eb3a08755399b5903406
prefix,2,97000,97500,707.410208,40898911,f145f67cf60fde0d9a95b0e7512d4f46c6236b37b38cd8b3369136e437915915
prefix,2,97500,98000,694.276083,41108544,e7c94c9482c53e9bcb1723892ed8e61b892e123d34e3ba7a74479e11c0015889
prefix,2,98000,98500,719.444417,41318181,257e4fe6c6ae7d0df50783f55ed936c66f42016d176e43770c9da88439e43a3a
prefix,2,98500,99000,712.600333,41527817,725df59d14a5606798540628ea6da936aa2571b6266ff4143d260b203e02aaae
prefix,2,99000,99500,767.616708,41737451,b809e6661de18c37e963cf4007d2e27e16e7850908d7912e61b4cb0e7011bf29
prefix,2,99500,100000,710.413334,41947090,da482c1cdcc091469bf99bef69c33cf05b6c4021195da4df7a4f5ea97172eef0
incremental,2,0,500,560.490792,210136,d4e14b1d8ed4e7d8ee73fc2b3c884b256abce40afe03942a90a3df26fdbbac1d
incremental,2,500,500,0.539875,210130,4b1bb48ea4d158574e5e03fa763dadec1ab99e397be347b0f6ad0dc2083b117f
incremental,2,1000,500,0.515917,210136,e45e6848c41244392933af5c5d31bcd5842697875f75ee067f467ef30f7eac6c
incremental,2,1500,500,0.550917,210132,ed3288fad6b931493667e1005a66729bc59533774b7cbc533b243adaa721e2b9
incremental,2,2000,500,0.551792,210136,0155b54d5d1bf3d22f98a03762885b884d31ffa1b476bba7475af823a55dff23
incremental,2,2500,500,0.537541,210137,275453b5cd8d085ed69fea2f1b235655d603edbec66b5df33ad2758790154732
incremental,2,3000,500,0.553959,210133,c701bdefdda24981b3e595820df1b74bacb4714822e9f37afb64efe5d14b2e8b
incremental,2,3500,500,0.564708,210140,dbbb7d063c38d1f6e217e573f49a0022cc4256fc2ea0b10209d113fe1db99b7b
incremental,2,4000,500,0.555000,210133,55a426835ccda0c708c6e07b91fe15126e48f2dda06f425bb14543248a781d67
incremental,2,4500,500,0.526291,210137,06abb1ec7826656fddc79d4652b0c7743736231896a5a2c025ef65a6f94cae34
incremental,2,5000,500,0.521583,210136,272c36e29f68f588fb3b27246e496d91cc331fcd3e5c878b85b05dfa98b6ace5
incremental,2,5500,500,0.538583,210134,8db3e8577a3cc6d6240abfa2f849745a1e773f152a1271d345f0fe16bd255b8a
incremental,2,6000,500,0.539583,210139,8df35d334564270e2c7f2120580cd7e7be1d4d7bd903efb1e103a41e9876deff
incremental,2,6500,500,0.542791,210133,096232c0673c8f44a843dc50283f82ce2f1f1b83af92f8a184386ddd84dae119
incremental,2,7000,500,0.499417,210138,dc3a8cdf1e2705c351f44b0efe2ae237368b912f3b23bce0fac94e13600b2823
incremental,2,7500,500,0.493750,210135,9838f7a0c4564f148b90f9afda02d8ab7eb634388c1865fa9e4babea1b5b8f6d
incremental,2,8000,500,0.485958,210135,e44b994dc417da3bd06235a486e9e9d43d000313cab4e22f2efe4c59b153ce8c
incremental,2,8500,500,0.482167,210138,f009468644b24a1fb4cd190fa97c1ed26200e096225266c57e1e033bf434dcd5
incremental,2,9000,500,0.575125,210133,877f4f1a84262c9eef376e56687254fc53fe134a270ec981c7a1d1e869c0a024
incremental,2,9500,500,0.554334,210139,7fcd77f6c2fb1399ac4e4edc85ab1169b39b4a44a0c8a7337cbec209036736b4
incremental,2,10000,500,0.546083,210134,7ff987e5e86cc30c58310b12a7fdfe445ee5ee279a9064140e9d5c3fa00af2da
incremental,2,10500,500,0.524542,210136,0037c8c215b858d5946e24d7f92073867714f84f22b0b1161bc1b5b127470f79
incremental,2,11000,500,0.528291,210137,66f2839d2b71d33c174a9f95de7f0b2014b041e8f2c70db9223090e42659a703
incremental,2,11500,500,0.526667,210133,6c5b30010d2d1944c9f1ba1ea50513d1848b8a0de85d6b61d467d3998c74b18d
incremental,2,12000,500,0.529667,210137,ce4067c7eb1e095bd83db812106b750acaf2f6143fae8b6e8bfa1494f33d026c
incremental,2,12500,500,0.533458,210130,487c81d8cb33694209f5aae3376e35d5eb8f71d58f36b0f4f45aa2057d64cc6c
incremental,2,13000,500,0.533875,210134,a4ac545c555673816ef8f084669ca0b52938950b4460b28ffde091531796fc52
incremental,2,13500,500,0.534292,210135,6049b62e647ce20f5e9b5b1555b4eff26a0bcc583f1f42b52fdb81bb11502d31
incremental,2,14000,500,0.534333,210134,ae6f3e638a8f56d42f8d4692e407ecc7cb887eaeeb9e4f2b8ce4655422ae09b7
incremental,2,14500,500,0.525625,210139,26753358685cb0725a7e80c4205618256e7328c446275e1c4f370381761155fc
incremental,2,15000,500,0.540375,210133,436277cfe1ee0a086d74bc60c8b6450ab8928a3ac017f99ce85f683312587dc8
incremental,2,15500,500,0.534917,210138,df298c3d44b2e5364576d76166bc490acba034f3b5e142df91dd5b06946fc119
incremental,2,16000,500,0.541834,210135,63c6d10dae28a800110ec216c908642ac194522ae9b0e0cb8a258988ce6a56dd
incremental,2,16500,500,0.506500,210135,f0d0af008ff4b53fc3142cbcf9e306f0a8d5b50fa4d491455d45708b4fd78c76
incremental,2,17000,500,0.530458,210138,627f551449f69c67a2fd3ac321499699ff8913b87bd897ee25fcfd84f21a2bac
incremental,2,17500,500,0.526167,210133,02f7910bd3c0ab3e1b1954310b1b1ba962abc19ae5930e5e5582590561847540
incremental,2,18000,500,0.530833,210139,e9738d22241c9b49568e8358a05feda416a26f8a1b10dcee908c0a6d5f61189e
incremental,2,18500,500,0.528833,210134,bcfe9c111b11c2770aa10b17f4f4380379864570016fe9d3a76a24cc879feb73
incremental,2,19000,500,0.505834,210136,04fa3159f1822a6ee25e065294645d7ba5bc33bcae0c10f88d7dcc6e1c271382
incremental,2,19500,500,0.527833,210137,fc32d7d7cce353388a76a6a86c23fe4246dcb92455731c32cc21ba119e959120
incremental,2,20000,500,0.516542,209634,1a08b34ed9bbd1d050150c7498cd202305ef3888e2c8d29e53e3fdb0320b1a53
incremental,2,20500,500,0.540625,209640,dde71584504df3dcc447b44562bffb31d7c2698c651bb7f9205e1b1475e3558d
incremental,2,21000,500,0.473542,209633,e9b394fcf2a3b61d35b723cebc39a24b8b88a22b9911c59484a749fb3cd0efae
incremental,2,21500,500,0.474666,209637,88fac21b1f847c14630480a6f7322e565b1d69709bc414dadc4bffb5b1fd26f2
incremental,2,22000,500,0.475292,209636,20edeb5a15bbabf0e9e617e034a79af3b4bff9733dff631db30e900288593f2d
incremental,2,22500,500,0.470042,209634,e3ac407b0043aa971eb4b89b4597a2188cd853ccaffb2219a945d4f66c404746
incremental,2,23000,500,0.526042,209639,11aa786e6356e60cbd4037f8116dd7a560f2b27ee65d96b28178ced9b6323ab5
incremental,2,23500,500,0.520167,209632,fdd6f3a189763190931cbb36629b7ef61be694fce24a3ea4ae0c260aaaf45879
incremental,2,24000,500,0.548833,209635,1cfeb87b56484d662094f4ec867a9e887395bb23c825aeb2199ff33d5dd5ae15
incremental,2,24500,500,0.540959,209632,c42f911dd7a5abea0877707df74d9b3f4c07c7036c6b375e8095e93adc9038a3
incremental,2,25000,500,0.537583,209632,c1b3c5c17dda51440a89ca7e9ea58b8b7fc3475efda231defc82ee9dff5e4e19
incremental,2,25500,500,0.541000,209638,08a5d72d35241dacfb6fcd94a1b6222b8927b3be05560aede418aaaf3f1981a7
incremental,2,26000,500,0.536542,209633,a619fdcba4fe875eeddad4de6d15ad95d036d8507f0e7ec194d81a9c974c13ee
incremental,2,26500,500,0.529000,209639,26e54b0d8f9d392d1c3984ceb8ef61b4a8a1af7adc9268bb15320c8ddf68ee4b
incremental,2,27000,500,0.526542,209634,37fc8a2f103f5940fedfcd0cebc0ed5821a3a45db4ddfc2fe8892a53d2e557a2
incremental,2,27500,500,0.527875,209636,14b74b759d2b4be555bcfeb132c58f222bb4104dae7a1fa3ebcfe9a1f093b503
incremental,2,28000,500,0.529416,209637,60299c19ec9dd0f37fce5d7a9648afa71be26c8b4157aa03f06a6818c8390ad6
incremental,2,28500,500,0.509333,209633,c81611c1ad832abfe8056c4482c4ae20c475bc28f623377c7eaae28584d9eb37
incremental,2,29000,500,0.491209,209640,b9eb2deef39bdd4552e2b07b652363185f21f582dac8e0abe76956f42e7b50f8
incremental,2,29500,500,0.528500,209633,5655a888b70b4d1ebcf96e89b75ad8c252106a766b13f68c0c1282974ada166a
incremental,2,30000,500,0.530250,209637,a84cb176de7fd880f2a3981b973b4fccc3d4c7a7f1d6358c2db28b73daa2614c
incremental,2,30500,500,0.526375,209636,0e66aed9e72ff7bfae408600c83c586ff6dd603dfa18f6ae63a3cd6afa35fd18
incremental,2,31000,500,0.500792,209634,3a3c7e9b2533aa9d82742a62e93498de07ae6632dd45ea47a9d3843195a89dd9
incremental,2,31500,500,0.534042,209639,f168edfec2df7b1b8a90ed4d8cc2087750da9ea67e8122d39c22d0ae91a17f00
incremental,2,32000,500,0.522833,209633,58241a5cd81f62fe6231725f00cf1c1cfeba4e683031f3b3e7d1968780e0a5ed
incremental,2,32500,500,0.521917,209638,9bd5d6ec5773160adf1d1e06f11ac3d089abf29143c377041931549f9009f30b
incremental,2,33000,500,0.512459,209635,ee7d51dceaa2aa8ac3b0bd3ebdd0ee33eea8563d73d8087b74cd68bd190cfaac
incremental,2,33500,500,0.517042,209635,19d4fc67366f97f4f1b00f5860bbd9824b7263847b7a467c9e8283cb0875352a
incremental,2,34000,500,0.521459,209638,9b578898b16d7da09de6035e3eb9b2776cea062075c90ba2512f5dbdc765e682
incremental,2,34500,500,0.521042,209633,6e423d295eb8a1c575062a58e3b1b5f6b248f07f047eee5fa1b52e6de4c19d88
incremental,2,35000,500,0.501708,209639,c7165cc13940c2cac8022baa6af3aea7eb4efd61fa46c71b2f0efc5ce44d583b
incremental,2,35500,500,0.492625,209632,82869bac01ab2287f60392622a4267668a6c246e0ffd97b67ca1210d06eaf67e
incremental,2,36000,500,0.475375,209633,3bf1a4dafab8764d5dbb901a55096bcfd2707c0f47f2592d7a60d75ce86da32b
incremental,2,36500,500,0.464541,209634,99db37926ca3bf6301ee1fbd15f946d5ea5873e6117205b8c6d9cb382cdb528d
incremental,2,37000,500,0.483084,209631,096850b58bee359aa61f9731d73624f589755b18630a61dd0df034f38bb984db
incremental,2,37500,500,0.528833,209640,fe2f8277a01a95b266bcb4d9a9b0837a5f6e6fbeb3b9c737faa59922dd551fc6
incremental,2,38000,500,0.508958,209633,671acd1a9be92150445c80b03d2b3514af1233a317cc8c1ea8264986fb7ab66c
incremental,2,38500,500,0.547500,209637,5f13c8419f567b09238d8135cc5b2015509d456c63c96a61bfac5df3ea276e42
incremental,2,39000,500,0.520500,209636,14ed263e476b118109afcc726b3becb612574f157b653fb19048d683480f5618
incremental,2,39500,500,0.520833,209634,509c225594a41969d06d61085ed45f37654a398c2cd830085b2c086e36b486d0
incremental,2,40000,500,0.529334,209639,243af97f27a633777f8a5fedbc3ecca370df67d7560fb61f416ce884c39af39f
incremental,2,40500,500,0.517791,209633,64a43c7f8e1606610726a134ed48d31d773639b815ff015a5ec8d071bf22dded
incremental,2,41000,500,0.520708,209638,a6696a5cd3a23d2dbb2f6702506d82edfaa45d6af3efeaa757eb247a55fe3f6e
incremental,2,41500,500,0.524833,209635,77efe8e3d8405bc53ba46059846e8f80b8a8cf34af8ad15c538007cb66c0d84f
incremental,2,42000,500,0.521542,209635,7eaea122faa229b70864b2bab620b517eb68a300b4d0bf6f9f9868b88f83caf1
incremental,2,42500,500,0.518125,209638,faf269dbd1f4944ae0125aff6a73252c9af3251edd27f8e5e8be946801b0bdcd
incremental,2,43000,500,0.522667,209633,98598cf0527c76c725c72f6a8ed0983dd523e272efe75da80e2e18427bfc1c60
incremental,2,43500,500,0.520583,209639,63347e8aaea68ca43e78ae86a5ca5cda207fe157ac89bb6fd8250c4129df2f70
incremental,2,44000,500,0.524750,209634,842ddb6487e8c8b5725bf1315f13c4c72e6dbe4343ab2e149edc24189c16a9df
incremental,2,44500,500,0.524875,209636,0d332db61773ea7b5187c5dc16138a362b457b4e0a1e8894574f67e6c930f4fb
incremental,2,45000,500,0.503167,209637,0a9502ac03258c2a60b4f07f50147277d2db5c0e7ab49b5ef201927a5d68ba6f
incremental,2,45500,500,0.615708,209633,8bc846162f9c35bce0e913695e0cb4946bf23da52cdb49ea89fc18cd99373b34
incremental,2,46000,500,0.553334,209640,6116417de6c5016a94c16229f6a4253eadb284eba9757c1673c57558bdbf2495
incremental,2,46500,500,0.561000,209633,3f02761a05b43a996615d980213d302219e24cf888188a395b3c2880d7051749
incremental,2,47000,500,0.539750,209637,ce4f20106c679fe71ff532295ec4b1f6e674557eda9b868669e305d423a9a5b2
incremental,2,47500,500,0.525750,209633,5568e14cfb3bd987c71487347d09303bb43174c3db694ee019289f06df2d131e
incremental,2,48000,500,0.553042,209631,f78e89e617fe05cff40f85ed6ed447d7fecb6562abf67f7cc015aea462b6822f
incremental,2,48500,500,0.551125,209636,99c21ffb7c33694256c4594442546c2888dab61519cfe76575cdf23fe012bb19
incremental,2,49000,500,0.523042,209632,59e420c10f97d86cce12e715991611bdcb499743452cf96725716b195e9c2def
incremental,2,49500,500,0.485666,209638,4dc66aeb3b2195b6e47530fa1f559272429181df28b1a832996041fe67ed2fae
incremental,2,50000,500,0.478584,209635,af904fb27df2319d4eed2a3b4e8cf9c61aa02e0a8fc5d58325b7bc5ab62659da
incremental,2,50500,500,0.476500,209635,a48cf5dbd0d4fac582af377a69464661d569ad9fe01b854b4452b10c6d2da116
incremental,2,51000,500,0.484875,209638,d76a78a20e0654748431204316ad6352a2f2b3480a510930ef7dbac3ae8220f5
incremental,2,51500,500,0.550042,209633,8de489a83237aaa36cd88ef063c4de1d3db328bca8659d08839e0f6dc9ffef24
incremental,2,52000,500,0.534667,209639,1cb8209dedae794bd9ca4806b3b3c41ab0d862dc80dc32fc5a30fe887a439ee9
incremental,2,52500,500,0.560750,209634,234d358f6fa46c274e1be1f21352e06b47b880cefea0e9250139cf1c1fea0560
incremental,2,53000,500,0.537667,209636,87e95f6306e89fb2cabe7847bd9f2c7eca323c822375f3d4b8669d3416e833a6
incremental,2,53500,500,0.537667,209637,96852f442dadc30195687f58c06f78ae2c977195184378f8b70f490f98e7a857
incremental,2,54000,500,0.544750,209633,f714596ecdfaa4b15f939b2a8b54d2665aaef93b81ddd573ef97a40292aed6fc
incremental,2,54500,500,0.529209,209640,e3c5d88f0bd1eae4d4d3fbde9886f6d5e088b2c4f1ef437543a76530cc97f83e
incremental,2,55000,500,0.533958,209633,26e8450e9f1fbb13335285bce149029d5a471610733fa1b643961343d2d2b991
incremental,2,55500,500,0.533708,209637,667390768d6a311c2a808ac31285c52374f751d1c8c46d8ae2dff6a24c4a00d8
incremental,2,56000,500,0.527584,209636,c6761ddb2c1842e496a201676cd5554c9b82d0244f667c7b804c18bd58a9b8df
incremental,2,56500,500,0.543125,209634,d4c70a59e52e7c0374a22157c21500926f10ebcba39e756cf8f31d66c9dde520
incremental,2,57000,500,0.504916,209639,20fa64397939e1f2988a75e838428f1abd07be745cca0a57defa37aa4474b4b4
incremental,2,57500,500,0.521041,209633,09b0043b4840893add5e20ad54eb34b79de50a494b06bb6b326e2f45f0aebfd5
incremental,2,58000,500,0.523792,209638,252b30a8f9ca21069312f102667c07cebca7e898537878009b496b203d028af9
incremental,2,58500,500,0.523708,209635,13c2f53adb01e61446cae15890ed40690422452ec802dd4ac4b2654f5c9c516d
incremental,2,59000,500,0.501791,209634,019ea3bc4338221f269ba91108d6e2f64418b09dcd9ff85d0bd57f1acfa632be
incremental,2,59500,500,0.523084,209635,7aa89aab579ac19e2288edd344fd014d8030322c214e8a3a3ec7983c4ff44899
incremental,2,60000,500,0.519292,209630,6f57aa546bfb291bbd9166b8addc302c3ab300f0f450920062cc0015a88d7590
incremental,2,60500,500,0.520583,209636,ac411cb1229e271e05e492745fa0b30a17adf13e514bec7d4c79d7a2a65d6fb1
incremental,2,61000,500,0.520292,209634,ddf921937e85a0db5551b492f29c93a99b8ce299be2fea78723d315ca8ea1372
incremental,2,61500,500,0.524416,209636,dd0f27dbbb3937020832436c475a510097f7914fd1b02ced7142ee3ee404544d
incremental,2,62000,500,0.529708,209637,89764c6d3ac6087d2164f3bb154ce1e27ace556bf174cc220433c687b9721230
incremental,2,62500,500,0.523875,209633,1d5b9ad4f3cda03e10c072780e120a167be4de6b235c73d0c19c4d56fa446784
incremental,2,63000,500,0.539583,209640,762190c19d759951dd66d4ab8c9bca16813a9020cf15d9e63b656ca532e11052
incremental,2,63500,500,0.472875,209633,fd1b51697647eefcd8becc75f49fb95ae2fea7e205ab5ebdf0536c52a53a07cd
incremental,2,64000,500,0.466917,209637,36853d7864440dba3d14516d74696b84b00ec44270c898a8ecfa19bec277b423
incremental,2,64500,500,0.474875,209636,e4c25c01352bda597b1fba5a26efdd7c9f1f3555eb91c4af3d0ca3a3ed28a0a7
incremental,2,65000,500,0.493542,209634,de1100589f9bd8f3d42b641ba55e6a1c56eed974d151a257832f262b4be1f345
incremental,2,65500,500,0.572166,209639,56588d0846643e4f4bb407de130bcbd8e57479f4d1f31fc2599a20e220ca6eb6
incremental,2,66000,500,0.575875,209633,92efdeab4a581d705d4f93485dc09aef72b7a10ebfb72c437b8e6df1f57a38a0
incremental,2,66500,500,0.537292,209638,9d060386b135165a9cccc6f9d6aa24524e44631bf3e7da77d2a8780107d6d0ce
incremental,2,67000,500,0.523833,209635,b210404cbf3a8e1b00253eff00da3748e16bf477e40c25fdfd95ef8a9c3f4fbd
incremental,2,67500,500,0.523750,209635,2800cb99f576d0d5db7288e31b9b173d819a9824355fd0b80c5f95cabcabb10e
incremental,2,68000,500,0.527000,209638,42900f68b0f7b51c107ceb85420ce35b959295bd77c5c4dc94030fa1d696f08e
incremental,2,68500,500,0.536958,209633,349397c996a6233e5cc06bf83c680069afb8c2dcf75cae9e1506c73e0ed971c1
incremental,2,69000,500,0.526500,209639,f1669531b4ed1d5702f0e37e0522c986e0b12011f678b9e172d4b09c3cb6227f
incremental,2,69500,500,0.521917,209634,3c097254d8fbb466c1fc626772d44e79c5c27298f30de94318239b04827b41c8
incremental,2,70000,500,0.537750,209636,28ef373a604386c585716390ebd8c97dfee97af62fe9afe142f9a36f318dcd83
incremental,2,70500,500,0.523291,209637,6e4d46ce62dc948e1af5c29446c0d3ce8c9d401e327a17ee0cb0fd56e01c59b7
incremental,2,71000,500,0.525750,209631,ef28545411c127fda9828059905102cf879365bee9d437321534dfbf5064a1b5
incremental,2,71500,500,0.542625,209637,5427289253e1869a96ff5d7cf62bc5742896d265b4c7863c9888c716a98e10e6
incremental,2,72000,500,0.542333,209630,2eb93e58a0146c9bb2c9c00d9ad3af62575a86b54dac7ac751661b69cc074fd8
incremental,2,72500,500,0.537458,209635,2f8c56baf0f370ef08ec9c6a70bd9e3111c94cf9780f577138931f14c0b9bbf9
incremental,2,73000,500,0.512917,209636,40215609f7df20d88e915e2eecfa26397aede6e68833a4514fb5ae458b8b797a
incremental,2,73500,500,0.524208,209634,c52a565d1a3af778eba6a3e7f3e010ce9d08b1e0c5a7238f9f12427c8d60b576
incremental,2,74000,500,0.526833,209639,c60562f534bc7a8b2f44fbecba7dca4280b5a7fc6cc9f8c71d9ac04c536b2d04
incremental,2,74500,500,0.526917,209633,ef337168f4e1f38c6da9a08883bb170b300a100f451c377885713b0e1b8dcd46
incremental,2,75000,500,0.526000,209638,b34f185cf12561b05f975219500f94f7ce4d49fc10f125d592577f302632d2ef
incremental,2,75500,500,0.510750,209635,f8de30eb2cbd07d1a627f4fd66340cd23afe0f514fa1f84bff14ec94e73786f3
incremental,2,76000,500,0.527166,209635,5cf320844d846d9be37f923a1656c7f87395b729d440061888795c4c740541fa
incremental,2,76500,500,0.522667,209638,c8893166f17307b6139c010d32f129191971fa8edc4591b922ddc98f7b7b5944
incremental,2,77000,500,0.529292,209633,4a9480bef14ed4cd291e10b2a2f97376b889e78b0b50834929bda6f6ae33ba05
incremental,2,77500,500,0.482333,209639,25deb03d04571b6fc100b8eeb1f06084eba7e7666c7bb98e43474bc3b01cc3db
incremental,2,78000,500,0.473209,209634,12c8639446132dadf41caf0312d12de01826021dc9cb0d35c4ded7e6678fea95
incremental,2,78500,500,0.475417,209636,ee0346545dfad10294d270957e1ea555d695244ad0fdbbe9185135ed2d51b878
incremental,2,79000,500,0.474042,209637,570852de30412f9ff284f8d0c45d4e247b505406725e80f173bccbce84281e2a
incremental,2,79500,500,0.574292,209633,2dee584972b00d397b3a0b1de27a2421d08165f30a0860b568ac82a95a21294c
incremental,2,80000,500,0.563917,209640,1efac23511f0f6c2396cbc4c6ae206afcb0e5c4a42f8a8a2152059e7ac8a7ec2
incremental,2,80500,500,0.569500,209633,b12f5d36213f0884c5be76106d31f318ef8bb850a940cd1882ce025547561d2d
incremental,2,81000,500,0.533791,209637,ebdb9cb18aa0bd1b3af324cef21a34291bfb73f251a59e20e0ae1a0d83f52a43
incremental,2,81500,500,0.555250,209636,d699058d188b3acb7c1659a625e1c243c708802b20ca6f5e4f154e91417a82dd
incremental,2,82000,500,0.531167,209634,1d2011b784a52ebffbb7951a6fbf3ea4da83408df02be91a4dbbf8a6529b3a9d
incremental,2,82500,500,0.536541,209639,6dd0220b044b9e9338ec270c292c6fb19b6861d43b375e6e0ee99ad41de5aa9e
incremental,2,83000,500,0.518292,209630,1f0bb52d34e8bb8862be6a74d96796ab45a25cef04f33a1fd56e2be63b64cb40
incremental,2,83500,500,0.534458,209635,2a61e774b1b919de3dc2064907ff336b1dcf39d1a0f2b817f86518fdc25e6fcf
incremental,2,84000,500,0.525666,209632,0835ae1a5ce90d8f57a69792e171fa60d7786076108fff2a88e6881d1748e749
incremental,2,84500,500,0.520583,209634,9bb03245860f7cdb85bd1928617a97cd726a3752e2dab5b4806dbc8097bce102
incremental,2,85000,500,0.516667,209638,51253ff4c2c5d9345988a2b0116036a8e51931ef7fa1a186a092d43ccaf90dfa
incremental,2,85500,500,0.491917,209633,386323703dac0c89e4a01aa695519867c87144842f3428dca9c748ee58695315
incremental,2,86000,500,0.535916,209639,c82212e96cc4e30ead4a2b13288c0523d4e57d16dc41de5e9959075a9dc31420
incremental,2,86500,500,0.526625,209634,24019eb407a15fcae4511fe87bd2b890b70b8dbe0a7f47ba17fbd9d1f432e5e1
incremental,2,87000,500,0.511875,209636,2b59fa12ff9db2867b731e2c20e30b66d50f6c2e5d7ff0c0db9af9af0ccd912a
incremental,2,87500,500,0.546750,209637,ec391fa282bb29849c79a84b7b3137b8d9a95f58e91f207cd5fa013e09ae5c3c
incremental,2,88000,500,0.535500,209633,aecc258f792972288414bed7115a8a42daa74487895bc048a6867738ee9df7cf
incremental,2,88500,500,0.551500,209640,a6788d6809cb2d279a98804ee0009d3df138a9a559c9d4c0a8a8cfca31d02afe
incremental,2,89000,500,0.534834,209633,963f5553dad2fd9d45eafb4dedfd879f42a199906d0b326bd3c3e8ecb7c3592c
incremental,2,89500,500,0.524083,209637,abc2cb568e9921361e73b7a935e85788534d2875593a69dc8176ea6c68900761
incremental,2,90000,500,0.549125,209636,968521a4db6d234933c2663f6c413ecf63bc3dc7b41486cccd9681423ab94287
incremental,2,90500,500,0.540875,209634,86d8e52bf31c076886d6c3e4a6720ed806605d0693884106bb49929072994ff9
incremental,2,91000,500,0.541500,209639,daa1c6126751d07796590a88c16901806f99dc48c8d374626e06c670d930e237
incremental,2,91500,500,0.477000,209633,a0560dc41c88072ec4cdad2d1024fe512a20dd73a3a7272c95785170e7d7aefb
incremental,2,92000,500,0.472167,209638,3ed103eb35cdc207a978249abeaabcf6d7fe7ef2791c84dd11673f3f5fbb7f6d
incremental,2,92500,500,0.471125,209635,d18a5797144c8b385659dc9c2fc1926b2b2cb40d1f4d16c07b7acd221603f70d
incremental,2,93000,500,0.470334,209635,0a1b766e4c56f71f2e984bfae577778e683a193f3a237466d73ec8c0ced6b739
incremental,2,93500,500,0.484625,209638,5c4dc73b88a0fb1ee177c19ff9ff1a4cacbaf4832b12750b4f28eab5fc2a4d2f
incremental,2,94000,500,0.544209,209633,6b334999be9a3e505dca7d1a8fced8464e6f53c344d901805e841af298820f61
incremental,2,94500,500,0.548708,209638,aecd453c0103e5493af9066db3f1de9183af3caf5c0ee3417670c388cf8150cd
incremental,2,95000,500,0.546583,209631,57b49dc6aa36ef54af89058feee27542be62dacc30138ca08642f146ea2e5506
incremental,2,95500,500,0.533375,209633,51d10c3a5b45ede6e843a9188b7badffad8cf7498fcd9e5efd1c1797b9928e3a
incremental,2,96000,500,0.557500,209634,00b9cbf0360d16c6cf2139ef561c5d695abf62653a8d36d023fe703ad699e75a
incremental,2,96500,500,0.563333,209633,42b21715fc3384d3e7b6bbf046152bbdad0b3ddcdc08eb3a08755399b5903406
incremental,2,97000,500,0.550375,209640,f145f67cf60fde0d9a95b0e7512d4f46c6236b37b38cd8b3369136e437915915
incremental,2,97500,500,0.527917,209633,e7c94c9482c53e9bcb1723892ed8e61b892e123d34e3ba7a74479e11c0015889
incremental,2,98000,500,0.544666,209637,257e4fe6c6ae7d0df50783f55ed936c66f42016d176e43770c9da88439e43a3a
incremental,2,98500,500,0.520125,209636,725df59d14a5606798540628ea6da936aa2571b6266ff4143d260b203e02aaae
incremental,2,99000,500,0.534542,209634,b809e6661de18c37e963cf4007d2e27e16e7850908d7912e61b4cb0e7011bf29
incremental,2,99500,500,0.515000,209639,da482c1cdcc091469bf99bef69c33cf05b6c4021195da4df7a4f5ea97172eef0
cancel,0,0,0,6.616667,0,cancelled
cancel,1,0,0,6.597833,0,cancelled
cancel,2,0,0,6.589834,0,cancelled
cancel,3,0,0,6.397959,0,cancelled
cancel,4,0,0,6.667667,0,cancelled
cancel,5,0,0,6.628667,0,cancelled
cancel,6,0,0,5.672500,0,cancelled
cancel,7,0,0,6.603834,0,cancelled
cancel,8,0,0,5.746125,0,cancelled
cancel,9,0,0,6.650042,0,cancelled
cancel,10,0,0,6.557000,0,cancelled
cancel,11,0,0,6.632916,0,cancelled
cancel,12,0,0,6.620875,0,cancelled
cancel,13,0,0,6.645125,0,cancelled
cancel,14,0,0,6.604958,0,cancelled
cancel,15,0,0,6.236958,0,cancelled
cancel,16,0,0,6.639334,0,cancelled
cancel,17,0,0,6.604209,0,cancelled
cancel,18,0,0,6.581458,0,cancelled
cancel,19,0,0,6.682208,0,cancelled
selection,0,0,1,23.032542 ,0,85880baccc28144b1e1dcb862e7261afe883fc5a
selection,1,0,1,10.841834 ,0,dccd00be9ded8cf7a47f4cde90cfd9edeef894ca
selection,2,0,1,10.743084 ,0,62bdcbef1860b27e9e625cdf93e6b51fbe1beee9
selection,3,0,1,10.711875 ,0,f2d6e41341572bf5e55569bc2bbf63982a45e297
selection,4,0,1,11.794875 ,0,36a12d9bcdf739fc63a42eed2713681e24bf556f
selection,5,0,1,10.793375 ,0,556164197d451d62b023c7a8ef763e145d63f0fe
selection,6,0,1,10.761375 ,0,bf2d74f10eca82f4139e057a6467e33b87905c9d
selection,7,0,1,10.739708 ,0,807ba27de65dc31679e7b5186fc3bcf36012acaf
selection,8,0,1,10.827 ,0,66466f133a7a32c1ac6c1bde4115dd054aec95c7
selection,9,0,1,10.75825 ,0,ef4a56131bafed2293cfb5bf9e5277dd45135104
selection,10,0,1,9.448417000000001 ,0,2ba93358341b8b9aec3be4eeb75dc3023fabb2be
selection,11,0,1,10.766458 ,0,914a7a3b04a805b86a9f2e151ec719cc16fa1a52
selection,12,0,1,10.725541999999999 ,0,a9b1ee0337091d12867b7fa3066a8f110ff55a8d
selection,13,0,1,10.763375 ,0,a4d312f0cc9e6dcae2ca805bfbed57b7294a4004
selection,14,0,1,10.691542 ,0,1240db2814bd9c84af9c64d5337c9f5ab1d25306
selection,15,0,1,9.468041 ,0,a7986e3aa8ac6fd88e9a75c5d46220f74170ea7e
selection,16,0,1,10.806 ,0,7b69e6a42269a1c5e822076cf46331bd952b1acf
selection,17,0,1,10.722249999999999 ,0,74b23b9f8b0204058df79fcee48639f25ebd0785
selection,18,0,1,10.756292 ,0,93578b1e6004066a1550df1994dd1b4d8955f2d9
selection,19,0,1,10.815792 ,0,c92c518b76dbf9a3a0b6b33f08939ad82fd468a4
selection,20,0,1,10.744167000000001 ,0,a555efaa59a90c89a0292b1f16b0785da9f14d72
selection,21,0,1,10.740540999999999 ,0,21c641a6ed3bbaef57b4a5f779487d43cdbad3cc
selection,22,0,1,10.746208 ,0,f6771f7bd6fd5c7281d11e48f4cd1e499c4d1f85
selection,23,0,1,10.685084 ,0,89be31d846b0f396015dfcb5dae98451879be840
selection,24,0,1,10.766 ,0,b803a3760ec04fd6c5a847b5bff6cb7bef8ffd91
selection,25,0,1,12.088625 ,0,100c7e05e911de8dfcf12bf8868bf682a6ff6286
selection,26,0,1,10.778167 ,0,1c9bb43a76d94b0004c616b4b582e2a6a2235029
selection,27,0,1,10.706875 ,0,f39986b4f306145b4f13573067ccfc248d10c6ec
selection,28,0,1,12.010917 ,0,6bc251a7153d511a7fa8e231b5de331777372c3f
selection,29,0,1,10.761875 ,0,2bead8f3ebd2de3a49d0ec11cb70dc74d9e1cd12
selection,30,0,1,10.756834 ,0,e0d1cba9e5c692c6b5f6dc908a5ebd93dd513f1c
selection,31,0,1,10.761417 ,0,e8f93e0e24d77fd592274f0be42d2da0294774ab
selection,32,0,1,10.783333 ,0,a590e0d6ccc23bad8b52d8977b194a8895ef0611
selection,33,0,1,10.750041999999999 ,0,08ba43bef59671f11b6f0483f53fb7db5b6645c2
selection,34,0,1,9.437625 ,0,737cf8f2f58346a5c3724e0835bffa6c6234a23f
selection,35,0,1,9.415 ,0,2ffa8310bf6d001ccb05c574460aa5ad06581d40
selection,36,0,1,10.67125 ,0,a5520fd801326c0b41d3a2156ecdd37d08dd3243
selection,37,0,1,9.48825 ,0,2a2892559ae996ae6339c6c62ace21c94bd26eee
selection,38,0,1,9.398958 ,0,153c3f2e93b25a4b4c599b8c123f2878f3697b84
selection,39,0,1,10.672958 ,0,4027cca484eb318b6d43f0a878727ac9c407a168
