mode,sample,offset,rows,elapsed_ms,retained_metadata_bytes,fingerprint
prefix,0,0,500,423.493916,216818,363115c466bc2018f09815dc2509116057c20c3895d468d5ea517c03134a20fc
prefix,0,500,1000,416.978750,433628,13dd29fc29d7e99f4ab89fbbf199262dcab48d8b9c9403b5574cded291243c0e
prefix,0,1000,1500,419.229584,650403,268f1d9bc63cffeacf0b39275f404ce088d8f6a51ec34cbc1e7b0bbedf619580
prefix,0,1500,2000,422.043125,867215,c533c61a141a5b36ee2a98daecdb32e3065c73f8b560da7aa3ecf22cb3f57303
prefix,0,2000,2500,418.569708,1084030,c869f93101432286c97638770be32c7545a09480ee490d6f40db19be4c556084
prefix,0,2500,3000,423.272292,1300808,7462d8c417aadc92290045f0d942b8b12d4a060eb10682f8b7b2b86eeef9617f
prefix,0,3000,3500,419.069250,1517621,98afa6676f0ac6259abac60d5fd12d443982c45da4192a94e71c58eeec446995
prefix,0,3500,4000,423.866709,1734440,1eeff515d80a2a1435910b3380192c4cf123b0ace22990a462048f0ff90f3327
prefix,0,4000,4500,420.572666,1951214,c19502fbb71495840ffadebd9e0a20c16ce9fab993b7b32e229e497b0acab803
prefix,0,4500,5000,427.989083,2168030,6340af82949d09714fe8d95b13014e554b1b5875deb4aab3d24c315202971e46
prefix,0,5000,5500,419.636625,2384847,d82302924ec073adad7db46fc2fbcf8bf0a5397fa9b7666269f984ffdd9dff7f
prefix,0,5500,6000,428.266667,2601620,7e872d566c4e7b3fdbbac84091781d8d2434da958a2fb1633234d5d2f8cdd6f6
prefix,0,6000,6500,425.203625,2818440,5f7992da76f820d764bb6eb1dfc2866dd2390d52b85d65acd2d857893ef1f3de
prefix,0,6500,7000,429.860416,3035253,414821eabff9c5863c378a7c8dc5682e1db75ea85ec75b08091d80f29d17cca1
prefix,0,7000,7500,457.079708,3252030,3d42c7b5253cc8056028c5ce56b806d95ee3d232b272fe65d6af16639038bd99
prefix,0,7500,8000,441.619958,3468846,9268270bd6acbff82724d0bcac9dfe48bb46cc9d459186a99c682d3b1849f1fb
prefix,0,8000,8500,456.209500,3685660,0fe8e78bae1a915a305aa873376e5d102937b9717aa6448c0e63295ead62cde1
prefix,0,8500,9000,459.606625,3902439,f9f0ef0374651c46faf6c5fc4419a872488d01808da3acb0971b5ff7b5976a0f
prefix,0,9000,9500,449.572333,4119252,94663390908938db2a0698e7031e6d45290595010f048cd84148555e372adb92
prefix,0,9500,10000,460.424917,4336070,ab1aa48a4a01ff5096b3bda50fada446ee5028ee5ddb1aee772beb0a49bb89fa
prefix,0,10000,10500,474.011250,4552845,4ee8a91460c261f2738d4d2e4b46a8756538f1f3ab235b1933416cb6700e1b8b
prefix,0,10500,11000,455.552917,4769660,a354f46a49d5c1db30959ca9822bda7c0ceb38329f2c8057573b4278a79a65a2
prefix,0,11000,11500,445.015000,4986478,6f37959a33d8fff07aa769ab7948976bbc876ec17968e7e73694e10941d0ab29
prefix,0,11500,12000,440.295959,5203251,923a22961635971052a8bf1cbd71e1795ac1877043a580cda655dbeea4f512d9
prefix,0,12000,12500,444.913792,5420068,93597046f01fdc9722ca4d886085e3cac96e64da81c3cc68a8a6d520c493348b
prefix,0,12500,13000,441.766083,5636879,201d9bf6932817981c2511d9d72daff16c41843423874eb6881426f48b97ebbe
prefix,0,13000,13500,442.020416,5853652,8041940944f32933c714d3b177fc939787f2cecba3242b6d568e3d7a20ab78fa
prefix,0,13500,14000,440.534459,6070467,c21fd8a446956d4f03c89f33d03f1e541cc33d2dfec05b8aa0b6359fac37934b
prefix,0,14000,14500,440.852583,6287280,9036ebfdb237e3debecc86a0c78fdbffc48bf3279907f9e14ac1646a4d7a98bf
prefix,0,14500,15000,439.187000,6504060,cdb3391aca3e570405642c0ea699e1f83951ae0597ec05463435a10e00428b10
prefix,0,15000,15500,447.457084,6720873,57b13774f5da34de41979e4568e3e83caf5bc16581d5adf936dbc7a80ed8b6a9
prefix,0,15500,16000,453.994083,6937690,5103e4f5ef881becf3c3edb0f09864f8ccad6a004056f97dae91b6f902674962
prefix,0,16000,16500,478.762041,7154466,536c30172b2793e768b8c5ac155b382441dfd3aef3a5e07d026f2f2b60021dcd
prefix,0,16500,17000,443.648042,7371280,42658ad6162e4165f438608f00d0bd6bd0b8b16cf0c65db1720948833c25d617
prefix,0,17000,17500,451.114333,7588099,a682479b8b3e64b7d149bac6d8259c531252b5e7c064ba8ccd691a87b1f40e04
prefix,0,17500,18000,447.590666,7804872,f11a1771d38a04572525a524487afbf3444ff7f198b5c0a5467de0d0d5e863eb
prefix,0,18000,18500,452.226333,8021690,4eca6e59012ce43180ad4086ee3a44e34ff29f2b93c16421cccc29bbdc650377
prefix,0,18500,19000,447.182208,8238505,e1f3f1214869a101ab91992ec7adeabc11d50bdb665d6ccfbde20469c20522fa
prefix,0,19000,19500,464.712541,8455280,4f488b982604e640cfb1ee7d15f7ba02f6b279f6bb947c05e2d43a4e006ca5d2
prefix,0,19500,20000,462.434791,8672098,0edf8043b1ef517b2ec7c691bbf138ee4db7b81d321b5a2e864ee42f5e51cd64
prefix,0,20000,20500,461.956625,8888413,a87fc19900127dd8949be6fb02deb147dc63e11631f76bb041ddfe1dd8aa5c15
prefix,0,20500,21000,459.156958,9104692,f98b825cba5dbc8d42f42a4d3a6da0ca39bda9da230899f522bcdcc49f85abd1
prefix,0,21000,21500,451.179708,9321006,0288a093810a2800dd6eed3be37ee22caa0e490f6a0fdc82273cd0ccfda01a27
prefix,0,21500,22000,458.652583,9537322,0436635a645550c22d971895a2f25e69a6eb71ed2d4b135ea83ef0866fede559
prefix,0,22000,22500,454.702958,9753599,087e90eb455b3b8bd7dd197a85954513d8a411708b5f0c51bc7804ac914dadf3
prefix,0,22500,23000,460.698000,9969912,fcf4e53262d78653c4dc90d70fc688d822305dbc3ca89a686a2f6bd33ac6d755
prefix,0,23000,23500,462.899750,10186232,bcaef142cd49821c20dc5983b0d4e4b8318c7814ef57cc256c4e923c37114cd0
prefix,0,23500,24000,461.602292,10402505,6e7551d60712340e05fa9cbd4268fad995b2054174b36e3eaa8f777f8e178325
prefix,0,24000,24500,457.101250,10618819,93322687a780c9509c293c1a29bbe3855ba68285cca690a7082e38c9d31647c7
prefix,0,24500,25000,481.697375,10835132,232f64b31644662a83a9930622e48e3bc1bb161e0527e913bb0810e7560c72d8
prefix,0,25000,25500,464.066875,11051403,c2dc1ee06cbc791d5b60fcc90b6a05b26ab54168358f340616937d4ecf77a7a5
prefix,0,25500,26000,463.870584,11267721,d7b8bd0c93ea1890e51dafdce69ca5e7ac615147374207c49bbb3af001c162b1
prefix,0,26000,26500,461.642541,11484034,f3a69541ffa65edad4d4bc5c1e8c1ca373a8ad32bf6de9dca926c79f05c91fe5
prefix,0,26500,27000,461.059417,11700312,d25fe95b5eb16f7543b583e8713e606667159240aa9c9a3fa45181ef5822cd4e
prefix,0,27000,27500,471.461583,11916627,f6ab26a3a8ded052b04a050594b39657d9b4bf436923a528f62f2a00730ee01e
prefix,0,27500,28000,480.061833,12132942,8ad467080f8a1a1a28fd6bf3baec8991202c253f9b14ded32ad0471de9ee0a7b
prefix,0,28000,28500,464.785417,12349220,35c1e40b6a9a202c0660145681c348f1665cdb290b285aa18d33c916c5a253f0
prefix,0,28500,29000,464.190541,12565533,16205c700b71bbe2dc0be01b9bc35c21fd450ddee0c890b1a5d08faf9b2e4ffe
prefix,0,29000,29500,480.085459,12781852,428d129803b07a567e59edf9b2a3361a6870422caf722ddc36f18632e89fbfbc
prefix,0,29500,30000,481.573792,12998126,3fc1d00dd16498ed1e4e9dafca2d4834a3bb10ccfa64716ee12ece7ffc2a4a34
prefix,0,30000,30500,508.863750,13214442,b98172fd0dc8cc77b0ce7a45294dbf3a35082bf1158855fd5ae8d939407002d8
prefix,0,30500,31000,468.724541,13430759,f49e0bffb9ee7e2f95b5a0398255ab90571c36946bc307cd3980ae9b3e77534e
prefix,0,31000,31500,475.331375,13647032,2b987c359a9eb33afc63f9149caa476f91de02b346a40a5d893d3b9ca34594d8
prefix,0,31500,32000,471.966459,13863352,e196f1aaf7e54c1a3ca4c6325d793ba66ad4550e5b027d31497a32eec32d7c92
prefix,0,32000,32500,470.784084,14079665,8c8dff1c6e8bfdb56f87bdfbed5001c3633fb2b7920d155120020b9f2a4885ea
prefix,0,32500,33000,488.339291,14295942,642abbbc929827af4795848153ec2d0f568246557796b04cf8551d26897d600b
prefix,0,33000,33500,509.738125,14512258,ce316460430802fc3f8c8dac7ea4df60a55aafcdd4aa1acdc3c17600d6c8ffc5
prefix,0,33500,34000,480.523333,14728572,a3e8de3ccab7d724a8befece620baddeb72bd4bab612dba2e3ef82910527fc2f
prefix,0,34000,34500,474.875833,14944851,d02678c4a35555c9c9dc9872e71b6538e74ebbe98e07deb97c58208b545f953f
prefix,0,34500,35000,482.094750,15161164,10cae260c930b8d66eb812c595424b37e0a2579cbfadef67309848abd76b5ee3
prefix,0,35000,35500,482.055333,15377482,5d0b626887ccec59b9cbf7abebad272bdc808940a30389600ce741cd22629d08
prefix,0,35500,36000,474.132958,15593756,d83a7ae0e440e187290b40e1a7a042627dcdb50753aba910249969d4fdf10505
prefix,0,36000,36500,490.751208,15810068,1314a39d5ca1a5815b3bbb26a7adbd37c742816520fcf2a2cc92a2e2305bb337
prefix,0,36500,37000,484.479750,16026383,0a280ed0782f0537351a38ad62d6914055235adcc0937dce50be8540c7e35db7
prefix,0,37000,37500,482.075708,16242653,d69ad3e535f2b1e6497a049225978878ef86d73995d26f67f2e8e9b783ec25de
prefix,0,37500,38000,478.339875,16458972,4dadaae7f3a3cc9e5b6febb84bdcaee929119b2d3a08f836f2eb2974ce78456e
prefix,0,38000,38500,487.019291,16675286,4999ef3c2258db537656ccee23a496d10cceee0ede1cabeddfa102c84fa2a165
prefix,0,38500,39000,490.551250,16891562,db6e2b4d89a3cf6593bb46e5533003c1b7cba0f79bca227c97ec84a1dcdb20ad
prefix,0,39000,39500,485.565833,17107879,5775ea8e735c22eb9c2a74607d3bf5e2782bb9ea73ae587c90e6c0276a98cd0c
prefix,0,39500,40000,487.739375,17324192,ab3cd9a31e98931464714bf04f5d88138ea32857948c97dd9d3f4735a3a8897f
prefix,0,40000,40500,496.596958,17540472,ff16ed3a796ea7dc84fca7ee99424cf31ee7cc1df3f30895af828647b2996de2
prefix,0,40500,41000,502.921041,17756785,cb8879c576bc4d5226179597baa7f5b531629232f100c907c143b4eb3ab61cf8
prefix,0,41000,41500,525.815250,17973102,334d5e6498b89c934c90a695d23113d3bd27a7269ddb87b72e19797256aced40
prefix,0,41500,42000,516.278459,18189378,860c69ba83508ba33087ffdcfb52d04abded52c28101d744aa9d70e367955e38
prefix,0,42000,42500,486.127667,18405692,b195ab7f900e3e1d42a5bc1a597016d98efe966329490a9169b4ec97d08dae78
prefix,0,42500,43000,496.417958,18622011,b74e79b7c77d703e3692b4ebd414301fafe4f52b19adcdc2c9850055eeaf75bd
prefix,0,43000,43500,507.071750,18838284,7863d783ec810c7c010689c727b847ae9a9b3bc9454c52b146dfb62eef89b7de
prefix,0,43500,44000,491.893625,19054602,d3688ae7ebb3ddb9cb7bffbc20e670dfe15abb5ba5eebfc1322910570a97d512
prefix,0,44000,44500,493.561792,19270917,f75154b1308672b7db7a9cd11660db77ed2af465a340eadb6886b2ceacaddcdc
prefix,0,44500,45000,514.903708,19487192,4d586a961e1e148fe1ef1d65c2f9443a177047f7a68e4c0b93ca9c65fc668dbb
prefix,0,45000,45500,498.487334,19703510,fe0669944f17f35a45462520cfba973a2e502e65b1654ac81ff365f2184cf14e
prefix,0,45500,46000,494.213833,19919823,46a6bdc8a1c347c1dcf4b56a764b10cb72a1c2bac19481e8483c8e6db9ea9e3d
prefix,0,46000,46500,495.510625,20136102,0e747348c891c5fe032774b3082d48ded8fcf442abf97b0801d92c0765a369ee
prefix,0,46500,47000,498.629708,20352416,5f0d1d03e5c6375b886b6d4c59f5148a06aead22d377135a9e3e79629e58ee56
prefix,0,47000,47500,500.926875,20568732,bc797940e119f84870fe4ed3e788b42f1caf4c08d57199712893cb8d380434b5
prefix,0,47500,48000,500.295791,20785007,089dc55b84bc1ee1a45e49e16954026b3d40410c5667c3456487150a9e1ca0c1
prefix,0,48000,48500,500.694458,21001317,2185d4574e9f4452f180ad7897080d7acd65e505a2671b4cc6a38ed28a354ddc
prefix,0,48500,49000,505.168834,21217634,d067a2539a6e3d1347855568821a66a3d23f789f9cabeec97789da75f0124790
prefix,0,49000,49500,549.092292,21433905,18f53fee0924dd3b55f12068d42216768d6d4aac84ca93aa10008bb97a5a9211
prefix,0,49500,50000,533.999333,21650222,ff4f758266f3de85f12a01b3f6269efd047676c5e42abc90746065839120f6de
prefix,0,50000,50500,503.928792,21866538,1519421eed19f4cf44c1eadb6800bbf7aecfafb4b9227b7af9d9af14290d1a0f
prefix,0,50500,51000,513.153375,22082812,c66b2ca8d50c302d15344b4bf8dcc9cc19b97b047be9b177dfae6f5e1caf4af8
prefix,0,51000,51500,508.843708,22299131,5e4117df86fd414e9c5c17105675c4840de66d2a431d30e2e6a696ea6b3b4dc7
prefix,0,51500,52000,518.776542,22515444,3cb85aacedde3b92394826f5cea0d2783fd4e0e5812188da3540968317c27366
prefix,0,52000,52500,510.840250,22731722,fef9e9aa02cefc228b717671b920cdda9967e4905aee68842d2592ca50ea5f1f
prefix,0,52500,53000,511.511375,22948037,8b6eb45db0e7b2ac4e3ad19ce127ec56a066fafda89652b9b04cd79b77a5b8fd
prefix,0,53000,53500,510.134417,23164352,55cda5b74e3ab2b8aebfc9e2a0a91d4481086242c8cac7850a7ca0bf6df229eb
prefix,0,53500,54000,507.613709,23380630,33c9b30adaf7d74898a1e8a6f07afa7ba838852b4d4e086da41f7edfbf0d469e
prefix,0,54000,54500,509.048417,23596943,025525261852f1ff45157fc1d0c733d2c8a83368f2141022704a5a17014dd065
prefix,0,54500,55000,508.628209,23813262,618464c36a2dd13f891e596d42839fdb9752b7a08f015c578a7c561564bbf3cd
prefix,0,55000,55500,509.783417,24029536,b3fc7e4e109b04410ff07435084d65c757c882e146e0b4baa3d3a9d2b8f3d66f
prefix,0,55500,56000,509.213959,24245852,00de49ecc15a78ed446a370d4b577ed1db396962ba94e4db69e6e075c4060017
prefix,0,56000,56500,513.399250,24462169,211c0621e9eb3eb2dd221cd974815cbd1dca3f215ee5f8b47f71096ffe7fe5d9
prefix,0,56500,57000,511.011584,24678442,a77df54a400c65cf950e0a6255d8cfc0c29d9e96a1c3f224286ab1c4bb606bd2
prefix,0,57000,57500,536.744291,24894762,c5d7a23b66f0f276bb20ee9966048faf2557e235ac8d38a0a8895d47dd5ae6b6
prefix,0,57500,58000,514.002959,25111075,f344e0af41ee023de2ac52dbeca55622bd48e582461460c23c4361c6fce1e695
prefix,0,58000,58500,520.566917,25327352,0539f308c67c41245a198dfcf47de1239943d28385518a206837c62b6eeb4063
prefix,0,58500,59000,520.474125,25543668,04683e2ed737e4316ed2b3b91c5d04cceb5fa4cf57ec6a8a0aaa047969c9ffdd
prefix,0,59000,59500,512.466500,25759982,12dd722a4dbf103703cd7c2bdb73714696c4b10d0ff1a5e4c79e44d69bdc10b9
prefix,0,59500,60000,523.397417,25976258,084a1205998b93e2ea9b70aa11f0f1ec1d0b897e489ae7ce76e644b6afce53d2
prefix,0,60000,60500,513.394334,26192568,5008b2ff67c1d808626d898aed1f8634cd7de87e7415c9dc84799c4b5a82e923
prefix,0,60500,61000,517.548875,26408883,dc75518a42ba877c9d5824ed21182c0549beb34ae44ca413710481729da53cc4
prefix,0,61000,61500,528.023250,26625157,6011b00398c1bce15b4204df7af7154ba43e3c16af4039acda7a9a86c873b4f8
prefix,0,61500,62000,525.853042,26841472,583734e4d5e209c0654adbd19ec038c5386947d33c385151107709f9a5d80938
prefix,0,62000,62500,522.356375,27057790,84d5da8e6ffaff75fe2367c4d28c4c0ebe54dc04cd885e02620aa57b599e893b
prefix,0,62500,63000,537.617875,27274063,05fece45c1f8987b82c34529244b1311cb891f5317e2f404cdb4b2a0b6422186
prefix,0,63000,63500,517.896542,27490382,d6b0b7d7d14a4d2eb6a152f638a616b4e3360c3f8cce1afbb4cf37b1a534e65e
prefix,0,63500,64000,530.529625,27706696,7f03b8e61079c9690a387fe01820879331675eaeacf4b103242abd590530d1ff
prefix,0,64000,64500,550.615791,27922972,621f0f57575d6df198d65c5bdb7afcde77e008098a2d43cf7d6b98985ff9fb32
prefix,0,64500,65000,548.007583,28139289,679e9fbff8a91b3054e2e8445d547df63eaee7601c5e2bceb961b85bbb9a6131
prefix,0,65000,65500,558.314000,28355602,18e58a9211b5e7cf3ab89a9f4e73497e72350050e20641507e9d4a4f98cc9b50
prefix,0,65500,66000,553.771500,28571882,62c3ed1d8c2c51aed1dc9ac19479e406cf2828e9bb51930073d68ca6c514e5ef
prefix,0,66000,66500,531.675292,28788195,816a4178542730d90a7c95b8bc6862243964382c0bc47dd48dfa17b711632eda
prefix,0,66500,67000,534.451250,29004512,d6e3971ae68f9b1419f3680e1db19e09c2f1d08f7ed6d09ab27dd9310cf5fb98
prefix,0,67000,67500,528.879541,29220788,e94c51cd81dbd4adb72b101169721e2d109c4c00a8370ff63d95176ab57cf6f3
prefix,0,67500,68000,529.667208,29437102,a2d0c05ab1555c316ab55b35fbb4b38adabd517f2f58aee4acb2ce870ea7db8b
prefix,0,68000,68500,537.203042,29653421,5473e38a22d125983bb371524801b24fa7da6eeea71a3fcd48c8d42fba4fdb0f
prefix,0,68500,69000,534.410792,29869694,acc5431803f2d3491d8cb22e59953dcd7488d75f4c608a22483c00c7abb380f3
prefix,0,69000,69500,533.327250,30086012,9dccdbbd1aaa4bb8e2f72ac10045f39c8d16bda2f6fbd347fde0cd3f3d389477
prefix,0,69500,70000,531.340916,30302327,03d13d2ea79aaa5c208fcf4ff50b6d56a186b70f2dc5d0faa7a223222ff85c5c
prefix,0,70000,70500,538.155834,30518602,a2c15842b7adf8836a18ea1b377db4c23af9c2e37f9026469c7185e623b8f992
prefix,0,70500,71000,538.691375,30734920,a2ba6fe2adae3c1d89a5b4bdf31e019b3c88a1bcc22bee38aa9c95e8bbbd9a55
prefix,0,71000,71500,541.844583,30951232,248c6e0552d776eb2575a14cec28a0794d3fb6e841a2650a58f7aabe49124545
prefix,0,71500,72000,560.644708,31167508,90adfc6eedc966a014167ce1d0cd270c554e1d75d5844ff9eaaed9eabdda9a1b
prefix,0,72000,72500,564.301916,31383819,4e305c5e46b757a75ed755aae052e5dbd7839dcc02ed1b96bd9faf393c864967
prefix,0,72500,73000,544.271917,31600132,a2f6d881b67b58f226d14c556ec7661569cd75ff9e6352f9fda6b3391cab7d48
prefix,0,73000,73500,549.787541,31816409,a686b7b4630b0852b37f5c4ffeb2a95a670a0ca9a58618e8b19aec5e0a93593d
prefix,0,73500,74000,541.819834,32032722,a55a77f2342aa37098a8cc970730716b4fd565b3e5aa0ee96e81a88bb6992040
prefix,0,74000,74500,545.248792,32249042,e3b967ba6e978013bfd6bf79a10858dd977d691f8aeb9705b312af569a41c704
prefix,0,74500,75000,541.841791,32465315,d4725f7f800e05f97a19ee543c501620f2f6ed6f6c61ffd0347643ed048be9bd
prefix,0,75000,75500,542.297917,32681632,5f635d5477e110ca787529aebb186a7854597a302df09483efffc92e980a7e2e
prefix,0,75500,76000,543.902250,32897948,5f05c7040dc40e941265b1e35e16ecc605c81f62d955b02d5e8fe8d027251700
prefix,0,76000,76500,550.072250,33114222,6482cc4c1c3440637aa4e2f94d453118907bfcfc685c7e32c8ef7dd8ca2ddaef
prefix,0,76500,77000,543.517708,33330541,0e2b2d06891603d638c7002fcb4f722327cadd698a8008ecc95e691f2cbec7c3
prefix,0,77000,77500,551.744250,33546854,daeb8ef96046c7d14922a561ab438c8f2b3db596ef4a2d3b46e3be40520809ce
prefix,0,77500,78000,546.452250,33763132,6c0bbedde62cba2b0d1e6db937f43df88089fa98ab94d58237dffcaa2927d6fc
prefix,0,78000,78500,550.692167,33979447,2afb0ec0454529d9c2c1b5a2e969a4d6581acd5ef892f48eab4eddfd5fcd68b6
prefix,0,78500,79000,573.513459,34195762,0d3252e64ee6b0d64309901a1542df71c3339bfa0aa29a858c68be7de3febbf2
prefix,0,79000,79500,581.883750,34412040,c78b28bbe00657c856e6a252ffb8633dfbce254b10439c65d163aa906dd1a9ae
prefix,0,79500,80000,554.091042,34628353,246f35d12fb1b231b6baf5d5e2be9d76695b4de03f6dbe948475d1a53d95450c
prefix,0,80000,80500,556.867250,34844672,5038f0c25f79d10a2e8aa36ca188f077839f4a2579bdbb62e0dc30e5acf538c5
prefix,0,80500,81000,558.697792,35060946,c581944051da6f9cde466b216d5db942d75994a32cc70ba7f9e244762a0b3f34
prefix,0,81000,81500,574.469750,35277262,b874504f92908081c3212589261522f461b56de961f5ee1a5a1d3b48b96c9d2a
prefix,0,81500,82000,558.756792,35493579,2c7f29d5cb2d8236090bacb7a002f598d4d105fea47fdb2ae360871d4e14e972
prefix,0,82000,82500,557.449292,35709852,0b58d28a572a300dbf170e42c0d8a31fedd3b6598f7e4bb9a7725c676598229b
prefix,0,82500,83000,554.723375,35926172,0a6e8bbf87d17f00cb811f295004aececdc8a0e20951254fabecaa39e6f852e4
prefix,0,83000,83500,564.391750,36142483,1afed9b099d79ce6e28133309266eeaf0d6d87c91609c2cd00fc8289a2ee1feb
prefix,0,83500,84000,562.554083,36358757,2793f30b9614b39b00d423b66b4ebcd01f81fc6f28ad42610227da2c711de610
prefix,0,84000,84500,565.646917,36575070,e0ca87f12ab00d547e2fc0761be937e6c6fea9faf5657eb47c27aae28bea9767
prefix,0,84500,85000,563.345708,36791382,9f8e7a0a65521e0e1475154d16eb12a7a33139d125767c8fd96971947b9cba90
prefix,0,85000,85500,563.761458,37007661,7568a886834960ac71f033d8847b46e40ac69ebd1b918e166c49438b3e933d79
prefix,0,85500,86000,577.629125,37223974,7adf1a2d4a05dab017e4debaa8d2387c8e94658c956163a6c9b2f67137a94f8c
prefix,0,86000,86500,593.511875,37440292,d648d91da604ef1242dbf23f740aabbb52777987fbf29e8ad3990eba81e8695e
prefix,0,86500,87000,571.284458,37656567,3b15465300363e3588c121ca9b6a2fa20c4964cc2b98968320b4f84bf5fb16b7
prefix,0,87000,87500,570.758042,37872882,64b75bbe5b18808af1def152baad38cf40d7126525c0946c2c92154aba2fe63c
prefix,0,87500,88000,570.997709,38089200,b01d9b839f28484be43df0bd84e58c1a933b6393cc986cab7e436a139e5492e5
prefix,0,88000,88500,571.253041,38305473,f0f99ff294682dbba30ae2869afa3706d5ddfa1758e8bf32b39bec70ef3899e7
prefix,0,88500,89000,574.720917,38521792,a894f270863c507c4cb2a9fad0fb9e030171cef7d786bde3f51ef2c65ac840ff
prefix,0,89000,89500,568.161584,38738106,c45923582d8d4826ea9657bd41998f7cf9e67275045f732eb8b85f0e82b4fccf
prefix,0,89500,90000,574.608208,38954382,2a3fb38e4c871ab4a783850cc026688342de2df38437103c53affd0a06ed78e4
prefix,0,90000,90500,578.726250,39170699,d8d6c3f14be02a4f44a4e57f797c2a6be5f80655cc0ce47c51738658fcb89e91
prefix,0,90500,91000,586.412875,39387012,7022b6a58b774c77aba6ee9fcff2978d38cf4d69900eb7b1c94e07c7dc0a7482
prefix,0,91000,91500,579.180125,39603292,aa764b5f9960746bce09fbe60c4eb85f3e41e4788ae6faac8ab8f5d00c62f83c
prefix,0,91500,92000,571.835167,39819605,98707a92c5ee67094cac1989e77d34bd830319adfbf4b2491d8b96a1fe30caed
prefix,0,92000,92500,585.489792,40035922,8cec0b61ae9bd3976a3dadcd4c899ec4fe6bbb422355b954e09b6547971ccf27
prefix,0,92500,93000,600.485000,40252198,498cfe3eb219470ff74db91890852755eebe7574f78bbbc838888970b16877dd
prefix,0,93000,93500,608.587583,40468512,f3605cd62134aafd99c75d4fc13612d9b94a69c1bffcb7f53cca0617132fbcf6
prefix,0,93500,94000,574.386375,40684831,56d3479c7475e987ea669d00cd7a9c964a8a1e063ae0217168002c03d5ecfed4
prefix,0,94000,94500,578.111000,40901104,4350e698358ad7f14d4556c17eb7bfe50c4ba7a5d37c6c2d9ecbceb2787b8bca
prefix,0,94500,95000,580.373833,41117422,5681fa6eed925ed5d706529c200bb492e7ec61944155581c167f7c71e1127dc6
prefix,0,95000,95500,580.131958,41333734,236d473b7a44a8399fd9272011ec67a1834367ad85b76dac735a556ffe4343fd
prefix,0,95500,96000,578.828000,41550006,61c7d060f46891b113e17aac66de2dd74bdd2c65a6c1983160d93c7bd785a0da
prefix,0,96000,96500,582.730417,41766321,0d3046a74bcd961c2d92da02e2752dfa16828dcd871f085e0789a151e67c5478
prefix,0,96500,97000,579.989875,41982633,e096caeff530ac421f9adcf71cfa155a0ec32eb3b18b95e7a1f49fa826d21ccb
prefix,0,97000,97500,583.312208,42198912,13bfa818389f234bab7c850db00dcf5987d5ceae467f3e5faadd53e0c64ea6d9
prefix,0,97500,98000,586.018125,42415226,0f6fb0756ac972ad89497efecc4aa1b05f21b9821b5b9c4585a7a18393158296
prefix,0,98000,98500,580.356917,42631542,151a3bb58e8b909df5a9c0b482e737ba191d53f1d2ab2ccf1c3c55bc45786aa1
prefix,0,98500,99000,580.559583,42847819,b8bf6c09daa02ebde373101c573d3381e7493f1c02ac833f898f17848e6dd57d
prefix,0,99000,99500,608.708458,43064132,649d5373210340c245d4595e1a0e010e230fa388642e93a54eb667cb797bc1e7
prefix,0,99500,100000,644.268667,43280452,945d0cc603d88f13f102c423e4142cb3c08d80dae472a4245a09f2d3248ad0c2
incremental,0,0,500,440.090083,216818,363115c466bc2018f09815dc2509116057c20c3895d468d5ea517c03134a20fc
incremental,0,500,500,0.550667,216810,13dd29fc29d7e99f4ab89fbbf199262dcab48d8b9c9403b5574cded291243c0e
incremental,0,1000,500,0.544333,216775,268f1d9bc63cffeacf0b39275f404ce088d8f6a51ec34cbc1e7b0bbedf619580
incremental,0,1500,500,0.533208,216812,c533c61a141a5b36ee2a98daecdb32e3065c73f8b560da7aa3ecf22cb3f57303
incremental,0,2000,500,0.510667,216815,c869f93101432286c97638770be32c7545a09480ee490d6f40db19be4c556084
incremental,0,2500,500,0.509958,216778,7462d8c417aadc92290045f0d942b8b12d4a060eb10682f8b7b2b86eeef9617f
incremental,0,3000,500,0.519875,216813,98afa6676f0ac6259abac60d5fd12d443982c45da4192a94e71c58eeec446995
incremental,0,3500,500,0.528916,216819,1eeff515d80a2a1435910b3380192c4cf123b0ace22990a462048f0ff90f3327
incremental,0,4000,500,0.553208,216774,c19502fbb71495840ffadebd9e0a20c16ce9fab993b7b32e229e497b0acab803
incremental,0,4500,500,0.514750,216816,6340af82949d09714fe8d95b13014e554b1b5875deb4aab3d24c315202971e46
incremental,0,5000,500,0.517750,216817,d82302924ec073adad7db46fc2fbcf8bf0a5397fa9b7666269f984ffdd9dff7f
incremental,0,5500,500,0.515042,216773,7e872d566c4e7b3fdbbac84091781d8d2434da958a2fb1633234d5d2f8cdd6f6
incremental,0,6000,500,0.506333,216820,5f7992da76f820d764bb6eb1dfc2866dd2390d52b85d65acd2d857893ef1f3de
incremental,0,6500,500,0.521292,216813,414821eabff9c5863c378a7c8dc5682e1db75ea85ec75b08091d80f29d17cca1
incremental,0,7000,500,0.510459,216777,3d42c7b5253cc8056028c5ce56b806d95ee3d232b272fe65d6af16639038bd99
incremental,0,7500,500,0.517541,216816,9268270bd6acbff82724d0bcac9dfe48bb46cc9d459186a99c682d3b1849f1fb
incremental,0,8000,500,0.511791,216814,0fe8e78bae1a915a305aa873376e5d102937b9717aa6448c0e63295ead62cde1
incremental,0,8500,500,0.518292,216779,f9f0ef0374651c46faf6c5fc4419a872488d01808da3acb0971b5ff7b5976a0f
incremental,0,9000,500,0.504209,216813,94663390908938db2a0698e7031e6d45290595010f048cd84148555e372adb92
incremental,0,9500,500,0.532250,216818,ab1aa48a4a01ff5096b3bda50fada446ee5028ee5ddb1aee772beb0a49bb89fa
incremental,0,10000,500,0.511791,216775,4ee8a91460c261f2738d4d2e4b46a8756538f1f3ab235b1933416cb6700e1b8b
incremental,0,10500,500,0.502875,216815,a354f46a49d5c1db30959ca9822bda7c0ceb38329f2c8057573b4278a79a65a2
incremental,0,11000,500,0.497000,216818,6f37959a33d8fff07aa769ab7948976bbc876ec17968e7e73694e10941d0ab29
incremental,0,11500,500,0.508542,216773,923a22961635971052a8bf1cbd71e1795ac1877043a580cda655dbeea4f512d9
incremental,0,12000,500,0.503750,216817,93597046f01fdc9722ca4d886085e3cac96e64da81c3cc68a8a6d520c493348b
incremental,0,12500,500,0.498667,216811,201d9bf6932817981c2511d9d72daff16c41843423874eb6881426f48b97ebbe
incremental,0,13000,500,0.498083,216773,8041940944f32933c714d3b177fc939787f2cecba3242b6d568e3d7a20ab78fa
incremental,0,13500,500,0.510333,216815,c21fd8a446956d4f03c89f33d03f1e541cc33d2dfec05b8aa0b6359fac37934b
incremental,0,14000,500,0.507458,216813,9036ebfdb237e3debecc86a0c78fdbffc48bf3279907f9e14ac1646a4d7a98bf
incremental,0,14500,500,0.506375,216780,cdb3391aca3e570405642c0ea699e1f83951ae0597ec05463435a10e00428b10
incremental,0,15000,500,0.538958,216813,57b13774f5da34de41979e4568e3e83caf5bc16581d5adf936dbc7a80ed8b6a9
incremental,0,15500,500,0.587458,216817,5103e4f5ef881becf3c3edb0f09864f8ccad6a004056f97dae91b6f902674962
incremental,0,16000,500,0.519709,216776,536c30172b2793e768b8c5ac155b382441dfd3aef3a5e07d026f2f2b60021dcd
incremental,0,16500,500,0.516375,216814,42658ad6162e4165f438608f00d0bd6bd0b8b16cf0c65db1720948833c25d617
incremental,0,17000,500,0.524667,216819,a682479b8b3e64b7d149bac6d8259c531252b5e7c064ba8ccd691a87b1f40e04
incremental,0,17500,500,0.529625,216773,f11a1771d38a04572525a524487afbf3444ff7f198b5c0a5467de0d0d5e863eb
incremental,0,18000,500,0.517708,216818,4eca6e59012ce43180ad4086ee3a44e34ff29f2b93c16421cccc29bbdc650377
incremental,0,18500,500,0.508625,216815,e1f3f1214869a101ab91992ec7adeabc11d50bdb665d6ccfbde20469c20522fa
incremental,0,19000,500,0.506709,216775,4f488b982604e640cfb1ee7d15f7ba02f6b279f6bb947c05e2d43a4e006ca5d2
incremental,0,19500,500,0.510791,216818,0edf8043b1ef517b2ec7c691bbf138ee4db7b81d321b5a2e864ee42f5e51cd64
incremental,0,20000,500,0.502458,216315,a87fc19900127dd8949be6fb02deb147dc63e11631f76bb041ddfe1dd8aa5c15
incremental,0,20500,500,0.500000,216279,f98b825cba5dbc8d42f42a4d3a6da0ca39bda9da230899f522bcdcc49f85abd1
incremental,0,21000,500,0.499750,216314,0288a093810a2800dd6eed3be37ee22caa0e490f6a0fdc82273cd0ccfda01a27
incremental,0,21500,500,0.500625,216316,0436635a645550c22d971895a2f25e69a6eb71ed2d4b135ea83ef0866fede559
incremental,0,22000,500,0.506041,216277,087e90eb455b3b8bd7dd197a85954513d8a411708b5f0c51bc7804ac914dadf3
incremental,0,22500,500,0.524542,216313,fcf4e53262d78653c4dc90d70fc688d822305dbc3ca89a686a2f6bd33ac6d755
incremental,0,23000,500,0.504250,216320,bcaef142cd49821c20dc5983b0d4e4b8318c7814ef57cc256c4e923c37114cd0
incremental,0,23500,500,0.565417,216273,6e7551d60712340e05fa9cbd4268fad995b2054174b36e3eaa8f777f8e178325
incremental,0,24000,500,0.468000,216314,93322687a780c9509c293c1a29bbe3855ba68285cca690a7082e38c9d31647c7
incremental,0,24500,500,0.467875,216313,232f64b31644662a83a9930622e48e3bc1bb161e0527e913bb0810e7560c72d8
incremental,0,25000,500,0.487459,216271,c2dc1ee06cbc791d5b60fcc90b6a05b26ab54168358f340616937d4ecf77a7a5
incremental,0,25500,500,0.486250,216318,d7b8bd0c93ea1890e51dafdce69ca5e7ac615147374207c49bbb3af001c162b1
incremental,0,26000,500,0.503250,216313,f3a69541ffa65edad4d4bc5c1e8c1ca373a8ad32bf6de9dca926c79f05c91fe5
incremental,0,26500,500,0.497166,216278,d25fe95b5eb16f7543b583e8713e606667159240aa9c9a3fa45181ef5822cd4e
incremental,0,27000,500,0.502500,216315,f6ab26a3a8ded052b04a050594b39657d9b4bf436923a528f62f2a00730ee01e
incremental,0,27500,500,0.505000,216315,8ad467080f8a1a1a28fd6bf3baec8991202c253f9b14ded32ad0471de9ee0a7b
incremental,0,28000,500,0.503083,216278,35c1e40b6a9a202c0660145681c348f1665cdb290b285aa18d33c916c5a253f0
incremental,0,28500,500,0.502417,216313,16205c700b71bbe2dc0be01b9bc35c21fd450ddee0c890b1a5d08faf9b2e4ffe
incremental,0,29000,500,0.525000,216319,428d129803b07a567e59edf9b2a3361a6870422caf722ddc36f18632e89fbfbc
incremental,0,29500,500,0.502208,216274,3fc1d00dd16498ed1e4e9dafca2d4834a3bb10ccfa64716ee12ece7ffc2a4a34
incremental,0,30000,500,0.519542,216316,b98172fd0dc8cc77b0ce7a45294dbf3a35082bf1158855fd5ae8d939407002d8
incremental,0,30500,500,0.558084,216317,f49e0bffb9ee7e2f95b5a0398255ab90571c36946bc307cd3980ae9b3e77534e
incremental,0,31000,500,0.562542,216273,2b987c359a9eb33afc63f9149caa476f91de02b346a40a5d893d3b9ca34594d8
incremental,0,31500,500,0.559291,216320,e196f1aaf7e54c1a3ca4c6325d793ba66ad4550e5b027d31497a32eec32d7c92
incremental,0,32000,500,0.566209,216313,8c8dff1c6e8bfdb56f87bdfbed5001c3633fb2b7920d155120020b9f2a4885ea
incremental,0,32500,500,0.516750,216277,642abbbc929827af4795848153ec2d0f568246557796b04cf8551d26897d600b
incremental,0,33000,500,0.532666,216316,ce316460430802fc3f8c8dac7ea4df60a55aafcdd4aa1acdc3c17600d6c8ffc5
incremental,0,33500,500,0.517708,216314,a3e8de3ccab7d724a8befece620baddeb72bd4bab612dba2e3ef82910527fc2f
incremental,0,34000,500,0.499208,216279,d02678c4a35555c9c9dc9872e71b6538e74ebbe98e07deb97c58208b545f953f
incremental,0,34500,500,0.494875,216313,10cae260c930b8d66eb812c595424b37e0a2579cbfadef67309848abd76b5ee3
incremental,0,35000,500,0.501875,216318,5d0b626887ccec59b9cbf7abebad272bdc808940a30389600ce741cd22629d08
incremental,0,35500,500,0.498334,216274,d83a7ae0e440e187290b40e1a7a042627dcdb50753aba910249969d4fdf10505
incremental,0,36000,500,0.490459,216312,1314a39d5ca1a5815b3bbb26a7adbd37c742816520fcf2a2cc92a2e2305bb337
incremental,0,36500,500,0.490875,216315,0a280ed0782f0537351a38ad62d6914055235adcc0937dce50be8540c7e35db7
incremental,0,37000,500,0.491084,216270,d69ad3e535f2b1e6497a049225978878ef86d73995d26f67f2e8e9b783ec25de
incremental,0,37500,500,0.530541,216319,4dadaae7f3a3cc9e5b6febb84bdcaee929119b2d3a08f836f2eb2974ce78456e
incremental,0,38000,500,0.540667,216314,4999ef3c2258db537656ccee23a496d10cceee0ede1cabeddfa102c84fa2a165
incremental,0,38500,500,0.579916,216276,db6e2b4d89a3cf6593bb46e5533003c1b7cba0f79bca227c97ec84a1dcdb20ad
incremental,0,39000,500,0.526083,216317,5775ea8e735c22eb9c2a74607d3bf5e2782bb9ea73ae587c90e6c0276a98cd0c
incremental,0,39500,500,0.520000,216313,ab3cd9a31e98931464714bf04f5d88138ea32857948c97dd9d3f4735a3a8897f
incremental,0,40000,500,0.514291,216280,ff16ed3a796ea7dc84fca7ee99424cf31ee7cc1df3f30895af828647b2996de2
incremental,0,40500,500,0.516291,216313,cb8879c576bc4d5226179597baa7f5b531629232f100c907c143b4eb3ab61cf8
incremental,0,41000,500,0.507000,216317,334d5e6498b89c934c90a695d23113d3bd27a7269ddb87b72e19797256aced40
incremental,0,41500,500,0.515834,216276,860c69ba83508ba33087ffdcfb52d04abded52c28101d744aa9d70e367955e38
incremental,0,42000,500,0.506666,216314,b195ab7f900e3e1d42a5bc1a597016d98efe966329490a9169b4ec97d08dae78
incremental,0,42500,500,0.673625,216319,b74e79b7c77d703e3692b4ebd414301fafe4f52b19adcdc2c9850055eeaf75bd
incremental,0,43000,500,0.509292,216273,7863d783ec810c7c010689c727b847ae9a9b3bc9454c52b146dfb62eef89b7de
incremental,0,43500,500,0.509625,216318,d3688ae7ebb3ddb9cb7bffbc20e670dfe15abb5ba5eebfc1322910570a97d512
incremental,0,44000,500,0.520542,216315,f75154b1308672b7db7a9cd11660db77ed2af465a340eadb6886b2ceacaddcdc
incremental,0,44500,500,0.538125,216275,4d586a961e1e148fe1ef1d65c2f9443a177047f7a68e4c0b93ca9c65fc668dbb
incremental,0,45000,500,0.526250,216318,fe0669944f17f35a45462520cfba973a2e502e65b1654ac81ff365f2184cf14e
incremental,0,45500,500,0.537667,216313,46a6bdc8a1c347c1dcf4b56a764b10cb72a1c2bac19481e8483c8e6db9ea9e3d
incremental,0,46000,500,0.536042,216279,0e747348c891c5fe032774b3082d48ded8fcf442abf97b0801d92c0765a369ee
incremental,0,46500,500,0.523625,216314,5f0d1d03e5c6375b886b6d4c59f5148a06aead22d377135a9e3e79629e58ee56
incremental,0,47000,500,0.516708,216316,bc797940e119f84870fe4ed3e788b42f1caf4c08d57199712893cb8d380434b5
incremental,0,47500,500,0.514667,216275,089dc55b84bc1ee1a45e49e16954026b3d40410c5667c3456487150a9e1ca0c1
incremental,0,48000,500,0.507375,216310,2185d4574e9f4452f180ad7897080d7acd65e505a2671b4cc6a38ed28a354ddc
incremental,0,48500,500,0.516167,216317,d067a2539a6e3d1347855568821a66a3d23f789f9cabeec97789da75f0124790
incremental,0,49000,500,0.518250,216271,18f53fee0924dd3b55f12068d42216768d6d4aac84ca93aa10008bb97a5a9211
incremental,0,49500,500,0.521125,216317,ff4f758266f3de85f12a01b3f6269efd047676c5e42abc90746065839120f6de
incremental,0,50000,500,0.514041,216316,1519421eed19f4cf44c1eadb6800bbf7aecfafb4b9227b7af9d9af14290d1a0f
incremental,0,50500,500,0.510542,216274,c66b2ca8d50c302d15344b4bf8dcc9cc19b97b047be9b177dfae6f5e1caf4af8
incremental,0,51000,500,0.523584,216319,5e4117df86fd414e9c5c17105675c4840de66d2a431d30e2e6a696ea6b3b4dc7
incremental,0,51500,500,0.518708,216313,3cb85aacedde3b92394826f5cea0d2783fd4e0e5812188da3540968317c27366
incremental,0,52000,500,0.540458,216278,fef9e9aa02cefc228b717671b920cdda9967e4905aee68842d2592ca50ea5f1f
incremental,0,52500,500,0.532583,216315,8b6eb45db0e7b2ac4e3ad19ce127ec56a066fafda89652b9b04cd79b77a5b8fd
incremental,0,53000,500,0.511667,216315,55cda5b74e3ab2b8aebfc9e2a0a91d4481086242c8cac7850a7ca0bf6df229eb
incremental,0,53500,500,0.505125,216278,33c9b30adaf7d74898a1e8a6f07afa7ba838852b4d4e086da41f7edfbf0d469e
incremental,0,54000,500,0.521334,216313,025525261852f1ff45157fc1d0c733d2c8a83368f2141022704a5a17014dd065
incremental,0,54500,500,0.519167,216319,618464c36a2dd13f891e596d42839fdb9752b7a08f015c578a7c561564bbf3cd
incremental,0,55000,500,0.515750,216274,b3fc7e4e109b04410ff07435084d65c757c882e146e0b4baa3d3a9d2b8f3d66f
incremental,0,55500,500,0.510167,216316,00de49ecc15a78ed446a370d4b577ed1db396962ba94e4db69e6e075c4060017
incremental,0,56000,500,0.507208,216317,211c0621e9eb3eb2dd221cd974815cbd1dca3f215ee5f8b47f71096ffe7fe5d9
incremental,0,56500,500,0.518334,216273,a77df54a400c65cf950e0a6255d8cfc0c29d9e96a1c3f224286ab1c4bb606bd2
incremental,0,57000,500,0.510417,216320,c5d7a23b66f0f276bb20ee9966048faf2557e235ac8d38a0a8895d47dd5ae6b6
incremental,0,57500,500,0.514542,216313,f344e0af41ee023de2ac52dbeca55622bd48e582461460c23c4361c6fce1e695
incremental,0,58000,500,0.515917,216277,0539f308c67c41245a198dfcf47de1239943d28385518a206837c62b6eeb4063
incremental,0,58500,500,0.517750,216316,04683e2ed737e4316ed2b3b91c5d04cceb5fa4cf57ec6a8a0aaa047969c9ffdd
incremental,0,59000,500,0.515208,216314,12dd722a4dbf103703cd7c2bdb73714696c4b10d0ff1a5e4c79e44d69bdc10b9
incremental,0,59500,500,0.517166,216276,084a1205998b93e2ea9b70aa11f0f1ec1d0b897e489ae7ce76e644b6afce53d2
incremental,0,60000,500,0.524334,216310,5008b2ff67c1d808626d898aed1f8634cd7de87e7415c9dc84799c4b5a82e923
incremental,0,60500,500,0.512375,216315,dc75518a42ba877c9d5824ed21182c0549beb34ae44ca413710481729da53cc4
incremental,0,61000,500,0.500334,216274,6011b00398c1bce15b4204df7af7154ba43e3c16af4039acda7a9a86c873b4f8
incremental,0,61500,500,0.505125,216315,583734e4d5e209c0654adbd19ec038c5386947d33c385151107709f9a5d80938
incremental,0,62000,500,0.501791,216318,84d5da8e6ffaff75fe2367c4d28c4c0ebe54dc04cd885e02620aa57b599e893b
incremental,0,62500,500,0.507083,216273,05fece45c1f8987b82c34529244b1311cb891f5317e2f404cdb4b2a0b6422186
incremental,0,63000,500,0.497292,216319,d6b0b7d7d14a4d2eb6a152f638a616b4e3360c3f8cce1afbb4cf37b1a534e65e
incremental,0,63500,500,0.514000,216314,7f03b8e61079c9690a387fe01820879331675eaeacf4b103242abd590530d1ff
incremental,0,64000,500,0.503375,216276,621f0f57575d6df198d65c5bdb7afcde77e008098a2d43cf7d6b98985ff9fb32
incremental,0,64500,500,0.510666,216317,679e9fbff8a91b3054e2e8445d547df63eaee7601c5e2bceb961b85bbb9a6131
incremental,0,65000,500,0.510417,216313,18e58a9211b5e7cf3ab89a9f4e73497e72350050e20641507e9d4a4f98cc9b50
incremental,0,65500,500,0.504375,216280,62c3ed1d8c2c51aed1dc9ac19479e406cf2828e9bb51930073d68ca6c514e5ef
incremental,0,66000,500,0.522209,216313,816a4178542730d90a7c95b8bc6862243964382c0bc47dd48dfa17b711632eda
incremental,0,66500,500,0.516417,216317,d6e3971ae68f9b1419f3680e1db19e09c2f1d08f7ed6d09ab27dd9310cf5fb98
incremental,0,67000,500,0.509375,216276,e94c51cd81dbd4adb72b101169721e2d109c4c00a8370ff63d95176ab57cf6f3
incremental,0,67500,500,0.507083,216314,a2d0c05ab1555c316ab55b35fbb4b38adabd517f2f58aee4acb2ce870ea7db8b
incremental,0,68000,500,0.507250,216319,5473e38a22d125983bb371524801b24fa7da6eeea71a3fcd48c8d42fba4fdb0f
incremental,0,68500,500,0.509333,216273,acc5431803f2d3491d8cb22e59953dcd7488d75f4c608a22483c00c7abb380f3
incremental,0,69000,500,0.505584,216318,9dccdbbd1aaa4bb8e2f72ac10045f39c8d16bda2f6fbd347fde0cd3f3d389477
incremental,0,69500,500,0.545125,216315,03d13d2ea79aaa5c208fcf4ff50b6d56a186b70f2dc5d0faa7a223222ff85c5c
incremental,0,70000,500,0.532083,216275,a2c15842b7adf8836a18ea1b377db4c23af9c2e37f9026469c7185e623b8f992
incremental,0,70500,500,0.500083,216318,a2ba6fe2adae3c1d89a5b4bdf31e019b3c88a1bcc22bee38aa9c95e8bbbd9a55
incremental,0,71000,500,0.478125,216312,248c6e0552d776eb2575a14cec28a0794d3fb6e841a2650a58f7aabe49124545
incremental,0,71500,500,0.499000,216276,90adfc6eedc966a014167ce1d0cd270c554e1d75d5844ff9eaaed9eabdda9a1b
incremental,0,72000,500,0.493916,216311,4e305c5e46b757a75ed755aae052e5dbd7839dcc02ed1b96bd9faf393c864967
incremental,0,72500,500,0.507583,216313,a2f6d881b67b58f226d14c556ec7661569cd75ff9e6352f9fda6b3391cab7d48
incremental,0,73000,500,0.502958,216277,a686b7b4630b0852b37f5c4ffeb2a95a670a0ca9a58618e8b19aec5e0a93593d
incremental,0,73500,500,0.507042,216313,a55a77f2342aa37098a8cc970730716b4fd565b3e5aa0ee96e81a88bb6992040
incremental,0,74000,500,0.505834,216320,e3b967ba6e978013bfd6bf79a10858dd977d691f8aeb9705b312af569a41c704
incremental,0,74500,500,0.512125,216273,d4725f7f800e05f97a19ee543c501620f2f6ed6f6c61ffd0347643ed048be9bd
incremental,0,75000,500,0.501958,216317,5f635d5477e110ca787529aebb186a7854597a302df09483efffc92e980a7e2e
incremental,0,75500,500,0.507709,216316,5f05c7040dc40e941265b1e35e16ecc605c81f62d955b02d5e8fe8d027251700
incremental,0,76000,500,0.506500,216274,6482cc4c1c3440637aa4e2f94d453118907bfcfc685c7e32c8ef7dd8ca2ddaef
incremental,0,76500,500,0.513958,216319,0e2b2d06891603d638c7002fcb4f722327cadd698a8008ecc95e691f2cbec7c3
incremental,0,77000,500,0.516125,216313,daeb8ef96046c7d14922a561ab438c8f2b3db596ef4a2d3b46e3be40520809ce
incremental,0,77500,500,0.504625,216278,6c0bbedde62cba2b0d1e6db937f43df88089fa98ab94d58237dffcaa2927d6fc
incremental,0,78000,500,0.513750,216315,2afb0ec0454529d9c2c1b5a2e969a4d6581acd5ef892f48eab4eddfd5fcd68b6
incremental,0,78500,500,0.531792,216315,0d3252e64ee6b0d64309901a1542df71c3339bfa0aa29a858c68be7de3febbf2
incremental,0,79000,500,0.511583,216278,c78b28bbe00657c856e6a252ffb8633dfbce254b10439c65d163aa906dd1a9ae
incremental,0,79500,500,0.511583,216313,246f35d12fb1b231b6baf5d5e2be9d76695b4de03f6dbe948475d1a53d95450c
incremental,0,80000,500,0.509750,216319,5038f0c25f79d10a2e8aa36ca188f077839f4a2579bdbb62e0dc30e5acf538c5
incremental,0,80500,500,0.519625,216274,c581944051da6f9cde466b216d5db942d75994a32cc70ba7f9e244762a0b3f34
incremental,0,81000,500,0.486541,216316,b874504f92908081c3212589261522f461b56de961f5ee1a5a1d3b48b96c9d2a
incremental,0,81500,500,0.500250,216317,2c7f29d5cb2d8236090bacb7a002f598d4d105fea47fdb2ae360871d4e14e972
incremental,0,82000,500,0.497750,216273,0b58d28a572a300dbf170e42c0d8a31fedd3b6598f7e4bb9a7725c676598229b
incremental,0,82500,500,0.503125,216320,0a6e8bbf87d17f00cb811f295004aececdc8a0e20951254fabecaa39e6f852e4
incremental,0,83000,500,0.504500,216311,1afed9b099d79ce6e28133309266eeaf0d6d87c91609c2cd00fc8289a2ee1feb
incremental,0,83500,500,0.505542,216274,2793f30b9614b39b00d423b66b4ebcd01f81fc6f28ad42610227da2c711de610
incremental,0,84000,500,0.506333,216313,e0ca87f12ab00d547e2fc0761be937e6c6fea9faf5657eb47c27aae28bea9767
incremental,0,84500,500,0.503541,216312,9f8e7a0a65521e0e1475154d16eb12a7a33139d125767c8fd96971947b9cba90
incremental,0,85000,500,0.510167,216279,7568a886834960ac71f033d8847b46e40ac69ebd1b918e166c49438b3e933d79
incremental,0,85500,500,0.507583,216313,7adf1a2d4a05dab017e4debaa8d2387c8e94658c956163a6c9b2f67137a94f8c
incremental,0,86000,500,0.510584,216318,d648d91da604ef1242dbf23f740aabbb52777987fbf29e8ad3990eba81e8695e
incremental,0,86500,500,0.509750,216275,3b15465300363e3588c121ca9b6a2fa20c4964cc2b98968320b4f84bf5fb16b7
incremental,0,87000,500,0.524083,216315,64b75bbe5b18808af1def152baad38cf40d7126525c0946c2c92154aba2fe63c
incremental,0,87500,500,0.529500,216318,b01d9b839f28484be43df0bd84e58c1a933b6393cc986cab7e436a139e5492e5
incremental,0,88000,500,0.515083,216273,f0f99ff294682dbba30ae2869afa3706d5ddfa1758e8bf32b39bec70ef3899e7
incremental,0,88500,500,0.509666,216319,a894f270863c507c4cb2a9fad0fb9e030171cef7d786bde3f51ef2c65ac840ff
incremental,0,89000,500,0.519167,216314,c45923582d8d4826ea9657bd41998f7cf9e67275045f732eb8b85f0e82b4fccf
incremental,0,89500,500,0.523000,216276,2a3fb38e4c871ab4a783850cc026688342de2df38437103c53affd0a06ed78e4
incremental,0,90000,500,0.537791,216317,d8d6c3f14be02a4f44a4e57f797c2a6be5f80655cc0ce47c51738658fcb89e91
incremental,0,90500,500,0.557666,216313,7022b6a58b774c77aba6ee9fcff2978d38cf4d69900eb7b1c94e07c7dc0a7482
incremental,0,91000,500,0.568500,216280,aa764b5f9960746bce09fbe60c4eb85f3e41e4788ae6faac8ab8f5d00c62f83c
incremental,0,91500,500,0.566709,216313,98707a92c5ee67094cac1989e77d34bd830319adfbf4b2491d8b96a1fe30caed
incremental,0,92000,500,0.555542,216317,8cec0b61ae9bd3976a3dadcd4c899ec4fe6bbb422355b954e09b6547971ccf27
incremental,0,92500,500,0.565750,216276,498cfe3eb219470ff74db91890852755eebe7574f78bbbc838888970b16877dd
incremental,0,93000,500,0.555333,216314,f3605cd62134aafd99c75d4fc13612d9b94a69c1bffcb7f53cca0617132fbcf6
incremental,0,93500,500,0.505125,216319,56d3479c7475e987ea669d00cd7a9c964a8a1e063ae0217168002c03d5ecfed4
incremental,0,94000,500,0.502417,216273,4350e698358ad7f14d4556c17eb7bfe50c4ba7a5d37c6c2d9ecbceb2787b8bca
incremental,0,94500,500,0.509792,216318,5681fa6eed925ed5d706529c200bb492e7ec61944155581c167f7c71e1127dc6
incremental,0,95000,500,0.474208,216312,236d473b7a44a8399fd9272011ec67a1834367ad85b76dac735a556ffe4343fd
incremental,0,95500,500,0.485958,216272,61c7d060f46891b113e17aac66de2dd74bdd2c65a6c1983160d93c7bd785a0da
incremental,0,96000,500,0.486250,216315,0d3046a74bcd961c2d92da02e2752dfa16828dcd871f085e0789a151e67c5478
incremental,0,96500,500,0.490125,216312,e096caeff530ac421f9adcf71cfa155a0ec32eb3b18b95e7a1f49fa826d21ccb
incremental,0,97000,500,0.498833,216279,13bfa818389f234bab7c850db00dcf5987d5ceae467f3e5faadd53e0c64ea6d9
incremental,0,97500,500,0.502750,216314,0f6fb0756ac972ad89497efecc4aa1b05f21b9821b5b9c4585a7a18393158296
incremental,0,98000,500,0.510208,216316,151a3bb58e8b909df5a9c0b482e737ba191d53f1d2ab2ccf1c3c55bc45786aa1
incremental,0,98500,500,0.512125,216277,b8bf6c09daa02ebde373101c573d3381e7493f1c02ac833f898f17848e6dd57d
incremental,0,99000,500,0.509625,216313,649d5373210340c245d4595e1a0e010e230fa388642e93a54eb667cb797bc1e7
incremental,0,99500,500,0.508334,216320,945d0cc603d88f13f102c423e4142cb3c08d80dae472a4245a09f2d3248ad0c2
incremental,1,0,500,446.858792,216818,363115c466bc2018f09815dc2509116057c20c3895d468d5ea517c03134a20fc
incremental,1,500,500,0.535209,216810,13dd29fc29d7e99f4ab89fbbf199262dcab48d8b9c9403b5574cded291243c0e
incremental,1,1000,500,0.529333,216775,268f1d9bc63cffeacf0b39275f404ce088d8f6a51ec34cbc1e7b0bbedf619580
incremental,1,1500,500,0.520292,216812,c533c61a141a5b36ee2a98daecdb32e3065c73f8b560da7aa3ecf22cb3f57303
incremental,1,2000,500,0.573084,216815,c869f93101432286c97638770be32c7545a09480ee490d6f40db19be4c556084
incremental,1,2500,500,0.479416,216778,7462d8c417aadc92290045f0d942b8b12d4a060eb10682f8b7b2b86eeef9617f
incremental,1,3000,500,0.491917,216813,98afa6676f0ac6259abac60d5fd12d443982c45da4192a94e71c58eeec446995
incremental,1,3500,500,0.578083,216819,1eeff515d80a2a1435910b3380192c4cf123b0ace22990a462048f0ff90f3327
incremental,1,4000,500,0.560875,216774,c19502fbb71495840ffadebd9e0a20c16ce9fab993b7b32e229e497b0acab803
incremental,1,4500,500,0.515583,216816,6340af82949d09714fe8d95b13014e554b1b5875deb4aab3d24c315202971e46
incremental,1,5000,500,0.518375,216817,d82302924ec073adad7db46fc2fbcf8bf0a5397fa9b7666269f984ffdd9dff7f
incremental,1,5500,500,0.504584,216773,7e872d566c4e7b3fdbbac84091781d8d2434da958a2fb1633234d5d2f8cdd6f6
incremental,1,6000,500,0.497000,216820,5f7992da76f820d764bb6eb1dfc2866dd2390d52b85d65acd2d857893ef1f3de
incremental,1,6500,500,0.505333,216813,414821eabff9c5863c378a7c8dc5682e1db75ea85ec75b08091d80f29d17cca1
incremental,1,7000,500,0.505000,216777,3d42c7b5253cc8056028c5ce56b806d95ee3d232b272fe65d6af16639038bd99
incremental,1,7500,500,0.492916,216816,9268270bd6acbff82724d0bcac9dfe48bb46cc9d459186a99c682d3b1849f1fb
incremental,1,8000,500,0.502208,216814,0fe8e78bae1a915a305aa873376e5d102937b9717aa6448c0e63295ead62cde1
incremental,1,8500,500,0.497667,216779,f9f0ef0374651c46faf6c5fc4419a872488d01808da3acb0971b5ff7b5976a0f
incremental,1,9000,500,0.497084,216813,94663390908938db2a0698e7031e6d45290595010f048cd84148555e372adb92
incremental,1,9500,500,0.504708,216818,ab1aa48a4a01ff5096b3bda50fada446ee5028ee5ddb1aee772beb0a49bb89fa
incremental,1,10000,500,0.507250,216775,4ee8a91460c261f2738d4d2e4b46a8756538f1f3ab235b1933416cb6700e1b8b
incremental,1,10500,500,0.514375,216815,a354f46a49d5c1db30959ca9822bda7c0ceb38329f2c8057573b4278a79a65a2
incremental,1,11000,500,0.505000,216818,6f37959a33d8fff07aa769ab7948976bbc876ec17968e7e73694e10941d0ab29
incremental,1,11500,500,0.518333,216773,923a22961635971052a8bf1cbd71e1795ac1877043a580cda655dbeea4f512d9
incremental,1,12000,500,0.577208,216817,93597046f01fdc9722ca4d886085e3cac96e64da81c3cc68a8a6d520c493348b
incremental,1,12500,500,0.514083,216811,201d9bf6932817981c2511d9d72daff16c41843423874eb6881426f48b97ebbe
incremental,1,13000,500,0.509708,216773,8041940944f32933c714d3b177fc939787f2cecba3242b6d568e3d7a20ab78fa
incremental,1,13500,500,0.506416,216815,c21fd8a446956d4f03c89f33d03f1e541cc33d2dfec05b8aa0b6359fac37934b
incremental,1,14000,500,0.509792,216813,9036ebfdb237e3debecc86a0c78fdbffc48bf3279907f9e14ac1646a4d7a98bf
incremental,1,14500,500,0.508084,216780,cdb3391aca3e570405642c0ea699e1f83951ae0597ec05463435a10e00428b10
incremental,1,15000,500,0.509541,216813,57b13774f5da34de41979e4568e3e83caf5bc16581d5adf936dbc7a80ed8b6a9
incremental,1,15500,500,0.513416,216817,5103e4f5ef881becf3c3edb0f09864f8ccad6a004056f97dae91b6f902674962
incremental,1,16000,500,0.505166,216776,536c30172b2793e768b8c5ac155b382441dfd3aef3a5e07d026f2f2b60021dcd
incremental,1,16500,500,0.516250,216814,42658ad6162e4165f438608f00d0bd6bd0b8b16cf0c65db1720948833c25d617
incremental,1,17000,500,0.521458,216819,a682479b8b3e64b7d149bac6d8259c531252b5e7c064ba8ccd691a87b1f40e04
incremental,1,17500,500,0.568708,216773,f11a1771d38a04572525a524487afbf3444ff7f198b5c0a5467de0d0d5e863eb
incremental,1,18000,500,0.618166,216818,4eca6e59012ce43180ad4086ee3a44e34ff29f2b93c16421cccc29bbdc650377
incremental,1,18500,500,0.515583,216815,e1f3f1214869a101ab91992ec7adeabc11d50bdb665d6ccfbde20469c20522fa
incremental,1,19000,500,0.515875,216775,4f488b982604e640cfb1ee7d15f7ba02f6b279f6bb947c05e2d43a4e006ca5d2
incremental,1,19500,500,0.514625,216818,0edf8043b1ef517b2ec7c691bbf138ee4db7b81d321b5a2e864ee42f5e51cd64
incremental,1,20000,500,0.512125,216315,a87fc19900127dd8949be6fb02deb147dc63e11631f76bb041ddfe1dd8aa5c15
incremental,1,20500,500,0.501708,216279,f98b825cba5dbc8d42f42a4d3a6da0ca39bda9da230899f522bcdcc49f85abd1
incremental,1,21000,500,0.503666,216314,0288a093810a2800dd6eed3be37ee22caa0e490f6a0fdc82273cd0ccfda01a27
incremental,1,21500,500,0.498959,216316,0436635a645550c22d971895a2f25e69a6eb71ed2d4b135ea83ef0866fede559
incremental,1,22000,500,0.503208,216277,087e90eb455b3b8bd7dd197a85954513d8a411708b5f0c51bc7804ac914dadf3
incremental,1,22500,500,0.507250,216313,fcf4e53262d78653c4dc90d70fc688d822305dbc3ca89a686a2f6bd33ac6d755
incremental,1,23000,500,0.498958,216320,bcaef142cd49821c20dc5983b0d4e4b8318c7814ef57cc256c4e923c37114cd0
incremental,1,23500,500,0.507125,216273,6e7551d60712340e05fa9cbd4268fad995b2054174b36e3eaa8f777f8e178325
incremental,1,24000,500,0.506583,216314,93322687a780c9509c293c1a29bbe3855ba68285cca690a7082e38c9d31647c7
incremental,1,24500,500,0.508625,216313,232f64b31644662a83a9930622e48e3bc1bb161e0527e913bb0810e7560c72d8
incremental,1,25000,500,0.506333,216271,c2dc1ee06cbc791d5b60fcc90b6a05b26ab54168358f340616937d4ecf77a7a5
incremental,1,25500,500,0.510834,216318,d7b8bd0c93ea1890e51dafdce69ca5e7ac615147374207c49bbb3af001c162b1
incremental,1,26000,500,0.565541,216313,f3a69541ffa65edad4d4bc5c1e8c1ca373a8ad32bf6de9dca926c79f05c91fe5
incremental,1,26500,500,0.510125,216278,d25fe95b5eb16f7543b583e8713e606667159240aa9c9a3fa45181ef5822cd4e
incremental,1,27000,500,0.518250,216315,f6ab26a3a8ded052b04a050594b39657d9b4bf436923a528f62f2a00730ee01e
incremental,1,27500,500,0.509167,216315,8ad467080f8a1a1a28fd6bf3baec8991202c253f9b14ded32ad0471de9ee0a7b
incremental,1,28000,500,0.498208,216278,35c1e40b6a9a202c0660145681c348f1665cdb290b285aa18d33c916c5a253f0
incremental,1,28500,500,0.506209,216313,16205c700b71bbe2dc0be01b9bc35c21fd450ddee0c890b1a5d08faf9b2e4ffe
incremental,1,29000,500,0.499875,216319,428d129803b07a567e59edf9b2a3361a6870422caf722ddc36f18632e89fbfbc
incremental,1,29500,500,0.501584,216274,3fc1d00dd16498ed1e4e9dafca2d4834a3bb10ccfa64716ee12ece7ffc2a4a34
incremental,1,30000,500,0.509334,216316,b98172fd0dc8cc77b0ce7a45294dbf3a35082bf1158855fd5ae8d939407002d8
incremental,1,30500,500,0.520084,216317,f49e0bffb9ee7e2f95b5a0398255ab90571c36946bc307cd3980ae9b3e77534e
incremental,1,31000,500,0.508292,216273,2b987c359a9eb33afc63f9149caa476f91de02b346a40a5d893d3b9ca34594d8
incremental,1,31500,500,0.512708,216320,e196f1aaf7e54c1a3ca4c6325d793ba66ad4550e5b027d31497a32eec32d7c92
incremental,1,32000,500,0.521959,216313,8c8dff1c6e8bfdb56f87bdfbed5001c3633fb2b7920d155120020b9f2a4885ea
incremental,1,32500,500,0.511500,216277,642abbbc929827af4795848153ec2d0f568246557796b04cf8551d26897d600b
incremental,1,33000,500,0.514625,216316,ce316460430802fc3f8c8dac7ea4df60a55aafcdd4aa1acdc3c17600d6c8ffc5
incremental,1,33500,500,0.507625,216314,a3e8de3ccab7d724a8befece620baddeb72bd4bab612dba2e3ef82910527fc2f
incremental,1,34000,500,0.515334,216279,d02678c4a35555c9c9dc9872e71b6538e74ebbe98e07deb97c58208b545f953f
incremental,1,34500,500,0.521292,216313,10cae260c930b8d66eb812c595424b37e0a2579cbfadef67309848abd76b5ee3
incremental,1,35000,500,0.503875,216318,5d0b626887ccec59b9cbf7abebad272bdc808940a30389600ce741cd22629d08
incremental,1,35500,500,0.515209,216274,d83a7ae0e440e187290b40e1a7a042627dcdb50753aba910249969d4fdf10505
incremental,1,36000,500,0.506167,216312,1314a39d5ca1a5815b3bbb26a7adbd37c742816520fcf2a2cc92a2e2305bb337
incremental,1,36500,500,0.545458,216315,0a280ed0782f0537351a38ad62d6914055235adcc0937dce50be8540c7e35db7
incremental,1,37000,500,0.509375,216270,d69ad3e535f2b1e6497a049225978878ef86d73995d26f67f2e8e9b783ec25de
incremental,1,37500,500,0.505458,216319,4dadaae7f3a3cc9e5b6febb84bdcaee929119b2d3a08f836f2eb2974ce78456e
incremental,1,38000,500,0.516333,216314,4999ef3c2258db537656ccee23a496d10cceee0ede1cabeddfa102c84fa2a165
incremental,1,38500,500,0.512792,216276,db6e2b4d89a3cf6593bb46e5533003c1b7cba0f79bca227c97ec84a1dcdb20ad
incremental,1,39000,500,0.514000,216317,5775ea8e735c22eb9c2a74607d3bf5e2782bb9ea73ae587c90e6c0276a98cd0c
incremental,1,39500,500,0.507334,216313,ab3cd9a31e98931464714bf04f5d88138ea32857948c97dd9d3f4735a3a8897f
incremental,1,40000,500,0.519833,216280,ff16ed3a796ea7dc84fca7ee99424cf31ee7cc1df3f30895af828647b2996de2
incremental,1,40500,500,0.515000,216313,cb8879c576bc4d5226179597baa7f5b531629232f100c907c143b4eb3ab61cf8
incremental,1,41000,500,0.517042,216317,334d5e6498b89c934c90a695d23113d3bd27a7269ddb87b72e19797256aced40
incremental,1,41500,500,0.523000,216276,860c69ba83508ba33087ffdcfb52d04abded52c28101d744aa9d70e367955e38
incremental,1,42000,500,0.513417,216314,b195ab7f900e3e1d42a5bc1a597016d98efe966329490a9169b4ec97d08dae78
incremental,1,42500,500,0.504083,216319,b74e79b7c77d703e3692b4ebd414301fafe4f52b19adcdc2c9850055eeaf75bd
incremental,1,43000,500,0.515500,216273,7863d783ec810c7c010689c727b847ae9a9b3bc9454c52b146dfb62eef89b7de
incremental,1,43500,500,0.504167,216318,d3688ae7ebb3ddb9cb7bffbc20e670dfe15abb5ba5eebfc1322910570a97d512
incremental,1,44000,500,0.507042,216315,f75154b1308672b7db7a9cd11660db77ed2af465a340eadb6886b2ceacaddcdc
incremental,1,44500,500,0.502334,216275,4d586a961e1e148fe1ef1d65c2f9443a177047f7a68e4c0b93ca9c65fc668dbb
incremental,1,45000,500,0.506625,216318,fe0669944f17f35a45462520cfba973a2e502e65b1654ac81ff365f2184cf14e
incremental,1,45500,500,0.504416,216313,46a6bdc8a1c347c1dcf4b56a764b10cb72a1c2bac19481e8483c8e6db9ea9e3d
incremental,1,46000,500,0.523125,216279,0e747348c891c5fe032774b3082d48ded8fcf442abf97b0801d92c0765a369ee
incremental,1,46500,500,0.515292,216314,5f0d1d03e5c6375b886b6d4c59f5148a06aead22d377135a9e3e79629e58ee56
incremental,1,47000,500,0.506833,216316,bc797940e119f84870fe4ed3e788b42f1caf4c08d57199712893cb8d380434b5
incremental,1,47500,500,0.517041,216275,089dc55b84bc1ee1a45e49e16954026b3d40410c5667c3456487150a9e1ca0c1
incremental,1,48000,500,0.513125,216310,2185d4574e9f4452f180ad7897080d7acd65e505a2671b4cc6a38ed28a354ddc
incremental,1,48500,500,0.514709,216317,d067a2539a6e3d1347855568821a66a3d23f789f9cabeec97789da75f0124790
incremental,1,49000,500,0.503250,216271,18f53fee0924dd3b55f12068d42216768d6d4aac84ca93aa10008bb97a5a9211
incremental,1,49500,500,0.511375,216317,ff4f758266f3de85f12a01b3f6269efd047676c5e42abc90746065839120f6de
incremental,1,50000,500,0.499667,216316,1519421eed19f4cf44c1eadb6800bbf7aecfafb4b9227b7af9d9af14290d1a0f
incremental,1,50500,500,0.499125,216274,c66b2ca8d50c302d15344b4bf8dcc9cc19b97b047be9b177dfae6f5e1caf4af8
incremental,1,51000,500,0.511708,216319,5e4117df86fd414e9c5c17105675c4840de66d2a431d30e2e6a696ea6b3b4dc7
incremental,1,51500,500,0.503125,216313,3cb85aacedde3b92394826f5cea0d2783fd4e0e5812188da3540968317c27366
incremental,1,52000,500,0.517000,216278,fef9e9aa02cefc228b717671b920cdda9967e4905aee68842d2592ca50ea5f1f
incremental,1,52500,500,0.525208,216315,8b6eb45db0e7b2ac4e3ad19ce127ec56a066fafda89652b9b04cd79b77a5b8fd
incremental,1,53000,500,0.516875,216315,55cda5b74e3ab2b8aebfc9e2a0a91d4481086242c8cac7850a7ca0bf6df229eb
incremental,1,53500,500,0.510000,216278,33c9b30adaf7d74898a1e8a6f07afa7ba838852b4d4e086da41f7edfbf0d469e
incremental,1,54000,500,0.508959,216313,025525261852f1ff45157fc1d0c733d2c8a83368f2141022704a5a17014dd065
incremental,1,54500,500,0.513916,216319,618464c36a2dd13f891e596d42839fdb9752b7a08f015c578a7c561564bbf3cd
incremental,1,55000,500,0.518208,216274,b3fc7e4e109b04410ff07435084d65c757c882e146e0b4baa3d3a9d2b8f3d66f
incremental,1,55500,500,0.506375,216316,00de49ecc15a78ed446a370d4b577ed1db396962ba94e4db69e6e075c4060017
incremental,1,56000,500,0.514666,216317,211c0621e9eb3eb2dd221cd974815cbd1dca3f215ee5f8b47f71096ffe7fe5d9
incremental,1,56500,500,0.501209,216273,a77df54a400c65cf950e0a6255d8cfc0c29d9e96a1c3f224286ab1c4bb606bd2
incremental,1,57000,500,0.511500,216320,c5d7a23b66f0f276bb20ee9966048faf2557e235ac8d38a0a8895d47dd5ae6b6
incremental,1,57500,500,0.505750,216313,f344e0af41ee023de2ac52dbeca55622bd48e582461460c23c4361c6fce1e695
incremental,1,58000,500,0.507958,216277,0539f308c67c41245a198dfcf47de1239943d28385518a206837c62b6eeb4063
incremental,1,58500,500,0.508916,216316,04683e2ed737e4316ed2b3b91c5d04cceb5fa4cf57ec6a8a0aaa047969c9ffdd
incremental,1,59000,500,0.506541,216314,12dd722a4dbf103703cd7c2bdb73714696c4b10d0ff1a5e4c79e44d69bdc10b9
incremental,1,59500,500,0.511833,216276,084a1205998b93e2ea9b70aa11f0f1ec1d0b897e489ae7ce76e644b6afce53d2
incremental,1,60000,500,0.510417,216310,5008b2ff67c1d808626d898aed1f8634cd7de87e7415c9dc84799c4b5a82e923
incremental,1,60500,500,0.541834,216315,dc75518a42ba877c9d5824ed21182c0549beb34ae44ca413710481729da53cc4
incremental,1,61000,500,0.516875,216274,6011b00398c1bce15b4204df7af7154ba43e3c16af4039acda7a9a86c873b4f8
incremental,1,61500,500,0.508625,216315,583734e4d5e209c0654adbd19ec038c5386947d33c385151107709f9a5d80938
incremental,1,62000,500,0.506292,216318,84d5da8e6ffaff75fe2367c4d28c4c0ebe54dc04cd885e02620aa57b599e893b
incremental,1,62500,500,0.513125,216273,05fece45c1f8987b82c34529244b1311cb891f5317e2f404cdb4b2a0b6422186
incremental,1,63000,500,0.527916,216319,d6b0b7d7d14a4d2eb6a152f638a616b4e3360c3f8cce1afbb4cf37b1a534e65e
incremental,1,63500,500,0.509209,216314,7f03b8e61079c9690a387fe01820879331675eaeacf4b103242abd590530d1ff
incremental,1,64000,500,0.516333,216276,621f0f57575d6df198d65c5bdb7afcde77e008098a2d43cf7d6b98985ff9fb32
incremental,1,64500,500,0.513500,216317,679e9fbff8a91b3054e2e8445d547df63eaee7601c5e2bceb961b85bbb9a6131
incremental,1,65000,500,0.513500,216313,18e58a9211b5e7cf3ab89a9f4e73497e72350050e20641507e9d4a4f98cc9b50
incremental,1,65500,500,0.506208,216280,62c3ed1d8c2c51aed1dc9ac19479e406cf2828e9bb51930073d68ca6c514e5ef
incremental,1,66000,500,0.503125,216313,816a4178542730d90a7c95b8bc6862243964382c0bc47dd48dfa17b711632eda
incremental,1,66500,500,0.513792,216317,d6e3971ae68f9b1419f3680e1db19e09c2f1d08f7ed6d09ab27dd9310cf5fb98
incremental,1,67000,500,0.511125,216276,e94c51cd81dbd4adb72b101169721e2d109c4c00a8370ff63d95176ab57cf6f3
incremental,1,67500,500,0.514208,216314,a2d0c05ab1555c316ab55b35fbb4b38adabd517f2f58aee4acb2ce870ea7db8b
incremental,1,68000,500,0.521333,216319,5473e38a22d125983bb371524801b24fa7da6eeea71a3fcd48c8d42fba4fdb0f
incremental,1,68500,500,0.532750,216273,acc5431803f2d3491d8cb22e59953dcd7488d75f4c608a22483c00c7abb380f3
incremental,1,69000,500,0.537333,216318,9dccdbbd1aaa4bb8e2f72ac10045f39c8d16bda2f6fbd347fde0cd3f3d389477
incremental,1,69500,500,0.516625,216315,03d13d2ea79aaa5c208fcf4ff50b6d56a186b70f2dc5d0faa7a223222ff85c5c
incremental,1,70000,500,0.509083,216275,a2c15842b7adf8836a18ea1b377db4c23af9c2e37f9026469c7185e623b8f992
incremental,1,70500,500,0.504333,216318,a2ba6fe2adae3c1d89a5b4bdf31e019b3c88a1bcc22bee38aa9c95e8bbbd9a55
incremental,1,71000,500,0.500167,216312,248c6e0552d776eb2575a14cec28a0794d3fb6e841a2650a58f7aabe49124545
incremental,1,71500,500,0.503834,216276,90adfc6eedc966a014167ce1d0cd270c554e1d75d5844ff9eaaed9eabdda9a1b
incremental,1,72000,500,0.508667,216311,4e305c5e46b757a75ed755aae052e5dbd7839dcc02ed1b96bd9faf393c864967
incremental,1,72500,500,0.500875,216313,a2f6d881b67b58f226d14c556ec7661569cd75ff9e6352f9fda6b3391cab7d48
incremental,1,73000,500,0.500000,216277,a686b7b4630b0852b37f5c4ffeb2a95a670a0ca9a58618e8b19aec5e0a93593d
incremental,1,73500,500,0.505125,216313,a55a77f2342aa37098a8cc970730716b4fd565b3e5aa0ee96e81a88bb6992040
incremental,1,74000,500,0.512250,216320,e3b967ba6e978013bfd6bf79a10858dd977d691f8aeb9705b312af569a41c704
incremental,1,74500,500,0.520750,216273,d4725f7f800e05f97a19ee543c501620f2f6ed6f6c61ffd0347643ed048be9bd
incremental,1,75000,500,0.537750,216317,5f635d5477e110ca787529aebb186a7854597a302df09483efffc92e980a7e2e
incremental,1,75500,500,0.561083,216316,5f05c7040dc40e941265b1e35e16ecc605c81f62d955b02d5e8fe8d027251700
incremental,1,76000,500,0.514208,216274,6482cc4c1c3440637aa4e2f94d453118907bfcfc685c7e32c8ef7dd8ca2ddaef
incremental,1,76500,500,0.517084,216319,0e2b2d06891603d638c7002fcb4f722327cadd698a8008ecc95e691f2cbec7c3
incremental,1,77000,500,0.524125,216313,daeb8ef96046c7d14922a561ab438c8f2b3db596ef4a2d3b46e3be40520809ce
incremental,1,77500,500,0.500208,216278,6c0bbedde62cba2b0d1e6db937f43df88089fa98ab94d58237dffcaa2927d6fc
incremental,1,78000,500,0.507417,216315,2afb0ec0454529d9c2c1b5a2e969a4d6581acd5ef892f48eab4eddfd5fcd68b6
incremental,1,78500,500,0.500000,216315,0d3252e64ee6b0d64309901a1542df71c3339bfa0aa29a858c68be7de3febbf2
incremental,1,79000,500,0.499833,216278,c78b28bbe00657c856e6a252ffb8633dfbce254b10439c65d163aa906dd1a9ae
incremental,1,79500,500,0.516625,216313,246f35d12fb1b231b6baf5d5e2be9d76695b4de03f6dbe948475d1a53d95450c
incremental,1,80000,500,0.503584,216319,5038f0c25f79d10a2e8aa36ca188f077839f4a2579bdbb62e0dc30e5acf538c5
incremental,1,80500,500,0.508209,216274,c581944051da6f9cde466b216d5db942d75994a32cc70ba7f9e244762a0b3f34
incremental,1,81000,500,0.522292,216316,b874504f92908081c3212589261522f461b56de961f5ee1a5a1d3b48b96c9d2a
incremental,1,81500,500,0.579459,216317,2c7f29d5cb2d8236090bacb7a002f598d4d105fea47fdb2ae360871d4e14e972
incremental,1,82000,500,0.570375,216273,0b58d28a572a300dbf170e42c0d8a31fedd3b6598f7e4bb9a7725c676598229b
incremental,1,82500,500,0.570583,216320,0a6e8bbf87d17f00cb811f295004aececdc8a0e20951254fabecaa39e6f852e4
incremental,1,83000,500,0.526959,216311,1afed9b099d79ce6e28133309266eeaf0d6d87c91609c2cd00fc8289a2ee1feb
incremental,1,83500,500,0.521834,216274,2793f30b9614b39b00d423b66b4ebcd01f81fc6f28ad42610227da2c711de610
incremental,1,84000,500,0.521916,216313,e0ca87f12ab00d547e2fc0761be937e6c6fea9faf5657eb47c27aae28bea9767
incremental,1,84500,500,0.511833,216312,9f8e7a0a65521e0e1475154d16eb12a7a33139d125767c8fd96971947b9cba90
incremental,1,85000,500,0.503083,216279,7568a886834960ac71f033d8847b46e40ac69ebd1b918e166c49438b3e933d79
incremental,1,85500,500,0.503458,216313,7adf1a2d4a05dab017e4debaa8d2387c8e94658c956163a6c9b2f67137a94f8c
incremental,1,86000,500,0.521417,216318,d648d91da604ef1242dbf23f740aabbb52777987fbf29e8ad3990eba81e8695e
incremental,1,86500,500,0.502791,216275,3b15465300363e3588c121ca9b6a2fa20c4964cc2b98968320b4f84bf5fb16b7
incremental,1,87000,500,0.508083,216315,64b75bbe5b18808af1def152baad38cf40d7126525c0946c2c92154aba2fe63c
incremental,1,87500,500,0.521875,216318,b01d9b839f28484be43df0bd84e58c1a933b6393cc986cab7e436a139e5492e5
incremental,1,88000,500,0.513167,216273,f0f99ff294682dbba30ae2869afa3706d5ddfa1758e8bf32b39bec70ef3899e7
incremental,1,88500,500,0.501500,216319,a894f270863c507c4cb2a9fad0fb9e030171cef7d786bde3f51ef2c65ac840ff
incremental,1,89000,500,0.530166,216314,c45923582d8d4826ea9657bd41998f7cf9e67275045f732eb8b85f0e82b4fccf
incremental,1,89500,500,0.561000,216276,2a3fb38e4c871ab4a783850cc026688342de2df38437103c53affd0a06ed78e4
incremental,1,90000,500,0.501750,216317,d8d6c3f14be02a4f44a4e57f797c2a6be5f80655cc0ce47c51738658fcb89e91
incremental,1,90500,500,0.509792,216313,7022b6a58b774c77aba6ee9fcff2978d38cf4d69900eb7b1c94e07c7dc0a7482
incremental,1,91000,500,0.542792,216280,aa764b5f9960746bce09fbe60c4eb85f3e41e4788ae6faac8ab8f5d00c62f83c
incremental,1,91500,500,0.530792,216313,98707a92c5ee67094cac1989e77d34bd830319adfbf4b2491d8b96a1fe30caed
incremental,1,92000,500,0.506416,216317,8cec0b61ae9bd3976a3dadcd4c899ec4fe6bbb422355b954e09b6547971ccf27
incremental,1,92500,500,0.505500,216276,498cfe3eb219470ff74db91890852755eebe7574f78bbbc838888970b16877dd
incremental,1,93000,500,0.517500,216314,f3605cd62134aafd99c75d4fc13612d9b94a69c1bffcb7f53cca0617132fbcf6
incremental,1,93500,500,0.520792,216319,56d3479c7475e987ea669d00cd7a9c964a8a1e063ae0217168002c03d5ecfed4
incremental,1,94000,500,0.506250,216273,4350e698358ad7f14d4556c17eb7bfe50c4ba7a5d37c6c2d9ecbceb2787b8bca
incremental,1,94500,500,0.507333,216318,5681fa6eed925ed5d706529c200bb492e7ec61944155581c167f7c71e1127dc6
incremental,1,95000,500,0.533583,216312,236d473b7a44a8399fd9272011ec67a1834367ad85b76dac735a556ffe4343fd
incremental,1,95500,500,0.569083,216272,61c7d060f46891b113e17aac66de2dd74bdd2c65a6c1983160d93c7bd785a0da
incremental,1,96000,500,0.576458,216315,0d3046a74bcd961c2d92da02e2752dfa16828dcd871f085e0789a151e67c5478
incremental,1,96500,500,0.569625,216312,e096caeff530ac421f9adcf71cfa155a0ec32eb3b18b95e7a1f49fa826d21ccb
incremental,1,97000,500,0.522375,216279,13bfa818389f234bab7c850db00dcf5987d5ceae467f3e5faadd53e0c64ea6d9
incremental,1,97500,500,0.525875,216314,0f6fb0756ac972ad89497efecc4aa1b05f21b9821b5b9c4585a7a18393158296
incremental,1,98000,500,0.519542,216316,151a3bb58e8b909df5a9c0b482e737ba191d53f1d2ab2ccf1c3c55bc45786aa1
incremental,1,98500,500,0.556375,216277,b8bf6c09daa02ebde373101c573d3381e7493f1c02ac833f898f17848e6dd57d
incremental,1,99000,500,0.502583,216313,649d5373210340c245d4595e1a0e010e230fa388642e93a54eb667cb797bc1e7
incremental,1,99500,500,0.511458,216320,945d0cc603d88f13f102c423e4142cb3c08d80dae472a4245a09f2d3248ad0c2
prefix,1,0,500,439.855459,216818,363115c466bc2018f09815dc2509116057c20c3895d468d5ea517c03134a20fc
prefix,1,500,1000,435.541250,433628,13dd29fc29d7e99f4ab89fbbf199262dcab48d8b9c9403b5574cded291243c0e
prefix,1,1000,1500,428.777583,650403,268f1d9bc63cffeacf0b39275f404ce088d8f6a51ec34cbc1e7b0bbedf619580
prefix,1,1500,2000,440.987167,867215,c533c61a141a5b36ee2a98daecdb32e3065c73f8b560da7aa3ecf22cb3f57303
prefix,1,2000,2500,423.355042,1084030,c869f93101432286c97638770be32c7545a09480ee490d6f40db19be4c556084
prefix,1,2500,3000,426.984875,1300808,7462d8c417aadc92290045f0d942b8b12d4a060eb10682f8b7b2b86eeef9617f
prefix,1,3000,3500,423.758625,1517621,98afa6676f0ac6259abac60d5fd12d443982c45da4192a94e71c58eeec446995
prefix,1,3500,4000,444.974834,1734440,1eeff515d80a2a1435910b3380192c4cf123b0ace22990a462048f0ff90f3327
prefix,1,4000,4500,428.806666,1951214,c19502fbb71495840ffadebd9e0a20c16ce9fab993b7b32e229e497b0acab803
prefix,1,4500,5000,422.594083,2168030,6340af82949d09714fe8d95b13014e554b1b5875deb4aab3d24c315202971e46
prefix,1,5000,5500,429.902875,2384847,d82302924ec073adad7db46fc2fbcf8bf0a5397fa9b7666269f984ffdd9dff7f
prefix,1,5500,6000,427.301792,2601620,7e872d566c4e7b3fdbbac84091781d8d2434da958a2fb1633234d5d2f8cdd6f6
prefix,1,6000,6500,430.335291,2818440,5f7992da76f820d764bb6eb1dfc2866dd2390d52b85d65acd2d857893ef1f3de
prefix,1,6500,7000,425.156500,3035253,414821eabff9c5863c378a7c8dc5682e1db75ea85ec75b08091d80f29d17cca1
prefix,1,7000,7500,441.972708,3252030,3d42c7b5253cc8056028c5ce56b806d95ee3d232b272fe65d6af16639038bd99
prefix,1,7500,8000,469.585125,3468846,9268270bd6acbff82724d0bcac9dfe48bb46cc9d459186a99c682d3b1849f1fb
prefix,1,8000,8500,433.628583,3685660,0fe8e78bae1a915a305aa873376e5d102937b9717aa6448c0e63295ead62cde1
prefix,1,8500,9000,442.078292,3902439,f9f0ef0374651c46faf6c5fc4419a872488d01808da3acb0971b5ff7b5976a0f
prefix,1,9000,9500,439.117416,4119252,94663390908938db2a0698e7031e6d45290595010f048cd84148555e372adb92
prefix,1,9500,10000,439.974083,4336070,ab1aa48a4a01ff5096b3bda50fada446ee5028ee5ddb1aee772beb0a49bb89fa
prefix,1,10000,10500,433.935875,4552845,4ee8a91460c261f2738d4d2e4b46a8756538f1f3ab235b1933416cb6700e1b8b
prefix,1,10500,11000,435.032000,4769660,a354f46a49d5c1db30959ca9822bda7c0ceb38329f2c8057573b4278a79a65a2
prefix,1,11000,11500,433.307042,4986478,6f37959a33d8fff07aa769ab7948976bbc876ec17968e7e73694e10941d0ab29
prefix,1,11500,12000,440.142958,5203251,923a22961635971052a8bf1cbd71e1795ac1877043a580cda655dbeea4f512d9
prefix,1,12000,12500,439.049500,5420068,93597046f01fdc9722ca4d886085e3cac96e64da81c3cc68a8a6d520c493348b
prefix,1,12500,13000,436.066667,5636879,201d9bf6932817981c2511d9d72daff16c41843423874eb6881426f48b97ebbe
prefix,1,13000,13500,438.919500,5853652,8041940944f32933c714d3b177fc939787f2cecba3242b6d568e3d7a20ab78fa
prefix,1,13500,14000,442.230375,6070467,c21fd8a446956d4f03c89f33d03f1e541cc33d2dfec05b8aa0b6359fac37934b
prefix,1,14000,14500,440.012750,6287280,9036ebfdb237e3debecc86a0c78fdbffc48bf3279907f9e14ac1646a4d7a98bf
prefix,1,14500,15000,443.125084,6504060,cdb3391aca3e570405642c0ea699e1f83951ae0597ec05463435a10e00428b10
prefix,1,15000,15500,439.602916,6720873,57b13774f5da34de41979e4568e3e83caf5bc16581d5adf936dbc7a80ed8b6a9
prefix,1,15500,16000,443.560292,6937690,5103e4f5ef881becf3c3edb0f09864f8ccad6a004056f97dae91b6f902674962
prefix,1,16000,16500,453.198208,7154466,536c30172b2793e768b8c5ac155b382441dfd3aef3a5e07d026f2f2b60021dcd
prefix,1,16500,17000,468.038500,7371280,42658ad6162e4165f438608f00d0bd6bd0b8b16cf0c65db1720948833c25d617
prefix,1,17000,17500,448.657708,7588099,a682479b8b3e64b7d149bac6d8259c531252b5e7c064ba8ccd691a87b1f40e04
prefix,1,17500,18000,447.003750,7804872,f11a1771d38a04572525a524487afbf3444ff7f198b5c0a5467de0d0d5e863eb
prefix,1,18000,18500,449.382958,8021690,4eca6e59012ce43180ad4086ee3a44e34ff29f2b93c16421cccc29bbdc650377
prefix,1,18500,19000,463.947459,8238505,e1f3f1214869a101ab91992ec7adeabc11d50bdb665d6ccfbde20469c20522fa
prefix,1,19000,19500,469.566791,8455280,4f488b982604e640cfb1ee7d15f7ba02f6b279f6bb947c05e2d43a4e006ca5d2
prefix,1,19500,20000,477.897458,8672098,0edf8043b1ef517b2ec7c691bbf138ee4db7b81d321b5a2e864ee42f5e51cd64
prefix,1,20000,20500,505.092125,8888413,a87fc19900127dd8949be6fb02deb147dc63e11631f76bb041ddfe1dd8aa5c15
prefix,1,20500,21000,607.084667,9104692,f98b825cba5dbc8d42f42a4d3a6da0ca39bda9da230899f522bcdcc49f85abd1
prefix,1,21000,21500,596.843791,9321006,0288a093810a2800dd6eed3be37ee22caa0e490f6a0fdc82273cd0ccfda01a27
prefix,1,21500,22000,494.777625,9537322,0436635a645550c22d971895a2f25e69a6eb71ed2d4b135ea83ef0866fede559
prefix,1,22000,22500,476.085541,9753599,087e90eb455b3b8bd7dd197a85954513d8a411708b5f0c51bc7804ac914dadf3
prefix,1,22500,23000,473.707292,9969912,fcf4e53262d78653c4dc90d70fc688d822305dbc3ca89a686a2f6bd33ac6d755
prefix,1,23000,23500,471.690667,10186232,bcaef142cd49821c20dc5983b0d4e4b8318c7814ef57cc256c4e923c37114cd0
prefix,1,23500,24000,485.738084,10402505,6e7551d60712340e05fa9cbd4268fad995b2054174b36e3eaa8f777f8e178325
prefix,1,24000,24500,492.430875,10618819,93322687a780c9509c293c1a29bbe3855ba68285cca690a7082e38c9d31647c7
prefix,1,24500,25000,488.714250,10835132,232f64b31644662a83a9930622e48e3bc1bb161e0527e913bb0810e7560c72d8
prefix,1,25000,25500,479.036167,11051403,c2dc1ee06cbc791d5b60fcc90b6a05b26ab54168358f340616937d4ecf77a7a5
prefix,1,25500,26000,484.828000,11267721,d7b8bd0c93ea1890e51dafdce69ca5e7ac615147374207c49bbb3af001c162b1
prefix,1,26000,26500,485.699292,11484034,f3a69541ffa65edad4d4bc5c1e8c1ca373a8ad32bf6de9dca926c79f05c91fe5
prefix,1,26500,27000,480.277458,11700312,d25fe95b5eb16f7543b583e8713e606667159240aa9c9a3fa45181ef5822cd4e
prefix,1,27000,27500,488.080416,11916627,f6ab26a3a8ded052b04a050594b39657d9b4bf436923a528f62f2a00730ee01e
prefix,1,27500,28000,485.905583,12132942,8ad467080f8a1a1a28fd6bf3baec8991202c253f9b14ded32ad0471de9ee0a7b
prefix,1,28000,28500,484.277375,12349220,35c1e40b6a9a202c0660145681c348f1665cdb290b285aa18d33c916c5a253f0
prefix,1,28500,29000,490.065375,12565533,16205c700b71bbe2dc0be01b9bc35c21fd450ddee0c890b1a5d08faf9b2e4ffe
prefix,1,29000,29500,485.265125,12781852,428d129803b07a567e59edf9b2a3361a6870422caf722ddc36f18632e89fbfbc
prefix,1,29500,30000,486.887833,12998126,3fc1d00dd16498ed1e4e9dafca2d4834a3bb10ccfa64716ee12ece7ffc2a4a34
prefix,1,30000,30500,490.035792,13214442,b98172fd0dc8cc77b0ce7a45294dbf3a35082bf1158855fd5ae8d939407002d8
prefix,1,30500,31000,491.033292,13430759,f49e0bffb9ee7e2f95b5a0398255ab90571c36946bc307cd3980ae9b3e77534e
prefix,1,31000,31500,491.389666,13647032,2b987c359a9eb33afc63f9149caa476f91de02b346a40a5d893d3b9ca34594d8
prefix,1,31500,32000,495.222667,13863352,e196f1aaf7e54c1a3ca4c6325d793ba66ad4550e5b027d31497a32eec32d7c92
prefix,1,32000,32500,492.047292,14079665,8c8dff1c6e8bfdb56f87bdfbed5001c3633fb2b7920d155120020b9f2a4885ea
prefix,1,32500,33000,489.980459,14295942,642abbbc929827af4795848153ec2d0f568246557796b04cf8551d26897d600b
prefix,1,33000,33500,488.170750,14512258,ce316460430802fc3f8c8dac7ea4df60a55aafcdd4aa1acdc3c17600d6c8ffc5
prefix,1,33500,34000,504.782917,14728572,a3e8de3ccab7d724a8befece620baddeb72bd4bab612dba2e3ef82910527fc2f
prefix,1,34000,34500,498.856459,14944851,d02678c4a35555c9c9dc9872e71b6538e74ebbe98e07deb97c58208b545f953f
prefix,1,34500,35000,497.632125,15161164,10cae260c930b8d66eb812c595424b37e0a2579cbfadef67309848abd76b5ee3
prefix,1,35000,35500,495.452917,15377482,5d0b626887ccec59b9cbf7abebad272bdc808940a30389600ce741cd22629d08
prefix,1,35500,36000,489.340958,15593756,d83a7ae0e440e187290b40e1a7a042627dcdb50753aba910249969d4fdf10505
prefix,1,36000,36500,479.737458,15810068,1314a39d5ca1a5815b3bbb26a7adbd37c742816520fcf2a2cc92a2e2305bb337
prefix,1,36500,37000,486.927750,16026383,0a280ed0782f0537351a38ad62d6914055235adcc0937dce50be8540c7e35db7
prefix,1,37000,37500,482.599958,16242653,d69ad3e535f2b1e6497a049225978878ef86d73995d26f67f2e8e9b783ec25de
prefix,1,37500,38000,486.422875,16458972,4dadaae7f3a3cc9e5b6febb84bdcaee929119b2d3a08f836f2eb2974ce78456e
prefix,1,38000,38500,491.821667,16675286,4999ef3c2258db537656ccee23a496d10cceee0ede1cabeddfa102c84fa2a165
prefix,1,38500,39000,484.758667,16891562,db6e2b4d89a3cf6593bb46e5533003c1b7cba0f79bca227c97ec84a1dcdb20ad
prefix,1,39000,39500,484.844208,17107879,5775ea8e735c22eb9c2a74607d3bf5e2782bb9ea73ae587c90e6c0276a98cd0c
prefix,1,39500,40000,491.595542,17324192,ab3cd9a31e98931464714bf04f5d88138ea32857948c97dd9d3f4735a3a8897f
prefix,1,40000,40500,488.362875,17540472,ff16ed3a796ea7dc84fca7ee99424cf31ee7cc1df3f30895af828647b2996de2
prefix,1,40500,41000,504.757667,17756785,cb8879c576bc4d5226179597baa7f5b531629232f100c907c143b4eb3ab61cf8
prefix,1,41000,41500,512.089667,17973102,334d5e6498b89c934c90a695d23113d3bd27a7269ddb87b72e19797256aced40
prefix,1,41500,42000,490.154708,18189378,860c69ba83508ba33087ffdcfb52d04abded52c28101d744aa9d70e367955e38
prefix,1,42000,42500,490.448916,18405692,b195ab7f900e3e1d42a5bc1a597016d98efe966329490a9169b4ec97d08dae78
prefix,1,42500,43000,487.571334,18622011,b74e79b7c77d703e3692b4ebd414301fafe4f52b19adcdc2c9850055eeaf75bd
prefix,1,43000,43500,513.921958,18838284,7863d783ec810c7c010689c727b847ae9a9b3bc9454c52b146dfb62eef89b7de
prefix,1,43500,44000,522.092958,19054602,d3688ae7ebb3ddb9cb7bffbc20e670dfe15abb5ba5eebfc1322910570a97d512
prefix,1,44000,44500,516.782500,19270917,f75154b1308672b7db7a9cd11660db77ed2af465a340eadb6886b2ceacaddcdc
prefix,1,44500,45000,521.994167,19487192,4d586a961e1e148fe1ef1d65c2f9443a177047f7a68e4c0b93ca9c65fc668dbb
prefix,1,45000,45500,523.630333,19703510,fe0669944f17f35a45462520cfba973a2e502e65b1654ac81ff365f2184cf14e
prefix,1,45500,46000,514.184833,19919823,46a6bdc8a1c347c1dcf4b56a764b10cb72a1c2bac19481e8483c8e6db9ea9e3d
prefix,1,46000,46500,515.520542,20136102,0e747348c891c5fe032774b3082d48ded8fcf442abf97b0801d92c0765a369ee
prefix,1,46500,47000,517.648500,20352416,5f0d1d03e5c6375b886b6d4c59f5148a06aead22d377135a9e3e79629e58ee56
prefix,1,47000,47500,519.401958,20568732,bc797940e119f84870fe4ed3e788b42f1caf4c08d57199712893cb8d380434b5
prefix,1,47500,48000,522.235916,20785007,089dc55b84bc1ee1a45e49e16954026b3d40410c5667c3456487150a9e1ca0c1
prefix,1,48000,48500,515.339792,21001317,2185d4574e9f4452f180ad7897080d7acd65e505a2671b4cc6a38ed28a354ddc
prefix,1,48500,49000,551.900083,21217634,d067a2539a6e3d1347855568821a66a3d23f789f9cabeec97789da75f0124790
prefix,1,49000,49500,506.909917,21433905,18f53fee0924dd3b55f12068d42216768d6d4aac84ca93aa10008bb97a5a9211
prefix,1,49500,50000,503.425750,21650222,ff4f758266f3de85f12a01b3f6269efd047676c5e42abc90746065839120f6de
prefix,1,50000,50500,509.346542,21866538,1519421eed19f4cf44c1eadb6800bbf7aecfafb4b9227b7af9d9af14290d1a0f
prefix,1,50500,51000,509.242500,22082812,c66b2ca8d50c302d15344b4bf8dcc9cc19b97b047be9b177dfae6f5e1caf4af8
prefix,1,51000,51500,514.243208,22299131,5e4117df86fd414e9c5c17105675c4840de66d2a431d30e2e6a696ea6b3b4dc7
prefix,1,51500,52000,517.622041,22515444,3cb85aacedde3b92394826f5cea0d2783fd4e0e5812188da3540968317c27366
prefix,1,52000,52500,508.332375,22731722,fef9e9aa02cefc228b717671b920cdda9967e4905aee68842d2592ca50ea5f1f
prefix,1,52500,53000,512.965959,22948037,8b6eb45db0e7b2ac4e3ad19ce127ec56a066fafda89652b9b04cd79b77a5b8fd
prefix,1,53000,53500,509.452541,23164352,55cda5b74e3ab2b8aebfc9e2a0a91d4481086242c8cac7850a7ca0bf6df229eb
prefix,1,53500,54000,516.424917,23380630,33c9b30adaf7d74898a1e8a6f07afa7ba838852b4d4e086da41f7edfbf0d469e
prefix,1,54000,54500,519.515541,23596943,025525261852f1ff45157fc1d0c733d2c8a83368f2141022704a5a17014dd065
prefix,1,54500,55000,514.508166,23813262,618464c36a2dd13f891e596d42839fdb9752b7a08f015c578a7c561564bbf3cd
prefix,1,55000,55500,515.825292,24029536,b3fc7e4e109b04410ff07435084d65c757c882e146e0b4baa3d3a9d2b8f3d66f
prefix,1,55500,56000,517.198541,24245852,00de49ecc15a78ed446a370d4b577ed1db396962ba94e4db69e6e075c4060017
prefix,1,56000,56500,545.190875,24462169,211c0621e9eb3eb2dd221cd974815cbd1dca3f215ee5f8b47f71096ffe7fe5d9
prefix,1,56500,57000,543.776500,24678442,a77df54a400c65cf950e0a6255d8cfc0c29d9e96a1c3f224286ab1c4bb606bd2
prefix,1,57000,57500,519.253666,24894762,c5d7a23b66f0f276bb20ee9966048faf2557e235ac8d38a0a8895d47dd5ae6b6
prefix,1,57500,58000,514.170667,25111075,f344e0af41ee023de2ac52dbeca55622bd48e582461460c23c4361c6fce1e695
prefix,1,58000,58500,522.732250,25327352,0539f308c67c41245a198dfcf47de1239943d28385518a206837c62b6eeb4063
prefix,1,58500,59000,517.934083,25543668,04683e2ed737e4316ed2b3b91c5d04cceb5fa4cf57ec6a8a0aaa047969c9ffdd
prefix,1,59000,59500,528.660916,25759982,12dd722a4dbf103703cd7c2bdb73714696c4b10d0ff1a5e4c79e44d69bdc10b9
prefix,1,59500,60000,524.706083,25976258,084a1205998b93e2ea9b70aa11f0f1ec1d0b897e489ae7ce76e644b6afce53d2
prefix,1,60000,60500,521.621625,26192568,5008b2ff67c1d808626d898aed1f8634cd7de87e7415c9dc84799c4b5a82e923
prefix,1,60500,61000,521.127750,26408883,dc75518a42ba877c9d5824ed21182c0549beb34ae44ca413710481729da53cc4
prefix,1,61000,61500,526.409750,26625157,6011b00398c1bce15b4204df7af7154ba43e3c16af4039acda7a9a86c873b4f8
prefix,1,61500,62000,523.503458,26841472,583734e4d5e209c0654adbd19ec038c5386947d33c385151107709f9a5d80938
prefix,1,62000,62500,523.737917,27057790,84d5da8e6ffaff75fe2367c4d28c4c0ebe54dc04cd885e02620aa57b599e893b
prefix,1,62500,63000,525.559542,27274063,05fece45c1f8987b82c34529244b1311cb891f5317e2f404cdb4b2a0b6422186
prefix,1,63000,63500,525.064917,27490382,d6b0b7d7d14a4d2eb6a152f638a616b4e3360c3f8cce1afbb4cf37b1a534e65e
prefix,1,63500,64000,536.726917,27706696,7f03b8e61079c9690a387fe01820879331675eaeacf4b103242abd590530d1ff
prefix,1,64000,64500,552.774958,27922972,621f0f57575d6df198d65c5bdb7afcde77e008098a2d43cf7d6b98985ff9fb32
prefix,1,64500,65000,554.595167,28139289,679e9fbff8a91b3054e2e8445d547df63eaee7601c5e2bceb961b85bbb9a6131
prefix,1,65000,65500,526.728458,28355602,18e58a9211b5e7cf3ab89a9f4e73497e72350050e20641507e9d4a4f98cc9b50
prefix,1,65500,66000,539.987083,28571882,62c3ed1d8c2c51aed1dc9ac19479e406cf2828e9bb51930073d68ca6c514e5ef
prefix,1,66000,66500,535.877333,28788195,816a4178542730d90a7c95b8bc6862243964382c0bc47dd48dfa17b711632eda
prefix,1,66500,67000,535.586250,29004512,d6e3971ae68f9b1419f3680e1db19e09c2f1d08f7ed6d09ab27dd9310cf5fb98
prefix,1,67000,67500,536.679167,29220788,e94c51cd81dbd4adb72b101169721e2d109c4c00a8370ff63d95176ab57cf6f3
prefix,1,67500,68000,537.059166,29437102,a2d0c05ab1555c316ab55b35fbb4b38adabd517f2f58aee4acb2ce870ea7db8b
prefix,1,68000,68500,534.063000,29653421,5473e38a22d125983bb371524801b24fa7da6eeea71a3fcd48c8d42fba4fdb0f
prefix,1,68500,69000,535.757583,29869694,acc5431803f2d3491d8cb22e59953dcd7488d75f4c608a22483c00c7abb380f3
prefix,1,69000,69500,532.934792,30086012,9dccdbbd1aaa4bb8e2f72ac10045f39c8d16bda2f6fbd347fde0cd3f3d389477
prefix,1,69500,70000,538.233250,30302327,03d13d2ea79aaa5c208fcf4ff50b6d56a186b70f2dc5d0faa7a223222ff85c5c
prefix,1,70000,70500,554.590500,30518602,a2c15842b7adf8836a18ea1b377db4c23af9c2e37f9026469c7185e623b8f992
prefix,1,70500,71000,537.527459,30734920,a2ba6fe2adae3c1d89a5b4bdf31e019b3c88a1bcc22bee38aa9c95e8bbbd9a55
prefix,1,71000,71500,593.240291,30951232,248c6e0552d776eb2575a14cec28a0794d3fb6e841a2650a58f7aabe49124545
prefix,1,71500,72000,556.004667,31167508,90adfc6eedc966a014167ce1d0cd270c554e1d75d5844ff9eaaed9eabdda9a1b
prefix,1,72000,72500,543.523042,31383819,4e305c5e46b757a75ed755aae052e5dbd7839dcc02ed1b96bd9faf393c864967
prefix,1,72500,73000,538.208458,31600132,a2f6d881b67b58f226d14c556ec7661569cd75ff9e6352f9fda6b3391cab7d48
prefix,1,73000,73500,537.954750,31816409,a686b7b4630b0852b37f5c4ffeb2a95a670a0ca9a58618e8b19aec5e0a93593d
prefix,1,73500,74000,539.348000,32032722,a55a77f2342aa37098a8cc970730716b4fd565b3e5aa0ee96e81a88bb6992040
prefix,1,74000,74500,550.552959,32249042,e3b967ba6e978013bfd6bf79a10858dd977d691f8aeb9705b312af569a41c704
prefix,1,74500,75000,545.313333,32465315,d4725f7f800e05f97a19ee543c501620f2f6ed6f6c61ffd0347643ed048be9bd
prefix,1,75000,75500,542.113916,32681632,5f635d5477e110ca787529aebb186a7854597a302df09483efffc92e980a7e2e
prefix,1,75500,76000,548.434250,32897948,5f05c7040dc40e941265b1e35e16ecc605c81f62d955b02d5e8fe8d027251700
prefix,1,76000,76500,558.790916,33114222,6482cc4c1c3440637aa4e2f94d453118907bfcfc685c7e32c8ef7dd8ca2ddaef
prefix,1,76500,77000,557.399625,33330541,0e2b2d06891603d638c7002fcb4f722327cadd698a8008ecc95e691f2cbec7c3
prefix,1,77000,77500,555.038334,33546854,daeb8ef96046c7d14922a561ab438c8f2b3db596ef4a2d3b46e3be40520809ce
prefix,1,77500,78000,554.431709,33763132,6c0bbedde62cba2b0d1e6db937f43df88089fa98ab94d58237dffcaa2927d6fc
prefix,1,78000,78500,572.156291,33979447,2afb0ec0454529d9c2c1b5a2e969a4d6581acd5ef892f48eab4eddfd5fcd68b6
prefix,1,78500,79000,585.168833,34195762,0d3252e64ee6b0d64309901a1542df71c3339bfa0aa29a858c68be7de3febbf2
prefix,1,79000,79500,547.917500,34412040,c78b28bbe00657c856e6a252ffb8633dfbce254b10439c65d163aa906dd1a9ae
prefix,1,79500,80000,549.881000,34628353,246f35d12fb1b231b6baf5d5e2be9d76695b4de03f6dbe948475d1a53d95450c
prefix,1,80000,80500,556.607125,34844672,5038f0c25f79d10a2e8aa36ca188f077839f4a2579bdbb62e0dc30e5acf538c5
prefix,1,80500,81000,557.236583,35060946,c581944051da6f9cde466b216d5db942d75994a32cc70ba7f9e244762a0b3f34
prefix,1,81000,81500,582.625083,35277262,b874504f92908081c3212589261522f461b56de961f5ee1a5a1d3b48b96c9d2a
prefix,1,81500,82000,585.057500,35493579,2c7f29d5cb2d8236090bacb7a002f598d4d105fea47fdb2ae360871d4e14e972
prefix,1,82000,82500,583.485416,35709852,0b58d28a572a300dbf170e42c0d8a31fedd3b6598f7e4bb9a7725c676598229b
prefix,1,82500,83000,581.931333,35926172,0a6e8bbf87d17f00cb811f295004aececdc8a0e20951254fabecaa39e6f852e4
prefix,1,83000,83500,580.282083,36142483,1afed9b099d79ce6e28133309266eeaf0d6d87c91609c2cd00fc8289a2ee1feb
prefix,1,83500,84000,571.860083,36358757,2793f30b9614b39b00d423b66b4ebcd01f81fc6f28ad42610227da2c711de610
prefix,1,84000,84500,571.932750,36575070,e0ca87f12ab00d547e2fc0761be937e6c6fea9faf5657eb47c27aae28bea9767
prefix,1,84500,85000,565.008292,36791382,9f8e7a0a65521e0e1475154d16eb12a7a33139d125767c8fd96971947b9cba90
prefix,1,85000,85500,580.057709,37007661,7568a886834960ac71f033d8847b46e40ac69ebd1b918e166c49438b3e933d79
prefix,1,85500,86000,594.727792,37223974,7adf1a2d4a05dab017e4debaa8d2387c8e94658c956163a6c9b2f67137a94f8c
prefix,1,86000,86500,591.403541,37440292,d648d91da604ef1242dbf23f740aabbb52777987fbf29e8ad3990eba81e8695e
prefix,1,86500,87000,566.345583,37656567,3b15465300363e3588c121ca9b6a2fa20c4964cc2b98968320b4f84bf5fb16b7
prefix,1,87000,87500,577.223834,37872882,64b75bbe5b18808af1def152baad38cf40d7126525c0946c2c92154aba2fe63c
prefix,1,87500,88000,570.045459,38089200,b01d9b839f28484be43df0bd84e58c1a933b6393cc986cab7e436a139e5492e5
prefix,1,88000,88500,591.778042,38305473,f0f99ff294682dbba30ae2869afa3706d5ddfa1758e8bf32b39bec70ef3899e7
prefix,1,88500,89000,581.896167,38521792,a894f270863c507c4cb2a9fad0fb9e030171cef7d786bde3f51ef2c65ac840ff
prefix,1,89000,89500,566.834167,38738106,c45923582d8d4826ea9657bd41998f7cf9e67275045f732eb8b85f0e82b4fccf
prefix,1,89500,90000,572.100208,38954382,2a3fb38e4c871ab4a783850cc026688342de2df38437103c53affd0a06ed78e4
prefix,1,90000,90500,570.056917,39170699,d8d6c3f14be02a4f44a4e57f797c2a6be5f80655cc0ce47c51738658fcb89e91
prefix,1,90500,91000,577.822125,39387012,7022b6a58b774c77aba6ee9fcff2978d38cf4d69900eb7b1c94e07c7dc0a7482
prefix,1,91000,91500,572.685166,39603292,aa764b5f9960746bce09fbe60c4eb85f3e41e4788ae6faac8ab8f5d00c62f83c
prefix,1,91500,92000,575.508792,39819605,98707a92c5ee67094cac1989e77d34bd830319adfbf4b2491d8b96a1fe30caed
prefix,1,92000,92500,630.455125,40035922,8cec0b61ae9bd3976a3dadcd4c899ec4fe6bbb422355b954e09b6547971ccf27
prefix,1,92500,93000,580.422250,40252198,498cfe3eb219470ff74db91890852755eebe7574f78bbbc838888970b16877dd
prefix,1,93000,93500,584.306542,40468512,f3605cd62134aafd99c75d4fc13612d9b94a69c1bffcb7f53cca0617132fbcf6
prefix,1,93500,94000,582.767375,40684831,56d3479c7475e987ea669d00cd7a9c964a8a1e063ae0217168002c03d5ecfed4
prefix,1,94000,94500,585.211792,40901104,4350e698358ad7f14d4556c17eb7bfe50c4ba7a5d37c6c2d9ecbceb2787b8bca
prefix,1,94500,95000,575.761625,41117422,5681fa6eed925ed5d706529c200bb492e7ec61944155581c167f7c71e1127dc6
prefix,1,95000,95500,578.414291,41333734,236d473b7a44a8399fd9272011ec67a1834367ad85b76dac735a556ffe4343fd
prefix,1,95500,96000,594.139041,41550006,61c7d060f46891b113e17aac66de2dd74bdd2c65a6c1983160d93c7bd785a0da
prefix,1,96000,96500,585.732667,41766321,0d3046a74bcd961c2d92da02e2752dfa16828dcd871f085e0789a151e67c5478
prefix,1,96500,97000,585.434417,41982633,e096caeff530ac421f9adcf71cfa155a0ec32eb3b18b95e7a1f49fa826d21ccb
prefix,1,97000,97500,584.897625,42198912,13bfa818389f234bab7c850db00dcf5987d5ceae467f3e5faadd53e0c64ea6d9
prefix,1,97500,98000,588.303500,42415226,0f6fb0756ac972ad89497efecc4aa1b05f21b9821b5b9c4585a7a18393158296
prefix,1,98000,98500,585.544250,42631542,151a3bb58e8b909df5a9c0b482e737ba191d53f1d2ab2ccf1c3c55bc45786aa1
prefix,1,98500,99000,597.169792,42847819,b8bf6c09daa02ebde373101c573d3381e7493f1c02ac833f898f17848e6dd57d
prefix,1,99000,99500,608.666916,43064132,649d5373210340c245d4595e1a0e010e230fa388642e93a54eb667cb797bc1e7
prefix,1,99500,100000,586.741042,43280452,945d0cc603d88f13f102c423e4142cb3c08d80dae472a4245a09f2d3248ad0c2
prefix,2,0,500,428.483917,216818,363115c466bc2018f09815dc2509116057c20c3895d468d5ea517c03134a20fc
prefix,2,500,1000,432.205958,433628,13dd29fc29d7e99f4ab89fbbf199262dcab48d8b9c9403b5574cded291243c0e
prefix,2,1000,1500,424.243125,650403,268f1d9bc63cffeacf0b39275f404ce088d8f6a51ec34cbc1e7b0bbedf619580
prefix,2,1500,2000,434.768333,867215,c533c61a141a5b36ee2a98daecdb32e3065c73f8b560da7aa3ecf22cb3f57303
prefix,2,2000,2500,426.590292,1084030,c869f93101432286c97638770be32c7545a09480ee490d6f40db19be4c556084
prefix,2,2500,3000,421.507584,1300808,7462d8c417aadc92290045f0d942b8b12d4a060eb10682f8b7b2b86eeef9617f
prefix,2,3000,3500,436.694459,1517621,98afa6676f0ac6259abac60d5fd12d443982c45da4192a94e71c58eeec446995
prefix,2,3500,4000,422.045625,1734440,1eeff515d80a2a1435910b3380192c4cf123b0ace22990a462048f0ff90f3327
prefix,2,4000,4500,428.955667,1951214,c19502fbb71495840ffadebd9e0a20c16ce9fab993b7b32e229e497b0acab803
prefix,2,4500,5000,423.319833,2168030,6340af82949d09714fe8d95b13014e554b1b5875deb4aab3d24c315202971e46
prefix,2,5000,5500,448.652125,2384847,d82302924ec073adad7db46fc2fbcf8bf0a5397fa9b7666269f984ffdd9dff7f
prefix,2,5500,6000,447.704208,2601620,7e872d566c4e7b3fdbbac84091781d8d2434da958a2fb1633234d5d2f8cdd6f6
prefix,2,6000,6500,446.815459,2818440,5f7992da76f820d764bb6eb1dfc2866dd2390d52b85d65acd2d857893ef1f3de
prefix,2,6500,7000,458.620042,3035253,414821eabff9c5863c378a7c8dc5682e1db75ea85ec75b08091d80f29d17cca1
prefix,2,7000,7500,454.944916,3252030,3d42c7b5253cc8056028c5ce56b806d95ee3d232b272fe65d6af16639038bd99
prefix,2,7500,8000,481.497083,3468846,9268270bd6acbff82724d0bcac9dfe48bb46cc9d459186a99c682d3b1849f1fb
prefix,2,8000,8500,454.383542,3685660,0fe8e78bae1a915a305aa873376e5d102937b9717aa6448c0e63295ead62cde1
prefix,2,8500,9000,456.074959,3902439,f9f0ef0374651c46faf6c5fc4419a872488d01808da3acb0971b5ff7b5976a0f
prefix,2,9000,9500,457.573833,4119252,94663390908938db2a0698e7031e6d45290595010f048cd84148555e372adb92
prefix,2,9500,10000,450.810667,4336070,ab1aa48a4a01ff5096b3bda50fada446ee5028ee5ddb1aee772beb0a49bb89fa
prefix,2,10000,10500,452.046042,4552845,4ee8a91460c261f2738d4d2e4b46a8756538f1f3ab235b1933416cb6700e1b8b
prefix,2,10500,11000,456.575375,4769660,a354f46a49d5c1db30959ca9822bda7c0ceb38329f2c8057573b4278a79a65a2
prefix,2,11000,11500,450.468750,4986478,6f37959a33d8fff07aa769ab7948976bbc876ec17968e7e73694e10941d0ab29
prefix,2,11500,12000,455.782333,5203251,923a22961635971052a8bf1cbd71e1795ac1877043a580cda655dbeea4f512d9
prefix,2,12000,12500,452.306542,5420068,93597046f01fdc9722ca4d886085e3cac96e64da81c3cc68a8a6d520c493348b
prefix,2,12500,13000,457.806209,5636879,201d9bf6932817981c2511d9d72daff16c41843423874eb6881426f48b97ebbe
prefix,2,13000,13500,462.373750,5853652,8041940944f32933c714d3b177fc939787f2cecba3242b6d568e3d7a20ab78fa
prefix,2,13500,14000,455.849375,6070467,c21fd8a446956d4f03c89f33d03f1e541cc33d2dfec05b8aa0b6359fac37934b
prefix,2,14000,14500,460.010583,6287280,9036ebfdb237e3debecc86a0c78fdbffc48bf3279907f9e14ac1646a4d7a98bf
prefix,2,14500,15000,457.829208,6504060,cdb3391aca3e570405642c0ea699e1f83951ae0597ec05463435a10e00428b10
prefix,2,15000,15500,470.041541,6720873,57b13774f5da34de41979e4568e3e83caf5bc16581d5adf936dbc7a80ed8b6a9
prefix,2,15500,16000,458.513875,6937690,5103e4f5ef881becf3c3edb0f09864f8ccad6a004056f97dae91b6f902674962
prefix,2,16000,16500,476.041334,7154466,536c30172b2793e768b8c5ac155b382441dfd3aef3a5e07d026f2f2b60021dcd
prefix,2,16500,17000,493.149000,7371280,42658ad6162e4165f438608f00d0bd6bd0b8b16cf0c65db1720948833c25d617
prefix,2,17000,17500,458.022125,7588099,a682479b8b3e64b7d149bac6d8259c531252b5e7c064ba8ccd691a87b1f40e04
prefix,2,17500,18000,459.305416,7804872,f11a1771d38a04572525a524487afbf3444ff7f198b5c0a5467de0d0d5e863eb
prefix,2,18000,18500,450.085375,8021690,4eca6e59012ce43180ad4086ee3a44e34ff29f2b93c16421cccc29bbdc650377
prefix,2,18500,19000,453.780125,8238505,e1f3f1214869a101ab91992ec7adeabc11d50bdb665d6ccfbde20469c20522fa
prefix,2,19000,19500,454.586834,8455280,4f488b982604e640cfb1ee7d15f7ba02f6b279f6bb947c05e2d43a4e006ca5d2
prefix,2,19500,20000,457.185625,8672098,0edf8043b1ef517b2ec7c691bbf138ee4db7b81d321b5a2e864ee42f5e51cd64
prefix,2,20000,20500,455.507750,8888413,a87fc19900127dd8949be6fb02deb147dc63e11631f76bb041ddfe1dd8aa5c15
prefix,2,20500,21000,470.453208,9104692,f98b825cba5dbc8d42f42a4d3a6da0ca39bda9da230899f522bcdcc49f85abd1
prefix,2,21000,21500,471.084083,9321006,0288a093810a2800dd6eed3be37ee22caa0e490f6a0fdc82273cd0ccfda01a27
prefix,2,21500,22000,476.047583,9537322,0436635a645550c22d971895a2f25e69a6eb71ed2d4b135ea83ef0866fede559
prefix,2,22000,22500,458.947375,9753599,087e90eb455b3b8bd7dd197a85954513d8a411708b5f0c51bc7804ac914dadf3
prefix,2,22500,23000,456.679750,9969912,fcf4e53262d78653c4dc90d70fc688d822305dbc3ca89a686a2f6bd33ac6d755
prefix,2,23000,23500,465.056542,10186232,bcaef142cd49821c20dc5983b0d4e4b8318c7814ef57cc256c4e923c37114cd0
prefix,2,23500,24000,462.967834,10402505,6e7551d60712340e05fa9cbd4268fad995b2054174b36e3eaa8f777f8e178325
prefix,2,24000,24500,471.459292,10618819,93322687a780c9509c293c1a29bbe3855ba68285cca690a7082e38c9d31647c7
prefix,2,24500,25000,477.424709,10835132,232f64b31644662a83a9930622e48e3bc1bb161e0527e913bb0810e7560c72d8
prefix,2,25000,25500,481.237041,11051403,c2dc1ee06cbc791d5b60fcc90b6a05b26ab54168358f340616937d4ecf77a7a5
prefix,2,25500,26000,464.237125,11267721,d7b8bd0c93ea1890e51dafdce69ca5e7ac615147374207c49bbb3af001c162b1
prefix,2,26000,26500,468.499500,11484034,f3a69541ffa65edad4d4bc5c1e8c1ca373a8ad32bf6de9dca926c79f05c91fe5
prefix,2,26500,27000,468.880792,11700312,d25fe95b5eb16f7543b583e8713e606667159240aa9c9a3fa45181ef5822cd4e
prefix,2,27000,27500,468.692334,11916627,f6ab26a3a8ded052b04a050594b39657d9b4bf436923a528f62f2a00730ee01e
prefix,2,27500,28000,463.758000,12132942,8ad467080f8a1a1a28fd6bf3baec8991202c253f9b14ded32ad0471de9ee0a7b
prefix,2,28000,28500,470.624917,12349220,35c1e40b6a9a202c0660145681c348f1665cdb290b285aa18d33c916c5a253f0
prefix,2,28500,29000,464.684958,12565533,16205c700b71bbe2dc0be01b9bc35c21fd450ddee0c890b1a5d08faf9b2e4ffe
prefix,2,29000,29500,468.743417,12781852,428d129803b07a567e59edf9b2a3361a6870422caf722ddc36f18632e89fbfbc
prefix,2,29500,30000,467.132292,12998126,3fc1d00dd16498ed1e4e9dafca2d4834a3bb10ccfa64716ee12ece7ffc2a4a34
prefix,2,30000,30500,471.609834,13214442,b98172fd0dc8cc77b0ce7a45294dbf3a35082bf1158855fd5ae8d939407002d8
prefix,2,30500,31000,479.424250,13430759,f49e0bffb9ee7e2f95b5a0398255ab90571c36946bc307cd3980ae9b3e77534e
prefix,2,31000,31500,475.305292,13647032,2b987c359a9eb33afc63f9149caa476f91de02b346a40a5d893d3b9ca34594d8
prefix,2,31500,32000,499.068084,13863352,e196f1aaf7e54c1a3ca4c6325d793ba66ad4550e5b027d31497a32eec32d7c92
prefix,2,32000,32500,482.801083,14079665,8c8dff1c6e8bfdb56f87bdfbed5001c3633fb2b7920d155120020b9f2a4885ea
prefix,2,32500,33000,470.838167,14295942,642abbbc929827af4795848153ec2d0f568246557796b04cf8551d26897d600b
prefix,2,33000,33500,493.743083,14512258,ce316460430802fc3f8c8dac7ea4df60a55aafcdd4aa1acdc3c17600d6c8ffc5
prefix,2,33500,34000,491.927292,14728572,a3e8de3ccab7d724a8befece620baddeb72bd4bab612dba2e3ef82910527fc2f
prefix,2,34000,34500,476.557125,14944851,d02678c4a35555c9c9dc9872e71b6538e74ebbe98e07deb97c58208b545f953f
prefix,2,34500,35000,478.670792,15161164,10cae260c930b8d66eb812c595424b37e0a2579cbfadef67309848abd76b5ee3
prefix,2,35000,35500,477.089625,15377482,5d0b626887ccec59b9cbf7abebad272bdc808940a30389600ce741cd22629d08
prefix,2,35500,36000,481.982167,15593756,d83a7ae0e440e187290b40e1a7a042627dcdb50753aba910249969d4fdf10505
prefix,2,36000,36500,474.152542,15810068,1314a39d5ca1a5815b3bbb26a7adbd37c742816520fcf2a2cc92a2e2305bb337
prefix,2,36500,37000,481.527167,16026383,0a280ed0782f0537351a38ad62d6914055235adcc0937dce50be8540c7e35db7
prefix,2,37000,37500,490.357000,16242653,d69ad3e535f2b1e6497a049225978878ef86d73995d26f67f2e8e9b783ec25de
prefix,2,37500,38000,487.726166,16458972,4dadaae7f3a3cc9e5b6febb84bdcaee929119b2d3a08f836f2eb2974ce78456e
prefix,2,38000,38500,485.463500,16675286,4999ef3c2258db537656ccee23a496d10cceee0ede1cabeddfa102c84fa2a165
prefix,2,38500,39000,488.992000,16891562,db6e2b4d89a3cf6593bb46e5533003c1b7cba0f79bca227c97ec84a1dcdb20ad
prefix,2,39000,39500,486.012250,17107879,5775ea8e735c22eb9c2a74607d3bf5e2782bb9ea73ae587c90e6c0276a98cd0c
prefix,2,39500,40000,492.790500,17324192,ab3cd9a31e98931464714bf04f5d88138ea32857948c97dd9d3f4735a3a8897f
prefix,2,40000,40500,496.502084,17540472,ff16ed3a796ea7dc84fca7ee99424cf31ee7cc1df3f30895af828647b2996de2
prefix,2,40500,41000,495.085417,17756785,cb8879c576bc4d5226179597baa7f5b531629232f100c907c143b4eb3ab61cf8
prefix,2,41000,41500,504.338791,17973102,334d5e6498b89c934c90a695d23113d3bd27a7269ddb87b72e19797256aced40
prefix,2,41500,42000,522.349500,18189378,860c69ba83508ba33087ffdcfb52d04abded52c28101d744aa9d70e367955e38
prefix,2,42000,42500,488.823125,18405692,b195ab7f900e3e1d42a5bc1a597016d98efe966329490a9169b4ec97d08dae78
prefix,2,42500,43000,501.089000,18622011,b74e79b7c77d703e3692b4ebd414301fafe4f52b19adcdc2c9850055eeaf75bd
prefix,2,43000,43500,505.122125,18838284,7863d783ec810c7c010689c727b847ae9a9b3bc9454c52b146dfb62eef89b7de
prefix,2,43500,44000,503.197500,19054602,d3688ae7ebb3ddb9cb7bffbc20e670dfe15abb5ba5eebfc1322910570a97d512
prefix,2,44000,44500,496.522458,19270917,f75154b1308672b7db7a9cd11660db77ed2af465a340eadb6886b2ceacaddcdc
prefix,2,44500,45000,507.812708,19487192,4d586a961e1e148fe1ef1d65c2f9443a177047f7a68e4c0b93ca9c65fc668dbb
prefix,2,45000,45500,504.163000,19703510,fe0669944f17f35a45462520cfba973a2e502e65b1654ac81ff365f2184cf14e
prefix,2,45500,46000,503.650792,19919823,46a6bdc8a1c347c1dcf4b56a764b10cb72a1c2bac19481e8483c8e6db9ea9e3d
prefix,2,46000,46500,502.527542,20136102,0e747348c891c5fe032774b3082d48ded8fcf442abf97b0801d92c0765a369ee
prefix,2,46500,47000,502.403625,20352416,5f0d1d03e5c6375b886b6d4c59f5148a06aead22d377135a9e3e79629e58ee56
prefix,2,47000,47500,506.797917,20568732,bc797940e119f84870fe4ed3e788b42f1caf4c08d57199712893cb8d380434b5
prefix,2,47500,48000,497.923958,20785007,089dc55b84bc1ee1a45e49e16954026b3d40410c5667c3456487150a9e1ca0c1
prefix,2,48000,48500,502.438875,21001317,2185d4574e9f4452f180ad7897080d7acd65e505a2671b4cc6a38ed28a354ddc
prefix,2,48500,49000,506.731708,21217634,d067a2539a6e3d1347855568821a66a3d23f789f9cabeec97789da75f0124790
prefix,2,49000,49500,517.881875,21433905,18f53fee0924dd3b55f12068d42216768d6d4aac84ca93aa10008bb97a5a9211
prefix,2,49500,50000,518.156917,21650222,ff4f758266f3de85f12a01b3f6269efd047676c5e42abc90746065839120f6de
prefix,2,50000,50500,502.819166,21866538,1519421eed19f4cf44c1eadb6800bbf7aecfafb4b9227b7af9d9af14290d1a0f
prefix,2,50500,51000,512.175334,22082812,c66b2ca8d50c302d15344b4bf8dcc9cc19b97b047be9b177dfae6f5e1caf4af8
prefix,2,51000,51500,510.577167,22299131,5e4117df86fd414e9c5c17105675c4840de66d2a431d30e2e6a696ea6b3b4dc7
prefix,2,51500,52000,506.061166,22515444,3cb85aacedde3b92394826f5cea0d2783fd4e0e5812188da3540968317c27366
prefix,2,52000,52500,509.613125,22731722,fef9e9aa02cefc228b717671b920cdda9967e4905aee68842d2592ca50ea5f1f
prefix,2,52500,53000,509.839417,22948037,8b6eb45db0e7b2ac4e3ad19ce127ec56a066fafda89652b9b04cd79b77a5b8fd
prefix,2,53000,53500,517.786833,23164352,55cda5b74e3ab2b8aebfc9e2a0a91d4481086242c8cac7850a7ca0bf6df229eb
prefix,2,53500,54000,519.316667,23380630,33c9b30adaf7d74898a1e8a6f07afa7ba838852b4d4e086da41f7edfbf0d469e
prefix,2,54000,54500,515.536417,23596943,025525261852f1ff45157fc1d0c733d2c8a83368f2141022704a5a17014dd065
prefix,2,54500,55000,509.462750,23813262,618464c36a2dd13f891e596d42839fdb9752b7a08f015c578a7c561564bbf3cd
prefix,2,55000,55500,514.377792,24029536,b3fc7e4e109b04410ff07435084d65c757c882e146e0b4baa3d3a9d2b8f3d66f
prefix,2,55500,56000,517.369792,24245852,00de49ecc15a78ed446a370d4b577ed1db396962ba94e4db69e6e075c4060017
prefix,2,56000,56500,514.402500,24462169,211c0621e9eb3eb2dd221cd974815cbd1dca3f215ee5f8b47f71096ffe7fe5d9
prefix,2,56500,57000,521.488583,24678442,a77df54a400c65cf950e0a6255d8cfc0c29d9e96a1c3f224286ab1c4bb606bd2
prefix,2,57000,57500,561.909416,24894762,c5d7a23b66f0f276bb20ee9966048faf2557e235ac8d38a0a8895d47dd5ae6b6
prefix,2,57500,58000,518.115000,25111075,f344e0af41ee023de2ac52dbeca55622bd48e582461460c23c4361c6fce1e695
prefix,2,58000,58500,535.801250,25327352,0539f308c67c41245a198dfcf47de1239943d28385518a206837c62b6eeb4063
prefix,2,58500,59000,511.000375,25543668,04683e2ed737e4316ed2b3b91c5d04cceb5fa4cf57ec6a8a0aaa047969c9ffdd
prefix,2,59000,59500,518.543167,25759982,12dd722a4dbf103703cd7c2bdb73714696c4b10d0ff1a5e4c79e44d69bdc10b9
prefix,2,59500,60000,513.860417,25976258,084a1205998b93e2ea9b70aa11f0f1ec1d0b897e489ae7ce76e644b6afce53d2
prefix,2,60000,60500,519.273042,26192568,5008b2ff67c1d808626d898aed1f8634cd7de87e7415c9dc84799c4b5a82e923
prefix,2,60500,61000,537.097250,26408883,dc75518a42ba877c9d5824ed21182c0549beb34ae44ca413710481729da53cc4
prefix,2,61000,61500,536.202709,26625157,6011b00398c1bce15b4204df7af7154ba43e3c16af4039acda7a9a86c873b4f8
prefix,2,61500,62000,535.775875,26841472,583734e4d5e209c0654adbd19ec038c5386947d33c385151107709f9a5d80938
prefix,2,62000,62500,542.033208,27057790,84d5da8e6ffaff75fe2367c4d28c4c0ebe54dc04cd885e02620aa57b599e893b
prefix,2,62500,63000,534.936541,27274063,05fece45c1f8987b82c34529244b1311cb891f5317e2f404cdb4b2a0b6422186
prefix,2,63000,63500,538.301708,27490382,d6b0b7d7d14a4d2eb6a152f638a616b4e3360c3f8cce1afbb4cf37b1a534e65e
prefix,2,63500,64000,544.764167,27706696,7f03b8e61079c9690a387fe01820879331675eaeacf4b103242abd590530d1ff
prefix,2,64000,64500,554.872125,27922972,621f0f57575d6df198d65c5bdb7afcde77e008098a2d43cf7d6b98985ff9fb32
prefix,2,64500,65000,570.001041,28139289,679e9fbff8a91b3054e2e8445d547df63eaee7601c5e2bceb961b85bbb9a6131
prefix,2,65000,65500,540.710042,28355602,18e58a9211b5e7cf3ab89a9f4e73497e72350050e20641507e9d4a4f98cc9b50
prefix,2,65500,66000,541.235500,28571882,62c3ed1d8c2c51aed1dc9ac19479e406cf2828e9bb51930073d68ca6c514e5ef
prefix,2,66000,66500,553.379250,28788195,816a4178542730d90a7c95b8bc6862243964382c0bc47dd48dfa17b711632eda
prefix,2,66500,67000,545.680167,29004512,d6e3971ae68f9b1419f3680e1db19e09c2f1d08f7ed6d09ab27dd9310cf5fb98
prefix,2,67000,67500,549.121541,29220788,e94c51cd81dbd4adb72b101169721e2d109c4c00a8370ff63d95176ab57cf6f3
prefix,2,67500,68000,541.265333,29437102,a2d0c05ab1555c316ab55b35fbb4b38adabd517f2f58aee4acb2ce870ea7db8b
prefix,2,68000,68500,549.765917,29653421,5473e38a22d125983bb371524801b24fa7da6eeea71a3fcd48c8d42fba4fdb0f
prefix,2,68500,69000,548.986125,29869694,acc5431803f2d3491d8cb22e59953dcd7488d75f4c608a22483c00c7abb380f3
prefix,2,69000,69500,553.538916,30086012,9dccdbbd1aaa4bb8e2f72ac10045f39c8d16bda2f6fbd347fde0cd3f3d389477
prefix,2,69500,70000,558.990750,30302327,03d13d2ea79aaa5c208fcf4ff50b6d56a186b70f2dc5d0faa7a223222ff85c5c
prefix,2,70000,70500,562.873833,30518602,a2c15842b7adf8836a18ea1b377db4c23af9c2e37f9026469c7185e623b8f992
prefix,2,70500,71000,549.701208,30734920,a2ba6fe2adae3c1d89a5b4bdf31e019b3c88a1bcc22bee38aa9c95e8bbbd9a55
prefix,2,71000,71500,551.596750,30951232,248c6e0552d776eb2575a14cec28a0794d3fb6e841a2650a58f7aabe49124545
prefix,2,71500,72000,578.933666,31167508,90adfc6eedc966a014167ce1d0cd270c554e1d75d5844ff9eaaed9eabdda9a1b
prefix,2,72000,72500,570.378167,31383819,4e305c5e46b757a75ed755aae052e5dbd7839dcc02ed1b96bd9faf393c864967
prefix,2,72500,73000,548.115833,31600132,a2f6d881b67b58f226d14c556ec7661569cd75ff9e6352f9fda6b3391cab7d48
prefix,2,73000,73500,554.816834,31816409,a686b7b4630b0852b37f5c4ffeb2a95a670a0ca9a58618e8b19aec5e0a93593d
prefix,2,73500,74000,557.621416,32032722,a55a77f2342aa37098a8cc970730716b4fd565b3e5aa0ee96e81a88bb6992040
prefix,2,74000,74500,556.049667,32249042,e3b967ba6e978013bfd6bf79a10858dd977d691f8aeb9705b312af569a41c704
prefix,2,74500,75000,551.972292,32465315,d4725f7f800e05f97a19ee543c501620f2f6ed6f6c61ffd0347643ed048be9bd
prefix,2,75000,75500,549.205041,32681632,5f635d5477e110ca787529aebb186a7854597a302df09483efffc92e980a7e2e
prefix,2,75500,76000,540.385500,32897948,5f05c7040dc40e941265b1e35e16ecc605c81f62d955b02d5e8fe8d027251700
prefix,2,76000,76500,556.887375,33114222,6482cc4c1c3440637aa4e2f94d453118907bfcfc685c7e32c8ef7dd8ca2ddaef
prefix,2,76500,77000,545.708542,33330541,0e2b2d06891603d638c7002fcb4f722327cadd698a8008ecc95e691f2cbec7c3
prefix,2,77000,77500,540.882458,33546854,daeb8ef96046c7d14922a561ab438c8f2b3db596ef4a2d3b46e3be40520809ce
prefix,2,77500,78000,544.068250,33763132,6c0bbedde62cba2b0d1e6db937f43df88089fa98ab94d58237dffcaa2927d6fc
prefix,2,78000,78500,559.229458,33979447,2afb0ec0454529d9c2c1b5a2e969a4d6581acd5ef892f48eab4eddfd5fcd68b6
prefix,2,78500,79000,555.880750,34195762,0d3252e64ee6b0d64309901a1542df71c3339bfa0aa29a858c68be7de3febbf2
prefix,2,79000,79500,577.255250,34412040,c78b28bbe00657c856e6a252ffb8633dfbce254b10439c65d163aa906dd1a9ae
prefix,2,79500,80000,548.300000,34628353,246f35d12fb1b231b6baf5d5e2be9d76695b4de03f6dbe948475d1a53d95450c
prefix,2,80000,80500,581.977333,34844672,5038f0c25f79d10a2e8aa36ca188f077839f4a2579bdbb62e0dc30e5acf538c5
prefix,2,80500,81000,565.177333,35060946,c581944051da6f9cde466b216d5db942d75994a32cc70ba7f9e244762a0b3f34
prefix,2,81000,81500,559.547792,35277262,b874504f92908081c3212589261522f461b56de961f5ee1a5a1d3b48b96c9d2a
prefix,2,81500,82000,559.006125,35493579,2c7f29d5cb2d8236090bacb7a002f598d4d105fea47fdb2ae360871d4e14e972
prefix,2,82000,82500,569.687208,35709852,0b58d28a572a300dbf170e42c0d8a31fedd3b6598f7e4bb9a7725c676598229b
prefix,2,82500,83000,556.747166,35926172,0a6e8bbf87d17f00cb811f295004aececdc8a0e20951254fabecaa39e6f852e4
prefix,2,83000,83500,577.230417,36142483,1afed9b099d79ce6e28133309266eeaf0d6d87c91609c2cd00fc8289a2ee1feb
prefix,2,83500,84000,567.813458,36358757,2793f30b9614b39b00d423b66b4ebcd01f81fc6f28ad42610227da2c711de610
prefix,2,84000,84500,561.884083,36575070,e0ca87f12ab00d547e2fc0761be937e6c6fea9faf5657eb47c27aae28bea9767
prefix,2,84500,85000,560.422667,36791382,9f8e7a0a65521e0e1475154d16eb12a7a33139d125767c8fd96971947b9cba90
prefix,2,85000,85500,566.017666,37007661,7568a886834960ac71f033d8847b46e40ac69ebd1b918e166c49438b3e933d79
prefix,2,85500,86000,573.979792,37223974,7adf1a2d4a05dab017e4debaa8d2387c8e94658c956163a6c9b2f67137a94f8c
prefix,2,86000,86500,583.319458,37440292,d648d91da604ef1242dbf23f740aabbb52777987fbf29e8ad3990eba81e8695e
prefix,2,86500,87000,576.290459,37656567,3b15465300363e3588c121ca9b6a2fa20c4964cc2b98968320b4f84bf5fb16b7
prefix,2,87000,87500,575.364417,37872882,64b75bbe5b18808af1def152baad38cf40d7126525c0946c2c92154aba2fe63c
prefix,2,87500,88000,573.754292,38089200,b01d9b839f28484be43df0bd84e58c1a933b6393cc986cab7e436a139e5492e5
prefix,2,88000,88500,576.087084,38305473,f0f99ff294682dbba30ae2869afa3706d5ddfa1758e8bf32b39bec70ef3899e7
prefix,2,88500,89000,567.053875,38521792,a894f270863c507c4cb2a9fad0fb9e030171cef7d786bde3f51ef2c65ac840ff
prefix,2,89000,89500,568.092792,38738106,c45923582d8d4826ea9657bd41998f7cf9e67275045f732eb8b85f0e82b4fccf
prefix,2,89500,90000,572.054792,38954382,2a3fb38e4c871ab4a783850cc026688342de2df38437103c53affd0a06ed78e4
prefix,2,90000,90500,571.997083,39170699,d8d6c3f14be02a4f44a4e57f797c2a6be5f80655cc0ce47c51738658fcb89e91
prefix,2,90500,91000,580.282666,39387012,7022b6a58b774c77aba6ee9fcff2978d38cf4d69900eb7b1c94e07c7dc0a7482
prefix,2,91000,91500,580.164166,39603292,aa764b5f9960746bce09fbe60c4eb85f3e41e4788ae6faac8ab8f5d00c62f83c
prefix,2,91500,92000,570.541625,39819605,98707a92c5ee67094cac1989e77d34bd830319adfbf4b2491d8b96a1fe30caed
prefix,2,92000,92500,577.501458,40035922,8cec0b61ae9bd3976a3dadcd4c899ec4fe6bbb422355b954e09b6547971ccf27
prefix,2,92500,93000,589.414417,40252198,498cfe3eb219470ff74db91890852755eebe7574f78bbbc838888970b16877dd
prefix,2,93000,93500,604.286541,40468512,f3605cd62134aafd99c75d4fc13612d9b94a69c1bffcb7f53cca0617132fbcf6
prefix,2,93500,94000,581.556125,40684831,56d3479c7475e987ea669d00cd7a9c964a8a1e063ae0217168002c03d5ecfed4
prefix,2,94000,94500,583.141875,40901104,4350e698358ad7f14d4556c17eb7bfe50c4ba7a5d37c6c2d9ecbceb2787b8bca
prefix,2,94500,95000,580.161458,41117422,5681fa6eed925ed5d706529c200bb492e7ec61944155581c167f7c71e1127dc6
prefix,2,95000,95500,588.756583,41333734,236d473b7a44a8399fd9272011ec67a1834367ad85b76dac735a556ffe4343fd
prefix,2,95500,96000,584.633208,41550006,61c7d060f46891b113e17aac66de2dd74bdd2c65a6c1983160d93c7bd785a0da
prefix,2,96000,96500,583.141250,41766321,0d3046a74bcd961c2d92da02e2752dfa16828dcd871f085e0789a151e67c5478
prefix,2,96500,97000,581.241500,41982633,e096caeff530ac421f9adcf71cfa155a0ec32eb3b18b95e7a1f49fa826d21ccb
prefix,2,97000,97500,584.444708,42198912,13bfa818389f234bab7c850db00dcf5987d5ceae467f3e5faadd53e0c64ea6d9
prefix,2,97500,98000,580.759042,42415226,0f6fb0756ac972ad89497efecc4aa1b05f21b9821b5b9c4585a7a18393158296
prefix,2,98000,98500,587.127625,42631542,151a3bb58e8b909df5a9c0b482e737ba191d53f1d2ab2ccf1c3c55bc45786aa1
prefix,2,98500,99000,594.731125,42847819,b8bf6c09daa02ebde373101c573d3381e7493f1c02ac833f898f17848e6dd57d
prefix,2,99000,99500,609.085666,43064132,649d5373210340c245d4595e1a0e010e230fa388642e93a54eb667cb797bc1e7
prefix,2,99500,100000,606.248083,43280452,945d0cc603d88f13f102c423e4142cb3c08d80dae472a4245a09f2d3248ad0c2
incremental,2,0,500,423.755333,216818,363115c466bc2018f09815dc2509116057c20c3895d468d5ea517c03134a20fc
incremental,2,500,500,0.578375,216810,13dd29fc29d7e99f4ab89fbbf199262dcab48d8b9c9403b5574cded291243c0e
incremental,2,1000,500,0.606042,216775,268f1d9bc63cffeacf0b39275f404ce088d8f6a51ec34cbc1e7b0bbedf619580
incremental,2,1500,500,0.620917,216812,c533c61a141a5b36ee2a98daecdb32e3065c73f8b560da7aa3ecf22cb3f57303
incremental,2,2000,500,0.576333,216815,c869f93101432286c97638770be32c7545a09480ee490d6f40db19be4c556084
incremental,2,2500,500,0.586125,216778,7462d8c417aadc92290045f0d942b8b12d4a060eb10682f8b7b2b86eeef9617f
incremental,2,3000,500,0.575542,216813,98afa6676f0ac6259abac60d5fd12d443982c45da4192a94e71c58eeec446995
incremental,2,3500,500,0.567709,216819,1eeff515d80a2a1435910b3380192c4cf123b0ace22990a462048f0ff90f3327
incremental,2,4000,500,0.513958,216774,c19502fbb71495840ffadebd9e0a20c16ce9fab993b7b32e229e497b0acab803
incremental,2,4500,500,0.497500,216816,6340af82949d09714fe8d95b13014e554b1b5875deb4aab3d24c315202971e46
incremental,2,5000,500,0.502584,216817,d82302924ec073adad7db46fc2fbcf8bf0a5397fa9b7666269f984ffdd9dff7f
incremental,2,5500,500,0.543250,216773,7e872d566c4e7b3fdbbac84091781d8d2434da958a2fb1633234d5d2f8cdd6f6
incremental,2,6000,500,0.557917,216820,5f7992da76f820d764bb6eb1dfc2866dd2390d52b85d65acd2d857893ef1f3de
incremental,2,6500,500,0.580000,216813,414821eabff9c5863c378a7c8dc5682e1db75ea85ec75b08091d80f29d17cca1
incremental,2,7000,500,0.573208,216777,3d42c7b5253cc8056028c5ce56b806d95ee3d232b272fe65d6af16639038bd99
incremental,2,7500,500,0.554125,216816,9268270bd6acbff82724d0bcac9dfe48bb46cc9d459186a99c682d3b1849f1fb
incremental,2,8000,500,0.563000,216814,0fe8e78bae1a915a305aa873376e5d102937b9717aa6448c0e63295ead62cde1
incremental,2,8500,500,0.577375,216779,f9f0ef0374651c46faf6c5fc4419a872488d01808da3acb0971b5ff7b5976a0f
incremental,2,9000,500,0.557417,216813,94663390908938db2a0698e7031e6d45290595010f048cd84148555e372adb92
incremental,2,9500,500,0.556792,216818,ab1aa48a4a01ff5096b3bda50fada446ee5028ee5ddb1aee772beb0a49bb89fa
incremental,2,10000,500,0.555625,216775,4ee8a91460c261f2738d4d2e4b46a8756538f1f3ab235b1933416cb6700e1b8b
incremental,2,10500,500,0.554375,216815,a354f46a49d5c1db30959ca9822bda7c0ceb38329f2c8057573b4278a79a65a2
incremental,2,11000,500,0.551375,216818,6f37959a33d8fff07aa769ab7948976bbc876ec17968e7e73694e10941d0ab29
incremental,2,11500,500,0.559000,216773,923a22961635971052a8bf1cbd71e1795ac1877043a580cda655dbeea4f512d9
incremental,2,12000,500,0.551375,216817,93597046f01fdc9722ca4d886085e3cac96e64da81c3cc68a8a6d520c493348b
incremental,2,12500,500,0.567792,216811,201d9bf6932817981c2511d9d72daff16c41843423874eb6881426f48b97ebbe
incremental,2,13000,500,0.558583,216773,8041940944f32933c714d3b177fc939787f2cecba3242b6d568e3d7a20ab78fa
incremental,2,13500,500,0.559833,216815,c21fd8a446956d4f03c89f33d03f1e541cc33d2dfec05b8aa0b6359fac37934b
incremental,2,14000,500,0.560709,216813,9036ebfdb237e3debecc86a0c78fdbffc48bf3279907f9e14ac1646a4d7a98bf
incremental,2,14500,500,0.555833,216780,cdb3391aca3e570405642c0ea699e1f83951ae0597ec05463435a10e00428b10
incremental,2,15000,500,0.554125,216813,57b13774f5da34de41979e4568e3e83caf5bc16581d5adf936dbc7a80ed8b6a9
incremental,2,15500,500,0.563000,216817,5103e4f5ef881becf3c3edb0f09864f8ccad6a004056f97dae91b6f902674962
incremental,2,16000,500,0.558292,216776,536c30172b2793e768b8c5ac155b382441dfd3aef3a5e07d026f2f2b60021dcd
incremental,2,16500,500,0.558291,216814,42658ad6162e4165f438608f00d0bd6bd0b8b16cf0c65db1720948833c25d617
incremental,2,17000,500,0.567375,216819,a682479b8b3e64b7d149bac6d8259c531252b5e7c064ba8ccd691a87b1f40e04
incremental,2,17500,500,0.503125,216773,f11a1771d38a04572525a524487afbf3444ff7f198b5c0a5467de0d0d5e863eb
incremental,2,18000,500,0.498167,216818,4eca6e59012ce43180ad4086ee3a44e34ff29f2b93c16421cccc29bbdc650377
incremental,2,18500,500,0.498375,216815,e1f3f1214869a101ab91992ec7adeabc11d50bdb665d6ccfbde20469c20522fa
incremental,2,19000,500,0.521416,216775,4f488b982604e640cfb1ee7d15f7ba02f6b279f6bb947c05e2d43a4e006ca5d2
incremental,2,19500,500,0.540750,216818,0edf8043b1ef517b2ec7c691bbf138ee4db7b81d321b5a2e864ee42f5e51cd64
incremental,2,20000,500,0.563708,216315,a87fc19900127dd8949be6fb02deb147dc63e11631f76bb041ddfe1dd8aa5c15
incremental,2,20500,500,0.562375,216279,f98b825cba5dbc8d42f42a4d3a6da0ca39bda9da230899f522bcdcc49f85abd1
incremental,2,21000,500,0.549458,216314,0288a093810a2800dd6eed3be37ee22caa0e490f6a0fdc82273cd0ccfda01a27
incremental,2,21500,500,0.561500,216316,0436635a645550c22d971895a2f25e69a6eb71ed2d4b135ea83ef0866fede559
incremental,2,22000,500,0.562417,216277,087e90eb455b3b8bd7dd197a85954513d8a411708b5f0c51bc7804ac914dadf3
incremental,2,22500,500,0.565875,216313,fcf4e53262d78653c4dc90d70fc688d822305dbc3ca89a686a2f6bd33ac6d755
incremental,2,23000,500,0.558292,216320,bcaef142cd49821c20dc5983b0d4e4b8318c7814ef57cc256c4e923c37114cd0
incremental,2,23500,500,0.565292,216273,6e7551d60712340e05fa9cbd4268fad995b2054174b36e3eaa8f777f8e178325
incremental,2,24000,500,0.560375,216314,93322687a780c9509c293c1a29bbe3855ba68285cca690a7082e38c9d31647c7
incremental,2,24500,500,0.559459,216313,232f64b31644662a83a9930622e48e3bc1bb161e0527e913bb0810e7560c72d8
incremental,2,25000,500,0.559875,216271,c2dc1ee06cbc791d5b60fcc90b6a05b26ab54168358f340616937d4ecf77a7a5
incremental,2,25500,500,0.549459,216318,d7b8bd0c93ea1890e51dafdce69ca5e7ac615147374207c49bbb3af001c162b1
incremental,2,26000,500,0.529250,216313,f3a69541ffa65edad4d4bc5c1e8c1ca373a8ad32bf6de9dca926c79f05c91fe5
incremental,2,26500,500,0.554208,216278,d25fe95b5eb16f7543b583e8713e606667159240aa9c9a3fa45181ef5822cd4e
incremental,2,27000,500,0.562958,216315,f6ab26a3a8ded052b04a050594b39657d9b4bf436923a528f62f2a00730ee01e
incremental,2,27500,500,0.559250,216315,8ad467080f8a1a1a28fd6bf3baec8991202c253f9b14ded32ad0471de9ee0a7b
incremental,2,28000,500,0.557375,216278,35c1e40b6a9a202c0660145681c348f1665cdb290b285aa18d33c916c5a253f0
incremental,2,28500,500,0.550208,216313,16205c700b71bbe2dc0be01b9bc35c21fd450ddee0c890b1a5d08faf9b2e4ffe
incremental,2,29000,500,0.561000,216319,428d129803b07a567e59edf9b2a3361a6870422caf722ddc36f18632e89fbfbc
incremental,2,29500,500,0.559542,216274,3fc1d00dd16498ed1e4e9dafca2d4834a3bb10ccfa64716ee12ece7ffc2a4a34
incremental,2,30000,500,0.553875,216316,b98172fd0dc8cc77b0ce7a45294dbf3a35082bf1158855fd5ae8d939407002d8
incremental,2,30500,500,0.574708,216317,f49e0bffb9ee7e2f95b5a0398255ab90571c36946bc307cd3980ae9b3e77534e
incremental,2,31000,500,0.501000,216273,2b987c359a9eb33afc63f9149caa476f91de02b346a40a5d893d3b9ca34594d8
incremental,2,31500,500,0.501416,216320,e196f1aaf7e54c1a3ca4c6325d793ba66ad4550e5b027d31497a32eec32d7c92
incremental,2,32000,500,0.527750,216313,8c8dff1c6e8bfdb56f87bdfbed5001c3633fb2b7920d155120020b9f2a4885ea
incremental,2,32500,500,0.553041,216277,642abbbc929827af4795848153ec2d0f568246557796b04cf8551d26897d600b
incremental,2,33000,500,0.564959,216316,ce316460430802fc3f8c8dac7ea4df60a55aafcdd4aa1acdc3c17600d6c8ffc5
incremental,2,33500,500,0.555042,216314,a3e8de3ccab7d724a8befece620baddeb72bd4bab612dba2e3ef82910527fc2f
incremental,2,34000,500,0.555917,216279,d02678c4a35555c9c9dc9872e71b6538e74ebbe98e07deb97c58208b545f953f
incremental,2,34500,500,0.558083,216313,10cae260c930b8d66eb812c595424b37e0a2579cbfadef67309848abd76b5ee3
incremental,2,35000,500,0.561750,216318,5d0b626887ccec59b9cbf7abebad272bdc808940a30389600ce741cd22629d08
incremental,2,35500,500,0.559208,216274,d83a7ae0e440e187290b40e1a7a042627dcdb50753aba910249969d4fdf10505
incremental,2,36000,500,0.563292,216312,1314a39d5ca1a5815b3bbb26a7adbd37c742816520fcf2a2cc92a2e2305bb337
incremental,2,36500,500,0.561625,216315,0a280ed0782f0537351a38ad62d6914055235adcc0937dce50be8540c7e35db7
incremental,2,37000,500,0.560334,216270,d69ad3e535f2b1e6497a049225978878ef86d73995d26f67f2e8e9b783ec25de
incremental,2,37500,500,0.565667,216319,4dadaae7f3a3cc9e5b6febb84bdcaee929119b2d3a08f836f2eb2974ce78456e
incremental,2,38000,500,0.565041,216314,4999ef3c2258db537656ccee23a496d10cceee0ede1cabeddfa102c84fa2a165
incremental,2,38500,500,0.551459,216276,db6e2b4d89a3cf6593bb46e5533003c1b7cba0f79bca227c97ec84a1dcdb20ad
incremental,2,39000,500,0.544375,216317,5775ea8e735c22eb9c2a74607d3bf5e2782bb9ea73ae587c90e6c0276a98cd0c
incremental,2,39500,500,0.515375,216313,ab3cd9a31e98931464714bf04f5d88138ea32857948c97dd9d3f4735a3a8897f
incremental,2,40000,500,0.553125,216280,ff16ed3a796ea7dc84fca7ee99424cf31ee7cc1df3f30895af828647b2996de2
incremental,2,40500,500,0.567042,216313,cb8879c576bc4d5226179597baa7f5b531629232f100c907c143b4eb3ab61cf8
incremental,2,41000,500,0.555416,216317,334d5e6498b89c934c90a695d23113d3bd27a7269ddb87b72e19797256aced40
incremental,2,41500,500,0.558250,216276,860c69ba83508ba33087ffdcfb52d04abded52c28101d744aa9d70e367955e38
incremental,2,42000,500,0.553417,216314,b195ab7f900e3e1d42a5bc1a597016d98efe966329490a9169b4ec97d08dae78
incremental,2,42500,500,0.518583,216319,b74e79b7c77d703e3692b4ebd414301fafe4f52b19adcdc2c9850055eeaf75bd
incremental,2,43000,500,0.559500,216273,7863d783ec810c7c010689c727b847ae9a9b3bc9454c52b146dfb62eef89b7de
incremental,2,43500,500,0.560750,216318,d3688ae7ebb3ddb9cb7bffbc20e670dfe15abb5ba5eebfc1322910570a97d512
incremental,2,44000,500,0.569167,216315,f75154b1308672b7db7a9cd11660db77ed2af465a340eadb6886b2ceacaddcdc
incremental,2,44500,500,0.493750,216275,4d586a961e1e148fe1ef1d65c2f9443a177047f7a68e4c0b93ca9c65fc668dbb
incremental,2,45000,500,0.497625,216318,fe0669944f17f35a45462520cfba973a2e502e65b1654ac81ff365f2184cf14e
incremental,2,45500,500,0.570541,216313,46a6bdc8a1c347c1dcf4b56a764b10cb72a1c2bac19481e8483c8e6db9ea9e3d
incremental,2,46000,500,0.553375,216279,0e747348c891c5fe032774b3082d48ded8fcf442abf97b0801d92c0765a369ee
incremental,2,46500,500,0.567750,216314,5f0d1d03e5c6375b886b6d4c59f5148a06aead22d377135a9e3e79629e58ee56
incremental,2,47000,500,0.558500,216316,bc797940e119f84870fe4ed3e788b42f1caf4c08d57199712893cb8d380434b5
incremental,2,47500,500,0.549500,216275,089dc55b84bc1ee1a45e49e16954026b3d40410c5667c3456487150a9e1ca0c1
incremental,2,48000,500,0.560167,216310,2185d4574e9f4452f180ad7897080d7acd65e505a2671b4cc6a38ed28a354ddc
incremental,2,48500,500,0.559042,216317,d067a2539a6e3d1347855568821a66a3d23f789f9cabeec97789da75f0124790
incremental,2,49000,500,0.558208,216271,18f53fee0924dd3b55f12068d42216768d6d4aac84ca93aa10008bb97a5a9211
incremental,2,49500,500,0.549834,216317,ff4f758266f3de85f12a01b3f6269efd047676c5e42abc90746065839120f6de
incremental,2,50000,500,0.558333,216316,1519421eed19f4cf44c1eadb6800bbf7aecfafb4b9227b7af9d9af14290d1a0f
incremental,2,50500,500,0.566375,216274,c66b2ca8d50c302d15344b4bf8dcc9cc19b97b047be9b177dfae6f5e1caf4af8
incremental,2,51000,500,0.554500,216319,5e4117df86fd414e9c5c17105675c4840de66d2a431d30e2e6a696ea6b3b4dc7
incremental,2,51500,500,0.556792,216313,3cb85aacedde3b92394826f5cea0d2783fd4e0e5812188da3540968317c27366
incremental,2,52000,500,0.548500,216278,fef9e9aa02cefc228b717671b920cdda9967e4905aee68842d2592ca50ea5f1f
incremental,2,52500,500,0.541000,216315,8b6eb45db0e7b2ac4e3ad19ce127ec56a066fafda89652b9b04cd79b77a5b8fd
incremental,2,53000,500,0.527834,216315,55cda5b74e3ab2b8aebfc9e2a0a91d4481086242c8cac7850a7ca0bf6df229eb
incremental,2,53500,500,0.557583,216278,33c9b30adaf7d74898a1e8a6f07afa7ba838852b4d4e086da41f7edfbf0d469e
incremental,2,54000,500,0.556417,216313,025525261852f1ff45157fc1d0c733d2c8a83368f2141022704a5a17014dd065
incremental,2,54500,500,0.554417,216319,618464c36a2dd13f891e596d42839fdb9752b7a08f015c578a7c561564bbf3cd
incremental,2,55000,500,0.555709,216274,b3fc7e4e109b04410ff07435084d65c757c882e146e0b4baa3d3a9d2b8f3d66f
incremental,2,55500,500,0.548750,216316,00de49ecc15a78ed446a370d4b577ed1db396962ba94e4db69e6e075c4060017
incremental,2,56000,500,0.551334,216317,211c0621e9eb3eb2dd221cd974815cbd1dca3f215ee5f8b47f71096ffe7fe5d9
incremental,2,56500,500,0.556792,216273,a77df54a400c65cf950e0a6255d8cfc0c29d9e96a1c3f224286ab1c4bb606bd2
incremental,2,57000,500,0.547375,216320,c5d7a23b66f0f276bb20ee9966048faf2557e235ac8d38a0a8895d47dd5ae6b6
incremental,2,57500,500,0.539375,216313,f344e0af41ee023de2ac52dbeca55622bd48e582461460c23c4361c6fce1e695
incremental,2,58000,500,0.501584,216277,0539f308c67c41245a198dfcf47de1239943d28385518a206837c62b6eeb4063
incremental,2,58500,500,0.506375,216316,04683e2ed737e4316ed2b3b91c5d04cceb5fa4cf57ec6a8a0aaa047969c9ffdd
incremental,2,59000,500,0.553750,216314,12dd722a4dbf103703cd7c2bdb73714696c4b10d0ff1a5e4c79e44d69bdc10b9
incremental,2,59500,500,0.549042,216276,084a1205998b93e2ea9b70aa11f0f1ec1d0b897e489ae7ce76e644b6afce53d2
incremental,2,60000,500,0.574708,216310,5008b2ff67c1d808626d898aed1f8634cd7de87e7415c9dc84799c4b5a82e923
incremental,2,60500,500,0.590083,216315,dc75518a42ba877c9d5824ed21182c0549beb34ae44ca413710481729da53cc4
incremental,2,61000,500,0.581458,216274,6011b00398c1bce15b4204df7af7154ba43e3c16af4039acda7a9a86c873b4f8
incremental,2,61500,500,0.574583,216315,583734e4d5e209c0654adbd19ec038c5386947d33c385151107709f9a5d80938
incremental,2,62000,500,0.585083,216318,84d5da8e6ffaff75fe2367c4d28c4c0ebe54dc04cd885e02620aa57b599e893b
incremental,2,62500,500,0.569792,216273,05fece45c1f8987b82c34529244b1311cb891f5317e2f404cdb4b2a0b6422186
incremental,2,63000,500,0.570084,216319,d6b0b7d7d14a4d2eb6a152f638a616b4e3360c3f8cce1afbb4cf37b1a534e65e
incremental,2,63500,500,0.524125,216314,7f03b8e61079c9690a387fe01820879331675eaeacf4b103242abd590530d1ff
incremental,2,64000,500,0.572291,216276,621f0f57575d6df198d65c5bdb7afcde77e008098a2d43cf7d6b98985ff9fb32
incremental,2,64500,500,0.569333,216317,679e9fbff8a91b3054e2e8445d547df63eaee7601c5e2bceb961b85bbb9a6131
incremental,2,65000,500,0.571042,216313,18e58a9211b5e7cf3ab89a9f4e73497e72350050e20641507e9d4a4f98cc9b50
incremental,2,65500,500,0.578708,216280,62c3ed1d8c2c51aed1dc9ac19479e406cf2828e9bb51930073d68ca6c514e5ef
incremental,2,66000,500,0.520667,216313,816a4178542730d90a7c95b8bc6862243964382c0bc47dd48dfa17b711632eda
incremental,2,66500,500,0.580541,216317,d6e3971ae68f9b1419f3680e1db19e09c2f1d08f7ed6d09ab27dd9310cf5fb98
incremental,2,67000,500,0.567667,216276,e94c51cd81dbd4adb72b101169721e2d109c4c00a8370ff63d95176ab57cf6f3
incremental,2,67500,500,0.562208,216314,a2d0c05ab1555c316ab55b35fbb4b38adabd517f2f58aee4acb2ce870ea7db8b
incremental,2,68000,500,0.562000,216319,5473e38a22d125983bb371524801b24fa7da6eeea71a3fcd48c8d42fba4fdb0f
incremental,2,68500,500,0.554709,216273,acc5431803f2d3491d8cb22e59953dcd7488d75f4c608a22483c00c7abb380f3
incremental,2,69000,500,0.569625,216318,9dccdbbd1aaa4bb8e2f72ac10045f39c8d16bda2f6fbd347fde0cd3f3d389477
incremental,2,69500,500,0.556958,216315,03d13d2ea79aaa5c208fcf4ff50b6d56a186b70f2dc5d0faa7a223222ff85c5c
incremental,2,70000,500,0.571750,216275,a2c15842b7adf8836a18ea1b377db4c23af9c2e37f9026469c7185e623b8f992
incremental,2,70500,500,0.578375,216318,a2ba6fe2adae3c1d89a5b4bdf31e019b3c88a1bcc22bee38aa9c95e8bbbd9a55
incremental,2,71000,500,0.502333,216312,248c6e0552d776eb2575a14cec28a0794d3fb6e841a2650a58f7aabe49124545
incremental,2,71500,500,0.504250,216276,90adfc6eedc966a014167ce1d0cd270c554e1d75d5844ff9eaaed9eabdda9a1b
incremental,2,72000,500,0.539041,216311,4e305c5e46b757a75ed755aae052e5dbd7839dcc02ed1b96bd9faf393c864967
incremental,2,72500,500,0.563125,216313,a2f6d881b67b58f226d14c556ec7661569cd75ff9e6352f9fda6b3391cab7d48
incremental,2,73000,500,0.567708,216277,a686b7b4630b0852b37f5c4ffeb2a95a670a0ca9a58618e8b19aec5e0a93593d
incremental,2,73500,500,0.557000,216313,a55a77f2342aa37098a8cc970730716b4fd565b3e5aa0ee96e81a88bb6992040
incremental,2,74000,500,0.567833,216320,e3b967ba6e978013bfd6bf79a10858dd977d691f8aeb9705b312af569a41c704
incremental,2,74500,500,0.576417,216273,d4725f7f800e05f97a19ee543c501620f2f6ed6f6c61ffd0347643ed048be9bd
incremental,2,75000,500,0.577542,216317,5f635d5477e110ca787529aebb186a7854597a302df09483efffc92e980a7e2e
incremental,2,75500,500,0.574834,216316,5f05c7040dc40e941265b1e35e16ecc605c81f62d955b02d5e8fe8d027251700
incremental,2,76000,500,0.552334,216274,6482cc4c1c3440637aa4e2f94d453118907bfcfc685c7e32c8ef7dd8ca2ddaef
incremental,2,76500,500,0.574292,216319,0e2b2d06891603d638c7002fcb4f722327cadd698a8008ecc95e691f2cbec7c3
incremental,2,77000,500,0.551042,216313,daeb8ef96046c7d14922a561ab438c8f2b3db596ef4a2d3b46e3be40520809ce
incremental,2,77500,500,0.552750,216278,6c0bbedde62cba2b0d1e6db937f43df88089fa98ab94d58237dffcaa2927d6fc
incremental,2,78000,500,0.550833,216315,2afb0ec0454529d9c2c1b5a2e969a4d6581acd5ef892f48eab4eddfd5fcd68b6
incremental,2,78500,500,0.551208,216315,0d3252e64ee6b0d64309901a1542df71c3339bfa0aa29a858c68be7de3febbf2
incremental,2,79000,500,0.557208,216278,c78b28bbe00657c856e6a252ffb8633dfbce254b10439c65d163aa906dd1a9ae
incremental,2,79500,500,0.544875,216313,246f35d12fb1b231b6baf5d5e2be9d76695b4de03f6dbe948475d1a53d95450c
incremental,2,80000,500,0.559583,216319,5038f0c25f79d10a2e8aa36ca188f077839f4a2579bdbb62e0dc30e5acf538c5
incremental,2,80500,500,0.557916,216274,c581944051da6f9cde466b216d5db942d75994a32cc70ba7f9e244762a0b3f34
incremental,2,81000,500,0.549208,216316,b874504f92908081c3212589261522f461b56de961f5ee1a5a1d3b48b96c9d2a
incremental,2,81500,500,0.561459,216317,2c7f29d5cb2d8236090bacb7a002f598d4d105fea47fdb2ae360871d4e14e972
incremental,2,82000,500,0.548292,216273,0b58d28a572a300dbf170e42c0d8a31fedd3b6598f7e4bb9a7725c676598229b
incremental,2,82500,500,0.555167,216320,0a6e8bbf87d17f00cb811f295004aececdc8a0e20951254fabecaa39e6f852e4
incremental,2,83000,500,0.552167,216311,1afed9b099d79ce6e28133309266eeaf0d6d87c91609c2cd00fc8289a2ee1feb
incremental,2,83500,500,0.525334,216274,2793f30b9614b39b00d423b66b4ebcd01f81fc6f28ad42610227da2c711de610
incremental,2,84000,500,0.543791,216313,e0ca87f12ab00d547e2fc0761be937e6c6fea9faf5657eb47c27aae28bea9767
incremental,2,84500,500,0.499875,216312,9f8e7a0a65521e0e1475154d16eb12a7a33139d125767c8fd96971947b9cba90
incremental,2,85000,500,0.494334,216279,7568a886834960ac71f033d8847b46e40ac69ebd1b918e166c49438b3e933d79
incremental,2,85500,500,0.537667,216313,7adf1a2d4a05dab017e4debaa8d2387c8e94658c956163a6c9b2f67137a94f8c
incremental,2,86000,500,0.557667,216318,d648d91da604ef1242dbf23f740aabbb52777987fbf29e8ad3990eba81e8695e
incremental,2,86500,500,0.560000,216275,3b15465300363e3588c121ca9b6a2fa20c4964cc2b98968320b4f84bf5fb16b7
incremental,2,87000,500,0.560958,216315,64b75bbe5b18808af1def152baad38cf40d7126525c0946c2c92154aba2fe63c
incremental,2,87500,500,0.557958,216318,b01d9b839f28484be43df0bd84e58c1a933b6393cc986cab7e436a139e5492e5
incremental,2,88000,500,0.553459,216273,f0f99ff294682dbba30ae2869afa3706d5ddfa1758e8bf32b39bec70ef3899e7
incremental,2,88500,500,0.557666,216319,a894f270863c507c4cb2a9fad0fb9e030171cef7d786bde3f51ef2c65ac840ff
incremental,2,89000,500,0.544875,216314,c45923582d8d4826ea9657bd41998f7cf9e67275045f732eb8b85f0e82b4fccf
incremental,2,89500,500,0.555791,216276,2a3fb38e4c871ab4a783850cc026688342de2df38437103c53affd0a06ed78e4
incremental,2,90000,500,0.552500,216317,d8d6c3f14be02a4f44a4e57f797c2a6be5f80655cc0ce47c51738658fcb89e91
incremental,2,90500,500,0.549833,216313,7022b6a58b774c77aba6ee9fcff2978d38cf4d69900eb7b1c94e07c7dc0a7482
incremental,2,91000,500,0.552958,216280,aa764b5f9960746bce09fbe60c4eb85f3e41e4788ae6faac8ab8f5d00c62f83c
incremental,2,91500,500,0.556291,216313,98707a92c5ee67094cac1989e77d34bd830319adfbf4b2491d8b96a1fe30caed
incremental,2,92000,500,0.551666,216317,8cec0b61ae9bd3976a3dadcd4c899ec4fe6bbb422355b954e09b6547971ccf27
incremental,2,92500,500,0.543417,216276,498cfe3eb219470ff74db91890852755eebe7574f78bbbc838888970b16877dd
incremental,2,93000,500,0.547166,216314,f3605cd62134aafd99c75d4fc13612d9b94a69c1bffcb7f53cca0617132fbcf6
incremental,2,93500,500,0.557666,216319,56d3479c7475e987ea669d00cd7a9c964a8a1e063ae0217168002c03d5ecfed4
incremental,2,94000,500,0.568542,216273,4350e698358ad7f14d4556c17eb7bfe50c4ba7a5d37c6c2d9ecbceb2787b8bca
incremental,2,94500,500,0.552042,216318,5681fa6eed925ed5d706529c200bb492e7ec61944155581c167f7c71e1127dc6
incremental,2,95000,500,0.551291,216312,236d473b7a44a8399fd9272011ec67a1834367ad85b76dac735a556ffe4343fd
incremental,2,95500,500,0.546416,216272,61c7d060f46891b113e17aac66de2dd74bdd2c65a6c1983160d93c7bd785a0da
incremental,2,96000,500,0.552250,216315,0d3046a74bcd961c2d92da02e2752dfa16828dcd871f085e0789a151e67c5478
incremental,2,96500,500,0.542917,216312,e096caeff530ac421f9adcf71cfa155a0ec32eb3b18b95e7a1f49fa826d21ccb
incremental,2,97000,500,0.537500,216279,13bfa818389f234bab7c850db00dcf5987d5ceae467f3e5faadd53e0c64ea6d9
incremental,2,97500,500,0.554666,216314,0f6fb0756ac972ad89497efecc4aa1b05f21b9821b5b9c4585a7a18393158296
incremental,2,98000,500,0.497167,216316,151a3bb58e8b909df5a9c0b482e737ba191d53f1d2ab2ccf1c3c55bc45786aa1
incremental,2,98500,500,0.500000,216277,b8bf6c09daa02ebde373101c573d3381e7493f1c02ac833f898f17848e6dd57d
incremental,2,99000,500,0.505625,216313,649d5373210340c245d4595e1a0e010e230fa388642e93a54eb667cb797bc1e7
incremental,2,99500,500,0.536000,216320,945d0cc603d88f13f102c423e4142cb3c08d80dae472a4245a09f2d3248ad0c2
cancel,0,0,0,7.597875,0,cancelled
cancel,1,0,0,7.684458,0,cancelled
cancel,2,0,0,6.849958,0,cancelled
cancel,3,0,0,7.608125,0,cancelled
cancel,4,0,0,7.623375,0,cancelled
cancel,5,0,0,7.627750,0,cancelled
cancel,6,0,0,7.630750,0,cancelled
cancel,7,0,0,7.603208,0,cancelled
cancel,8,0,0,7.623459,0,cancelled
cancel,9,0,0,7.618750,0,cancelled
cancel,10,0,0,7.619250,0,cancelled
cancel,11,0,0,7.631125,0,cancelled
cancel,12,0,0,7.633125,0,cancelled
cancel,13,0,0,7.610208,0,cancelled
cancel,14,0,0,7.549167,0,cancelled
cancel,15,0,0,7.638500,0,cancelled
cancel,16,0,0,7.669167,0,cancelled
cancel,17,0,0,7.626500,0,cancelled
cancel,18,0,0,7.640833,0,cancelled
cancel,19,0,0,7.634500,0,cancelled
selection,0,0,1,22.108875 ,0,bb48a5cd5f8f434a924cd84ad6bb254688181479
selection,1,0,1,10.905542 ,0,f41652e8e2ac228bb72aecb1df976cad1bd15af0
selection,2,0,1,11.329625 ,0,5bfe6406667cd09ab26ce95664158f71b282109f
selection,3,0,1,11.221709 ,0,c3b8c95f6537c8ebd4b8d3594c152dac6e8f2ad3
selection,4,0,1,9.705874999999999 ,0,c2ec0322b7b31307d58c4992ae90ad931c80a8fe
selection,5,0,1,11.186333 ,0,4c81e6812f7da16f0029a0c4fd4075299d670150
selection,6,0,1,11.273125 ,0,417b555ffffa6c25a75ea1a53a614049660f2d35
selection,7,0,1,9.747667 ,0,99ac7b48f07bc6c47bc62560a892b6d141b7279d
selection,8,0,1,10.898375 ,0,c66947c213bb4fef98aab8c1a5bfbabed8851c23
selection,9,0,1,11.16225 ,0,c0c8f75db09f6b337561c33ca8d94436751b6e4e
selection,10,0,1,11.136292000000001 ,0,321870dc708d90cad55ec878a38b5938a8074a3b
selection,11,0,1,9.693916999999999 ,0,2903b42aeb041950575d530ca289321c2b747d54
selection,12,0,1,9.680375 ,0,d68b1f9276c54d150779db1fecf05407e8aad521
selection,13,0,1,11.268083 ,0,d81ef6d7de0259d1b1f07aed1666641278a3bd05
selection,14,0,1,11.200458999999999 ,0,86ae3186e3b7a0405b47f826676aa4952ffc225b
selection,15,0,1,11.292084000000001 ,0,ff20764f52d7f11c2e8d946ade37b853f1e9e15e
selection,16,0,1,11.201417 ,0,3b4ff4f751694bb7112b1cdb16d4a1fac51fd25b
selection,17,0,1,11.338417 ,0,979051404b2bf32498aed8b67090f524365b8fc7
selection,18,0,1,11.225791000000001 ,0,4c731824a020d809f41893b3679413301724be05
selection,19,0,1,11.264583 ,0,3e9c36b7de6f57bf8f80bf4997198dbccd4bc792
selection,20,0,1,11.244083 ,0,46bcbeeaf7edfe23520049674649c3296d70c060
selection,21,0,1,10.825958 ,0,d6ae6b6d593b1f0181a00eb46f704f40c74245e1
selection,22,0,1,11.277707999999999 ,0,c8da712790c9091f1cc1844842725d9327f4347e
selection,23,0,1,9.680333 ,0,b274897c69ce560f487c9efff3513ad3efa32b0e
selection,24,0,1,11.200833000000001 ,0,4b8af0e6acef60caa9dd7f39e0be85b4380e8cd3
selection,25,0,1,11.290333 ,0,2ffa1da129560bdc0fb66ebc2bda498d9be86c08
selection,26,0,1,9.700583 ,0,bcb9ecb7b12023a9cfad23c84483281d99c85c76
selection,27,0,1,11.089708 ,0,90a3d76d340d5c292ff961b81438c7bade44de05
selection,28,0,1,12.123792 ,0,751c324d13ed68f229c01eeb22ca1c2268412e0a
selection,29,0,1,9.717625 ,0,ff420f0cc02ab02ee806f41c4c92877b7e82326c
selection,30,0,1,11.177459 ,0,f77098e1ee3eebf8a29caf47e06957da3bf3cddd
selection,31,0,1,11.333166 ,0,13119c3df45ef19b046bff12460a1e7f28c081f4
selection,32,0,1,11.264833 ,0,4ef1fd303e26be49ecf68625c56f103b245d04b0
selection,33,0,1,9.684040999999999 ,0,011f6442a5b42a4ecec49f44f99c12a4954c893b
selection,34,0,1,9.670458 ,0,fa590e0ec08ccb3feb4232cd21d411ef2a8c9b39
selection,35,0,1,9.727958 ,0,e733adc6b306329a18f1f7dbaf4141acebace550
selection,36,0,1,11.252709 ,0,2b8cc76a4198ec358ffd9be2a08ee5a2dabd66bd
selection,37,0,1,9.644542000000001 ,0,b486446a9116dc515d670f079f18a4995f05ec72
selection,38,0,1,11.201958 ,0,3a50123b633f23ad1a1fb13313799e41e758d9f5
selection,39,0,1,11.241833999999999 ,0,729275119216e383d81dd7445feaa0f2bfe1d0b9
