gitturtle.scroll kind=input time_us=15517767 editor=EntityId(106v1) label="Read-only Before source" area=code delta=Point { x: 0px, y: -21.796875px } before=Point { x: 0px, y: -126px }
gitturtle.scroll kind=split_link time_us=15517835 source=EntityId(106v1) target=EntityId(108v1) applied=Point { x: 0px, y: -126px } requested=Point { x: 0px, y: -147.79688px }
gitturtle.scroll kind=editor_paint time_us=15526426 window=WindowId(1v1) editor=EntityId(106v1) label="Read-only Before source" scale=2 offset=Point { x: 0px, y: -147.79688px } text=Some(Bounds { origin: Point { x: 132px, y: 115.703125px }, size: Size { 459px × 637.5px } }) input=Bounds { origin: Point { x: 132px, y: 263.5px }, size: Size { 459px × 637.5px } } line_height=Some(18px) visible=Some(8..46)
gitturtle.scroll kind=editor_paint time_us=15526799 window=WindowId(1v1) editor=EntityId(108v1) label="Read-only After source" scale=2 offset=Point { x: 0px, y: -147.79688px } text=Some(Bounds { origin: Point { x: 669px, y: 115.703125px }, size: Size { 459px × 637.5px } }) input=Bounds { origin: Point { x: 669px, y: 263.5px }, size: Size { 459px × 637.5px } } line_height=Some(18px) visible=Some(8..46)
gitturtle.scroll kind=split_paint time_us=15526871 window=WindowId(1v1) editors=[EntityId(106v1), EntityId(108v1)] before_offset=Point { x: 0px, y: -147.79688px } after_offset=Point { x: 0px, y: -147.79688px } before_text=Some(Bounds { origin: Point { x: 132px, y: 115.703125px }, size: Size { 459px × 637.5px } }) after_text=Some(Bounds { origin: Point { x: 669px, y: 115.703125px }, size: Size { 459px × 637.5px } }) before_visible=Some(8..46) after_visible=Some(8..46)
gitturtle.scroll kind=input time_us=15537417 editor=EntityId(106v1) label="Read-only Before source" area=code delta=Point { x: 0px, y: -21.796875px } before=Point { x: 0px, y: -147.79688px }
gitturtle.scroll kind=split_link time_us=15537470 source=EntityId(106v1) target=EntityId(108v1) applied=Point { x: 0px, y: -147.79688px } requested=Point { x: 0px, y: -169.59375px }
gitturtle.scroll kind=input time_us=15538219 editor=EntityId(106v1) label="Read-only Before source" area=code delta=Point { x: 0px, y: -21.796875px } before=Point { x: 0px, y: -169.59375px }
gitturtle.scroll kind=split_link time_us=15538248 source=EntityId(106v1) target=EntityId(108v1) applied=Point { x: 0px, y: -169.59375px } requested=Point { x: 0px, y: -191.39063px }
gitturtle.scroll kind=editor_paint time_us=15571203 window=WindowId(1v1) editor=EntityId(106v1) label="Read-only Before source" scale=2 offset=Point { x: 0px, y: -191.39063px } text=Some(Bounds { origin: Point { x: 132px, y: 72.109375px }, size: Size { 459px × 637.5px } }) input=Bounds { origin: Point { x: 132px, y: 263.5px }, size: Size { 459px × 637.5px } } line_height=Some(18px) visible=Some(10..49)
gitturtle.scroll kind=editor_paint time_us=15571593 window=WindowId(1v1) editor=EntityId(108v1) label="Read-only After source" scale=2 offset=Point { x: 0px, y: -191.39063px } text=Some(Bounds { origin: Point { x: 669px, y: 72.109375px }, size: Size { 459px × 637.5px } }) input=Bounds { origin: Point { x: 669px, y: 263.5px }, size: Size { 459px × 637.5px } } line_height=Some(18px) visible=Some(10..49)
gitturtle.scroll kind=split_paint time_us=15571664 window=WindowId(1v1) editors=[EntityId(106v1), EntityId(108v1)] before_offset=Point { x: 0px, y: -191.39063px } after_offset=Point { x: 0px, y: -191.39063px } before_text=Some(Bounds { origin: Point { x: 132px, y: 72.109375px }, size: Size { 459px × 637.5px } }) after_text=Some(Bounds { origin: Point { x: 669px, y: 72.109375px }, size: Size { 459px × 637.5px } }) before_visible=Some(10..49) after_visible=Some(10..49)
gitturtle.scroll kind=input time_us=15575032 editor=EntityId(106v1) label="Read-only Before source" area=code delta=Point { x: 0px, y: -21.796875px } before=Point { x: 0px, y: -191.39063px }
gitturtle.scroll kind=split_link time_us=15575078 source=EntityId(106v1) target=EntityId(108v1) applied=Point { x: 0px, y: -191.39063px } requested=Point { x: 0px, y: -213.1875px }
gitturtle.scroll kind=input time_us=15580067 editor=EntityId(106v1) label="Read-only Before source" area=code delta=Point { x: 0px, y: -21.796875px } before=Point { x: 0px, y: -213.1875px }
gitturtle.scroll kind=split_link time_us=15580099 source=EntityId(106v1) target=EntityId(108v1) applied=Point { x: 0px, y: -213.1875px } requested=Point { x: 0px, y: -234.98438px }
gitturtle.scroll kind=input time_us=15603711 editor=EntityId(106v1) label="Read-only Before source" area=code delta=Point { x: 0px, y: -21.796875px } before=Point { x: 0px, y: -234.98438px }
gitturtle.scroll kind=split_link time_us=15603783 source=EntityId(106v1) target=EntityId(108v1) applied=Point { x: 0px, y: -234.98438px } requested=Point { x: 0px, y: -256.78125px }
gitturtle.scroll kind=editor_paint time_us=15612671 window=WindowId(1v1) editor=EntityId(106v1) label="Read-only Before source" scale=2 offset=Point { x: 0px, y: -256.78125px } text=Some(Bounds { origin: Point { x: 132px, y: 6.71875px }, size: Size { 459px × 637.5px } }) input=Bounds { origin: Point { x: 132px, y: 263.5px }, size: Size { 459px × 637.5px } } line_height=Some(18px) visible=Some(14..52)
gitturtle.scroll kind=editor_paint time_us=15613033 window=WindowId(1v1) editor=EntityId(108v1) label="Read-only After source" scale=2 offset=Point { x: 0px, y: -256.78125px } text=Some(Bounds { origin: Point { x: 669px, y: 6.71875px }, size: Size { 459px × 637.5px } }) input=Bounds { origin: Point { x: 669px, y: 263.5px }, size: Size { 459px × 637.5px } } line_height=Some(18px) visible=Some(14..52)
gitturtle.scroll kind=split_paint time_us=15613105 window=WindowId(1v1) editors=[EntityId(106v1), EntityId(108v1)] before_offset=Point { x: 0px, y: -256.78125px } after_offset=Point { x: 0px, y: -256.78125px } before_text=Some(Bounds { origin: Point { x: 132px, y: 6.71875px }, size: Size { 459px × 637.5px } }) after_text=Some(Bounds { origin: Point { x: 669px, y: 6.71875px }, size: Size { 459px × 637.5px } }) before_visible=Some(14..52) after_visible=Some(14..52)
gitturtle.scroll kind=input time_us=15620474 editor=EntityId(106v1) label="Read-only Before source" area=code delta=Point { x: 0px, y: -21.796875px } before=Point { x: 0px, y: -256.78125px }
gitturtle.scroll kind=split_link time_us=15620518 source=EntityId(106v1) target=EntityId(108v1) applied=Point { x: 0px, y: -256.78125px } requested=Point { x: 0px, y: -278.57813px }
gitturtle.scroll kind=editor_paint time_us=15651284 window=WindowId(1v1) editor=EntityId(106v1) label="Read-only Before source" scale=2 offset=Point { x: 0px, y: -278.57813px } text=Some(Bounds { origin: Point { x: 132px, y: -15.078125px }, size: Size { 459px × 637.5px } }) input=Bounds { origin: Point { x: 132px, y: 263.5px }, size: Size { 459px × 637.5px } } line_height=Some(18px) visible=Some(15..53)
gitturtle.scroll kind=editor_paint time_us=15651677 window=WindowId(1v1) editor=EntityId(108v1) label="Read-only After source" scale=2 offset=Point { x: 0px, y: -278.57813px } text=Some(Bounds { origin: Point { x: 669px, y: -15.078125px }, size: Size { 459px × 637.5px } }) input=Bounds { origin: Point { x: 669px, y: 263.5px }, size: Size { 459px × 637.5px } } line_height=Some(18px) visible=Some(15..53)
gitturtle.scroll kind=split_paint time_us=15651754 window=WindowId(1v1) editors=[EntityId(106v1), EntityId(108v1)] before_offset=Point { x: 0px, y: -278.57813px } after_offset=Point { x: 0px, y: -278.57813px } before_text=Some(Bounds { origin: Point { x: 132px, y: -15.078125px }, size: Size { 459px × 637.5px } }) after_text=Some(Bounds { origin: Point { x: 669px, y: -15.078125px }, size: Size { 459px × 637.5px } }) before_visible=Some(15..53) after_visible=Some(15..53)
gitturtle.scroll kind=input time_us=15655417 editor=EntityId(106v1) label="Read-only Before source" area=code delta=Point { x: 0px, y: -21.796875px } before=Point { x: 0px, y: -278.57813px }
gitturtle.scroll kind=split_link time_us=15655457 source=EntityId(106v1) target=EntityId(108v1) applied=Point { x: 0px, y: -278.57813px } requested=Point { x: 0px, y: -300.375px }
gitturtle.scroll kind=input time_us=15660063 editor=EntityId(106v1) label="Read-only Before source" area=code delta=Point { x: 0px, y: -21.796875px } before=Point { x: 0px, y: -300.375px }
gitturtle.scroll kind=split_link time_us=15660100 source=EntityId(106v1) target=EntityId(108v1) applied=Point { x: 0px, y: -300.375px } requested=Point { x: 0px, y: -322.17188px }
gitturtle.scroll kind=editor_paint time_us=15691457 window=WindowId(1v1) editor=EntityId(106v1) label="Read-only Before source" scale=2 offset=Point { x: 0px, y: -322.17188px } text=Some(Bounds { origin: Point { x: 132px, y: -58.671875px }, size: Size { 459px × 637.5px } }) input=Bounds { origin: Point { x: 132px, y: 263.5px }, size: Size { 459px × 637.5px } } line_height=Some(18px) visible=Some(17..56)
gitturtle.scroll kind=editor_paint time_us=15691837 window=WindowId(1v1) editor=EntityId(108v1) label="Read-only After source" scale=2 offset=Point { x: 0px, y: -322.17188px } text=Some(Bounds { origin: Point { x: 669px, y: -58.671875px }, size: Size { 459px × 637.5px } }) input=Bounds { origin: Point { x: 669px, y: 263.5px }, size: Size { 459px × 637.5px } } line_height=Some(18px) visible=Some(17..56)
gitturtle.scroll kind=split_paint time_us=15691910 window=WindowId(1v1) editors=[EntityId(106v1), EntityId(108v1)] before_offset=Point { x: 0px, y: -322.17188px } after_offset=Point { x: 0px, y: -322.17188px } before_text=Some(Bounds { origin: Point { x: 132px, y: -58.671875px }, size: Size { 459px × 637.5px } }) after_text=Some(Bounds { origin: Point { x: 669px, y: -58.671875px }, size: Size { 459px × 637.5px } }) before_visible=Some(17..56) after_visible=Some(17..56)
gitturtle.scroll kind=input time_us=15695770 editor=EntityId(106v1) label="Read-only Before source" area=code delta=Point { x: 0px, y: -21.796875px } before=Point { x: 0px, y: -322.17188px }
gitturtle.scroll kind=split_link time_us=15695811 source=EntityId(106v1) target=EntityId(108v1) applied=Point { x: 0px, y: -322.17188px } requested=Point { x: 0px, y: -343.96875px }
gitturtle.scroll kind=input time_us=15699705 editor=EntityId(106v1) label="Read-only Before source" area=code delta=Point { x: 0px, y: -21.796875px } before=Point { x: 0px, y: -343.96875px }
gitturtle.scroll kind=split_link time_us=15699742 source=EntityId(106v1) target=EntityId(108v1) applied=Point { x: 0px, y: -343.96875px } requested=Point { x: 0px, y: -365.76563px }
gitturtle.scroll kind=input time_us=15722229 editor=EntityId(106v1) label="Read-only Before source" area=code delta=Point { x: 0px, y: -21.796875px } before=Point { x: 0px, y: -365.76563px }
gitturtle.scroll kind=split_link time_us=15722301 source=EntityId(106v1) target=EntityId(108v1) applied=Point { x: 0px, y: -365.76563px } requested=Point { x: 0px, y: -387.5625px }
gitturtle.scroll kind=input time_us=15722330 editor=EntityId(106v1) label="Read-only Before source" area=code delta=Point { x: 0px, y: -21.796875px } before=Point { x: 0px, y: -387.5625px }
gitturtle.scroll kind=split_link time_us=15722344 source=EntityId(106v1) target=EntityId(108v1) applied=Point { x: 0px, y: -387.5625px } requested=Point { x: 0px, y: -409.35938px }
gitturtle.scroll kind=editor_paint time_us=15730978 window=WindowId(1v1) editor=EntityId(106v1) label="Read-only Before source" scale=2 offset=Point { x: 0px, y: -409.35938px } text=Some(Bounds { origin: Point { x: 132px, y: -145.85938px }, size: Size { 459px × 637.5px } }) input=Bounds { origin: Point { x: 132px, y: 263.5px }, size: Size { 459px × 637.5px } } line_height=Some(18px) visible=Some(22..61)
gitturtle.scroll kind=editor_paint time_us=15731383 window=WindowId(1v1) editor=EntityId(108v1) label="Read-only After source" scale=2 offset=Point { x: 0px, y: -409.35938px } text=Some(Bounds { origin: Point { x: 669px, y: -145.85938px }, size: Size { 459px × 637.5px } }) input=Bounds { origin: Point { x: 669px, y: 263.5px }, size: Size { 459px × 637.5px } } line_height=Some(18px) visible=Some(22..61)
gitturtle.scroll kind=split_paint time_us=15731453 window=WindowId(1v1) editors=[EntityId(106v1), EntityId(108v1)] before_offset=Point { x: 0px, y: -409.35938px } after_offset=Point { x: 0px, y: -409.35938px } before_text=Some(Bounds { origin: Point { x: 132px, y: -145.85938px }, size: Size { 459px × 637.5px } }) after_text=Some(Bounds { origin: Point { x: 669px, y: -145.85938px }, size: Size { 459px × 637.5px } }) before_visible=Some(22..61) after_visible=Some(22..61)
gitturtle.scroll kind=input time_us=15739478 editor=EntityId(106v1) label="Read-only Before source" area=code delta=Point { x: 0px, y: -21.796875px } before=Point { x: 0px, y: -409.35938px }
gitturtle.scroll kind=split_link time_us=15739521 source=EntityId(106v1) target=EntityId(108v1) applied=Point { x: 0px, y: -409.35938px } requested=Point { x: 0px, y: -431.15625px }
gitturtle.scroll kind=input time_us=15761654 editor=EntityId(106v1) label="Read-only Before source" area=code delta=Point { x: 0px, y: -21.796875px } before=Point { x: 0px, y: -431.15625px }
gitturtle.scroll kind=split_link time_us=15761723 source=EntityId(106v1) target=EntityId(108v1) applied=Point { x: 0px, y: -431.15625px } requested=Point { x: 0px, y: -452.95313px }
gitturtle.scroll kind=editor_paint time_us=15770669 window=WindowId(1v1) editor=EntityId(106v1) label="Read-only Before source" scale=2 offset=Point { x: 0px, y: -452.95313px } text=Some(Bounds { origin: Point { x: 132px, y: -189.45313px }, size: Size { 459px × 637.5px } }) input=Bounds { origin: Point { x: 132px, y: 263.5px }, size: Size { 459px × 637.5px } } line_height=Some(18px) visible=Some(25..63)
gitturtle.scroll kind=editor_paint time_us=15771063 window=WindowId(1v1) editor=EntityId(108v1) label="Read-only After source" scale=2 offset=Point { x: 0px, y: -452.95313px } text=Some(Bounds { origin: Point { x: 669px, y: -189.45313px }, size: Size { 459px × 637.5px } }) input=Bounds { origin: Point { x: 669px, y: 263.5px }, size: Size { 459px × 637.5px } } line_height=Some(18px) visible=Some(25..63)
gitturtle.scroll kind=split_paint time_us=15771137 window=WindowId(1v1) editors=[EntityId(106v1), EntityId(108v1)] before_offset=Point { x: 0px, y: -452.95313px } after_offset=Point { x: 0px, y: -452.95313px } before_text=Some(Bounds { origin: Point { x: 132px, y: -189.45313px }, size: Size { 459px × 637.5px } }) after_text=Some(Bounds { origin: Point { x: 669px, y: -189.45313px }, size: Size { 459px × 637.5px } }) before_visible=Some(25..63) after_visible=Some(25..63)
gitturtle.scroll kind=input time_us=15779686 editor=EntityId(106v1) label="Read-only Before source" area=code delta=Point { x: 0px, y: -21.796875px } before=Point { x: 0px, y: -452.95313px }
gitturtle.scroll kind=split_link time_us=15779763 source=EntityId(106v1) target=EntityId(108v1) applied=Point { x: 0px, y: -452.95313px } requested=Point { x: 0px, y: -474.75px }
gitturtle.scroll kind=editor_paint time_us=15793071 window=WindowId(1v1) editor=EntityId(106v1) label="Read-only Before source" scale=2 offset=Point { x: 0px, y: -474.75px } text=Some(Bounds { origin: Point { x: 132px, y: -211.25px }, size: Size { 459px × 637.5px } }) input=Bounds { origin: Point { x: 132px, y: 263.5px }, size: Size { 459px × 637.5px } } line_height=Some(18px) visible=Some(26..64)
gitturtle.scroll kind=editor_paint time_us=15793443 window=WindowId(1v1) editor=EntityId(108v1) label="Read-only After source" scale=2 offset=Point { x: 0px, y: -474.75px } text=Some(Bounds { origin: Point { x: 669px, y: -211.25px }, size: Size { 459px × 637.5px } }) input=Bounds { origin: Point { x: 669px, y: 263.5px }, size: Size { 459px × 637.5px } } line_height=Some(18px) visible=Some(26..64)
gitturtle.scroll kind=split_paint time_us=15793515 window=WindowId(1v1) editors=[EntityId(106v1), EntityId(108v1)] before_offset=Point { x: 0px, y: -474.75px } after_offset=Point { x: 0px, y: -474.75px } before_text=Some(Bounds { origin: Point { x: 132px, y: -211.25px }, size: Size { 459px × 637.5px } }) after_text=Some(Bounds { origin: Point { x: 669px, y: -211.25px }, size: Size { 459px × 637.5px } }) before_visible=Some(26..64) after_visible=Some(26..64)
gitturtle.scroll kind=input time_us=15800512 editor=EntityId(106v1) label="Read-only Before source" area=code delta=Point { x: 0px, y: -21.796875px } before=Point { x: 0px, y: -474.75px }
gitturtle.scroll kind=split_link time_us=15800557 source=EntityId(106v1) target=EntityId(108v1) applied=Point { x: 0px, y: -474.75px } requested=Point { x: 0px, y: -496.54688px }
gitturtle.scroll kind=editor_paint time_us=15814531 window=WindowId(1v1) editor=EntityId(106v1) label="Read-only Before source" scale=2 offset=Point { x: 0px, y: -496.54688px } text=Some(Bounds { origin: Point { x: 132px, y: -233.04688px }, size: Size { 459px × 637.5px } }) input=Bounds { origin: Point { x: 132px, y: 263.5px }, size: Size { 459px × 637.5px } } line_height=Some(18px) visible=Some(27..66)
gitturtle.scroll kind=editor_paint time_us=15814933 window=WindowId(1v1) editor=EntityId(108v1) label="Read-only After source" scale=2 offset=Point { x: 0px, y: -496.54688px } text=Some(Bounds { origin: Point { x: 669px, y: -233.04688px }, size: Size { 459px × 637.5px } }) input=Bounds { origin: Point { x: 669px, y: 263.5px }, size: Size { 459px × 637.5px } } line_height=Some(18px) visible=Some(27..66)
gitturtle.scroll kind=split_paint time_us=15815004 window=WindowId(1v1) editors=[EntityId(106v1), EntityId(108v1)] before_offset=Point { x: 0px, y: -496.54688px } after_offset=Point { x: 0px, y: -496.54688px } before_text=Some(Bounds { origin: Point { x: 132px, y: -233.04688px }, size: Size { 459px × 637.5px } }) after_text=Some(Bounds { origin: Point { x: 669px, y: -233.04688px }, size: Size { 459px × 637.5px } }) before_visible=Some(27..66) after_visible=Some(27..66)
gitturtle.scroll kind=input time_us=15823537 editor=EntityId(106v1) label="Read-only Before source" area=code delta=Point { x: 0px, y: -21.796875px } before=Point { x: 0px, y: -496.54688px }
gitturtle.scroll kind=split_link time_us=15823588 source=EntityId(106v1) target=EntityId(108v1) applied=Point { x: 0px, y: -496.54688px } requested=Point { x: 0px, y: -518.34375px }
gitturtle.scroll kind=input time_us=15846261 editor=EntityId(106v1) label="Read-only Before source" area=code delta=Point { x: 0px, y: -21.796875px } before=Point { x: 0px, y: -518.34375px }
gitturtle.scroll kind=split_link time_us=15846321 source=EntityId(106v1) target=EntityId(108v1) applied=Point { x: 0px, y: -518.34375px } requested=Point { x: 0px, y: -540.1406px }
gitturtle.scroll kind=editor_paint time_us=15854820 window=WindowId(1v1) editor=EntityId(106v1) label="Read-only Before source" scale=2 offset=Point { x: 0px, y: -540.1406px } text=Some(Bounds { origin: Point { x: 132px, y: -276.64063px }, size: Size { 459px × 637.5px } }) input=Bounds { origin: Point { x: 132px, y: 263.5px }, size: Size { 459px × 637.5px } } line_height=Some(18px) visible=Some(30..68)
gitturtle.scroll kind=editor_paint time_us=15855198 window=WindowId(1v1) editor=EntityId(108v1) label="Read-only After source" scale=2 offset=Point { x: 0px, y: -540.1406px } text=Some(Bounds { origin: Point { x: 669px, y: -276.64063px }, size: Size { 459px × 637.5px } }) input=Bounds { origin: Point { x: 669px, y: 263.5px }, size: Size { 459px × 637.5px } } line_height=Some(18px) visible=Some(30..68)
gitturtle.scroll kind=split_paint time_us=15855269 window=WindowId(1v1) editors=[EntityId(106v1), EntityId(108v1)] before_offset=Point { x: 0px, y: -540.1406px } after_offset=Point { x: 0px, y: -540.1406px } before_text=Some(Bounds { origin: Point { x: 132px, y: -276.64063px }, size: Size { 459px × 637.5px } }) after_text=Some(Bounds { origin: Point { x: 669px, y: -276.64063px }, size: Size { 459px × 637.5px } }) before_visible=Some(30..68) after_visible=Some(30..68)
gitturtle.scroll kind=input time_us=15863157 editor=EntityId(106v1) label="Read-only Before source" area=code delta=Point { x: 0px, y: -21.796875px } before=Point { x: 0px, y: -540.1406px }
gitturtle.scroll kind=split_link time_us=15863208 source=EntityId(106v1) target=EntityId(108v1) applied=Point { x: 0px, y: -540.1406px } requested=Point { x: 0px, y: -561.9375px }
gitturtle.scroll kind=input time_us=15886585 editor=EntityId(106v1) label="Read-only Before source" area=code delta=Point { x: 0px, y: -21.796875px } before=Point { x: 0px, y: -561.9375px }
gitturtle.scroll kind=split_link time_us=15886659 source=EntityId(106v1) target=EntityId(108v1) applied=Point { x: 0px, y: -561.9375px } requested=Point { x: 0px, y: -583.7344px }
gitturtle.scroll kind=input time_us=15886688 editor=EntityId(106v1) label="Read-only Before source" area=code delta=Point { x: 0px, y: -21.796875px } before=Point { x: 0px, y: -583.7344px }
gitturtle.scroll kind=split_link time_us=15886704 source=EntityId(106v1) target=EntityId(108v1) applied=Point { x: 0px, y: -583.7344px } requested=Point { x: 0px, y: -605.53125px }
gitturtle.scroll kind=editor_paint time_us=15897867 window=WindowId(1v1) editor=EntityId(106v1) label="Read-only Before source" scale=2 offset=Point { x: 0px, y: -605.53125px } text=Some(Bounds { origin: Point { x: 132px, y: -342.03125px }, size: Size { 459px × 637.5px } }) input=Bounds { origin: Point { x: 132px, y: 263.5px }, size: Size { 459px × 637.5px } } line_height=Some(18px) visible=Some(33..72)
gitturtle.scroll kind=editor_paint time_us=15898378 window=WindowId(1v1) editor=EntityId(108v1) label="Read-only After source" scale=2 offset=Point { x: 0px, y: -605.53125px } text=Some(Bounds { origin: Point { x: 669px, y: -342.03125px }, size: Size { 459px × 637.5px } }) input=Bounds { origin: Point { x: 669px, y: 263.5px }, size: Size { 459px × 637.5px } } line_height=Some(18px) visible=Some(33..72)
gitturtle.scroll kind=split_paint time_us=15898453 window=WindowId(1v1) editors=[EntityId(106v1), EntityId(108v1)] before_offset=Point { x: 0px, y: -605.53125px } after_offset=Point { x: 0px, y: -605.53125px } before_text=Some(Bounds { origin: Point { x: 132px, y: -342.03125px }, size: Size { 459px × 637.5px } }) after_text=Some(Bounds { origin: Point { x: 669px, y: -342.03125px }, size: Size { 459px × 637.5px } }) before_visible=Some(33..72) after_visible=Some(33..72)
gitturtle.scroll kind=input time_us=15905305 editor=EntityId(106v1) label="Read-only Before source" area=code delta=Point { x: 0px, y: -21.796875px } before=Point { x: 0px, y: -605.53125px }
gitturtle.scroll kind=split_link time_us=15905347 source=EntityId(106v1) target=EntityId(108v1) applied=Point { x: 0px, y: -605.53125px } requested=Point { x: 0px, y: -627.3281px }
gitturtle.scroll kind=input time_us=15930056 editor=EntityId(106v1) label="Read-only Before source" area=code delta=Point { x: 0px, y: -21.796875px } before=Point { x: 0px, y: -627.3281px }
gitturtle.scroll kind=split_link time_us=15930134 source=EntityId(106v1) target=EntityId(108v1) applied=Point { x: 0px, y: -627.3281px } requested=Point { x: 0px, y: -649.125px }
gitturtle.scroll kind=editor_paint time_us=15938602 window=WindowId(1v1) editor=EntityId(106v1) label="Read-only Before source" scale=2 offset=Point { x: 0px, y: -649.125px } text=Some(Bounds { origin: Point { x: 132px, y: -385.625px }, size: Size { 459px × 637.5px } }) input=Bounds { origin: Point { x: 132px, y: 263.5px }, size: Size { 459px × 637.5px } } line_height=Some(18px) visible=Some(36..74)
gitturtle.scroll kind=editor_paint time_us=15938967 window=WindowId(1v1) editor=EntityId(108v1) label="Read-only After source" scale=2 offset=Point { x: 0px, y: -649.125px } text=Some(Bounds { origin: Point { x: 669px, y: -385.625px }, size: Size { 459px × 637.5px } }) input=Bounds { origin: Point { x: 669px, y: 263.5px }, size: Size { 459px × 637.5px } } line_height=Some(18px) visible=Some(36..74)
gitturtle.scroll kind=split_paint time_us=15939039 window=WindowId(1v1) editors=[EntityId(106v1), EntityId(108v1)] before_offset=Point { x: 0px, y: -649.125px } after_offset=Point { x: 0px, y: -649.125px } before_text=Some(Bounds { origin: Point { x: 132px, y: -385.625px }, size: Size { 459px × 637.5px } }) after_text=Some(Bounds { origin: Point { x: 669px, y: -385.625px }, size: Size { 459px × 637.5px } }) before_visible=Some(36..74) after_visible=Some(36..74)
gitturtle.scroll kind=input time_us=15946634 editor=EntityId(106v1) label="Read-only Before source" area=code delta=Point { x: 0px, y: -21.796875px } before=Point { x: 0px, y: -649.125px }
gitturtle.scroll kind=split_link time_us=15946683 source=EntityId(106v1) target=EntityId(108v1) applied=Point { x: 0px, y: -649.125px } requested=Point { x: 0px, y: -670.9219px }
gitturtle.scroll kind=editor_paint time_us=15979065 window=WindowId(1v1) editor=EntityId(106v1) label="Read-only Before source" scale=2 offset=Point { x: 0px, y: -670.9219px } text=Some(Bounds { origin: Point { x: 132px, y: -407.42188px }, size: Size { 459px × 637.5px } }) input=Bounds { origin: Point { x: 132px, y: 263.5px }, size: Size { 459px × 637.5px } } line_height=Some(18px) visible=Some(37..75)
gitturtle.scroll kind=editor_paint time_us=15979443 window=WindowId(1v1) editor=EntityId(108v1) label="Read-only After source" scale=2 offset=Point { x: 0px, y: -670.9219px } text=Some(Bounds { origin: Point { x: 669px, y: -407.42188px }, size: Size { 459px × 637.5px } }) input=Bounds { origin: Point { x: 669px, y: 263.5px }, size: Size { 459px × 637.5px } } line_height=Some(18px) visible=Some(37..75)
gitturtle.scroll kind=split_paint time_us=15979514 window=WindowId(1v1) editors=[EntityId(106v1), EntityId(108v1)] before_offset=Point { x: 0px, y: -670.9219px } after_offset=Point { x: 0px, y: -670.9219px } before_text=Some(Bounds { origin: Point { x: 132px, y: -407.42188px }, size: Size { 459px × 637.5px } }) after_text=Some(Bounds { origin: Point { x: 669px, y: -407.42188px }, size: Size { 459px × 637.5px } }) before_visible=Some(37..75) after_visible=Some(37..75)
gitturtle.scroll kind=input time_us=15982718 editor=EntityId(106v1) label="Read-only Before source" area=code delta=Point { x: 0px, y: -21.796875px } before=Point { x: 0px, y: -670.9219px }
gitturtle.scroll kind=split_link time_us=15982766 source=EntityId(106v1) target=EntityId(108v1) applied=Point { x: 0px, y: -670.9219px } requested=Point { x: 0px, y: -692.71875px }
gitturtle.scroll kind=input time_us=15987021 editor=EntityId(106v1) label="Read-only Before source" area=code delta=Point { x: 0px, y: -21.796875px } before=Point { x: 0px, y: -692.71875px }
gitturtle.scroll kind=split_link time_us=15987057 source=EntityId(106v1) target=EntityId(108v1) applied=Point { x: 0px, y: -692.71875px } requested=Point { x: 0px, y: -714.5156px }
gitturtle.scroll kind=input time_us=16010540 editor=EntityId(106v1) label="Read-only Before source" area=code delta=Point { x: 0px, y: -21.796875px } before=Point { x: 0px, y: -714.5156px }
gitturtle.scroll kind=split_link time_us=16010617 source=EntityId(106v1) target=EntityId(108v1) applied=Point { x: 0px, y: -714.5156px } requested=Point { x: 0px, y: -736.3125px }
gitturtle.scroll kind=input time_us=16010645 editor=EntityId(106v1) label="Read-only Before source" area=code delta=Point { x: 0px, y: -21.796875px } before=Point { x: 0px, y: -736.3125px }
gitturtle.scroll kind=split_link time_us=16010660 source=EntityId(106v1) target=EntityId(108v1) applied=Point { x: 0px, y: -736.3125px } requested=Point { x: 0px, y: -758.1094px }
gitturtle.scroll kind=editor_paint time_us=16020206 window=WindowId(1v1) editor=EntityId(106v1) label="Read-only Before source" scale=2 offset=Point { x: 0px, y: -758.1094px } text=Some(Bounds { origin: Point { x: 132px, y: -494.60938px }, size: Size { 459px × 637.5px } }) input=Bounds { origin: Point { x: 132px, y: 263.5px }, size: Size { 459px × 637.5px } } line_height=Some(18px) visible=Some(42..80)
gitturtle.scroll kind=editor_paint time_us=16020578 window=WindowId(1v1) editor=EntityId(108v1) label="Read-only After source" scale=2 offset=Point { x: 0px, y: -758.1094px } text=Some(Bounds { origin: Point { x: 669px, y: -494.60938px }, size: Size { 459px × 637.5px } }) input=Bounds { origin: Point { x: 669px, y: 263.5px }, size: Size { 459px × 637.5px } } line_height=Some(18px) visible=Some(42..80)
gitturtle.scroll kind=split_paint time_us=16020651 window=WindowId(1v1) editors=[EntityId(106v1), EntityId(108v1)] before_offset=Point { x: 0px, y: -758.1094px } after_offset=Point { x: 0px, y: -758.1094px } before_text=Some(Bounds { origin: Point { x: 132px, y: -494.60938px }, size: Size { 459px × 637.5px } }) after_text=Some(Bounds { origin: Point { x: 669px, y: -494.60938px }, size: Size { 459px × 637.5px } }) before_visible=Some(42..80) after_visible=Some(42..80)
gitturtle.scroll kind=input time_us=16027632 editor=EntityId(106v1) label="Read-only Before source" area=code delta=Point { x: 0px, y: -21.796875px } before=Point { x: 0px, y: -758.1094px }
gitturtle.scroll kind=split_link time_us=16027682 source=EntityId(106v1) target=EntityId(108v1) applied=Point { x: 0px, y: -758.1094px } requested=Point { x: 0px, y: -779.90625px }
gitturtle.scroll kind=input time_us=16051973 editor=EntityId(106v1) label="Read-only Before source" area=code delta=Point { x: 0px, y: -21.796875px } before=Point { x: 0px, y: -779.90625px }
gitturtle.scroll kind=split_link time_us=16052031 source=EntityId(106v1) target=EntityId(108v1) applied=Point { x: 0px, y: -779.90625px } requested=Point { x: 0px, y: -801.7031px }
gitturtle.scroll kind=editor_paint time_us=16061437 window=WindowId(1v1) editor=EntityId(106v1) label="Read-only Before source" scale=2 offset=Point { x: 0px, y: -801.7031px } text=Some(Bounds { origin: Point { x: 132px, y: -538.2031px }, size: Size { 459px × 637.5px } }) input=Bounds { origin: Point { x: 132px, y: 263.5px }, size: Size { 459px × 637.5px } } line_height=Some(18px) visible=Some(44..82)
gitturtle.scroll kind=editor_paint time_us=16061819 window=WindowId(1v1) editor=EntityId(108v1) label="Read-only After source" scale=2 offset=Point { x: 0px, y: -801.7031px } text=Some(Bounds { origin: Point { x: 669px, y: -538.2031px }, size: Size { 459px × 637.5px } }) input=Bounds { origin: Point { x: 669px, y: 263.5px }, size: Size { 459px × 637.5px } } line_height=Some(18px) visible=Some(44..82)
gitturtle.scroll kind=split_paint time_us=16061891 window=WindowId(1v1) editors=[EntityId(106v1), EntityId(108v1)] before_offset=Point { x: 0px, y: -801.7031px } after_offset=Point { x: 0px, y: -801.7031px } before_text=Some(Bounds { origin: Point { x: 132px, y: -538.2031px }, size: Size { 459px × 637.5px } }) after_text=Some(Bounds { origin: Point { x: 669px, y: -538.2031px }, size: Size { 459px × 637.5px } }) before_visible=Some(44..82) after_visible=Some(44..82)
gitturtle.scroll kind=input time_us=16070867 editor=EntityId(106v1) label="Read-only Before source" area=code delta=Point { x: 0px, y: -21.796875px } before=Point { x: 0px, y: -801.7031px }
gitturtle.scroll kind=split_link time_us=16070929 source=EntityId(106v1) target=EntityId(108v1) applied=Point { x: 0px, y: -801.7031px } requested=Point { x: 0px, y: -823.5px }
gitturtle.scroll kind=input time_us=16093880 editor=EntityId(106v1) label="Read-only Before source" area=code delta=Point { x: 0px, y: -21.796875px } before=Point { x: 0px, y: -823.5px }
gitturtle.scroll kind=split_link time_us=16093944 source=EntityId(106v1) target=EntityId(108v1) applied=Point { x: 0px, y: -823.5px } requested=Point { x: 0px, y: -845.2969px }
gitturtle.scroll kind=editor_paint time_us=16103179 window=WindowId(1v1) editor=EntityId(106v1) label="Read-only Before source" scale=2 offset=Point { x: 0px, y: -845.2969px } text=Some(Bounds { origin: Point { x: 132px, y: -581.7969px }, size: Size { 459px × 637.5px } }) input=Bounds { origin: Point { x: 132px, y: 263.5px }, size: Size { 459px × 637.5px } } line_height=Some(18px) visible=Some(46..85)
gitturtle.scroll kind=editor_paint time_us=16103554 window=WindowId(1v1) editor=EntityId(108v1) label="Read-only After source" scale=2 offset=Point { x: 0px, y: -845.2969px } text=Some(Bounds { origin: Point { x: 669px, y: -581.7969px }, size: Size { 459px × 637.5px } }) input=Bounds { origin: Point { x: 669px, y: 263.5px }, size: Size { 459px × 637.5px } } line_height=Some(18px) visible=Some(46..85)
gitturtle.scroll kind=split_paint time_us=16103625 window=WindowId(1v1) editors=[EntityId(106v1), EntityId(108v1)] before_offset=Point { x: 0px, y: -845.2969px } after_offset=Point { x: 0px, y: -845.2969px } before_text=Some(Bounds { origin: Point { x: 132px, y: -581.7969px }, size: Size { 459px × 637.5px } }) after_text=Some(Bounds { origin: Point { x: 669px, y: -581.7969px }, size: Size { 459px × 637.5px } }) before_visible=Some(46..85) after_visible=Some(46..85)
gitturtle.scroll kind=input time_us=16110746 editor=EntityId(106v1) label="Read-only Before source" area=code delta=Point { x: 0px, y: -21.796875px } before=Point { x: 0px, y: -845.2969px }
gitturtle.scroll kind=split_link time_us=16110793 source=EntityId(106v1) target=EntityId(108v1) applied=Point { x: 0px, y: -845.2969px } requested=Point { x: 0px, y: -867.09375px }
gitturtle.scroll kind=input time_us=16133543 editor=EntityId(106v1) label="Read-only Before source" area=code delta=Point { x: 0px, y: -21.796875px } before=Point { x: 0px, y: -867.09375px }
gitturtle.scroll kind=split_link time_us=16133609 source=EntityId(106v1) target=EntityId(108v1) applied=Point { x: 0px, y: -867.09375px } requested=Point { x: 0px, y: -888.8906px }
gitturtle.scroll kind=editor_paint time_us=16142835 window=WindowId(1v1) editor=EntityId(106v1) label="Read-only Before source" scale=2 offset=Point { x: 0px, y: -888.8906px } text=Some(Bounds { origin: Point { x: 132px, y: -625.3906px }, size: Size { 459px × 637.5px } }) input=Bounds { origin: Point { x: 132px, y: 263.5px }, size: Size { 459px × 637.5px } } line_height=Some(18px) visible=Some(49..87)
gitturtle.scroll kind=editor_paint time_us=16143220 window=WindowId(1v1) editor=EntityId(108v1) label="Read-only After source" scale=2 offset=Point { x: 0px, y: -888.8906px } text=Some(Bounds { origin: Point { x: 669px, y: -625.3906px }, size: Size { 459px × 637.5px } }) input=Bounds { origin: Point { x: 669px, y: 263.5px }, size: Size { 459px × 637.5px } } line_height=Some(18px) visible=Some(49..87)
gitturtle.scroll kind=split_paint time_us=16143293 window=WindowId(1v1) editors=[EntityId(106v1), EntityId(108v1)] before_offset=Point { x: 0px, y: -888.8906px } after_offset=Point { x: 0px, y: -888.8906px } before_text=Some(Bounds { origin: Point { x: 132px, y: -625.3906px }, size: Size { 459px × 637.5px } }) after_text=Some(Bounds { origin: Point { x: 669px, y: -625.3906px }, size: Size { 459px × 637.5px } }) before_visible=Some(49..87) after_visible=Some(49..87)
gitturtle.scroll kind=input time_us=16150670 editor=EntityId(106v1) label="Read-only Before source" area=code delta=Point { x: 0px, y: -21.796875px } before=Point { x: 0px, y: -888.8906px }
gitturtle.scroll kind=split_link time_us=16150718 source=EntityId(106v1) target=EntityId(108v1) applied=Point { x: 0px, y: -888.8906px } requested=Point { x: 0px, y: -910.6875px }
gitturtle.scroll kind=input time_us=16172516 editor=EntityId(106v1) label="Read-only Before source" area=code delta=Point { x: 0px, y: -21.796875px } before=Point { x: 0px, y: -910.6875px }
gitturtle.scroll kind=split_link time_us=16172594 source=EntityId(106v1) target=EntityId(108v1) applied=Point { x: 0px, y: -910.6875px } requested=Point { x: 0px, y: -932.4844px }
gitturtle.scroll kind=editor_paint time_us=16180450 window=WindowId(1v1) editor=EntityId(106v1) label="Read-only Before source" scale=2 offset=Point { x: 0px, y: -932.4844px } text=Some(Bounds { origin: Point { x: 132px, y: -668.9844px }, size: Size { 459px × 637.5px } }) input=Bounds { origin: Point { x: 132px, y: 263.5px }, size: Size { 459px × 637.5px } } line_height=Some(18px) visible=Some(51..90)
gitturtle.scroll kind=editor_paint time_us=16180737 window=WindowId(1v1) editor=EntityId(108v1) label="Read-only After source" scale=2 offset=Point { x: 0px, y: -932.4844px } text=Some(Bounds { origin: Point { x: 669px, y: -668.9844px }, size: Size { 459px × 637.5px } }) input=Bounds { origin: Point { x: 669px, y: 263.5px }, size: Size { 459px × 637.5px } } line_height=Some(18px) visible=Some(51..90)
gitturtle.scroll kind=split_paint time_us=16180799 window=WindowId(1v1) editors=[EntityId(106v1), EntityId(108v1)] before_offset=Point { x: 0px, y: -932.4844px } after_offset=Point { x: 0px, y: -932.4844px } before_text=Some(Bounds { origin: Point { x: 132px, y: -668.9844px }, size: Size { 459px × 637.5px } }) after_text=Some(Bounds { origin: Point { x: 669px, y: -668.9844px }, size: Size { 459px × 637.5px } }) before_visible=Some(51..90) after_visible=Some(51..90)
gitturtle.scroll kind=input time_us=16201918 editor=EntityId(106v1) label="Read-only Before source" area=code delta=Point { x: 0px, y: -21.796875px } before=Point { x: 0px, y: -932.4844px }
gitturtle.scroll kind=split_link time_us=16202004 source=EntityId(106v1) target=EntityId(108v1) applied=Point { x: 0px, y: -932.4844px } requested=Point { x: 0px, y: -954.28125px }
gitturtle.scroll kind=input time_us=16202054 editor=EntityId(106v1) label="Read-only Before source" area=code delta=Point { x: 0px, y: -21.796875px } before=Point { x: 0px, y: -954.28125px }
gitturtle.scroll kind=split_link time_us=16202088 source=EntityId(106v1) target=EntityId(108v1) applied=Point { x: 0px, y: -954.28125px } requested=Point { x: 0px, y: -976.0781px }
gitturtle.scroll kind=editor_paint time_us=16212543 window=WindowId(1v1) editor=EntityId(106v1) label="Read-only Before source" scale=2 offset=Point { x: 0px, y: -976.0781px } text=Some(Bounds { origin: Point { x: 132px, y: -712.5781px }, size: Size { 459px × 637.5px } }) input=Bounds { origin: Point { x: 132px, y: 263.5px }, size: Size { 459px × 637.5px } } line_height=Some(18px) visible=Some(54..92)
gitturtle.scroll kind=editor_paint time_us=16212910 window=WindowId(1v1) editor=EntityId(108v1) label="Read-only After source" scale=2 offset=Point { x: 0px, y: -976.0781px } text=Some(Bounds { origin: Point { x: 669px, y: -712.5781px }, size: Size { 459px × 637.5px } }) input=Bounds { origin: Point { x: 669px, y: 263.5px }, size: Size { 459px × 637.5px } } line_height=Some(18px) visible=Some(54..92)
gitturtle.scroll kind=split_paint time_us=16212982 window=WindowId(1v1) editors=[EntityId(106v1), EntityId(108v1)] before_offset=Point { x: 0px, y: -976.0781px } after_offset=Point { x: 0px, y: -976.0781px } before_text=Some(Bounds { origin: Point { x: 132px, y: -712.5781px }, size: Size { 459px × 637.5px } }) after_text=Some(Bounds { origin: Point { x: 669px, y: -712.5781px }, size: Size { 459px × 637.5px } }) before_visible=Some(54..92) after_visible=Some(54..92)
gitturtle.scroll kind=input time_us=16223805 editor=EntityId(106v1) label="Read-only Before source" area=code delta=Point { x: 0px, y: -21.796875px } before=Point { x: 0px, y: -976.0781px }
gitturtle.scroll kind=split_link time_us=16223857 source=EntityId(106v1) target=EntityId(108v1) applied=Point { x: 0px, y: -976.0781px } requested=Point { x: 0px, y: -997.875px }
gitturtle.scroll kind=input time_us=16249058 editor=EntityId(106v1) label="Read-only Before source" area=code delta=Point { x: 0px, y: -21.796875px } before=Point { x: 0px, y: -997.875px }
gitturtle.scroll kind=split_link time_us=16249132 source=EntityId(106v1) target=EntityId(108v1) applied=Point { x: 0px, y: -997.875px } requested=Point { x: 0px, y: -1019.6719px }
gitturtle.scroll kind=input time_us=16249168 editor=EntityId(106v1) label="Read-only Before source" area=code delta=Point { x: 0px, y: -21.796875px } before=Point { x: 0px, y: -1019.6719px }
gitturtle.scroll kind=split_link time_us=16249190 source=EntityId(106v1) target=EntityId(108v1) applied=Point { x: 0px, y: -1019.6719px } requested=Point { x: 0px, y: -1041.4688px }
gitturtle.scroll kind=editor_paint time_us=16258385 window=WindowId(1v1) editor=EntityId(106v1) label="Read-only Before source" scale=2 offset=Point { x: 0px, y: -1041.4688px } text=Some(Bounds { origin: Point { x: 132px, y: -777.96875px }, size: Size { 459px × 637.5px } }) input=Bounds { origin: Point { x: 132px, y: 263.5px }, size: Size { 459px × 637.5px } } line_height=Some(18px) visible=Some(57..96)
gitturtle.scroll kind=editor_paint time_us=16258767 window=WindowId(1v1) editor=EntityId(108v1) label="Read-only After source" scale=2 offset=Point { x: 0px, y: -1041.4688px } text=Some(Bounds { origin: Point { x: 669px, y: -777.96875px }, size: Size { 459px × 637.5px } }) input=Bounds { origin: Point { x: 669px, y: 263.5px }, size: Size { 459px × 637.5px } } line_height=Some(18px) visible=Some(57..96)
gitturtle.scroll kind=split_paint time_us=16258844 window=WindowId(1v1) editors=[EntityId(106v1), EntityId(108v1)] before_offset=Point { x: 0px, y: -1041.4688px } after_offset=Point { x: 0px, y: -1041.4688px } before_text=Some(Bounds { origin: Point { x: 132px, y: -777.96875px }, size: Size { 459px × 637.5px } }) after_text=Some(Bounds { origin: Point { x: 669px, y: -777.96875px }, size: Size { 459px × 637.5px } }) before_visible=Some(57..96) after_visible=Some(57..96)
gitturtle.scroll kind=input time_us=16266685 editor=EntityId(106v1) label="Read-only Before source" area=code delta=Point { x: 0px, y: -21.796875px } before=Point { x: 0px, y: -1041.4688px }
gitturtle.scroll kind=split_link time_us=16266736 source=EntityId(106v1) target=EntityId(108v1) applied=Point { x: 0px, y: -1041.4688px } requested=Point { x: 0px, y: -1063.2656px }
gitturtle.scroll kind=input time_us=16289688 editor=EntityId(106v1) label="Read-only Before source" area=code delta=Point { x: 0px, y: -21.796875px } before=Point { x: 0px, y: -1063.2656px }
gitturtle.scroll kind=split_link time_us=16289773 source=EntityId(106v1) target=EntityId(108v1) applied=Point { x: 0px, y: -1063.2656px } requested=Point { x: 0px, y: -1085.0625px }
gitturtle.scroll kind=editor_paint time_us=16298994 window=WindowId(1v1) editor=EntityId(106v1) label="Read-only Before source" scale=2 offset=Point { x: 0px, y: -1085.0625px } text=Some(Bounds { origin: Point { x: 132px, y: -821.5625px }, size: Size { 459px × 637.5px } }) input=Bounds { origin: Point { x: 132px, y: 263.5px }, size: Size { 459px × 637.5px } } line_height=Some(18px) visible=Some(60..98)
gitturtle.scroll kind=editor_paint time_us=16299376 window=WindowId(1v1) editor=EntityId(108v1) label="Read-only After source" scale=2 offset=Point { x: 0px, y: -1085.0625px } text=Some(Bounds { origin: Point { x: 669px, y: -821.5625px }, size: Size { 459px × 637.5px } }) input=Bounds { origin: Point { x: 669px, y: 263.5px }, size: Size { 459px × 637.5px } } line_height=Some(18px) visible=Some(60..98)
gitturtle.scroll kind=split_paint time_us=16299448 window=WindowId(1v1) editors=[EntityId(106v1), EntityId(108v1)] before_offset=Point { x: 0px, y: -1085.0625px } after_offset=Point { x: 0px, y: -1085.0625px } before_text=Some(Bounds { origin: Point { x: 132px, y: -821.5625px }, size: Size { 459px × 637.5px } }) after_text=Some(Bounds { origin: Point { x: 669px, y: -821.5625px }, size: Size { 459px × 637.5px } }) before_visible=Some(60..98) after_visible=Some(60..98)
gitturtle.scroll kind=input time_us=16307403 editor=EntityId(106v1) label="Read-only Before source" area=code delta=Point { x: 0px, y: -21.796875px } before=Point { x: 0px, y: -1085.0625px }
gitturtle.scroll kind=split_link time_us=16307445 source=EntityId(106v1) target=EntityId(108v1) applied=Point { x: 0px, y: -1085.0625px } requested=Point { x: 0px, y: -1106.8594px }
gitturtle.scroll kind=input time_us=16329568 editor=EntityId(106v1) label="Read-only Before source" area=code delta=Point { x: 0px, y: -21.796875px } before=Point { x: 0px, y: -1106.8594px }
gitturtle.scroll kind=split_link time_us=16329644 source=EntityId(106v1) target=EntityId(108v1) applied=Point { x: 0px, y: -1106.8594px } requested=Point { x: 0px, y: -1128.6563px }
gitturtle.scroll kind=editor_paint time_us=16339514 window=WindowId(1v1) editor=EntityId(106v1) label="Read-only Before source" scale=2 offset=Point { x: 0px, y: -1128.6563px } text=Some(Bounds { origin: Point { x: 132px, y: -865.15625px }, size: Size { 459px × 637.5px } }) input=Bounds { origin: Point { x: 132px, y: 263.5px }, size: Size { 459px × 637.5px } } line_height=Some(18px) visible=Some(62..101)
gitturtle.scroll kind=editor_paint time_us=16339942 window=WindowId(1v1) editor=EntityId(108v1) label="Read-only After source" scale=2 offset=Point { x: 0px, y: -1128.6563px } text=Some(Bounds { origin: Point { x: 669px, y: -865.15625px }, size: Size { 459px × 637.5px } }) input=Bounds { origin: Point { x: 669px, y: 263.5px }, size: Size { 459px × 637.5px } } line_height=Some(18px) visible=Some(62..101)
gitturtle.scroll kind=split_paint time_us=16340017 window=WindowId(1v1) editors=[EntityId(106v1), EntityId(108v1)] before_offset=Point { x: 0px, y: -1128.6563px } after_offset=Point { x: 0px, y: -1128.6563px } before_text=Some(Bounds { origin: Point { x: 132px, y: -865.15625px }, size: Size { 459px × 637.5px } }) after_text=Some(Bounds { origin: Point { x: 669px, y: -865.15625px }, size: Size { 459px × 637.5px } }) before_visible=Some(62..101) after_visible=Some(62..101)
gitturtle.scroll kind=input time_us=16347554 editor=EntityId(106v1) label="Read-only Before source" area=code delta=Point { x: 0px, y: -21.796875px } before=Point { x: 0px, y: -1128.6563px }
gitturtle.scroll kind=split_link time_us=16347605 source=EntityId(106v1) target=EntityId(108v1) applied=Point { x: 0px, y: -1128.6563px } requested=Point { x: 0px, y: -1150.4531px }
gitturtle.scroll kind=editor_paint time_us=16380061 window=WindowId(1v1) editor=EntityId(106v1) label="Read-only Before source" scale=2 offset=Point { x: 0px, y: -1150.4531px } text=Some(Bounds { origin: Point { x: 132px, y: -886.9531px }, size: Size { 459px × 637.5px } }) input=Bounds { origin: Point { x: 132px, y: 263.5px }, size: Size { 459px × 637.5px } } line_height=Some(18px) visible=Some(63..102)
gitturtle.scroll kind=editor_paint time_us=16380479 window=WindowId(1v1) editor=EntityId(108v1) label="Read-only After source" scale=2 offset=Point { x: 0px, y: -1150.4531px } text=Some(Bounds { origin: Point { x: 669px, y: -886.9531px }, size: Size { 459px × 637.5px } }) input=Bounds { origin: Point { x: 669px, y: 263.5px }, size: Size { 459px × 637.5px } } line_height=Some(18px) visible=Some(63..102)
gitturtle.scroll kind=split_paint time_us=16380552 window=WindowId(1v1) editors=[EntityId(106v1), EntityId(108v1)] before_offset=Point { x: 0px, y: -1150.4531px } after_offset=Point { x: 0px, y: -1150.4531px } before_text=Some(Bounds { origin: Point { x: 132px, y: -886.9531px }, size: Size { 459px × 637.5px } }) after_text=Some(Bounds { origin: Point { x: 669px, y: -886.9531px }, size: Size { 459px × 637.5px } }) before_visible=Some(63..102) after_visible=Some(63..102)
gitturtle.scroll kind=input time_us=16384262 editor=EntityId(106v1) label="Read-only Before source" area=code delta=Point { x: 0px, y: -21.796875px } before=Point { x: 0px, y: -1150.4531px }
gitturtle.scroll kind=split_link time_us=16384302 source=EntityId(106v1) target=EntityId(108v1) applied=Point { x: 0px, y: -1150.4531px } requested=Point { x: 0px, y: -1172.25px }
gitturtle.scroll kind=input time_us=16384340 editor=EntityId(106v1) label="Read-only Before source" area=code delta=Point { x: 0px, y: -21.796875px } before=Point { x: 0px, y: -1172.25px }
gitturtle.scroll kind=split_link time_us=16384355 source=EntityId(106v1) target=EntityId(108v1) applied=Point { x: 0px, y: -1172.25px } requested=Point { x: 0px, y: -1194.0469px }
gitturtle.scroll kind=input time_us=16388385 editor=EntityId(106v1) label="Read-only Before source" area=code delta=Point { x: 0px, y: -21.796875px } before=Point { x: 0px, y: -1194.0469px }
gitturtle.scroll kind=split_link time_us=16388425 source=EntityId(106v1) target=EntityId(108v1) applied=Point { x: 0px, y: -1194.0469px } requested=Point { x: 0px, y: -1215.8438px }
gitturtle.scroll kind=editor_paint time_us=16419964 window=WindowId(1v1) editor=EntityId(106v1) label="Read-only Before source" scale=2 offset=Point { x: 0px, y: -1215.8438px } text=Some(Bounds { origin: Point { x: 132px, y: -952.34375px }, size: Size { 459px × 637.5px } }) input=Bounds { origin: Point { x: 132px, y: 263.5px }, size: Size { 459px × 637.5px } } line_height=Some(18px) visible=Some(67..105)
gitturtle.scroll kind=editor_paint time_us=16420375 window=WindowId(1v1) editor=EntityId(108v1) label="Read-only After source" scale=2 offset=Point { x: 0px, y: -1215.8438px } text=Some(Bounds { origin: Point { x: 669px, y: -952.34375px }, size: Size { 459px × 637.5px } }) input=Bounds { origin: Point { x: 669px, y: 263.5px }, size: Size { 459px × 637.5px } } line_height=Some(18px) visible=Some(67..105)
gitturtle.scroll kind=split_paint time_us=16420449 window=WindowId(1v1) editors=[EntityId(106v1), EntityId(108v1)] before_offset=Point { x: 0px, y: -1215.8438px } after_offset=Point { x: 0px, y: -1215.8438px } before_text=Some(Bounds { origin: Point { x: 132px, y: -952.34375px }, size: Size { 459px × 637.5px } }) after_text=Some(Bounds { origin: Point { x: 669px, y: -952.34375px }, size: Size { 459px × 637.5px } }) before_visible=Some(67..105) after_visible=Some(67..105)
gitturtle.scroll kind=input time_us=16424253 editor=EntityId(106v1) label="Read-only Before source" area=code delta=Point { x: 0px, y: -21.796875px } before=Point { x: 0px, y: -1215.8438px }
gitturtle.scroll kind=split_link time_us=16424295 source=EntityId(106v1) target=EntityId(108v1) applied=Point { x: 0px, y: -1215.8438px } requested=Point { x: 0px, y: -1237.6406px }
gitturtle.scroll kind=input time_us=16428280 editor=EntityId(106v1) label="Read-only Before source" area=code delta=Point { x: 0px, y: -21.796875px } before=Point { x: 0px, y: -1237.6406px }
gitturtle.scroll kind=split_link time_us=16428309 source=EntityId(106v1) target=EntityId(108v1) applied=Point { x: 0px, y: -1237.6406px } requested=Point { x: 0px, y: -1259.4375px }
gitturtle.scroll kind=input time_us=16450596 editor=EntityId(106v1) label="Read-only Before source" area=code delta=Point { x: 0px, y: -21.796875px } before=Point { x: 0px, y: -1259.4375px }
gitturtle.scroll kind=split_link time_us=16450659 source=EntityId(106v1) target=EntityId(108v1) applied=Point { x: 0px, y: -1259.4375px } requested=Point { x: 0px, y: -1281.2344px }
gitturtle.scroll kind=editor_paint time_us=16460584 window=WindowId(1v1) editor=EntityId(106v1) label="Read-only Before source" scale=2 offset=Point { x: 0px, y: -1281.2344px } text=Some(Bounds { origin: Point { x: 132px, y: -1017.7344px }, size: Size { 459px × 637.5px } }) input=Bounds { origin: Point { x: 132px, y: 263.5px }, size: Size { 459px × 637.5px } } line_height=Some(18px) visible=Some(71..109)
gitturtle.scroll kind=editor_paint time_us=16460998 window=WindowId(1v1) editor=EntityId(108v1) label="Read-only After source" scale=2 offset=Point { x: 0px, y: -1281.2344px } text=Some(Bounds { origin: Point { x: 669px, y: -1017.7344px }, size: Size { 459px × 637.5px } }) input=Bounds { origin: Point { x: 669px, y: 263.5px }, size: Size { 459px × 637.5px } } line_height=Some(18px) visible=Some(71..109)
gitturtle.scroll kind=split_paint time_us=16461078 window=WindowId(1v1) editors=[EntityId(106v1), EntityId(108v1)] before_offset=Point { x: 0px, y: -1281.2344px } after_offset=Point { x: 0px, y: -1281.2344px } before_text=Some(Bounds { origin: Point { x: 132px, y: -1017.7344px }, size: Size { 459px × 637.5px } }) after_text=Some(Bounds { origin: Point { x: 669px, y: -1017.7344px }, size: Size { 459px × 637.5px } }) before_visible=Some(71..109) after_visible=Some(71..109)
gitturtle.scroll kind=input time_us=16469761 editor=EntityId(106v1) label="Read-only Before source" area=code delta=Point { x: 0px, y: -21.796875px } before=Point { x: 0px, y: -1281.2344px }
gitturtle.scroll kind=split_link time_us=16469814 source=EntityId(106v1) target=EntityId(108v1) applied=Point { x: 0px, y: -1281.2344px } requested=Point { x: 0px, y: -1303.0313px }
gitturtle.scroll kind=editor_paint time_us=16502297 window=WindowId(1v1) editor=EntityId(106v1) label="Read-only Before source" scale=2 offset=Point { x: 0px, y: -1303.0313px } text=Some(Bounds { origin: Point { x: 132px, y: -1039.5313px }, size: Size { 459px × 637.5px } }) input=Bounds { origin: Point { x: 132px, y: 263.5px }, size: Size { 459px × 637.5px } } line_height=Some(18px) visible=Some(72..110)
gitturtle.scroll kind=editor_paint time_us=16502692 window=WindowId(1v1) editor=EntityId(108v1) label="Read-only After source" scale=2 offset=Point { x: 0px, y: -1303.0313px } text=Some(Bounds { origin: Point { x: 669px, y: -1039.5313px }, size: Size { 459px × 637.5px } }) input=Bounds { origin: Point { x: 669px, y: 263.5px }, size: Size { 459px × 637.5px } } line_height=Some(18px) visible=Some(72..110)
gitturtle.scroll kind=split_paint time_us=16502769 window=WindowId(1v1) editors=[EntityId(106v1), EntityId(108v1)] before_offset=Point { x: 0px, y: -1303.0313px } after_offset=Point { x: 0px, y: -1303.0313px } before_text=Some(Bounds { origin: Point { x: 132px, y: -1039.5313px }, size: Size { 459px × 637.5px } }) after_text=Some(Bounds { origin: Point { x: 669px, y: -1039.5313px }, size: Size { 459px × 637.5px } }) before_visible=Some(72..110) after_visible=Some(72..110)
gitturtle.scroll kind=input time_us=16506269 editor=EntityId(106v1) label="Read-only Before source" area=code delta=Point { x: 0px, y: -21.796875px } before=Point { x: 0px, y: -1303.0313px }
gitturtle.scroll kind=split_link time_us=16506309 source=EntityId(106v1) target=EntityId(108v1) applied=Point { x: 0px, y: -1303.0313px } requested=Point { x: 0px, y: -1324.8281px }
gitturtle.scroll kind=input time_us=16506341 editor=EntityId(106v1) label="Read-only Before source" area=code delta=Point { x: 0px, y: -21.796875px } before=Point { x: 0px, y: -1324.8281px }
gitturtle.scroll kind=split_link time_us=16506357 source=EntityId(106v1) target=EntityId(108v1) applied=Point { x: 0px, y: -1324.8281px } requested=Point { x: 0px, y: -1346.625px }
gitturtle.scroll kind=input time_us=16511642 editor=EntityId(106v1) label="Read-only Before source" area=code delta=Point { x: 0px, y: -21.796875px } before=Point { x: 0px, y: -1346.625px }
gitturtle.scroll kind=split_link time_us=16511683 source=EntityId(106v1) target=EntityId(108v1) applied=Point { x: 0px, y: -1346.625px } requested=Point { x: 0px, y: -1368.4219px }
gitturtle.scroll kind=editor_paint time_us=16549820 window=WindowId(1v1) editor=EntityId(106v1) label="Read-only Before source" scale=2 offset=Point { x: 0px, y: -1368.4219px } text=Some(Bounds { origin: Point { x: 132px, y: -1104.9219px }, size: Size { 459px × 637.5px } }) input=Bounds { origin: Point { x: 132px, y: 263.5px }, size: Size { 459px × 637.5px } } line_height=Some(18px) visible=Some(76..114)
gitturtle.scroll kind=editor_paint time_us=16550346 window=WindowId(1v1) editor=EntityId(108v1) label="Read-only After source" scale=2 offset=Point { x: 0px, y: -1368.4219px } text=Some(Bounds { origin: Point { x: 669px, y: -1104.9219px }, size: Size { 459px × 637.5px } }) input=Bounds { origin: Point { x: 669px, y: 263.5px }, size: Size { 459px × 637.5px } } line_height=Some(18px) visible=Some(76..114)
gitturtle.scroll kind=split_paint time_us=16550422 window=WindowId(1v1) editors=[EntityId(106v1), EntityId(108v1)] before_offset=Point { x: 0px, y: -1368.4219px } after_offset=Point { x: 0px, y: -1368.4219px } before_text=Some(Bounds { origin: Point { x: 132px, y: -1104.9219px }, size: Size { 459px × 637.5px } }) after_text=Some(Bounds { origin: Point { x: 669px, y: -1104.9219px }, size: Size { 459px × 637.5px } }) before_visible=Some(76..114) after_visible=Some(76..114)
gitturtle.scroll kind=input time_us=16555126 editor=EntityId(106v1) label="Read-only Before source" area=code delta=Point { x: 0px, y: -21.796875px } before=Point { x: 0px, y: -1368.4219px }
gitturtle.scroll kind=split_link time_us=16555172 source=EntityId(106v1) target=EntityId(108v1) applied=Point { x: 0px, y: -1368.4219px } requested=Point { x: 0px, y: -1390.2188px }
gitturtle.scroll kind=input time_us=16555443 editor=EntityId(106v1) label="Read-only Before source" area=code delta=Point { x: 0px, y: -21.796875px } before=Point { x: 0px, y: -1390.2188px }
gitturtle.scroll kind=split_link time_us=16555464 source=EntityId(106v1) target=EntityId(108v1) applied=Point { x: 0px, y: -1390.2188px } requested=Point { x: 0px, y: -1412.0156px }
gitturtle.scroll kind=editor_paint time_us=16590199 window=WindowId(1v1) editor=EntityId(106v1) label="Read-only Before source" scale=2 offset=Point { x: 0px, y: -1412.0156px } text=Some(Bounds { origin: Point { x: 132px, y: -1148.5156px }, size: Size { 459px × 637.5px } }) input=Bounds { origin: Point { x: 132px, y: 263.5px }, size: Size { 459px × 637.5px } } line_height=Some(18px) visible=Some(78..116)
gitturtle.scroll kind=editor_paint time_us=16590585 window=WindowId(1v1) editor=EntityId(108v1) label="Read-only After source" scale=2 offset=Point { x: 0px, y: -1412.0156px } text=Some(Bounds { origin: Point { x: 669px, y: -1148.5156px }, size: Size { 459px × 637.5px } }) input=Bounds { origin: Point { x: 669px, y: 263.5px }, size: Size { 459px × 637.5px } } line_height=Some(18px) visible=Some(78..116)
gitturtle.scroll kind=split_paint time_us=16590662 window=WindowId(1v1) editors=[EntityId(106v1), EntityId(108v1)] before_offset=Point { x: 0px, y: -1412.0156px } after_offset=Point { x: 0px, y: -1412.0156px } before_text=Some(Bounds { origin: Point { x: 132px, y: -1148.5156px }, size: Size { 459px × 637.5px } }) after_text=Some(Bounds { origin: Point { x: 669px, y: -1148.5156px }, size: Size { 459px × 637.5px } }) before_visible=Some(78..116) after_visible=Some(78..116)
gitturtle.scroll kind=input time_us=16594193 editor=EntityId(106v1) label="Read-only Before source" area=code delta=Point { x: 0px, y: -21.796875px } before=Point { x: 0px, y: -1412.0156px }
gitturtle.scroll kind=split_link time_us=16594247 source=EntityId(106v1) target=EntityId(108v1) applied=Point { x: 0px, y: -1412.0156px } requested=Point { x: 0px, y: -1433.8125px }
gitturtle.scroll kind=input time_us=16599025 editor=EntityId(106v1) label="Read-only Before source" area=code delta=Point { x: 0px, y: -21.796875px } before=Point { x: 0px, y: -1433.8125px }
gitturtle.scroll kind=split_link time_us=16599066 source=EntityId(106v1) target=EntityId(108v1) applied=Point { x: 0px, y: -1433.8125px } requested=Point { x: 0px, y: -1455.6094px }
gitturtle.scroll kind=input time_us=16599273 editor=EntityId(106v1) label="Read-only Before source" area=code delta=Point { x: 0px, y: -21.796875px } before=Point { x: 0px, y: -1455.6094px }
gitturtle.scroll kind=split_link time_us=16599293 source=EntityId(106v1) target=EntityId(108v1) applied=Point { x: 0px, y: -1455.6094px } requested=Point { x: 0px, y: -1477.4063px }
gitturtle.scroll kind=input time_us=16624544 editor=EntityId(106v1) label="Read-only Before source" area=code delta=Point { x: 0px, y: -21.796875px } before=Point { x: 0px, y: -1477.4063px }
gitturtle.scroll kind=split_link time_us=16624615 source=EntityId(106v1) target=EntityId(108v1) applied=Point { x: 0px, y: -1477.4063px } requested=Point { x: 0px, y: -1499.2031px }
gitturtle.scroll kind=editor_paint time_us=16634419 window=WindowId(1v1) editor=EntityId(106v1) label="Read-only Before source" scale=2 offset=Point { x: 0px, y: -1499.2031px } text=Some(Bounds { origin: Point { x: 132px, y: -1235.7031px }, size: Size { 459px × 637.5px } }) input=Bounds { origin: Point { x: 132px, y: 263.5px }, size: Size { 459px × 637.5px } } line_height=Some(18px) visible=Some(83..121)
gitturtle.scroll kind=editor_paint time_us=16634825 window=WindowId(1v1) editor=EntityId(108v1) label="Read-only After source" scale=2 offset=Point { x: 0px, y: -1499.2031px } text=Some(Bounds { origin: Point { x: 669px, y: -1235.7031px }, size: Size { 459px × 637.5px } }) input=Bounds { origin: Point { x: 669px, y: 263.5px }, size: Size { 459px × 637.5px } } line_height=Some(18px) visible=Some(83..121)
gitturtle.scroll kind=split_paint time_us=16634900 window=WindowId(1v1) editors=[EntityId(106v1), EntityId(108v1)] before_offset=Point { x: 0px, y: -1499.2031px } after_offset=Point { x: 0px, y: -1499.2031px } before_text=Some(Bounds { origin: Point { x: 132px, y: -1235.7031px }, size: Size { 459px × 637.5px } }) after_text=Some(Bounds { origin: Point { x: 669px, y: -1235.7031px }, size: Size { 459px × 637.5px } }) before_visible=Some(83..121) after_visible=Some(83..121)
gitturtle.scroll kind=input time_us=16643730 editor=EntityId(106v1) label="Read-only Before source" area=code delta=Point { x: 0px, y: -21.796875px } before=Point { x: 0px, y: -1499.2031px }
gitturtle.scroll kind=split_link time_us=16643779 source=EntityId(106v1) target=EntityId(108v1) applied=Point { x: 0px, y: -1499.2031px } requested=Point { x: 0px, y: -1521px }
gitturtle.scroll kind=input time_us=16667904 editor=EntityId(106v1) label="Read-only Before source" area=code delta=Point { x: 0px, y: -21.796875px } before=Point { x: 0px, y: -1521px }
gitturtle.scroll kind=split_link time_us=16667979 source=EntityId(106v1) target=EntityId(108v1) applied=Point { x: 0px, y: -1521px } requested=Point { x: 0px, y: -1542.7969px }
gitturtle.scroll kind=input time_us=16668021 editor=EntityId(106v1) label="Read-only Before source" area=code delta=Point { x: 0px, y: -21.796875px } before=Point { x: 0px, y: -1542.7969px }
gitturtle.scroll kind=split_link time_us=16668048 source=EntityId(106v1) target=EntityId(108v1) applied=Point { x: 0px, y: -1542.7969px } requested=Point { x: 0px, y: -1564.5938px }
gitturtle.scroll kind=editor_paint time_us=16678182 window=WindowId(1v1) editor=EntityId(106v1) label="Read-only Before source" scale=2 offset=Point { x: 0px, y: -1564.5938px } text=Some(Bounds { origin: Point { x: 132px, y: -1301.0938px }, size: Size { 459px × 637.5px } }) input=Bounds { origin: Point { x: 132px, y: 263.5px }, size: Size { 459px × 637.5px } } line_height=Some(18px) visible=Some(86..125)
gitturtle.scroll kind=editor_paint time_us=16678647 window=WindowId(1v1) editor=EntityId(108v1) label="Read-only After source" scale=2 offset=Point { x: 0px, y: -1564.5938px } text=Some(Bounds { origin: Point { x: 669px, y: -1301.0938px }, size: Size { 459px × 637.5px } }) input=Bounds { origin: Point { x: 669px, y: 263.5px }, size: Size { 459px × 637.5px } } line_height=Some(18px) visible=Some(86..125)
gitturtle.scroll kind=split_paint time_us=16678725 window=WindowId(1v1) editors=[EntityId(106v1), EntityId(108v1)] before_offset=Point { x: 0px, y: -1564.5938px } after_offset=Point { x: 0px, y: -1564.5938px } before_text=Some(Bounds { origin: Point { x: 132px, y: -1301.0938px }, size: Size { 459px × 637.5px } }) after_text=Some(Bounds { origin: Point { x: 669px, y: -1301.0938px }, size: Size { 459px × 637.5px } }) before_visible=Some(86..125) after_visible=Some(86..125)
gitturtle.scroll kind=input time_us=16686676 editor=EntityId(106v1) label="Read-only Before source" area=code delta=Point { x: 0px, y: -21.796875px } before=Point { x: 0px, y: -1564.5938px }
gitturtle.scroll kind=split_link time_us=16686723 source=EntityId(106v1) target=EntityId(108v1) applied=Point { x: 0px, y: -1564.5938px } requested=Point { x: 0px, y: -1586.3906px }
gitturtle.scroll kind=input time_us=16710476 editor=EntityId(106v1) label="Read-only Before source" area=code delta=Point { x: 0px, y: -21.796875px } before=Point { x: 0px, y: -1586.3906px }
gitturtle.scroll kind=split_link time_us=16710561 source=EntityId(106v1) target=EntityId(108v1) applied=Point { x: 0px, y: -1586.3906px } requested=Point { x: 0px, y: -1608.1875px }
gitturtle.scroll kind=editor_paint time_us=16719782 window=WindowId(1v1) editor=EntityId(106v1) label="Read-only Before source" scale=2 offset=Point { x: 0px, y: -1608.1875px } text=Some(Bounds { origin: Point { x: 132px, y: -1344.6875px }, size: Size { 459px × 637.5px } }) input=Bounds { origin: Point { x: 132px, y: 263.5px }, size: Size { 459px × 637.5px } } line_height=Some(18px) visible=Some(89..127)
gitturtle.scroll kind=editor_paint time_us=16720160 window=WindowId(1v1) editor=EntityId(108v1) label="Read-only After source" scale=2 offset=Point { x: 0px, y: -1608.1875px } text=Some(Bounds { origin: Point { x: 669px, y: -1344.6875px }, size: Size { 459px × 637.5px } }) input=Bounds { origin: Point { x: 669px, y: 263.5px }, size: Size { 459px × 637.5px } } line_height=Some(18px) visible=Some(89..127)
gitturtle.scroll kind=split_paint time_us=16720233 window=WindowId(1v1) editors=[EntityId(106v1), EntityId(108v1)] before_offset=Point { x: 0px, y: -1608.1875px } after_offset=Point { x: 0px, y: -1608.1875px } before_text=Some(Bounds { origin: Point { x: 132px, y: -1344.6875px }, size: Size { 459px × 637.5px } }) after_text=Some(Bounds { origin: Point { x: 669px, y: -1344.6875px }, size: Size { 459px × 637.5px } }) before_visible=Some(89..127) after_visible=Some(89..127)
gitturtle.scroll kind=input time_us=16729648 editor=EntityId(106v1) label="Read-only Before source" area=code delta=Point { x: 0px, y: -21.796875px } before=Point { x: 0px, y: -1608.1875px }
gitturtle.scroll kind=split_link time_us=16729696 source=EntityId(106v1) target=EntityId(108v1) applied=Point { x: 0px, y: -1608.1875px } requested=Point { x: 0px, y: -1629.9844px }
gitturtle.scroll kind=editor_paint time_us=16743428 window=WindowId(1v1) editor=EntityId(106v1) label="Read-only Before source" scale=2 offset=Point { x: 0px, y: -1629.9844px } text=Some(Bounds { origin: Point { x: 132px, y: -1366.4844px }, size: Size { 459px × 637.5px } }) input=Bounds { origin: Point { x: 132px, y: 263.5px }, size: Size { 459px × 637.5px } } line_height=Some(18px) visible=Some(90..128)
gitturtle.scroll kind=editor_paint time_us=16743797 window=WindowId(1v1) editor=EntityId(108v1) label="Read-only After source" scale=2 offset=Point { x: 0px, y: -1629.9844px } text=Some(Bounds { origin: Point { x: 669px, y: -1366.4844px }, size: Size { 459px × 637.5px } }) input=Bounds { origin: Point { x: 669px, y: 263.5px }, size: Size { 459px × 637.5px } } line_height=Some(18px) visible=Some(90..128)
gitturtle.scroll kind=split_paint time_us=16743871 window=WindowId(1v1) editors=[EntityId(106v1), EntityId(108v1)] before_offset=Point { x: 0px, y: -1629.9844px } after_offset=Point { x: 0px, y: -1629.9844px } before_text=Some(Bounds { origin: Point { x: 132px, y: -1366.4844px }, size: Size { 459px × 637.5px } }) after_text=Some(Bounds { origin: Point { x: 669px, y: -1366.4844px }, size: Size { 459px × 637.5px } }) before_visible=Some(90..128) after_visible=Some(90..128)
gitturtle.scroll kind=input time_us=16753526 editor=EntityId(106v1) label="Read-only Before source" area=code delta=Point { x: 0px, y: -21.796875px } before=Point { x: 0px, y: -1629.9844px }
gitturtle.scroll kind=split_link time_us=16753570 source=EntityId(106v1) target=EntityId(108v1) applied=Point { x: 0px, y: -1629.9844px } requested=Point { x: 0px, y: -1651.7813px }
gitturtle.scroll kind=input time_us=16753641 editor=EntityId(106v1) label="Read-only Before source" area=code delta=Point { x: 0px, y: -21.796875px } before=Point { x: 0px, y: -1651.7813px }
gitturtle.scroll kind=split_link time_us=16753657 source=EntityId(106v1) target=EntityId(108v1) applied=Point { x: 0px, y: -1651.7813px } requested=Point { x: 0px, y: -1673.5781px }
gitturtle.scroll kind=editor_paint time_us=16767192 window=WindowId(1v1) editor=EntityId(106v1) label="Read-only Before source" scale=2 offset=Point { x: 0px, y: -1673.5781px } text=Some(Bounds { origin: Point { x: 132px, y: -1410.0781px }, size: Size { 459px × 637.5px } }) input=Bounds { origin: Point { x: 132px, y: 263.5px }, size: Size { 459px × 637.5px } } line_height=Some(18px) visible=Some(92..131)
gitturtle.scroll kind=editor_paint time_us=16767583 window=WindowId(1v1) editor=EntityId(108v1) label="Read-only After source" scale=2 offset=Point { x: 0px, y: -1673.5781px } text=Some(Bounds { origin: Point { x: 669px, y: -1410.0781px }, size: Size { 459px × 637.5px } }) input=Bounds { origin: Point { x: 669px, y: 263.5px }, size: Size { 459px × 637.5px } } line_height=Some(18px) visible=Some(92..131)
gitturtle.scroll kind=split_paint time_us=16767656 window=WindowId(1v1) editors=[EntityId(106v1), EntityId(108v1)] before_offset=Point { x: 0px, y: -1673.5781px } after_offset=Point { x: 0px, y: -1673.5781px } before_text=Some(Bounds { origin: Point { x: 132px, y: -1410.0781px }, size: Size { 459px × 637.5px } }) after_text=Some(Bounds { origin: Point { x: 669px, y: -1410.0781px }, size: Size { 459px × 637.5px } }) before_visible=Some(92..131) after_visible=Some(92..131)
gitturtle.scroll kind=input time_us=16777121 editor=EntityId(106v1) label="Read-only Before source" area=code delta=Point { x: 0px, y: -21.796875px } before=Point { x: 0px, y: -1673.5781px }
gitturtle.scroll kind=split_link time_us=16777166 source=EntityId(106v1) target=EntityId(108v1) applied=Point { x: 0px, y: -1673.5781px } requested=Point { x: 0px, y: -1695.375px }
gitturtle.scroll kind=editor_paint time_us=16790672 window=WindowId(1v1) editor=EntityId(106v1) label="Read-only Before source" scale=2 offset=Point { x: 0px, y: -1695.375px } text=Some(Bounds { origin: Point { x: 132px, y: -1431.875px }, size: Size { 459px × 637.5px } }) input=Bounds { origin: Point { x: 132px, y: 263.5px }, size: Size { 459px × 637.5px } } line_height=Some(18px) visible=Some(94..132)
gitturtle.scroll kind=editor_paint time_us=16791031 window=WindowId(1v1) editor=EntityId(108v1) label="Read-only After source" scale=2 offset=Point { x: 0px, y: -1695.375px } text=Some(Bounds { origin: Point { x: 669px, y: -1431.875px }, size: Size { 459px × 637.5px } }) input=Bounds { origin: Point { x: 669px, y: 263.5px }, size: Size { 459px × 637.5px } } line_height=Some(18px) visible=Some(94..132)
gitturtle.scroll kind=split_paint time_us=16791105 window=WindowId(1v1) editors=[EntityId(106v1), EntityId(108v1)] before_offset=Point { x: 0px, y: -1695.375px } after_offset=Point { x: 0px, y: -1695.375px } before_text=Some(Bounds { origin: Point { x: 132px, y: -1431.875px }, size: Size { 459px × 637.5px } }) after_text=Some(Bounds { origin: Point { x: 669px, y: -1431.875px }, size: Size { 459px × 637.5px } }) before_visible=Some(94..132) after_visible=Some(94..132)
gitturtle.scroll kind=input time_us=16801109 editor=EntityId(106v1) label="Read-only Before source" area=code delta=Point { x: 0px, y: -21.796875px } before=Point { x: 0px, y: -1695.375px }
gitturtle.scroll kind=split_link time_us=16801156 source=EntityId(106v1) target=EntityId(108v1) applied=Point { x: 0px, y: -1695.375px } requested=Point { x: 0px, y: -1717.1719px }
gitturtle.scroll kind=input time_us=16825198 editor=EntityId(106v1) label="Read-only Before source" area=code delta=Point { x: 0px, y: -21.796875px } before=Point { x: 0px, y: -1717.1719px }
gitturtle.scroll kind=split_link time_us=16825254 source=EntityId(106v1) target=EntityId(108v1) applied=Point { x: 0px, y: -1717.1719px } requested=Point { x: 0px, y: -1738.9688px }
gitturtle.scroll kind=input time_us=16825289 editor=EntityId(106v1) label="Read-only Before source" area=code delta=Point { x: 0px, y: -21.796875px } before=Point { x: 0px, y: -1738.9688px }
gitturtle.scroll kind=split_link time_us=16825309 source=EntityId(106v1) target=EntityId(108v1) applied=Point { x: 0px, y: -1738.9688px } requested=Point { x: 0px, y: -1760.7656px }
gitturtle.scroll kind=editor_paint time_us=16834189 window=WindowId(1v1) editor=EntityId(106v1) label="Read-only Before source" scale=2 offset=Point { x: 0px, y: -1760.7656px } text=Some(Bounds { origin: Point { x: 132px, y: -1497.2656px }, size: Size { 459px × 637.5px } }) input=Bounds { origin: Point { x: 132px, y: 263.5px }, size: Size { 459px × 637.5px } } line_height=Some(18px) visible=Some(97..136)
gitturtle.scroll kind=editor_paint time_us=16834577 window=WindowId(1v1) editor=EntityId(108v1) label="Read-only After source" scale=2 offset=Point { x: 0px, y: -1760.7656px } text=Some(Bounds { origin: Point { x: 669px, y: -1497.2656px }, size: Size { 459px × 637.5px } }) input=Bounds { origin: Point { x: 669px, y: 263.5px }, size: Size { 459px × 637.5px } } line_height=Some(18px) visible=Some(97..136)
gitturtle.scroll kind=split_paint time_us=16834648 window=WindowId(1v1) editors=[EntityId(106v1), EntityId(108v1)] before_offset=Point { x: 0px, y: -1760.7656px } after_offset=Point { x: 0px, y: -1760.7656px } before_text=Some(Bounds { origin: Point { x: 132px, y: -1497.2656px }, size: Size { 459px × 637.5px } }) after_text=Some(Bounds { origin: Point { x: 669px, y: -1497.2656px }, size: Size { 459px × 637.5px } }) before_visible=Some(97..136) after_visible=Some(97..136)
gitturtle.scroll kind=input time_us=16843369 editor=EntityId(106v1) label="Read-only Before source" area=code delta=Point { x: 0px, y: -21.796875px } before=Point { x: 0px, y: -1760.7656px }
gitturtle.scroll kind=split_link time_us=16843417 source=EntityId(106v1) target=EntityId(108v1) applied=Point { x: 0px, y: -1760.7656px } requested=Point { x: 0px, y: -1782.5625px }
gitturtle.scroll kind=editor_paint time_us=16875369 window=WindowId(1v1) editor=EntityId(106v1) label="Read-only Before source" scale=2 offset=Point { x: 0px, y: -1782.5625px } text=Some(Bounds { origin: Point { x: 132px, y: -1519.0625px }, size: Size { 459px × 637.5px } }) input=Bounds { origin: Point { x: 132px, y: 263.5px }, size: Size { 459px × 637.5px } } line_height=Some(18px) visible=Some(99..137)
gitturtle.scroll kind=editor_paint time_us=16875736 window=WindowId(1v1) editor=EntityId(108v1) label="Read-only After source" scale=2 offset=Point { x: 0px, y: -1782.5625px } text=Some(Bounds { origin: Point { x: 669px, y: -1519.0625px }, size: Size { 459px × 637.5px } }) input=Bounds { origin: Point { x: 669px, y: 263.5px }, size: Size { 459px × 637.5px } } line_height=Some(18px) visible=Some(99..137)
gitturtle.scroll kind=split_paint time_us=16875815 window=WindowId(1v1) editors=[EntityId(106v1), EntityId(108v1)] before_offset=Point { x: 0px, y: -1782.5625px } after_offset=Point { x: 0px, y: -1782.5625px } before_text=Some(Bounds { origin: Point { x: 132px, y: -1519.0625px }, size: Size { 459px × 637.5px } }) after_text=Some(Bounds { origin: Point { x: 669px, y: -1519.0625px }, size: Size { 459px × 637.5px } }) before_visible=Some(99..137) after_visible=Some(99..137)
gitturtle.scroll kind=input time_us=16879085 editor=EntityId(106v1) label="Read-only Before source" area=code delta=Point { x: 0px, y: -21.796875px } before=Point { x: 0px, y: -1782.5625px }
gitturtle.scroll kind=split_link time_us=16879124 source=EntityId(106v1) target=EntityId(108v1) applied=Point { x: 0px, y: -1782.5625px } requested=Point { x: 0px, y: -1804.3594px }
gitturtle.scroll kind=input time_us=16884502 editor=EntityId(106v1) label="Read-only Before source" area=code delta=Point { x: 0px, y: -21.796875px } before=Point { x: 0px, y: -1804.3594px }
gitturtle.scroll kind=split_link time_us=16884540 source=EntityId(106v1) target=EntityId(108v1) applied=Point { x: 0px, y: -1804.3594px } requested=Point { x: 0px, y: -1826.1563px }
gitturtle.scroll kind=editor_paint time_us=16916718 window=WindowId(1v1) editor=EntityId(106v1) label="Read-only Before source" scale=2 offset=Point { x: 0px, y: -1826.1563px } text=Some(Bounds { origin: Point { x: 132px, y: -1562.6563px }, size: Size { 459px × 637.5px } }) input=Bounds { origin: Point { x: 132px, y: 263.5px }, size: Size { 459px × 637.5px } } line_height=Some(18px) visible=Some(101..139)
gitturtle.scroll kind=editor_paint time_us=16917103 window=WindowId(1v1) editor=EntityId(108v1) label="Read-only After source" scale=2 offset=Point { x: 0px, y: -1826.1563px } text=Some(Bounds { origin: Point { x: 669px, y: -1562.6563px }, size: Size { 459px × 637.5px } }) input=Bounds { origin: Point { x: 669px, y: 263.5px }, size: Size { 459px × 637.5px } } line_height=Some(18px) visible=Some(101..139)
gitturtle.scroll kind=split_paint time_us=16917193 window=WindowId(1v1) editors=[EntityId(106v1), EntityId(108v1)] before_offset=Point { x: 0px, y: -1826.1563px } after_offset=Point { x: 0px, y: -1826.1563px } before_text=Some(Bounds { origin: Point { x: 132px, y: -1562.6563px }, size: Size { 459px × 637.5px } }) after_text=Some(Bounds { origin: Point { x: 669px, y: -1562.6563px }, size: Size { 459px × 637.5px } }) before_visible=Some(101..139) after_visible=Some(101..139)
gitturtle.scroll kind=input time_us=16920530 editor=EntityId(106v1) label="Read-only Before source" area=code delta=Point { x: 0px, y: -21.796875px } before=Point { x: 0px, y: -1826.1563px }
gitturtle.scroll kind=split_link time_us=16920571 source=EntityId(106v1) target=EntityId(108v1) applied=Point { x: 0px, y: -1826.1563px } requested=Point { x: 0px, y: -1847.9531px }
gitturtle.scroll kind=input time_us=16920597 editor=EntityId(106v1) label="Read-only Before source" area=code delta=Point { x: 0px, y: -21.796875px } before=Point { x: 0px, y: -1847.9531px }
gitturtle.scroll kind=split_link time_us=16920612 source=EntityId(106v1) target=EntityId(108v1) applied=Point { x: 0px, y: -1847.9531px } requested=Point { x: 0px, y: -1869.75px }
gitturtle.scroll kind=input time_us=16926093 editor=EntityId(106v1) label="Read-only Before source" area=code delta=Point { x: 0px, y: -21.796875px } before=Point { x: 0px, y: -1869.75px }
gitturtle.scroll kind=split_link time_us=16926131 source=EntityId(106v1) target=EntityId(108v1) applied=Point { x: 0px, y: -1869.75px } requested=Point { x: 0px, y: -1891.5469px }
gitturtle.scroll kind=input time_us=16949972 editor=EntityId(106v1) label="Read-only Before source" area=code delta=Point { x: 0px, y: -21.796875px } before=Point { x: 0px, y: -1891.5469px }
gitturtle.scroll kind=split_link time_us=16950043 source=EntityId(106v1) target=EntityId(108v1) applied=Point { x: 0px, y: -1891.5469px } requested=Point { x: 0px, y: -1913.3438px }
gitturtle.scroll kind=editor_paint time_us=16959652 window=WindowId(1v1) editor=EntityId(106v1) label="Read-only Before source" scale=2 offset=Point { x: 0px, y: -1913.3438px } text=Some(Bounds { origin: Point { x: 132px, y: -1649.8438px }, size: Size { 459px × 637.5px } }) input=Bounds { origin: Point { x: 132px, y: 263.5px }, size: Size { 459px × 637.5px } } line_height=Some(18px) visible=Some(106..144)
gitturtle.scroll kind=editor_paint time_us=16960087 window=WindowId(1v1) editor=EntityId(108v1) label="Read-only After source" scale=2 offset=Point { x: 0px, y: -1913.3438px } text=Some(Bounds { origin: Point { x: 669px, y: -1649.8438px }, size: Size { 459px × 637.5px } }) input=Bounds { origin: Point { x: 669px, y: 263.5px }, size: Size { 459px × 637.5px } } line_height=Some(18px) visible=Some(106..144)
gitturtle.scroll kind=split_paint time_us=16960165 window=WindowId(1v1) editors=[EntityId(106v1), EntityId(108v1)] before_offset=Point { x: 0px, y: -1913.3438px } after_offset=Point { x: 0px, y: -1913.3438px } before_text=Some(Bounds { origin: Point { x: 132px, y: -1649.8438px }, size: Size { 459px × 637.5px } }) after_text=Some(Bounds { origin: Point { x: 669px, y: -1649.8438px }, size: Size { 459px × 637.5px } }) before_visible=Some(106..144) after_visible=Some(106..144)
gitturtle.scroll kind=input time_us=16968220 editor=EntityId(106v1) label="Read-only Before source" area=code delta=Point { x: 0px, y: -21.796875px } before=Point { x: 0px, y: -1913.3438px }
gitturtle.scroll kind=split_link time_us=16968270 source=EntityId(106v1) target=EntityId(108v1) applied=Point { x: 0px, y: -1913.3438px } requested=Point { x: 0px, y: -1935.1406px }
gitturtle.scroll kind=editor_paint time_us=17001079 window=WindowId(1v1) editor=EntityId(106v1) label="Read-only Before source" scale=2 offset=Point { x: 0px, y: -1935.1406px } text=Some(Bounds { origin: Point { x: 132px, y: -1671.6406px }, size: Size { 459px × 637.5px } }) input=Bounds { origin: Point { x: 132px, y: 263.5px }, size: Size { 459px × 637.5px } } line_height=Some(18px) visible=Some(107..145)
gitturtle.scroll kind=editor_paint time_us=17001554 window=WindowId(1v1) editor=EntityId(108v1) label="Read-only After source" scale=2 offset=Point { x: 0px, y: -1935.1406px } text=Some(Bounds { origin: Point { x: 669px, y: -1671.6406px }, size: Size { 459px × 637.5px } }) input=Bounds { origin: Point { x: 669px, y: 263.5px }, size: Size { 459px × 637.5px } } line_height=Some(18px) visible=Some(107..145)
gitturtle.scroll kind=split_paint time_us=17001631 window=WindowId(1v1) editors=[EntityId(106v1), EntityId(108v1)] before_offset=Point { x: 0px, y: -1935.1406px } after_offset=Point { x: 0px, y: -1935.1406px } before_text=Some(Bounds { origin: Point { x: 132px, y: -1671.6406px }, size: Size { 459px × 637.5px } }) after_text=Some(Bounds { origin: Point { x: 669px, y: -1671.6406px }, size: Size { 459px × 637.5px } }) before_visible=Some(107..145) after_visible=Some(107..145)
gitturtle.scroll kind=input time_us=17004947 editor=EntityId(106v1) label="Read-only Before source" area=code delta=Point { x: 0px, y: -21.796875px } before=Point { x: 0px, y: -1935.1406px }
gitturtle.scroll kind=split_link time_us=17004993 source=EntityId(106v1) target=EntityId(108v1) applied=Point { x: 0px, y: -1935.1406px } requested=Point { x: 0px, y: -1956.9375px }
gitturtle.scroll kind=input time_us=17009677 editor=EntityId(106v1) label="Read-only Before source" area=code delta=Point { x: 0px, y: -21.796875px } before=Point { x: 0px, y: -1956.9375px }
gitturtle.scroll kind=split_link time_us=17009714 source=EntityId(106v1) target=EntityId(108v1) applied=Point { x: 0px, y: -1956.9375px } requested=Point { x: 0px, y: -1978.7344px }
gitturtle.scroll kind=input time_us=17010353 editor=EntityId(106v1) label="Read-only Before source" area=code delta=Point { x: 0px, y: -21.796875px } before=Point { x: 0px, y: -1978.7344px }
gitturtle.scroll kind=split_link time_us=17010380 source=EntityId(106v1) target=EntityId(108v1) applied=Point { x: 0px, y: -1978.7344px } requested=Point { x: 0px, y: -2000.5313px }
gitturtle.scroll kind=editor_paint time_us=17042036 window=WindowId(1v1) editor=EntityId(106v1) label="Read-only Before source" scale=2 offset=Point { x: 0px, y: -2000.5313px } text=Some(Bounds { origin: Point { x: 132px, y: -1737.0313px }, size: Size { 459px × 637.5px } }) input=Bounds { origin: Point { x: 132px, y: 263.5px }, size: Size { 459px × 637.5px } } line_height=Some(18px) visible=Some(111..149)
gitturtle.scroll kind=editor_paint time_us=17042446 window=WindowId(1v1) editor=EntityId(108v1) label="Read-only After source" scale=2 offset=Point { x: 0px, y: -2000.5313px } text=Some(Bounds { origin: Point { x: 669px, y: -1737.0313px }, size: Size { 459px × 637.5px } }) input=Bounds { origin: Point { x: 669px, y: 263.5px }, size: Size { 459px × 637.5px } } line_height=Some(18px) visible=Some(111..149)
gitturtle.scroll kind=split_paint time_us=17042526 window=WindowId(1v1) editors=[EntityId(106v1), EntityId(108v1)] before_offset=Point { x: 0px, y: -2000.5313px } after_offset=Point { x: 0px, y: -2000.5313px } before_text=Some(Bounds { origin: Point { x: 132px, y: -1737.0313px }, size: Size { 459px × 637.5px } }) after_text=Some(Bounds { origin: Point { x: 669px, y: -1737.0313px }, size: Size { 459px × 637.5px } }) before_visible=Some(111..149) after_visible=Some(111..149)
gitturtle.scroll kind=input time_us=17046532 editor=EntityId(106v1) label="Read-only Before source" area=code delta=Point { x: 0px, y: -21.796875px } before=Point { x: 0px, y: -2000.5313px }
gitturtle.scroll kind=split_link time_us=17046601 source=EntityId(106v1) target=EntityId(108v1) applied=Point { x: 0px, y: -2000.5313px } requested=Point { x: 0px, y: -2022.3281px }
gitturtle.scroll kind=input time_us=17051822 editor=EntityId(106v1) label="Read-only Before source" area=code delta=Point { x: 0px, y: -21.796875px } before=Point { x: 0px, y: -2022.3281px }
gitturtle.scroll kind=split_link time_us=17051869 source=EntityId(106v1) target=EntityId(108v1) applied=Point { x: 0px, y: -2022.3281px } requested=Point { x: 0px, y: -2044.125px }
gitturtle.scroll kind=editor_paint time_us=17084817 window=WindowId(1v1) editor=EntityId(106v1) label="Read-only Before source" scale=2 offset=Point { x: 0px, y: -2044.125px } text=Some(Bounds { origin: Point { x: 132px, y: -1780.625px }, size: Size { 459px × 637.5px } }) input=Bounds { origin: Point { x: 132px, y: 263.5px }, size: Size { 459px × 637.5px } } line_height=Some(18px) visible=Some(113..151)
gitturtle.scroll kind=editor_paint time_us=17085196 window=WindowId(1v1) editor=EntityId(108v1) label="Read-only After source" scale=2 offset=Point { x: 0px, y: -2044.125px } text=Some(Bounds { origin: Point { x: 669px, y: -1780.625px }, size: Size { 459px × 637.5px } }) input=Bounds { origin: Point { x: 669px, y: 263.5px }, size: Size { 459px × 637.5px } } line_height=Some(18px) visible=Some(113..151)
gitturtle.scroll kind=split_paint time_us=17085267 window=WindowId(1v1) editors=[EntityId(106v1), EntityId(108v1)] before_offset=Point { x: 0px, y: -2044.125px } after_offset=Point { x: 0px, y: -2044.125px } before_text=Some(Bounds { origin: Point { x: 132px, y: -1780.625px }, size: Size { 459px × 637.5px } }) after_text=Some(Bounds { origin: Point { x: 669px, y: -1780.625px }, size: Size { 459px × 637.5px } }) before_visible=Some(113..151) after_visible=Some(113..151)
gitturtle.scroll kind=input time_us=17088607 editor=EntityId(106v1) label="Read-only Before source" area=code delta=Point { x: 0px, y: -21.796875px } before=Point { x: 0px, y: -2044.125px }
gitturtle.scroll kind=split_link time_us=17088659 source=EntityId(106v1) target=EntityId(108v1) applied=Point { x: 0px, y: -2044.125px } requested=Point { x: 0px, y: -2065.9219px }
gitturtle.scroll kind=input time_us=17093757 editor=EntityId(106v1) label="Read-only Before source" area=code delta=Point { x: 0px, y: -21.796875px } before=Point { x: 0px, y: -2065.9219px }
gitturtle.scroll kind=split_link time_us=17093787 source=EntityId(106v1) target=EntityId(108v1) applied=Point { x: 0px, y: -2065.9219px } requested=Point { x: 0px, y: -2087.7188px }
gitturtle.scroll kind=input time_us=17117493 editor=EntityId(106v1) label="Read-only Before source" area=code delta=Point { x: 0px, y: -21.796875px } before=Point { x: 0px, y: -2087.7188px }
gitturtle.scroll kind=split_link time_us=17117560 source=EntityId(106v1) target=EntityId(108v1) applied=Point { x: 0px, y: -2087.7188px } requested=Point { x: 0px, y: -2109.5156px }
gitturtle.scroll kind=input time_us=17117592 editor=EntityId(106v1) label="Read-only Before source" area=code delta=Point { x: 0px, y: -21.796875px } before=Point { x: 0px, y: -2109.5156px }
gitturtle.scroll kind=split_link time_us=17117610 source=EntityId(106v1) target=EntityId(108v1) applied=Point { x: 0px, y: -2109.5156px } requested=Point { x: 0px, y: -2131.3125px }
gitturtle.scroll kind=editor_paint time_us=17126508 window=WindowId(1v1) editor=EntityId(106v1) label="Read-only Before source" scale=2 offset=Point { x: 0px, y: -2131.3125px } text=Some(Bounds { origin: Point { x: 132px, y: -1867.8125px }, size: Size { 459px × 637.5px } }) input=Bounds { origin: Point { x: 132px, y: 263.5px }, size: Size { 459px × 637.5px } } line_height=Some(18px) visible=Some(118..156)
gitturtle.scroll kind=editor_paint time_us=17126882 window=WindowId(1v1) editor=EntityId(108v1) label="Read-only After source" scale=2 offset=Point { x: 0px, y: -2131.3125px } text=Some(Bounds { origin: Point { x: 669px, y: -1867.8125px }, size: Size { 459px × 637.5px } }) input=Bounds { origin: Point { x: 669px, y: 263.5px }, size: Size { 459px × 637.5px } } line_height=Some(18px) visible=Some(118..156)
gitturtle.scroll kind=split_paint time_us=17126956 window=WindowId(1v1) editors=[EntityId(106v1), EntityId(108v1)] before_offset=Point { x: 0px, y: -2131.3125px } after_offset=Point { x: 0px, y: -2131.3125px } before_text=Some(Bounds { origin: Point { x: 132px, y: -1867.8125px }, size: Size { 459px × 637.5px } }) after_text=Some(Bounds { origin: Point { x: 669px, y: -1867.8125px }, size: Size { 459px × 637.5px } }) before_visible=Some(118..156) after_visible=Some(118..156)
gitturtle.scroll kind=input time_us=17135396 editor=EntityId(106v1) label="Read-only Before source" area=code delta=Point { x: 0px, y: -21.796875px } before=Point { x: 0px, y: -2131.3125px }
gitturtle.scroll kind=split_link time_us=17135445 source=EntityId(106v1) target=EntityId(108v1) applied=Point { x: 0px, y: -2131.3125px } requested=Point { x: 0px, y: -2153.1094px }
gitturtle.scroll kind=input time_us=17158183 editor=EntityId(106v1) label="Read-only Before source" area=code delta=Point { x: 0px, y: -21.796875px } before=Point { x: 0px, y: -2153.1094px }
gitturtle.scroll kind=split_link time_us=17158240 source=EntityId(106v1) target=EntityId(108v1) applied=Point { x: 0px, y: -2153.1094px } requested=Point { x: 0px, y: -2174.9063px }
gitturtle.scroll kind=editor_paint time_us=17167008 window=WindowId(1v1) editor=EntityId(106v1) label="Read-only Before source" scale=2 offset=Point { x: 0px, y: -2174.9063px } text=Some(Bounds { origin: Point { x: 132px, y: -1911.4063px }, size: Size { 459px × 637.5px } }) input=Bounds { origin: Point { x: 132px, y: 263.5px }, size: Size { 459px × 637.5px } } line_height=Some(18px) visible=Some(120..159)
gitturtle.scroll kind=editor_paint time_us=17167393 window=WindowId(1v1) editor=EntityId(108v1) label="Read-only After source" scale=2 offset=Point { x: 0px, y: -2174.9063px } text=Some(Bounds { origin: Point { x: 669px, y: -1911.4063px }, size: Size { 459px × 637.5px } }) input=Bounds { origin: Point { x: 669px, y: 263.5px }, size: Size { 459px × 637.5px } } line_height=Some(18px) visible=Some(120..159)
gitturtle.scroll kind=split_paint time_us=17167466 window=WindowId(1v1) editors=[EntityId(106v1), EntityId(108v1)] before_offset=Point { x: 0px, y: -2174.9063px } after_offset=Point { x: 0px, y: -2174.9063px } before_text=Some(Bounds { origin: Point { x: 132px, y: -1911.4063px }, size: Size { 459px × 637.5px } }) after_text=Some(Bounds { origin: Point { x: 669px, y: -1911.4063px }, size: Size { 459px × 637.5px } }) before_visible=Some(120..159) after_visible=Some(120..159)
gitturtle.scroll kind=input time_us=17176829 editor=EntityId(106v1) label="Read-only Before source" area=code delta=Point { x: 0px, y: -21.796875px } before=Point { x: 0px, y: -2174.9063px }
gitturtle.scroll kind=split_link time_us=17176878 source=EntityId(106v1) target=EntityId(108v1) applied=Point { x: 0px, y: -2174.9063px } requested=Point { x: 0px, y: -2196.7031px }
gitturtle.scroll kind=input time_us=17200969 editor=EntityId(106v1) label="Read-only Before source" area=code delta=Point { x: 0px, y: -21.796875px } before=Point { x: 0px, y: -2196.7031px }
gitturtle.scroll kind=split_link time_us=17201026 source=EntityId(106v1) target=EntityId(108v1) applied=Point { x: 0px, y: -2196.7031px } requested=Point { x: 0px, y: -2218.5px }
gitturtle.scroll kind=input time_us=17201055 editor=EntityId(106v1) label="Read-only Before source" area=code delta=Point { x: 0px, y: -21.796875px } before=Point { x: 0px, y: -2218.5px }
gitturtle.scroll kind=split_link time_us=17201074 source=EntityId(106v1) target=EntityId(108v1) applied=Point { x: 0px, y: -2218.5px } requested=Point { x: 0px, y: -2240.2969px }
gitturtle.scroll kind=editor_paint time_us=17210682 window=WindowId(1v1) editor=EntityId(106v1) label="Read-only Before source" scale=2 offset=Point { x: 0px, y: -2240.2969px } text=Some(Bounds { origin: Point { x: 132px, y: -1976.7969px }, size: Size { 459px × 637.5px } }) input=Bounds { origin: Point { x: 132px, y: 263.5px }, size: Size { 459px × 637.5px } } line_height=Some(18px) visible=Some(124..162)
gitturtle.scroll kind=editor_paint time_us=17211059 window=WindowId(1v1) editor=EntityId(108v1) label="Read-only After source" scale=2 offset=Point { x: 0px, y: -2240.2969px } text=Some(Bounds { origin: Point { x: 669px, y: -1976.7969px }, size: Size { 459px × 637.5px } }) input=Bounds { origin: Point { x: 669px, y: 263.5px }, size: Size { 459px × 637.5px } } line_height=Some(18px) visible=Some(124..162)
gitturtle.scroll kind=split_paint time_us=17211147 window=WindowId(1v1) editors=[EntityId(106v1), EntityId(108v1)] before_offset=Point { x: 0px, y: -2240.2969px } after_offset=Point { x: 0px, y: -2240.2969px } before_text=Some(Bounds { origin: Point { x: 132px, y: -1976.7969px }, size: Size { 459px × 637.5px } }) after_text=Some(Bounds { origin: Point { x: 669px, y: -1976.7969px }, size: Size { 459px × 637.5px } }) before_visible=Some(124..162) after_visible=Some(124..162)
gitturtle.scroll kind=input time_us=17220243 editor=EntityId(106v1) label="Read-only Before source" area=code delta=Point { x: 0px, y: -21.796875px } before=Point { x: 0px, y: -2240.2969px }
gitturtle.scroll kind=split_link time_us=17220291 source=EntityId(106v1) target=EntityId(108v1) applied=Point { x: 0px, y: -2240.2969px } requested=Point { x: 0px, y: -2262.0938px }
gitturtle.scroll kind=editor_paint time_us=17254954 window=WindowId(1v1) editor=EntityId(106v1) label="Read-only Before source" scale=2 offset=Point { x: 0px, y: -2262.0938px } text=Some(Bounds { origin: Point { x: 132px, y: -1998.5938px }, size: Size { 459px × 637.5px } }) input=Bounds { origin: Point { x: 132px, y: 263.5px }, size: Size { 459px × 637.5px } } line_height=Some(18px) visible=Some(125..164)
gitturtle.scroll kind=editor_paint time_us=17255337 window=WindowId(1v1) editor=EntityId(108v1) label="Read-only After source" scale=2 offset=Point { x: 0px, y: -2262.0938px } text=Some(Bounds { origin: Point { x: 669px, y: -1998.5938px }, size: Size { 459px × 637.5px } }) input=Bounds { origin: Point { x: 669px, y: 263.5px }, size: Size { 459px × 637.5px } } line_height=Some(18px) visible=Some(125..164)
gitturtle.scroll kind=split_paint time_us=17255410 window=WindowId(1v1) editors=[EntityId(106v1), EntityId(108v1)] before_offset=Point { x: 0px, y: -2262.0938px } after_offset=Point { x: 0px, y: -2262.0938px } before_text=Some(Bounds { origin: Point { x: 132px, y: -1998.5938px }, size: Size { 459px × 637.5px } }) after_text=Some(Bounds { origin: Point { x: 669px, y: -1998.5938px }, size: Size { 459px × 637.5px } }) before_visible=Some(125..164) after_visible=Some(125..164)
gitturtle.scroll kind=input time_us=17258745 editor=EntityId(106v1) label="Read-only Before source" area=code delta=Point { x: 0px, y: -21.796875px } before=Point { x: 0px, y: -2262.0938px }
gitturtle.scroll kind=split_link time_us=17258792 source=EntityId(106v1) target=EntityId(108v1) applied=Point { x: 0px, y: -2262.0938px } requested=Point { x: 0px, y: -2283.8906px }
gitturtle.scroll kind=input time_us=17264599 editor=EntityId(106v1) label="Read-only Before source" area=code delta=Point { x: 0px, y: -21.796875px } before=Point { x: 0px, y: -2283.8906px }
gitturtle.scroll kind=split_link time_us=17264631 source=EntityId(106v1) target=EntityId(108v1) applied=Point { x: 0px, y: -2283.8906px } requested=Point { x: 0px, y: -2305.6875px }
gitturtle.scroll kind=input time_us=17289532 editor=EntityId(106v1) label="Read-only Before source" area=code delta=Point { x: 0px, y: -21.796875px } before=Point { x: 0px, y: -2305.6875px }
gitturtle.scroll kind=split_link time_us=17289602 source=EntityId(106v1) target=EntityId(108v1) applied=Point { x: 0px, y: -2305.6875px } requested=Point { x: 0px, y: -2327.4844px }
gitturtle.scroll kind=input time_us=17289644 editor=EntityId(106v1) label="Read-only Before source" area=code delta=Point { x: 0px, y: -21.796875px } before=Point { x: 0px, y: -2327.4844px }
gitturtle.scroll kind=split_link time_us=17289671 source=EntityId(106v1) target=EntityId(108v1) applied=Point { x: 0px, y: -2327.4844px } requested=Point { x: 0px, y: -2349.2813px }
gitturtle.scroll kind=editor_paint time_us=17299268 window=WindowId(1v1) editor=EntityId(106v1) label="Read-only Before source" scale=2 offset=Point { x: 0px, y: -2349.2813px } text=Some(Bounds { origin: Point { x: 132px, y: -2085.7813px }, size: Size { 459px × 637.5px } }) input=Bounds { origin: Point { x: 132px, y: 263.5px }, size: Size { 459px × 637.5px } } line_height=Some(18px) visible=Some(130..168)
gitturtle.scroll kind=editor_paint time_us=17299635 window=WindowId(1v1) editor=EntityId(108v1) label="Read-only After source" scale=2 offset=Point { x: 0px, y: -2349.2813px } text=Some(Bounds { origin: Point { x: 669px, y: -2085.7813px }, size: Size { 459px × 637.5px } }) input=Bounds { origin: Point { x: 669px, y: 263.5px }, size: Size { 459px × 637.5px } } line_height=Some(18px) visible=Some(130..168)
gitturtle.scroll kind=split_paint time_us=17299720 window=WindowId(1v1) editors=[EntityId(106v1), EntityId(108v1)] before_offset=Point { x: 0px, y: -2349.2813px } after_offset=Point { x: 0px, y: -2349.2813px } before_text=Some(Bounds { origin: Point { x: 132px, y: -2085.7813px }, size: Size { 459px × 637.5px } }) after_text=Some(Bounds { origin: Point { x: 669px, y: -2085.7813px }, size: Size { 459px × 637.5px } }) before_visible=Some(130..168) after_visible=Some(130..168)
gitturtle.scroll kind=input time_us=17307102 editor=EntityId(106v1) label="Read-only Before source" area=code delta=Point { x: 0px, y: -21.796875px } before=Point { x: 0px, y: -2349.2813px }
gitturtle.scroll kind=split_link time_us=17307151 source=EntityId(106v1) target=EntityId(108v1) applied=Point { x: 0px, y: -2349.2813px } requested=Point { x: 0px, y: -2371.0781px }
gitturtle.scroll kind=input time_us=17330093 editor=EntityId(106v1) label="Read-only Before source" area=code delta=Point { x: 0px, y: -21.796875px } before=Point { x: 0px, y: -2371.0781px }
gitturtle.scroll kind=split_link time_us=17330156 source=EntityId(106v1) target=EntityId(108v1) applied=Point { x: 0px, y: -2371.0781px } requested=Point { x: 0px, y: -2392.875px }
gitturtle.scroll kind=editor_paint time_us=17339096 window=WindowId(1v1) editor=EntityId(106v1) label="Read-only Before source" scale=2 offset=Point { x: 0px, y: -2392.875px } text=Some(Bounds { origin: Point { x: 132px, y: -2129.375px }, size: Size { 459px × 637.5px } }) input=Bounds { origin: Point { x: 132px, y: 263.5px }, size: Size { 459px × 637.5px } } line_height=Some(18px) visible=Some(132..171)
gitturtle.scroll kind=editor_paint time_us=17339462 window=WindowId(1v1) editor=EntityId(108v1) label="Read-only After source" scale=2 offset=Point { x: 0px, y: -2392.875px } text=Some(Bounds { origin: Point { x: 669px, y: -2129.375px }, size: Size { 459px × 637.5px } }) input=Bounds { origin: Point { x: 669px, y: 263.5px }, size: Size { 459px × 637.5px } } line_height=Some(18px) visible=Some(132..171)
gitturtle.scroll kind=split_paint time_us=17339534 window=WindowId(1v1) editors=[EntityId(106v1), EntityId(108v1)] before_offset=Point { x: 0px, y: -2392.875px } after_offset=Point { x: 0px, y: -2392.875px } before_text=Some(Bounds { origin: Point { x: 132px, y: -2129.375px }, size: Size { 459px × 637.5px } }) after_text=Some(Bounds { origin: Point { x: 669px, y: -2129.375px }, size: Size { 459px × 637.5px } }) before_visible=Some(132..171) after_visible=Some(132..171)
gitturtle.scroll kind=input time_us=17346768 editor=EntityId(106v1) label="Read-only Before source" area=code delta=Point { x: 0px, y: -21.796875px } before=Point { x: 0px, y: -2392.875px }
gitturtle.scroll kind=split_link time_us=17346814 source=EntityId(106v1) target=EntityId(108v1) applied=Point { x: 0px, y: -2392.875px } requested=Point { x: 0px, y: -2414.6719px }
gitturtle.scroll kind=input time_us=17368856 editor=EntityId(106v1) label="Read-only Before source" area=code delta=Point { x: 0px, y: -21.796875px } before=Point { x: 0px, y: -2414.6719px }
gitturtle.scroll kind=split_link time_us=17368915 source=EntityId(106v1) target=EntityId(108v1) applied=Point { x: 0px, y: -2414.6719px } requested=Point { x: 0px, y: -2436.4688px }
gitturtle.scroll kind=editor_paint time_us=17376942 window=WindowId(1v1) editor=EntityId(106v1) label="Read-only Before source" scale=2 offset=Point { x: 0px, y: -2436.4688px } text=Some(Bounds { origin: Point { x: 132px, y: -2172.9688px }, size: Size { 459px × 637.5px } }) input=Bounds { origin: Point { x: 132px, y: 263.5px }, size: Size { 459px × 637.5px } } line_height=Some(18px) visible=Some(135..173)
gitturtle.scroll kind=editor_paint time_us=17377235 window=WindowId(1v1) editor=EntityId(108v1) label="Read-only After source" scale=2 offset=Point { x: 0px, y: -2436.4688px } text=Some(Bounds { origin: Point { x: 669px, y: -2172.9688px }, size: Size { 459px × 637.5px } }) input=Bounds { origin: Point { x: 669px, y: 263.5px }, size: Size { 459px × 637.5px } } line_height=Some(18px) visible=Some(135..173)
gitturtle.scroll kind=split_paint time_us=17377303 window=WindowId(1v1) editors=[EntityId(106v1), EntityId(108v1)] before_offset=Point { x: 0px, y: -2436.4688px } after_offset=Point { x: 0px, y: -2436.4688px } before_text=Some(Bounds { origin: Point { x: 132px, y: -2172.9688px }, size: Size { 459px × 637.5px } }) after_text=Some(Bounds { origin: Point { x: 669px, y: -2172.9688px }, size: Size { 459px × 637.5px } }) before_visible=Some(135..173) after_visible=Some(135..173)
gitturtle.scroll kind=input time_us=17398779 editor=EntityId(106v1) label="Read-only Before source" area=code delta=Point { x: 0px, y: -21.796875px } before=Point { x: 0px, y: -2436.4688px }
gitturtle.scroll kind=split_link time_us=17398835 source=EntityId(106v1) target=EntityId(108v1) applied=Point { x: 0px, y: -2436.4688px } requested=Point { x: 0px, y: -2458.2656px }
gitturtle.scroll kind=editor_paint time_us=17406492 window=WindowId(1v1) editor=EntityId(106v1) label="Read-only Before source" scale=2 offset=Point { x: 0px, y: -2458.2656px } text=Some(Bounds { origin: Point { x: 132px, y: -2194.7656px }, size: Size { 459px × 637.5px } }) input=Bounds { origin: Point { x: 132px, y: 263.5px }, size: Size { 459px × 637.5px } } line_height=Some(18px) visible=Some(136..174)
gitturtle.scroll kind=editor_paint time_us=17406802 window=WindowId(1v1) editor=EntityId(108v1) label="Read-only After source" scale=2 offset=Point { x: 0px, y: -2458.2656px } text=Some(Bounds { origin: Point { x: 669px, y: -2194.7656px }, size: Size { 459px × 637.5px } }) input=Bounds { origin: Point { x: 669px, y: 263.5px }, size: Size { 459px × 637.5px } } line_height=Some(18px) visible=Some(136..174)
gitturtle.scroll kind=split_paint time_us=17406866 window=WindowId(1v1) editors=[EntityId(106v1), EntityId(108v1)] before_offset=Point { x: 0px, y: -2458.2656px } after_offset=Point { x: 0px, y: -2458.2656px } before_text=Some(Bounds { origin: Point { x: 132px, y: -2194.7656px }, size: Size { 459px × 637.5px } }) after_text=Some(Bounds { origin: Point { x: 669px, y: -2194.7656px }, size: Size { 459px × 637.5px } }) before_visible=Some(136..174) after_visible=Some(136..174)
gitturtle.scroll kind=input time_us=17408894 editor=EntityId(106v1) label="Read-only Before source" area=code delta=Point { x: 0px, y: -21.796875px } before=Point { x: 0px, y: -2458.2656px }
gitturtle.scroll kind=split_link time_us=17408919 source=EntityId(106v1) target=EntityId(108v1) applied=Point { x: 0px, y: -2458.2656px } requested=Point { x: 0px, y: -2480.0625px }
gitturtle.scroll kind=input time_us=17427456 editor=EntityId(106v1) label="Read-only Before source" area=code delta=Point { x: 0px, y: -21.796875px } before=Point { x: 0px, y: -2480.0625px }
gitturtle.scroll kind=split_link time_us=17427518 source=EntityId(106v1) target=EntityId(108v1) applied=Point { x: 0px, y: -2480.0625px } requested=Point { x: 0px, y: -2501.8594px }
gitturtle.scroll kind=input time_us=17427558 editor=EntityId(106v1) label="Read-only Before source" area=code delta=Point { x: 0px, y: -21.796875px } before=Point { x: 0px, y: -2501.8594px }
gitturtle.scroll kind=split_link time_us=17427584 source=EntityId(106v1) target=EntityId(108v1) applied=Point { x: 0px, y: -2501.8594px } requested=Point { x: 0px, y: -2523.6563px }
gitturtle.scroll kind=editor_paint time_us=17434774 window=WindowId(1v1) editor=EntityId(106v1) label="Read-only Before source" scale=2 offset=Point { x: 0px, y: -2523.6563px } text=Some(Bounds { origin: Point { x: 132px, y: -2260.1563px }, size: Size { 459px × 637.5px } }) input=Bounds { origin: Point { x: 132px, y: 263.5px }, size: Size { 459px × 637.5px } } line_height=Some(18px) visible=Some(140..178)
gitturtle.scroll kind=editor_paint time_us=17435056 window=WindowId(1v1) editor=EntityId(108v1) label="Read-only After source" scale=2 offset=Point { x: 0px, y: -2523.6563px } text=Some(Bounds { origin: Point { x: 669px, y: -2260.1563px }, size: Size { 459px × 637.5px } }) input=Bounds { origin: Point { x: 669px, y: 263.5px }, size: Size { 459px × 637.5px } } line_height=Some(18px) visible=Some(140..178)
gitturtle.scroll kind=split_paint time_us=17435132 window=WindowId(1v1) editors=[EntityId(106v1), EntityId(108v1)] before_offset=Point { x: 0px, y: -2523.6563px } after_offset=Point { x: 0px, y: -2523.6563px } before_text=Some(Bounds { origin: Point { x: 132px, y: -2260.1563px }, size: Size { 459px × 637.5px } }) after_text=Some(Bounds { origin: Point { x: 669px, y: -2260.1563px }, size: Size { 459px × 637.5px } }) before_visible=Some(140..178) after_visible=Some(140..178)
gitturtle.scroll kind=input time_us=17454712 editor=EntityId(106v1) label="Read-only Before source" area=code delta=Point { x: 0px, y: -21.796875px } before=Point { x: 0px, y: -2523.6563px }
gitturtle.scroll kind=split_link time_us=17454790 source=EntityId(106v1) target=EntityId(108v1) applied=Point { x: 0px, y: -2523.6563px } requested=Point { x: 0px, y: -2545.4531px }
gitturtle.scroll kind=editor_paint time_us=17461954 window=WindowId(1v1) editor=EntityId(106v1) label="Read-only Before source" scale=2 offset=Point { x: 0px, y: -2545.4531px } text=Some(Bounds { origin: Point { x: 132px, y: -2281.9531px }, size: Size { 459px × 637.5px } }) input=Bounds { origin: Point { x: 132px, y: 263.5px }, size: Size { 459px × 637.5px } } line_height=Some(18px) visible=Some(141..179)
gitturtle.scroll kind=editor_paint time_us=17462237 window=WindowId(1v1) editor=EntityId(108v1) label="Read-only After source" scale=2 offset=Point { x: 0px, y: -2545.4531px } text=Some(Bounds { origin: Point { x: 669px, y: -2281.9531px }, size: Size { 459px × 637.5px } }) input=Bounds { origin: Point { x: 669px, y: 263.5px }, size: Size { 459px × 637.5px } } line_height=Some(18px) visible=Some(141..179)
gitturtle.scroll kind=split_paint time_us=17462298 window=WindowId(1v1) editors=[EntityId(106v1), EntityId(108v1)] before_offset=Point { x: 0px, y: -2545.4531px } after_offset=Point { x: 0px, y: -2545.4531px } before_text=Some(Bounds { origin: Point { x: 132px, y: -2281.9531px }, size: Size { 459px × 637.5px } }) after_text=Some(Bounds { origin: Point { x: 669px, y: -2281.9531px }, size: Size { 459px × 637.5px } }) before_visible=Some(141..179) after_visible=Some(141..179)
gitturtle.scroll kind=input time_us=17483215 editor=EntityId(106v1) label="Read-only Before source" area=code delta=Point { x: 0px, y: -21.796875px } before=Point { x: 0px, y: -2545.4531px }
gitturtle.scroll kind=split_link time_us=17483269 source=EntityId(106v1) target=EntityId(108v1) applied=Point { x: 0px, y: -2545.4531px } requested=Point { x: 0px, y: -2567.25px }
gitturtle.scroll kind=input time_us=17483294 editor=EntityId(106v1) label="Read-only Before source" area=code delta=Point { x: 0px, y: -21.796875px } before=Point { x: 0px, y: -2567.25px }
gitturtle.scroll kind=split_link time_us=17483307 source=EntityId(106v1) target=EntityId(108v1) applied=Point { x: 0px, y: -2567.25px } requested=Point { x: 0px, y: -2589.0469px }
gitturtle.scroll kind=editor_paint time_us=17490750 window=WindowId(1v1) editor=EntityId(106v1) label="Read-only Before source" scale=2 offset=Point { x: 0px, y: -2589.0469px } text=Some(Bounds { origin: Point { x: 132px, y: -2325.5469px }, size: Size { 459px × 637.5px } }) input=Bounds { origin: Point { x: 132px, y: 263.5px }, size: Size { 459px × 637.5px } } line_height=Some(18px) visible=Some(143..182)
gitturtle.scroll kind=editor_paint time_us=17491041 window=WindowId(1v1) editor=EntityId(108v1) label="Read-only After source" scale=2 offset=Point { x: 0px, y: -2589.0469px } text=Some(Bounds { origin: Point { x: 669px, y: -2325.5469px }, size: Size { 459px × 637.5px } }) input=Bounds { origin: Point { x: 669px, y: 263.5px }, size: Size { 459px × 637.5px } } line_height=Some(18px) visible=Some(143..182)
gitturtle.scroll kind=split_paint time_us=17491103 window=WindowId(1v1) editors=[EntityId(106v1), EntityId(108v1)] before_offset=Point { x: 0px, y: -2589.0469px } after_offset=Point { x: 0px, y: -2589.0469px } before_text=Some(Bounds { origin: Point { x: 132px, y: -2325.5469px }, size: Size { 459px × 637.5px } }) after_text=Some(Bounds { origin: Point { x: 669px, y: -2325.5469px }, size: Size { 459px × 637.5px } }) before_visible=Some(143..182) after_visible=Some(143..182)
gitturtle.scroll kind=input time_us=17511538 editor=EntityId(106v1) label="Read-only Before source" area=code delta=Point { x: 0px, y: -21.796875px } before=Point { x: 0px, y: -2589.0469px }
gitturtle.scroll kind=split_link time_us=17511612 source=EntityId(106v1) target=EntityId(108v1) applied=Point { x: 0px, y: -2589.0469px } requested=Point { x: 0px, y: -2610.8438px }
gitturtle.scroll kind=editor_paint time_us=17519488 window=WindowId(1v1) editor=EntityId(106v1) label="Read-only Before source" scale=2 offset=Point { x: 0px, y: -2610.8438px } text=Some(Bounds { origin: Point { x: 132px, y: -2347.3438px }, size: Size { 459px × 637.5px } }) input=Bounds { origin: Point { x: 132px, y: 263.5px }, size: Size { 459px × 637.5px } } line_height=Some(18px) visible=Some(145..183)
gitturtle.scroll kind=editor_paint time_us=17519785 window=WindowId(1v1) editor=EntityId(108v1) label="Read-only After source" scale=2 offset=Point { x: 0px, y: -2610.8438px } text=Some(Bounds { origin: Point { x: 669px, y: -2347.3438px }, size: Size { 459px × 637.5px } }) input=Bounds { origin: Point { x: 669px, y: 263.5px }, size: Size { 459px × 637.5px } } line_height=Some(18px) visible=Some(145..183)
gitturtle.scroll kind=split_paint time_us=17519847 window=WindowId(1v1) editors=[EntityId(106v1), EntityId(108v1)] before_offset=Point { x: 0px, y: -2610.8438px } after_offset=Point { x: 0px, y: -2610.8438px } before_text=Some(Bounds { origin: Point { x: 132px, y: -2347.3438px }, size: Size { 459px × 637.5px } }) after_text=Some(Bounds { origin: Point { x: 669px, y: -2347.3438px }, size: Size { 459px × 637.5px } }) before_visible=Some(145..183) after_visible=Some(145..183)
gitturtle.scroll kind=input time_us=17540138 editor=EntityId(106v1) label="Read-only Before source" area=code delta=Point { x: 0px, y: -21.796875px } before=Point { x: 0px, y: -2610.8438px }
gitturtle.scroll kind=split_link time_us=17540189 source=EntityId(106v1) target=EntityId(108v1) applied=Point { x: 0px, y: -2610.8438px } requested=Point { x: 0px, y: -2632.6406px }
gitturtle.scroll kind=input time_us=17540265 editor=EntityId(106v1) label="Read-only Before source" area=code delta=Point { x: 0px, y: -21.796875px } before=Point { x: 0px, y: -2632.6406px }
gitturtle.scroll kind=split_link time_us=17540277 source=EntityId(106v1) target=EntityId(108v1) applied=Point { x: 0px, y: -2632.6406px } requested=Point { x: 0px, y: -2654.4375px }
gitturtle.scroll kind=editor_paint time_us=17548229 window=WindowId(1v1) editor=EntityId(106v1) label="Read-only Before source" scale=2 offset=Point { x: 0px, y: -2654.4375px } text=Some(Bounds { origin: Point { x: 132px, y: -2390.9375px }, size: Size { 459px × 637.5px } }) input=Bounds { origin: Point { x: 132px, y: 263.5px }, size: Size { 459px × 637.5px } } line_height=Some(18px) visible=Some(147..185)
gitturtle.scroll kind=editor_paint time_us=17548523 window=WindowId(1v1) editor=EntityId(108v1) label="Read-only After source" scale=2 offset=Point { x: 0px, y: -2654.4375px } text=Some(Bounds { origin: Point { x: 669px, y: -2390.9375px }, size: Size { 459px × 637.5px } }) input=Bounds { origin: Point { x: 669px, y: 263.5px }, size: Size { 459px × 637.5px } } line_height=Some(18px) visible=Some(147..185)
gitturtle.scroll kind=split_paint time_us=17548586 window=WindowId(1v1) editors=[EntityId(106v1), EntityId(108v1)] before_offset=Point { x: 0px, y: -2654.4375px } after_offset=Point { x: 0px, y: -2654.4375px } before_text=Some(Bounds { origin: Point { x: 132px, y: -2390.9375px }, size: Size { 459px × 637.5px } }) after_text=Some(Bounds { origin: Point { x: 669px, y: -2390.9375px }, size: Size { 459px × 637.5px } }) before_visible=Some(147..185) after_visible=Some(147..185)
gitturtle.scroll kind=input time_us=17567925 editor=EntityId(106v1) label="Read-only Before source" area=code delta=Point { x: 0px, y: -21.796875px } before=Point { x: 0px, y: -2654.4375px }
gitturtle.scroll kind=split_link time_us=17567984 source=EntityId(106v1) target=EntityId(108v1) applied=Point { x: 0px, y: -2654.4375px } requested=Point { x: 0px, y: -2676.2344px }
gitturtle.scroll kind=input time_us=17568011 editor=EntityId(106v1) label="Read-only Before source" area=code delta=Point { x: 0px, y: -21.796875px } before=Point { x: 0px, y: -2676.2344px }
gitturtle.scroll kind=split_link time_us=17568023 source=EntityId(106v1) target=EntityId(108v1) applied=Point { x: 0px, y: -2676.2344px } requested=Point { x: 0px, y: -2698.0313px }
gitturtle.scroll kind=editor_paint time_us=17575518 window=WindowId(1v1) editor=EntityId(106v1) label="Read-only Before source" scale=2 offset=Point { x: 0px, y: -2698.0313px } text=Some(Bounds { origin: Point { x: 132px, y: -2434.5313px }, size: Size { 459px × 637.5px } }) input=Bounds { origin: Point { x: 132px, y: 263.5px }, size: Size { 459px × 637.5px } } line_height=Some(18px) visible=Some(149..188)
gitturtle.scroll kind=editor_paint time_us=17575823 window=WindowId(1v1) editor=EntityId(108v1) label="Read-only After source" scale=2 offset=Point { x: 0px, y: -2698.0313px } text=Some(Bounds { origin: Point { x: 669px, y: -2434.5313px }, size: Size { 459px × 637.5px } }) input=Bounds { origin: Point { x: 669px, y: 263.5px }, size: Size { 459px × 637.5px } } line_height=Some(18px) visible=Some(149..188)
gitturtle.scroll kind=split_paint time_us=17575885 window=WindowId(1v1) editors=[EntityId(106v1), EntityId(108v1)] before_offset=Point { x: 0px, y: -2698.0313px } after_offset=Point { x: 0px, y: -2698.0313px } before_text=Some(Bounds { origin: Point { x: 132px, y: -2434.5313px }, size: Size { 459px × 637.5px } }) after_text=Some(Bounds { origin: Point { x: 669px, y: -2434.5313px }, size: Size { 459px × 637.5px } }) before_visible=Some(149..188) after_visible=Some(149..188)
gitturtle.scroll kind=input time_us=17595644 editor=EntityId(106v1) label="Read-only Before source" area=code delta=Point { x: 0px, y: -21.796875px } before=Point { x: 0px, y: -2698.0313px }
gitturtle.scroll kind=split_link time_us=17595709 source=EntityId(106v1) target=EntityId(108v1) applied=Point { x: 0px, y: -2698.0313px } requested=Point { x: 0px, y: -2719.8281px }
gitturtle.scroll kind=editor_paint time_us=17603089 window=WindowId(1v1) editor=EntityId(106v1) label="Read-only Before source" scale=2 offset=Point { x: 0px, y: -2719.8281px } text=Some(Bounds { origin: Point { x: 132px, y: -2456.3281px }, size: Size { 459px × 637.5px } }) input=Bounds { origin: Point { x: 132px, y: 263.5px }, size: Size { 459px × 637.5px } } line_height=Some(18px) visible=Some(151..189)
gitturtle.scroll kind=editor_paint time_us=17603377 window=WindowId(1v1) editor=EntityId(108v1) label="Read-only After source" scale=2 offset=Point { x: 0px, y: -2719.8281px } text=Some(Bounds { origin: Point { x: 669px, y: -2456.3281px }, size: Size { 459px × 637.5px } }) input=Bounds { origin: Point { x: 669px, y: 263.5px }, size: Size { 459px × 637.5px } } line_height=Some(18px) visible=Some(151..189)
gitturtle.scroll kind=split_paint time_us=17603440 window=WindowId(1v1) editors=[EntityId(106v1), EntityId(108v1)] before_offset=Point { x: 0px, y: -2719.8281px } after_offset=Point { x: 0px, y: -2719.8281px } before_text=Some(Bounds { origin: Point { x: 132px, y: -2456.3281px }, size: Size { 459px × 637.5px } }) after_text=Some(Bounds { origin: Point { x: 669px, y: -2456.3281px }, size: Size { 459px × 637.5px } }) before_visible=Some(151..189) after_visible=Some(151..189)
gitturtle.scroll kind=input time_us=17624680 editor=EntityId(106v1) label="Read-only Before source" area=code delta=Point { x: 0px, y: -21.796875px } before=Point { x: 0px, y: -2719.8281px }
gitturtle.scroll kind=split_link time_us=17624798 source=EntityId(106v1) target=EntityId(108v1) applied=Point { x: 0px, y: -2719.8281px } requested=Point { x: 0px, y: -2741.625px }
gitturtle.scroll kind=input time_us=17624888 editor=EntityId(106v1) label="Read-only Before source" area=code delta=Point { x: 0px, y: -21.796875px } before=Point { x: 0px, y: -2741.625px }
gitturtle.scroll kind=split_link time_us=17624939 source=EntityId(106v1) target=EntityId(108v1) applied=Point { x: 0px, y: -2741.625px } requested=Point { x: 0px, y: -2763.4219px }
gitturtle.scroll kind=editor_paint time_us=17632776 window=WindowId(1v1) editor=EntityId(106v1) label="Read-only Before source" scale=2 offset=Point { x: 0px, y: -2763.4219px } text=Some(Bounds { origin: Point { x: 132px, y: -2499.9219px }, size: Size { 459px × 637.5px } }) input=Bounds { origin: Point { x: 132px, y: 263.5px }, size: Size { 459px × 637.5px } } line_height=Some(18px) visible=Some(153..191)
gitturtle.scroll kind=editor_paint time_us=17633072 window=WindowId(1v1) editor=EntityId(108v1) label="Read-only After source" scale=2 offset=Point { x: 0px, y: -2763.4219px } text=Some(Bounds { origin: Point { x: 669px, y: -2499.9219px }, size: Size { 459px × 637.5px } }) input=Bounds { origin: Point { x: 669px, y: 263.5px }, size: Size { 459px × 637.5px } } line_height=Some(18px) visible=Some(153..191)
gitturtle.scroll kind=split_paint time_us=17633134 window=WindowId(1v1) editors=[EntityId(106v1), EntityId(108v1)] before_offset=Point { x: 0px, y: -2763.4219px } after_offset=Point { x: 0px, y: -2763.4219px } before_text=Some(Bounds { origin: Point { x: 132px, y: -2499.9219px }, size: Size { 459px × 637.5px } }) after_text=Some(Bounds { origin: Point { x: 669px, y: -2499.9219px }, size: Size { 459px × 637.5px } }) before_visible=Some(153..191) after_visible=Some(153..191)
gitturtle.scroll kind=input time_us=17652351 editor=EntityId(106v1) label="Read-only Before source" area=code delta=Point { x: 0px, y: -21.796875px } before=Point { x: 0px, y: -2763.4219px }
gitturtle.scroll kind=split_link time_us=17652395 source=EntityId(106v1) target=EntityId(108v1) applied=Point { x: 0px, y: -2763.4219px } requested=Point { x: 0px, y: -2785.2188px }
gitturtle.scroll kind=editor_paint time_us=17659717 window=WindowId(1v1) editor=EntityId(106v1) label="Read-only Before source" scale=2 offset=Point { x: 0px, y: -2785.2188px } text=Some(Bounds { origin: Point { x: 132px, y: -2521.7188px }, size: Size { 459px × 637.5px } }) input=Bounds { origin: Point { x: 132px, y: 263.5px }, size: Size { 459px × 637.5px } } line_height=Some(18px) visible=Some(154..193)
gitturtle.scroll kind=editor_paint time_us=17660022 window=WindowId(1v1) editor=EntityId(108v1) label="Read-only After source" scale=2 offset=Point { x: 0px, y: -2785.2188px } text=Some(Bounds { origin: Point { x: 669px, y: -2521.7188px }, size: Size { 459px × 637.5px } }) input=Bounds { origin: Point { x: 669px, y: 263.5px }, size: Size { 459px × 637.5px } } line_height=Some(18px) visible=Some(154..193)
gitturtle.scroll kind=split_paint time_us=17660083 window=WindowId(1v1) editors=[EntityId(106v1), EntityId(108v1)] before_offset=Point { x: 0px, y: -2785.2188px } after_offset=Point { x: 0px, y: -2785.2188px } before_text=Some(Bounds { origin: Point { x: 132px, y: -2521.7188px }, size: Size { 459px × 637.5px } }) after_text=Some(Bounds { origin: Point { x: 669px, y: -2521.7188px }, size: Size { 459px × 637.5px } }) before_visible=Some(154..193) after_visible=Some(154..193)
gitturtle.scroll kind=input time_us=17678915 editor=EntityId(106v1) label="Read-only Before source" area=code delta=Point { x: 0px, y: -21.796875px } before=Point { x: 0px, y: -2785.2188px }
gitturtle.scroll kind=split_link time_us=17678972 source=EntityId(106v1) target=EntityId(108v1) applied=Point { x: 0px, y: -2785.2188px } requested=Point { x: 0px, y: -2807.0156px }
gitturtle.scroll kind=input time_us=17678997 editor=EntityId(106v1) label="Read-only Before source" area=code delta=Point { x: 0px, y: -21.796875px } before=Point { x: 0px, y: -2807.0156px }
gitturtle.scroll kind=split_link time_us=17679010 source=EntityId(106v1) target=EntityId(108v1) applied=Point { x: 0px, y: -2807.0156px } requested=Point { x: 0px, y: -2828.8125px }
gitturtle.scroll kind=editor_paint time_us=17686235 window=WindowId(1v1) editor=EntityId(106v1) label="Read-only Before source" scale=2 offset=Point { x: 0px, y: -2828.8125px } text=Some(Bounds { origin: Point { x: 132px, y: -2565.3125px }, size: Size { 459px × 637.5px } }) input=Bounds { origin: Point { x: 132px, y: 263.5px }, size: Size { 459px × 637.5px } } line_height=Some(18px) visible=Some(157..195)
gitturtle.scroll kind=editor_paint time_us=17686531 window=WindowId(1v1) editor=EntityId(108v1) label="Read-only After source" scale=2 offset=Point { x: 0px, y: -2828.8125px } text=Some(Bounds { origin: Point { x: 669px, y: -2565.3125px }, size: Size { 459px × 637.5px } }) input=Bounds { origin: Point { x: 669px, y: 263.5px }, size: Size { 459px × 637.5px } } line_height=Some(18px) visible=Some(157..195)
gitturtle.scroll kind=split_paint time_us=17686592 window=WindowId(1v1) editors=[EntityId(106v1), EntityId(108v1)] before_offset=Point { x: 0px, y: -2828.8125px } after_offset=Point { x: 0px, y: -2828.8125px } before_text=Some(Bounds { origin: Point { x: 132px, y: -2565.3125px }, size: Size { 459px × 637.5px } }) after_text=Some(Bounds { origin: Point { x: 669px, y: -2565.3125px }, size: Size { 459px × 637.5px } }) before_visible=Some(157..195) after_visible=Some(157..195)
gitturtle.scroll kind=input time_us=17706619 editor=EntityId(106v1) label="Read-only Before source" area=code delta=Point { x: 0px, y: -21.796875px } before=Point { x: 0px, y: -2828.8125px }
gitturtle.scroll kind=split_link time_us=17706668 source=EntityId(106v1) target=EntityId(108v1) applied=Point { x: 0px, y: -2828.8125px } requested=Point { x: 0px, y: -2850.6094px }
gitturtle.scroll kind=editor_paint time_us=17714130 window=WindowId(1v1) editor=EntityId(106v1) label="Read-only Before source" scale=2 offset=Point { x: 0px, y: -2850.6094px } text=Some(Bounds { origin: Point { x: 132px, y: -2587.1094px }, size: Size { 459px × 637.5px } }) input=Bounds { origin: Point { x: 132px, y: 263.5px }, size: Size { 459px × 637.5px } } line_height=Some(18px) visible=Some(158..196)
gitturtle.scroll kind=editor_paint time_us=17714431 window=WindowId(1v1) editor=EntityId(108v1) label="Read-only After source" scale=2 offset=Point { x: 0px, y: -2850.6094px } text=Some(Bounds { origin: Point { x: 669px, y: -2587.1094px }, size: Size { 459px × 637.5px } }) input=Bounds { origin: Point { x: 669px, y: 263.5px }, size: Size { 459px × 637.5px } } line_height=Some(18px) visible=Some(158..196)
gitturtle.scroll kind=split_paint time_us=17714492 window=WindowId(1v1) editors=[EntityId(106v1), EntityId(108v1)] before_offset=Point { x: 0px, y: -2850.6094px } after_offset=Point { x: 0px, y: -2850.6094px } before_text=Some(Bounds { origin: Point { x: 132px, y: -2587.1094px }, size: Size { 459px × 637.5px } }) after_text=Some(Bounds { origin: Point { x: 669px, y: -2587.1094px }, size: Size { 459px × 637.5px } }) before_visible=Some(158..196) after_visible=Some(158..196)
gitturtle.scroll kind=input time_us=17735250 editor=EntityId(106v1) label="Read-only Before source" area=code delta=Point { x: 0px, y: -21.796875px } before=Point { x: 0px, y: -2850.6094px }
gitturtle.scroll kind=split_link time_us=17735325 source=EntityId(106v1) target=EntityId(108v1) applied=Point { x: 0px, y: -2850.6094px } requested=Point { x: 0px, y: -2872.4063px }
gitturtle.scroll kind=input time_us=17735367 editor=EntityId(106v1) label="Read-only Before source" area=code delta=Point { x: 0px, y: -21.796875px } before=Point { x: 0px, y: -2872.4063px }
gitturtle.scroll kind=split_link time_us=17735393 source=EntityId(106v1) target=EntityId(108v1) applied=Point { x: 0px, y: -2872.4063px } requested=Point { x: 0px, y: -2894.2031px }
gitturtle.scroll kind=editor_paint time_us=17742888 window=WindowId(1v1) editor=EntityId(106v1) label="Read-only Before source" scale=2 offset=Point { x: 0px, y: -2894.2031px } text=Some(Bounds { origin: Point { x: 132px, y: -2630.7031px }, size: Size { 459px × 637.5px } }) input=Bounds { origin: Point { x: 132px, y: 263.5px }, size: Size { 459px × 637.5px } } line_height=Some(18px) visible=Some(160..199)
gitturtle.scroll kind=editor_paint time_us=17743192 window=WindowId(1v1) editor=EntityId(108v1) label="Read-only After source" scale=2 offset=Point { x: 0px, y: -2894.2031px } text=Some(Bounds { origin: Point { x: 669px, y: -2630.7031px }, size: Size { 459px × 637.5px } }) input=Bounds { origin: Point { x: 669px, y: 263.5px }, size: Size { 459px × 637.5px } } line_height=Some(18px) visible=Some(160..199)
gitturtle.scroll kind=split_paint time_us=17743251 window=WindowId(1v1) editors=[EntityId(106v1), EntityId(108v1)] before_offset=Point { x: 0px, y: -2894.2031px } after_offset=Point { x: 0px, y: -2894.2031px } before_text=Some(Bounds { origin: Point { x: 132px, y: -2630.7031px }, size: Size { 459px × 637.5px } }) after_text=Some(Bounds { origin: Point { x: 669px, y: -2630.7031px }, size: Size { 459px × 637.5px } }) before_visible=Some(160..199) after_visible=Some(160..199)
gitturtle.scroll kind=input time_us=17765558 editor=EntityId(106v1) label="Read-only Before source" area=code delta=Point { x: 0px, y: -21.796875px } before=Point { x: 0px, y: -2894.2031px }
gitturtle.scroll kind=split_link time_us=17765648 source=EntityId(106v1) target=EntityId(108v1) applied=Point { x: 0px, y: -2894.2031px } requested=Point { x: 0px, y: -2916px }
gitturtle.scroll kind=editor_paint time_us=17773828 window=WindowId(1v1) editor=EntityId(106v1) label="Read-only Before source" scale=2 offset=Point { x: 0px, y: -2916px } text=Some(Bounds { origin: Point { x: 132px, y: -2652.5px }, size: Size { 459px × 637.5px } }) input=Bounds { origin: Point { x: 132px, y: 263.5px }, size: Size { 459px × 637.5px } } line_height=Some(18px) visible=Some(162..200)
gitturtle.scroll kind=editor_paint time_us=17774107 window=WindowId(1v1) editor=EntityId(108v1) label="Read-only After source" scale=2 offset=Point { x: 0px, y: -2916px } text=Some(Bounds { origin: Point { x: 669px, y: -2652.5px }, size: Size { 459px × 637.5px } }) input=Bounds { origin: Point { x: 669px, y: 263.5px }, size: Size { 459px × 637.5px } } line_height=Some(18px) visible=Some(162..200)
gitturtle.scroll kind=split_paint time_us=17774164 window=WindowId(1v1) editors=[EntityId(106v1), EntityId(108v1)] before_offset=Point { x: 0px, y: -2916px } after_offset=Point { x: 0px, y: -2916px } before_text=Some(Bounds { origin: Point { x: 132px, y: -2652.5px }, size: Size { 459px × 637.5px } }) after_text=Some(Bounds { origin: Point { x: 669px, y: -2652.5px }, size: Size { 459px × 637.5px } }) before_visible=Some(162..200) after_visible=Some(162..200)
gitturtle.scroll kind=input time_us=17791392 editor=EntityId(106v1) label="Read-only Before source" area=code delta=Point { x: 0px, y: -21.796875px } before=Point { x: 0px, y: -2916px }
gitturtle.scroll kind=split_link time_us=17791446 source=EntityId(106v1) target=EntityId(108v1) applied=Point { x: 0px, y: -2916px } requested=Point { x: 0px, y: -2937.7969px }
gitturtle.scroll kind=input time_us=17791546 editor=EntityId(106v1) label="Read-only Before source" area=code delta=Point { x: 0px, y: -21.796875px } before=Point { x: 0px, y: -2937.7969px }
gitturtle.scroll kind=split_link time_us=17791559 source=EntityId(106v1) target=EntityId(108v1) applied=Point { x: 0px, y: -2937.7969px } requested=Point { x: 0px, y: -2959.5938px }
gitturtle.scroll kind=editor_paint time_us=17799263 window=WindowId(1v1) editor=EntityId(106v1) label="Read-only Before source" scale=2 offset=Point { x: 0px, y: -2959.5938px } text=Some(Bounds { origin: Point { x: 132px, y: -2696.0938px }, size: Size { 459px × 637.5px } }) input=Bounds { origin: Point { x: 132px, y: 263.5px }, size: Size { 459px × 637.5px } } line_height=Some(18px) visible=Some(164..202)
gitturtle.scroll kind=editor_paint time_us=17799561 window=WindowId(1v1) editor=EntityId(108v1) label="Read-only After source" scale=2 offset=Point { x: 0px, y: -2959.5938px } text=Some(Bounds { origin: Point { x: 669px, y: -2696.0938px }, size: Size { 459px × 637.5px } }) input=Bounds { origin: Point { x: 669px, y: 263.5px }, size: Size { 459px × 637.5px } } line_height=Some(18px) visible=Some(164..202)
gitturtle.scroll kind=split_paint time_us=17799635 window=WindowId(1v1) editors=[EntityId(106v1), EntityId(108v1)] before_offset=Point { x: 0px, y: -2959.5938px } after_offset=Point { x: 0px, y: -2959.5938px } before_text=Some(Bounds { origin: Point { x: 132px, y: -2696.0938px }, size: Size { 459px × 637.5px } }) after_text=Some(Bounds { origin: Point { x: 669px, y: -2696.0938px }, size: Size { 459px × 637.5px } }) before_visible=Some(164..202) after_visible=Some(164..202)
gitturtle.scroll kind=input time_us=17818337 editor=EntityId(106v1) label="Read-only Before source" area=code delta=Point { x: 0px, y: -21.796875px } before=Point { x: 0px, y: -2959.5938px }
gitturtle.scroll kind=split_link time_us=17818396 source=EntityId(106v1) target=EntityId(108v1) applied=Point { x: 0px, y: -2959.5938px } requested=Point { x: 0px, y: -2981.3906px }
gitturtle.scroll kind=editor_paint time_us=17826062 window=WindowId(1v1) editor=EntityId(106v1) label="Read-only Before source" scale=2 offset=Point { x: 0px, y: -2981.3906px } text=Some(Bounds { origin: Point { x: 132px, y: -2717.8906px }, size: Size { 459px × 637.5px } }) input=Bounds { origin: Point { x: 132px, y: 263.5px }, size: Size { 459px × 637.5px } } line_height=Some(18px) visible=Some(165..204)
gitturtle.scroll kind=editor_paint time_us=17826362 window=WindowId(1v1) editor=EntityId(108v1) label="Read-only After source" scale=2 offset=Point { x: 0px, y: -2981.3906px } text=Some(Bounds { origin: Point { x: 669px, y: -2717.8906px }, size: Size { 459px × 637.5px } }) input=Bounds { origin: Point { x: 669px, y: 263.5px }, size: Size { 459px × 637.5px } } line_height=Some(18px) visible=Some(165..204)
gitturtle.scroll kind=split_paint time_us=17826423 window=WindowId(1v1) editors=[EntityId(106v1), EntityId(108v1)] before_offset=Point { x: 0px, y: -2981.3906px } after_offset=Point { x: 0px, y: -2981.3906px } before_text=Some(Bounds { origin: Point { x: 132px, y: -2717.8906px }, size: Size { 459px × 637.5px } }) after_text=Some(Bounds { origin: Point { x: 669px, y: -2717.8906px }, size: Size { 459px × 637.5px } }) before_visible=Some(165..204) after_visible=Some(165..204)
gitturtle.scroll kind=input time_us=17846944 editor=EntityId(106v1) label="Read-only Before source" area=code delta=Point { x: 0px, y: -21.796875px } before=Point { x: 0px, y: -2981.3906px }
gitturtle.scroll kind=split_link time_us=17847005 source=EntityId(106v1) target=EntityId(108v1) applied=Point { x: 0px, y: -2981.3906px } requested=Point { x: 0px, y: -3003.1875px }
gitturtle.scroll kind=input time_us=17847028 editor=EntityId(106v1) label="Read-only Before source" area=code delta=Point { x: 0px, y: -21.796875px } before=Point { x: 0px, y: -3003.1875px }
gitturtle.scroll kind=split_link time_us=17847041 source=EntityId(106v1) target=EntityId(108v1) applied=Point { x: 0px, y: -3003.1875px } requested=Point { x: 0px, y: -3024.9844px }
gitturtle.scroll kind=editor_paint time_us=17854374 window=WindowId(1v1) editor=EntityId(106v1) label="Read-only Before source" scale=2 offset=Point { x: 0px, y: -3024.9844px } text=Some(Bounds { origin: Point { x: 132px, y: -2761.4844px }, size: Size { 459px × 637.5px } }) input=Bounds { origin: Point { x: 132px, y: 263.5px }, size: Size { 459px × 637.5px } } line_height=Some(18px) visible=Some(168..206)
gitturtle.scroll kind=editor_paint time_us=17854654 window=WindowId(1v1) editor=EntityId(108v1) label="Read-only After source" scale=2 offset=Point { x: 0px, y: -3024.9844px } text=Some(Bounds { origin: Point { x: 669px, y: -2761.4844px }, size: Size { 459px × 637.5px } }) input=Bounds { origin: Point { x: 669px, y: 263.5px }, size: Size { 459px × 637.5px } } line_height=Some(18px) visible=Some(168..206)
gitturtle.scroll kind=split_paint time_us=17854713 window=WindowId(1v1) editors=[EntityId(106v1), EntityId(108v1)] before_offset=Point { x: 0px, y: -3024.9844px } after_offset=Point { x: 0px, y: -3024.9844px } before_text=Some(Bounds { origin: Point { x: 132px, y: -2761.4844px }, size: Size { 459px × 637.5px } }) after_text=Some(Bounds { origin: Point { x: 669px, y: -2761.4844px }, size: Size { 459px × 637.5px } }) before_visible=Some(168..206) after_visible=Some(168..206)
gitturtle.scroll kind=input time_us=17875622 editor=EntityId(106v1) label="Read-only Before source" area=code delta=Point { x: 0px, y: -21.796875px } before=Point { x: 0px, y: -3024.9844px }
gitturtle.scroll kind=split_link time_us=17875688 source=EntityId(106v1) target=EntityId(108v1) applied=Point { x: 0px, y: -3024.9844px } requested=Point { x: 0px, y: -3046.7813px }
gitturtle.scroll kind=input time_us=17875714 editor=EntityId(106v1) label="Read-only Before source" area=code delta=Point { x: 0px, y: -21.796875px } before=Point { x: 0px, y: -3046.7813px }
gitturtle.scroll kind=split_link time_us=17875727 source=EntityId(106v1) target=EntityId(108v1) applied=Point { x: 0px, y: -3046.7813px } requested=Point { x: 0px, y: -3068.5781px }
gitturtle.scroll kind=editor_paint time_us=17883341 window=WindowId(1v1) editor=EntityId(106v1) label="Read-only Before source" scale=2 offset=Point { x: 0px, y: -3068.5781px } text=Some(Bounds { origin: Point { x: 132px, y: -2805.0781px }, size: Size { 459px × 637.5px } }) input=Bounds { origin: Point { x: 132px, y: 263.5px }, size: Size { 459px × 637.5px } } line_height=Some(18px) visible=Some(170..208)
gitturtle.scroll kind=editor_paint time_us=17883624 window=WindowId(1v1) editor=EntityId(108v1) label="Read-only After source" scale=2 offset=Point { x: 0px, y: -3068.5781px } text=Some(Bounds { origin: Point { x: 669px, y: -2805.0781px }, size: Size { 459px × 637.5px } }) input=Bounds { origin: Point { x: 669px, y: 263.5px }, size: Size { 459px × 637.5px } } line_height=Some(18px) visible=Some(170..208)
gitturtle.scroll kind=split_paint time_us=17883681 window=WindowId(1v1) editors=[EntityId(106v1), EntityId(108v1)] before_offset=Point { x: 0px, y: -3068.5781px } after_offset=Point { x: 0px, y: -3068.5781px } before_text=Some(Bounds { origin: Point { x: 132px, y: -2805.0781px }, size: Size { 459px × 637.5px } }) after_text=Some(Bounds { origin: Point { x: 669px, y: -2805.0781px }, size: Size { 459px × 637.5px } }) before_visible=Some(170..208) after_visible=Some(170..208)
gitturtle.scroll kind=input time_us=17903248 editor=EntityId(106v1) label="Read-only Before source" area=code delta=Point { x: 0px, y: -21.796875px } before=Point { x: 0px, y: -3068.5781px }
gitturtle.scroll kind=split_link time_us=17903302 source=EntityId(106v1) target=EntityId(108v1) applied=Point { x: 0px, y: -3068.5781px } requested=Point { x: 0px, y: -3090.375px }
gitturtle.scroll kind=editor_paint time_us=17910239 window=WindowId(1v1) editor=EntityId(106v1) label="Read-only Before source" scale=2 offset=Point { x: 0px, y: -3090.375px } text=Some(Bounds { origin: Point { x: 132px, y: -2826.875px }, size: Size { 459px × 637.5px } }) input=Bounds { origin: Point { x: 132px, y: 263.5px }, size: Size { 459px × 637.5px } } line_height=Some(18px) visible=Some(171..210)
gitturtle.scroll kind=editor_paint time_us=17910528 window=WindowId(1v1) editor=EntityId(108v1) label="Read-only After source" scale=2 offset=Point { x: 0px, y: -3090.375px } text=Some(Bounds { origin: Point { x: 669px, y: -2826.875px }, size: Size { 459px × 637.5px } }) input=Bounds { origin: Point { x: 669px, y: 263.5px }, size: Size { 459px × 637.5px } } line_height=Some(18px) visible=Some(171..210)
gitturtle.scroll kind=split_paint time_us=17910587 window=WindowId(1v1) editors=[EntityId(106v1), EntityId(108v1)] before_offset=Point { x: 0px, y: -3090.375px } after_offset=Point { x: 0px, y: -3090.375px } before_text=Some(Bounds { origin: Point { x: 132px, y: -2826.875px }, size: Size { 459px × 637.5px } }) after_text=Some(Bounds { origin: Point { x: 669px, y: -2826.875px }, size: Size { 459px × 637.5px } }) before_visible=Some(171..210) after_visible=Some(171..210)
gitturtle.scroll kind=input time_us=17931175 editor=EntityId(106v1) label="Read-only Before source" area=code delta=Point { x: 0px, y: -21.796875px } before=Point { x: 0px, y: -3090.375px }
gitturtle.scroll kind=split_link time_us=17931235 source=EntityId(106v1) target=EntityId(108v1) applied=Point { x: 0px, y: -3090.375px } requested=Point { x: 0px, y: -3112.1719px }
gitturtle.scroll kind=input time_us=17931258 editor=EntityId(106v1) label="Read-only Before source" area=code delta=Point { x: 0px, y: -21.796875px } before=Point { x: 0px, y: -3112.1719px }
gitturtle.scroll kind=split_link time_us=17931270 source=EntityId(106v1) target=EntityId(108v1) applied=Point { x: 0px, y: -3112.1719px } requested=Point { x: 0px, y: -3133.9688px }
gitturtle.scroll kind=editor_paint time_us=17938178 window=WindowId(1v1) editor=EntityId(106v1) label="Read-only Before source" scale=2 offset=Point { x: 0px, y: -3133.9688px } text=Some(Bounds { origin: Point { x: 132px, y: -2870.4688px }, size: Size { 459px × 637.5px } }) input=Bounds { origin: Point { x: 132px, y: 263.5px }, size: Size { 459px × 637.5px } } line_height=Some(18px) visible=Some(174..212)
gitturtle.scroll kind=editor_paint time_us=17938457 window=WindowId(1v1) editor=EntityId(108v1) label="Read-only After source" scale=2 offset=Point { x: 0px, y: -3133.9688px } text=Some(Bounds { origin: Point { x: 669px, y: -2870.4688px }, size: Size { 459px × 637.5px } }) input=Bounds { origin: Point { x: 669px, y: 263.5px }, size: Size { 459px × 637.5px } } line_height=Some(18px) visible=Some(174..212)
gitturtle.scroll kind=split_paint time_us=17938516 window=WindowId(1v1) editors=[EntityId(106v1), EntityId(108v1)] before_offset=Point { x: 0px, y: -3133.9688px } after_offset=Point { x: 0px, y: -3133.9688px } before_text=Some(Bounds { origin: Point { x: 132px, y: -2870.4688px }, size: Size { 459px × 637.5px } }) after_text=Some(Bounds { origin: Point { x: 669px, y: -2870.4688px }, size: Size { 459px × 637.5px } }) before_visible=Some(174..212) after_visible=Some(174..212)
gitturtle.scroll kind=input time_us=17960419 editor=EntityId(106v1) label="Read-only Before source" area=code delta=Point { x: 0px, y: -21.796875px } before=Point { x: 0px, y: -3133.9688px }
gitturtle.scroll kind=split_link time_us=17960468 source=EntityId(106v1) target=EntityId(108v1) applied=Point { x: 0px, y: -3133.9688px } requested=Point { x: 0px, y: -3155.7656px }
gitturtle.scroll kind=editor_paint time_us=17967939 window=WindowId(1v1) editor=EntityId(106v1) label="Read-only Before source" scale=2 offset=Point { x: 0px, y: -3155.7656px } text=Some(Bounds { origin: Point { x: 132px, y: -2892.2656px }, size: Size { 459px × 637.5px } }) input=Bounds { origin: Point { x: 132px, y: 263.5px }, size: Size { 459px × 637.5px } } line_height=Some(18px) visible=Some(175..213)
gitturtle.scroll kind=editor_paint time_us=17968228 window=WindowId(1v1) editor=EntityId(108v1) label="Read-only After source" scale=2 offset=Point { x: 0px, y: -3155.7656px } text=Some(Bounds { origin: Point { x: 669px, y: -2892.2656px }, size: Size { 459px × 637.5px } }) input=Bounds { origin: Point { x: 669px, y: 263.5px }, size: Size { 459px × 637.5px } } line_height=Some(18px) visible=Some(175..213)
gitturtle.scroll kind=split_paint time_us=17968286 window=WindowId(1v1) editors=[EntityId(106v1), EntityId(108v1)] before_offset=Point { x: 0px, y: -3155.7656px } after_offset=Point { x: 0px, y: -3155.7656px } before_text=Some(Bounds { origin: Point { x: 132px, y: -2892.2656px }, size: Size { 459px × 637.5px } }) after_text=Some(Bounds { origin: Point { x: 669px, y: -2892.2656px }, size: Size { 459px × 637.5px } }) before_visible=Some(175..213) after_visible=Some(175..213)
gitturtle.scroll kind=input time_us=17989667 editor=EntityId(106v1) label="Read-only Before source" area=code delta=Point { x: 0px, y: -21.796875px } before=Point { x: 0px, y: -3155.7656px }
gitturtle.scroll kind=split_link time_us=17989721 source=EntityId(106v1) target=EntityId(108v1) applied=Point { x: 0px, y: -3155.7656px } requested=Point { x: 0px, y: -3177.5625px }
gitturtle.scroll kind=input time_us=17989745 editor=EntityId(106v1) label="Read-only Before source" area=code delta=Point { x: 0px, y: -21.796875px } before=Point { x: 0px, y: -3177.5625px }
gitturtle.scroll kind=split_link time_us=17989772 source=EntityId(106v1) target=EntityId(108v1) applied=Point { x: 0px, y: -3177.5625px } requested=Point { x: 0px, y: -3199.3594px }
gitturtle.scroll kind=editor_paint time_us=17996983 window=WindowId(1v1) editor=EntityId(106v1) label="Read-only Before source" scale=2 offset=Point { x: 0px, y: -3199.3594px } text=Some(Bounds { origin: Point { x: 132px, y: -2935.8594px }, size: Size { 459px × 637.5px } }) input=Bounds { origin: Point { x: 132px, y: 263.5px }, size: Size { 459px × 637.5px } } line_height=Some(18px) visible=Some(177..216)
gitturtle.scroll kind=editor_paint time_us=17997268 window=WindowId(1v1) editor=EntityId(108v1) label="Read-only After source" scale=2 offset=Point { x: 0px, y: -3199.3594px } text=Some(Bounds { origin: Point { x: 669px, y: -2935.8594px }, size: Size { 459px × 637.5px } }) input=Bounds { origin: Point { x: 669px, y: 263.5px }, size: Size { 459px × 637.5px } } line_height=Some(18px) visible=Some(177..216)
gitturtle.scroll kind=split_paint time_us=17997327 window=WindowId(1v1) editors=[EntityId(106v1), EntityId(108v1)] before_offset=Point { x: 0px, y: -3199.3594px } after_offset=Point { x: 0px, y: -3199.3594px } before_text=Some(Bounds { origin: Point { x: 132px, y: -2935.8594px }, size: Size { 459px × 637.5px } }) after_text=Some(Bounds { origin: Point { x: 669px, y: -2935.8594px }, size: Size { 459px × 637.5px } }) before_visible=Some(177..216) after_visible=Some(177..216)
gitturtle.scroll kind=input time_us=18016529 editor=EntityId(106v1) label="Read-only Before source" area=code delta=Point { x: 0px, y: -21.796875px } before=Point { x: 0px, y: -3199.3594px }
gitturtle.scroll kind=split_link time_us=18016586 source=EntityId(106v1) target=EntityId(108v1) applied=Point { x: 0px, y: -3199.3594px } requested=Point { x: 0px, y: -3221.1563px }
gitturtle.scroll kind=editor_paint time_us=18023737 window=WindowId(1v1) editor=EntityId(106v1) label="Read-only Before source" scale=2 offset=Point { x: 0px, y: -3221.1563px } text=Some(Bounds { origin: Point { x: 132px, y: -2957.6563px }, size: Size { 459px × 637.5px } }) input=Bounds { origin: Point { x: 132px, y: 263.5px }, size: Size { 459px × 637.5px } } line_height=Some(18px) visible=Some(178..217)
gitturtle.scroll kind=editor_paint time_us=18024033 window=WindowId(1v1) editor=EntityId(108v1) label="Read-only After source" scale=2 offset=Point { x: 0px, y: -3221.1563px } text=Some(Bounds { origin: Point { x: 669px, y: -2957.6563px }, size: Size { 459px × 637.5px } }) input=Bounds { origin: Point { x: 669px, y: 263.5px }, size: Size { 459px × 637.5px } } line_height=Some(18px) visible=Some(178..217)
gitturtle.scroll kind=split_paint time_us=18024093 window=WindowId(1v1) editors=[EntityId(106v1), EntityId(108v1)] before_offset=Point { x: 0px, y: -3221.1563px } after_offset=Point { x: 0px, y: -3221.1563px } before_text=Some(Bounds { origin: Point { x: 132px, y: -2957.6563px }, size: Size { 459px × 637.5px } }) after_text=Some(Bounds { origin: Point { x: 669px, y: -2957.6563px }, size: Size { 459px × 637.5px } }) before_visible=Some(178..217) after_visible=Some(178..217)
gitturtle.scroll kind=input time_us=18046704 editor=EntityId(106v1) label="Read-only Before source" area=code delta=Point { x: 0px, y: -21.796875px } before=Point { x: 0px, y: -3221.1563px }
gitturtle.scroll kind=split_link time_us=18046767 source=EntityId(106v1) target=EntityId(108v1) applied=Point { x: 0px, y: -3221.1563px } requested=Point { x: 0px, y: -3242.9531px }
gitturtle.scroll kind=input time_us=18046795 editor=EntityId(106v1) label="Read-only Before source" area=code delta=Point { x: 0px, y: -21.796875px } before=Point { x: 0px, y: -3242.9531px }
gitturtle.scroll kind=split_link time_us=18046809 source=EntityId(106v1) target=EntityId(108v1) applied=Point { x: 0px, y: -3242.9531px } requested=Point { x: 0px, y: -3264.75px }
gitturtle.scroll kind=editor_paint time_us=18054624 window=WindowId(1v1) editor=EntityId(106v1) label="Read-only Before source" scale=2 offset=Point { x: 0px, y: -3264.75px } text=Some(Bounds { origin: Point { x: 132px, y: -3001.25px }, size: Size { 459px × 637.5px } }) input=Bounds { origin: Point { x: 132px, y: 263.5px }, size: Size { 459px × 637.5px } } line_height=Some(18px) visible=Some(181..219)
gitturtle.scroll kind=editor_paint time_us=18054948 window=WindowId(1v1) editor=EntityId(108v1) label="Read-only After source" scale=2 offset=Point { x: 0px, y: -3264.75px } text=Some(Bounds { origin: Point { x: 669px, y: -3001.25px }, size: Size { 459px × 637.5px } }) input=Bounds { origin: Point { x: 669px, y: 263.5px }, size: Size { 459px × 637.5px } } line_height=Some(18px) visible=Some(181..219)
gitturtle.scroll kind=split_paint time_us=18055013 window=WindowId(1v1) editors=[EntityId(106v1), EntityId(108v1)] before_offset=Point { x: 0px, y: -3264.75px } after_offset=Point { x: 0px, y: -3264.75px } before_text=Some(Bounds { origin: Point { x: 132px, y: -3001.25px }, size: Size { 459px × 637.5px } }) after_text=Some(Bounds { origin: Point { x: 669px, y: -3001.25px }, size: Size { 459px × 637.5px } }) before_visible=Some(181..219) after_visible=Some(181..219)
gitturtle.scroll kind=input time_us=18073943 editor=EntityId(106v1) label="Read-only Before source" area=code delta=Point { x: 0px, y: -21.796875px } before=Point { x: 0px, y: -3264.75px }
gitturtle.scroll kind=split_link time_us=18074001 source=EntityId(106v1) target=EntityId(108v1) applied=Point { x: 0px, y: -3264.75px } requested=Point { x: 0px, y: -3286.5469px }
gitturtle.scroll kind=input time_us=18074025 editor=EntityId(106v1) label="Read-only Before source" area=code delta=Point { x: 0px, y: -21.796875px } before=Point { x: 0px, y: -3286.5469px }
gitturtle.scroll kind=split_link time_us=18074039 source=EntityId(106v1) target=EntityId(108v1) applied=Point { x: 0px, y: -3286.5469px } requested=Point { x: 0px, y: -3308.3438px }
gitturtle.scroll kind=editor_paint time_us=18080862 window=WindowId(1v1) editor=EntityId(106v1) label="Read-only Before source" scale=2 offset=Point { x: 0px, y: -3308.3438px } text=Some(Bounds { origin: Point { x: 132px, y: -3044.8438px }, size: Size { 459px × 637.5px } }) input=Bounds { origin: Point { x: 132px, y: 263.5px }, size: Size { 459px × 637.5px } } line_height=Some(18px) visible=Some(183..222)
gitturtle.scroll kind=editor_paint time_us=18081142 window=WindowId(1v1) editor=EntityId(108v1) label="Read-only After source" scale=2 offset=Point { x: 0px, y: -3308.3438px } text=Some(Bounds { origin: Point { x: 669px, y: -3044.8438px }, size: Size { 459px × 637.5px } }) input=Bounds { origin: Point { x: 669px, y: 263.5px }, size: Size { 459px × 637.5px } } line_height=Some(18px) visible=Some(183..222)
gitturtle.scroll kind=split_paint time_us=18081203 window=WindowId(1v1) editors=[EntityId(106v1), EntityId(108v1)] before_offset=Point { x: 0px, y: -3308.3438px } after_offset=Point { x: 0px, y: -3308.3438px } before_text=Some(Bounds { origin: Point { x: 132px, y: -3044.8438px }, size: Size { 459px × 637.5px } }) after_text=Some(Bounds { origin: Point { x: 669px, y: -3044.8438px }, size: Size { 459px × 637.5px } }) before_visible=Some(183..222) after_visible=Some(183..222)
gitturtle.scroll kind=input time_us=18101711 editor=EntityId(106v1) label="Read-only Before source" area=code delta=Point { x: 0px, y: -21.796875px } before=Point { x: 0px, y: -3308.3438px }
gitturtle.scroll kind=split_link time_us=18101786 source=EntityId(106v1) target=EntityId(108v1) applied=Point { x: 0px, y: -3308.3438px } requested=Point { x: 0px, y: -3330.1406px }
gitturtle.scroll kind=editor_paint time_us=18108732 window=WindowId(1v1) editor=EntityId(106v1) label="Read-only Before source" scale=2 offset=Point { x: 0px, y: -3330.1406px } text=Some(Bounds { origin: Point { x: 132px, y: -3066.6406px }, size: Size { 459px × 637.5px } }) input=Bounds { origin: Point { x: 132px, y: 263.5px }, size: Size { 459px × 637.5px } } line_height=Some(18px) visible=Some(185..223)
gitturtle.scroll kind=editor_paint time_us=18109021 window=WindowId(1v1) editor=EntityId(108v1) label="Read-only After source" scale=2 offset=Point { x: 0px, y: -3330.1406px } text=Some(Bounds { origin: Point { x: 669px, y: -3066.6406px }, size: Size { 459px × 637.5px } }) input=Bounds { origin: Point { x: 669px, y: 263.5px }, size: Size { 459px × 637.5px } } line_height=Some(18px) visible=Some(185..223)
gitturtle.scroll kind=split_paint time_us=18109090 window=WindowId(1v1) editors=[EntityId(106v1), EntityId(108v1)] before_offset=Point { x: 0px, y: -3330.1406px } after_offset=Point { x: 0px, y: -3330.1406px } before_text=Some(Bounds { origin: Point { x: 132px, y: -3066.6406px }, size: Size { 459px × 637.5px } }) after_text=Some(Bounds { origin: Point { x: 669px, y: -3066.6406px }, size: Size { 459px × 637.5px } }) before_visible=Some(185..223) after_visible=Some(185..223)
gitturtle.scroll kind=input time_us=18129938 editor=EntityId(106v1) label="Read-only Before source" area=code delta=Point { x: 0px, y: -21.796875px } before=Point { x: 0px, y: -3330.1406px }
gitturtle.scroll kind=split_link time_us=18129999 source=EntityId(106v1) target=EntityId(108v1) applied=Point { x: 0px, y: -3330.1406px } requested=Point { x: 0px, y: -3351.9375px }
gitturtle.scroll kind=input time_us=18130024 editor=EntityId(106v1) label="Read-only Before source" area=code delta=Point { x: 0px, y: -21.796875px } before=Point { x: 0px, y: -3351.9375px }
gitturtle.scroll kind=split_link time_us=18130037 source=EntityId(106v1) target=EntityId(108v1) applied=Point { x: 0px, y: -3351.9375px } requested=Point { x: 0px, y: -3373.7344px }
gitturtle.scroll kind=editor_paint time_us=18137177 window=WindowId(1v1) editor=EntityId(106v1) label="Read-only Before source" scale=2 offset=Point { x: 0px, y: -3373.7344px } text=Some(Bounds { origin: Point { x: 132px, y: -3110.2344px }, size: Size { 459px × 637.5px } }) input=Bounds { origin: Point { x: 132px, y: 263.5px }, size: Size { 459px × 637.5px } } line_height=Some(18px) visible=Some(187..225)
gitturtle.scroll kind=editor_paint time_us=18137458 window=WindowId(1v1) editor=EntityId(108v1) label="Read-only After source" scale=2 offset=Point { x: 0px, y: -3373.7344px } text=Some(Bounds { origin: Point { x: 669px, y: -3110.2344px }, size: Size { 459px × 637.5px } }) input=Bounds { origin: Point { x: 669px, y: 263.5px }, size: Size { 459px × 637.5px } } line_height=Some(18px) visible=Some(187..225)
gitturtle.scroll kind=split_paint time_us=18137515 window=WindowId(1v1) editors=[EntityId(106v1), EntityId(108v1)] before_offset=Point { x: 0px, y: -3373.7344px } after_offset=Point { x: 0px, y: -3373.7344px } before_text=Some(Bounds { origin: Point { x: 132px, y: -3110.2344px }, size: Size { 459px × 637.5px } }) after_text=Some(Bounds { origin: Point { x: 669px, y: -3110.2344px }, size: Size { 459px × 637.5px } }) before_visible=Some(187..225) after_visible=Some(187..225)
gitturtle.scroll kind=input time_us=18159013 editor=EntityId(106v1) label="Read-only Before source" area=code delta=Point { x: 0px, y: -21.796875px } before=Point { x: 0px, y: -3373.7344px }
gitturtle.scroll kind=split_link time_us=18159062 source=EntityId(106v1) target=EntityId(108v1) applied=Point { x: 0px, y: -3373.7344px } requested=Point { x: 0px, y: -3395.5313px }
gitturtle.scroll kind=input time_us=18159087 editor=EntityId(106v1) label="Read-only Before source" area=code delta=Point { x: 0px, y: -21.796875px } before=Point { x: 0px, y: -3395.5313px }
gitturtle.scroll kind=split_link time_us=18159099 source=EntityId(106v1) target=EntityId(108v1) applied=Point { x: 0px, y: -3395.5313px } requested=Point { x: 0px, y: -3417.3281px }
gitturtle.scroll kind=editor_paint time_us=18166199 window=WindowId(1v1) editor=EntityId(106v1) label="Read-only Before source" scale=2 offset=Point { x: 0px, y: -3417.3281px } text=Some(Bounds { origin: Point { x: 132px, y: -3153.8281px }, size: Size { 459px × 637.5px } }) input=Bounds { origin: Point { x: 132px, y: 263.5px }, size: Size { 459px × 637.5px } } line_height=Some(18px) visible=Some(189..228)
gitturtle.scroll kind=editor_paint time_us=18166473 window=WindowId(1v1) editor=EntityId(108v1) label="Read-only After source" scale=2 offset=Point { x: 0px, y: -3417.3281px } text=Some(Bounds { origin: Point { x: 669px, y: -3153.8281px }, size: Size { 459px × 637.5px } }) input=Bounds { origin: Point { x: 669px, y: 263.5px }, size: Size { 459px × 637.5px } } line_height=Some(18px) visible=Some(189..228)
gitturtle.scroll kind=split_paint time_us=18166541 window=WindowId(1v1) editors=[EntityId(106v1), EntityId(108v1)] before_offset=Point { x: 0px, y: -3417.3281px } after_offset=Point { x: 0px, y: -3417.3281px } before_text=Some(Bounds { origin: Point { x: 132px, y: -3153.8281px }, size: Size { 459px × 637.5px } }) after_text=Some(Bounds { origin: Point { x: 669px, y: -3153.8281px }, size: Size { 459px × 637.5px } }) before_visible=Some(189..228) after_visible=Some(189..228)
gitturtle.scroll kind=input time_us=18187676 editor=EntityId(106v1) label="Read-only Before source" area=code delta=Point { x: 0px, y: -21.796875px } before=Point { x: 0px, y: -3417.3281px }
gitturtle.scroll kind=split_link time_us=18187729 source=EntityId(106v1) target=EntityId(108v1) applied=Point { x: 0px, y: -3417.3281px } requested=Point { x: 0px, y: -3439.125px }
gitturtle.scroll kind=editor_paint time_us=18194787 window=WindowId(1v1) editor=EntityId(106v1) label="Read-only Before source" scale=2 offset=Point { x: 0px, y: -3439.125px } text=Some(Bounds { origin: Point { x: 132px, y: -3175.625px }, size: Size { 459px × 637.5px } }) input=Bounds { origin: Point { x: 132px, y: 263.5px }, size: Size { 459px × 637.5px } } line_height=Some(18px) visible=Some(191..229)
gitturtle.scroll kind=editor_paint time_us=18195053 window=WindowId(1v1) editor=EntityId(108v1) label="Read-only After source" scale=2 offset=Point { x: 0px, y: -3439.125px } text=Some(Bounds { origin: Point { x: 669px, y: -3175.625px }, size: Size { 459px × 637.5px } }) input=Bounds { origin: Point { x: 669px, y: 263.5px }, size: Size { 459px × 637.5px } } line_height=Some(18px) visible=Some(191..229)
gitturtle.scroll kind=split_paint time_us=18195111 window=WindowId(1v1) editors=[EntityId(106v1), EntityId(108v1)] before_offset=Point { x: 0px, y: -3439.125px } after_offset=Point { x: 0px, y: -3439.125px } before_text=Some(Bounds { origin: Point { x: 132px, y: -3175.625px }, size: Size { 459px × 637.5px } }) after_text=Some(Bounds { origin: Point { x: 669px, y: -3175.625px }, size: Size { 459px × 637.5px } }) before_visible=Some(191..229) after_visible=Some(191..229)
gitturtle.scroll kind=input time_us=18217155 editor=EntityId(106v1) label="Read-only Before source" area=code delta=Point { x: 0px, y: -21.796875px } before=Point { x: 0px, y: -3439.125px }
gitturtle.scroll kind=split_link time_us=18217201 source=EntityId(106v1) target=EntityId(108v1) applied=Point { x: 0px, y: -3439.125px } requested=Point { x: 0px, y: -3460.9219px }
gitturtle.scroll kind=input time_us=18217223 editor=EntityId(106v1) label="Read-only Before source" area=code delta=Point { x: 0px, y: -21.796875px } before=Point { x: 0px, y: -3460.9219px }
gitturtle.scroll kind=split_link time_us=18217236 source=EntityId(106v1) target=EntityId(108v1) applied=Point { x: 0px, y: -3460.9219px } requested=Point { x: 0px, y: -3482.7188px }
gitturtle.scroll kind=editor_paint time_us=18224632 window=WindowId(1v1) editor=EntityId(106v1) label="Read-only Before source" scale=2 offset=Point { x: 0px, y: -3482.7188px } text=Some(Bounds { origin: Point { x: 132px, y: -3219.2188px }, size: Size { 459px × 637.5px } }) input=Bounds { origin: Point { x: 132px, y: 263.5px }, size: Size { 459px × 637.5px } } line_height=Some(18px) visible=Some(193..231)
gitturtle.scroll kind=editor_paint time_us=18224912 window=WindowId(1v1) editor=EntityId(108v1) label="Read-only After source" scale=2 offset=Point { x: 0px, y: -3482.7188px } text=Some(Bounds { origin: Point { x: 669px, y: -3219.2188px }, size: Size { 459px × 637.5px } }) input=Bounds { origin: Point { x: 669px, y: 263.5px }, size: Size { 459px × 637.5px } } line_height=Some(18px) visible=Some(193..231)
gitturtle.scroll kind=split_paint time_us=18224972 window=WindowId(1v1) editors=[EntityId(106v1), EntityId(108v1)] before_offset=Point { x: 0px, y: -3482.7188px } after_offset=Point { x: 0px, y: -3482.7188px } before_text=Some(Bounds { origin: Point { x: 132px, y: -3219.2188px }, size: Size { 459px × 637.5px } }) after_text=Some(Bounds { origin: Point { x: 669px, y: -3219.2188px }, size: Size { 459px × 637.5px } }) before_visible=Some(193..231) after_visible=Some(193..231)
gitturtle.scroll kind=input time_us=18246082 editor=EntityId(106v1) label="Read-only Before source" area=code delta=Point { x: 0px, y: -21.796875px } before=Point { x: 0px, y: -3482.7188px }
gitturtle.scroll kind=split_link time_us=18246138 source=EntityId(106v1) target=EntityId(108v1) applied=Point { x: 0px, y: -3482.7188px } requested=Point { x: 0px, y: -3504.5156px }
gitturtle.scroll kind=input time_us=18246162 editor=EntityId(106v1) label="Read-only Before source" area=code delta=Point { x: 0px, y: -21.796875px } before=Point { x: 0px, y: -3504.5156px }
gitturtle.scroll kind=split_link time_us=18246175 source=EntityId(106v1) target=EntityId(108v1) applied=Point { x: 0px, y: -3504.5156px } requested=Point { x: 0px, y: -3526.3125px }
gitturtle.scroll kind=editor_paint time_us=18252991 window=WindowId(1v1) editor=EntityId(106v1) label="Read-only Before source" scale=2 offset=Point { x: 0px, y: -3526.3125px } text=Some(Bounds { origin: Point { x: 132px, y: -3262.8125px }, size: Size { 459px × 637.5px } }) input=Bounds { origin: Point { x: 132px, y: 263.5px }, size: Size { 459px × 637.5px } } line_height=Some(18px) visible=Some(195..234)
gitturtle.scroll kind=editor_paint time_us=18253275 window=WindowId(1v1) editor=EntityId(108v1) label="Read-only After source" scale=2 offset=Point { x: 0px, y: -3526.3125px } text=Some(Bounds { origin: Point { x: 669px, y: -3262.8125px }, size: Size { 459px × 637.5px } }) input=Bounds { origin: Point { x: 669px, y: 263.5px }, size: Size { 459px × 637.5px } } line_height=Some(18px) visible=Some(195..234)
gitturtle.scroll kind=split_paint time_us=18253333 window=WindowId(1v1) editors=[EntityId(106v1), EntityId(108v1)] before_offset=Point { x: 0px, y: -3526.3125px } after_offset=Point { x: 0px, y: -3526.3125px } before_text=Some(Bounds { origin: Point { x: 132px, y: -3262.8125px }, size: Size { 459px × 637.5px } }) after_text=Some(Bounds { origin: Point { x: 669px, y: -3262.8125px }, size: Size { 459px × 637.5px } }) before_visible=Some(195..234) after_visible=Some(195..234)
gitturtle.scroll kind=input time_us=18276059 editor=EntityId(106v1) label="Read-only Before source" area=code delta=Point { x: 0px, y: -21.796875px } before=Point { x: 0px, y: -3526.3125px }
gitturtle.scroll kind=split_link time_us=18276125 source=EntityId(106v1) target=EntityId(108v1) applied=Point { x: 0px, y: -3526.3125px } requested=Point { x: 0px, y: -3548.1094px }
gitturtle.scroll kind=editor_paint time_us=18283417 window=WindowId(1v1) editor=EntityId(106v1) label="Read-only Before source" scale=2 offset=Point { x: 0px, y: -3548.1094px } text=Some(Bounds { origin: Point { x: 132px, y: -3284.6094px }, size: Size { 459px × 637.5px } }) input=Bounds { origin: Point { x: 132px, y: 263.5px }, size: Size { 459px × 637.5px } } line_height=Some(18px) visible=Some(197..235)
gitturtle.scroll kind=editor_paint time_us=18283699 window=WindowId(1v1) editor=EntityId(108v1) label="Read-only After source" scale=2 offset=Point { x: 0px, y: -3548.1094px } text=Some(Bounds { origin: Point { x: 669px, y: -3284.6094px }, size: Size { 459px × 637.5px } }) input=Bounds { origin: Point { x: 669px, y: 263.5px }, size: Size { 459px × 637.5px } } line_height=Some(18px) visible=Some(197..235)
gitturtle.scroll kind=split_paint time_us=18283759 window=WindowId(1v1) editors=[EntityId(106v1), EntityId(108v1)] before_offset=Point { x: 0px, y: -3548.1094px } after_offset=Point { x: 0px, y: -3548.1094px } before_text=Some(Bounds { origin: Point { x: 132px, y: -3284.6094px }, size: Size { 459px × 637.5px } }) after_text=Some(Bounds { origin: Point { x: 669px, y: -3284.6094px }, size: Size { 459px × 637.5px } }) before_visible=Some(197..235) after_visible=Some(197..235)
gitturtle.scroll kind=input time_us=18305093 editor=EntityId(106v1) label="Read-only Before source" area=code delta=Point { x: 0px, y: -21.796875px } before=Point { x: 0px, y: -3548.1094px }
gitturtle.scroll kind=split_link time_us=18305166 source=EntityId(106v1) target=EntityId(108v1) applied=Point { x: 0px, y: -3548.1094px } requested=Point { x: 0px, y: -3569.9063px }
gitturtle.scroll kind=input time_us=18305208 editor=EntityId(106v1) label="Read-only Before source" area=code delta=Point { x: 0px, y: -21.796875px } before=Point { x: 0px, y: -3569.9063px }
gitturtle.scroll kind=split_link time_us=18305234 source=EntityId(106v1) target=EntityId(108v1) applied=Point { x: 0px, y: -3569.9063px } requested=Point { x: 0px, y: -3591.7031px }
gitturtle.scroll kind=editor_paint time_us=18312559 window=WindowId(1v1) editor=EntityId(106v1) label="Read-only Before source" scale=2 offset=Point { x: 0px, y: -3591.7031px } text=Some(Bounds { origin: Point { x: 132px, y: -3328.2031px }, size: Size { 459px × 637.5px } }) input=Bounds { origin: Point { x: 132px, y: 263.5px }, size: Size { 459px × 637.5px } } line_height=Some(18px) visible=Some(199..237)
gitturtle.scroll kind=editor_paint time_us=18312858 window=WindowId(1v1) editor=EntityId(108v1) label="Read-only After source" scale=2 offset=Point { x: 0px, y: -3591.7031px } text=Some(Bounds { origin: Point { x: 669px, y: -3328.2031px }, size: Size { 459px × 637.5px } }) input=Bounds { origin: Point { x: 669px, y: 263.5px }, size: Size { 459px × 637.5px } } line_height=Some(18px) visible=Some(199..237)
gitturtle.scroll kind=split_paint time_us=18312916 window=WindowId(1v1) editors=[EntityId(106v1), EntityId(108v1)] before_offset=Point { x: 0px, y: -3591.7031px } after_offset=Point { x: 0px, y: -3591.7031px } before_text=Some(Bounds { origin: Point { x: 132px, y: -3328.2031px }, size: Size { 459px × 637.5px } }) after_text=Some(Bounds { origin: Point { x: 669px, y: -3328.2031px }, size: Size { 459px × 637.5px } }) before_visible=Some(199..237) after_visible=Some(199..237)
gitturtle.scroll kind=input time_us=18333358 editor=EntityId(106v1) label="Read-only Before source" area=code delta=Point { x: 0px, y: -21.796875px } before=Point { x: 0px, y: -3591.7031px }
gitturtle.scroll kind=split_link time_us=18333441 source=EntityId(106v1) target=EntityId(108v1) applied=Point { x: 0px, y: -3591.7031px } requested=Point { x: 0px, y: -3613.5px }
gitturtle.scroll kind=input time_us=18333489 editor=EntityId(106v1) label="Read-only Before source" area=code delta=Point { x: 0px, y: 21.796875px } before=Point { x: 0px, y: -3613.5px }
gitturtle.scroll kind=split_link time_us=18333524 source=EntityId(106v1) target=EntityId(108v1) applied=Point { x: 0px, y: -3613.5px } requested=Point { x: 0px, y: -3591.7031px }
gitturtle.scroll kind=editor_paint time_us=18340974 window=WindowId(1v1) editor=EntityId(106v1) label="Read-only Before source" scale=2 offset=Point { x: 0px, y: -3591.7031px } text=Some(Bounds { origin: Point { x: 132px, y: -3328.2031px }, size: Size { 459px × 637.5px } }) input=Bounds { origin: Point { x: 132px, y: 263.5px }, size: Size { 459px × 637.5px } } line_height=Some(18px) visible=Some(199..237)
gitturtle.scroll kind=editor_paint time_us=18341239 window=WindowId(1v1) editor=EntityId(108v1) label="Read-only After source" scale=2 offset=Point { x: 0px, y: -3591.7031px } text=Some(Bounds { origin: Point { x: 669px, y: -3328.2031px }, size: Size { 459px × 637.5px } }) input=Bounds { origin: Point { x: 669px, y: 263.5px }, size: Size { 459px × 637.5px } } line_height=Some(18px) visible=Some(199..237)
gitturtle.scroll kind=split_paint time_us=18341296 window=WindowId(1v1) editors=[EntityId(106v1), EntityId(108v1)] before_offset=Point { x: 0px, y: -3591.7031px } after_offset=Point { x: 0px, y: -3591.7031px } before_text=Some(Bounds { origin: Point { x: 132px, y: -3328.2031px }, size: Size { 459px × 637.5px } }) after_text=Some(Bounds { origin: Point { x: 669px, y: -3328.2031px }, size: Size { 459px × 637.5px } }) before_visible=Some(199..237) after_visible=Some(199..237)
gitturtle.scroll kind=input time_us=18363032 editor=EntityId(106v1) label="Read-only Before source" area=code delta=Point { x: 0px, y: 21.796875px } before=Point { x: 0px, y: -3591.7031px }
gitturtle.scroll kind=split_link time_us=18363123 source=EntityId(106v1) target=EntityId(108v1) applied=Point { x: 0px, y: -3591.7031px } requested=Point { x: 0px, y: -3569.9063px }
gitturtle.scroll kind=editor_paint time_us=18370503 window=WindowId(1v1) editor=EntityId(106v1) label="Read-only Before source" scale=2 offset=Point { x: 0px, y: -3569.9063px } text=Some(Bounds { origin: Point { x: 132px, y: -3306.4063px }, size: Size { 459px × 637.5px } }) input=Bounds { origin: Point { x: 132px, y: 263.5px }, size: Size { 459px × 637.5px } } line_height=Some(18px) visible=Some(198..236)
gitturtle.scroll kind=editor_paint time_us=18370787 window=WindowId(1v1) editor=EntityId(108v1) label="Read-only After source" scale=2 offset=Point { x: 0px, y: -3569.9063px } text=Some(Bounds { origin: Point { x: 669px, y: -3306.4063px }, size: Size { 459px × 637.5px } }) input=Bounds { origin: Point { x: 669px, y: 263.5px }, size: Size { 459px × 637.5px } } line_height=Some(18px) visible=Some(198..236)
gitturtle.scroll kind=split_paint time_us=18370850 window=WindowId(1v1) editors=[EntityId(106v1), EntityId(108v1)] before_offset=Point { x: 0px, y: -3569.9063px } after_offset=Point { x: 0px, y: -3569.9063px } before_text=Some(Bounds { origin: Point { x: 132px, y: -3306.4063px }, size: Size { 459px × 637.5px } }) after_text=Some(Bounds { origin: Point { x: 669px, y: -3306.4063px }, size: Size { 459px × 637.5px } }) before_visible=Some(198..236) after_visible=Some(198..236)
gitturtle.scroll kind=input time_us=18392194 editor=EntityId(106v1) label="Read-only Before source" area=code delta=Point { x: 0px, y: 21.796875px } before=Point { x: 0px, y: -3569.9063px }
gitturtle.scroll kind=split_link time_us=18392248 source=EntityId(106v1) target=EntityId(108v1) applied=Point { x: 0px, y: -3569.9063px } requested=Point { x: 0px, y: -3548.1094px }
gitturtle.scroll kind=input time_us=18392273 editor=EntityId(106v1) label="Read-only Before source" area=code delta=Point { x: 0px, y: 21.796875px } before=Point { x: 0px, y: -3548.1094px }
gitturtle.scroll kind=split_link time_us=18392286 source=EntityId(106v1) target=EntityId(108v1) applied=Point { x: 0px, y: -3548.1094px } requested=Point { x: 0px, y: -3526.3125px }
gitturtle.scroll kind=editor_paint time_us=18399176 window=WindowId(1v1) editor=EntityId(106v1) label="Read-only Before source" scale=2 offset=Point { x: 0px, y: -3526.3125px } text=Some(Bounds { origin: Point { x: 132px, y: -3262.8125px }, size: Size { 459px × 637.5px } }) input=Bounds { origin: Point { x: 132px, y: 263.5px }, size: Size { 459px × 637.5px } } line_height=Some(18px) visible=Some(195..234)
gitturtle.scroll kind=editor_paint time_us=18399455 window=WindowId(1v1) editor=EntityId(108v1) label="Read-only After source" scale=2 offset=Point { x: 0px, y: -3526.3125px } text=Some(Bounds { origin: Point { x: 669px, y: -3262.8125px }, size: Size { 459px × 637.5px } }) input=Bounds { origin: Point { x: 669px, y: 263.5px }, size: Size { 459px × 637.5px } } line_height=Some(18px) visible=Some(195..234)
gitturtle.scroll kind=split_paint time_us=18399513 window=WindowId(1v1) editors=[EntityId(106v1), EntityId(108v1)] before_offset=Point { x: 0px, y: -3526.3125px } after_offset=Point { x: 0px, y: -3526.3125px } before_text=Some(Bounds { origin: Point { x: 132px, y: -3262.8125px }, size: Size { 459px × 637.5px } }) after_text=Some(Bounds { origin: Point { x: 669px, y: -3262.8125px }, size: Size { 459px × 637.5px } }) before_visible=Some(195..234) after_visible=Some(195..234)
gitturtle.scroll kind=input time_us=18421738 editor=EntityId(106v1) label="Read-only Before source" area=code delta=Point { x: 0px, y: 21.796875px } before=Point { x: 0px, y: -3526.3125px }
gitturtle.scroll kind=split_link time_us=18421816 source=EntityId(106v1) target=EntityId(108v1) applied=Point { x: 0px, y: -3526.3125px } requested=Point { x: 0px, y: -3504.5156px }
gitturtle.scroll kind=editor_paint time_us=18429116 window=WindowId(1v1) editor=EntityId(106v1) label="Read-only Before source" scale=2 offset=Point { x: 0px, y: -3504.5156px } text=Some(Bounds { origin: Point { x: 132px, y: -3241.0156px }, size: Size { 459px × 637.5px } }) input=Bounds { origin: Point { x: 132px, y: 263.5px }, size: Size { 459px × 637.5px } } line_height=Some(18px) visible=Some(194..233)
gitturtle.scroll kind=editor_paint time_us=18429418 window=WindowId(1v1) editor=EntityId(108v1) label="Read-only After source" scale=2 offset=Point { x: 0px, y: -3504.5156px } text=Some(Bounds { origin: Point { x: 669px, y: -3241.0156px }, size: Size { 459px × 637.5px } }) input=Bounds { origin: Point { x: 669px, y: 263.5px }, size: Size { 459px × 637.5px } } line_height=Some(18px) visible=Some(194..233)
gitturtle.scroll kind=split_paint time_us=18429478 window=WindowId(1v1) editors=[EntityId(106v1), EntityId(108v1)] before_offset=Point { x: 0px, y: -3504.5156px } after_offset=Point { x: 0px, y: -3504.5156px } before_text=Some(Bounds { origin: Point { x: 132px, y: -3241.0156px }, size: Size { 459px × 637.5px } }) after_text=Some(Bounds { origin: Point { x: 669px, y: -3241.0156px }, size: Size { 459px × 637.5px } }) before_visible=Some(194..233) after_visible=Some(194..233)
gitturtle.scroll kind=input time_us=18431337 editor=EntityId(106v1) label="Read-only Before source" area=code delta=Point { x: 0px, y: 21.796875px } before=Point { x: 0px, y: -3504.5156px }
gitturtle.scroll kind=split_link time_us=18431362 source=EntityId(106v1) target=EntityId(108v1) applied=Point { x: 0px, y: -3504.5156px } requested=Point { x: 0px, y: -3482.7188px }
gitturtle.scroll kind=input time_us=18449580 editor=EntityId(106v1) label="Read-only Before source" area=code delta=Point { x: 0px, y: 21.796875px } before=Point { x: 0px, y: -3482.7188px }
gitturtle.scroll kind=split_link time_us=18449626 source=EntityId(106v1) target=EntityId(108v1) applied=Point { x: 0px, y: -3482.7188px } requested=Point { x: 0px, y: -3460.9219px }
gitturtle.scroll kind=editor_paint time_us=18456663 window=WindowId(1v1) editor=EntityId(106v1) label="Read-only Before source" scale=2 offset=Point { x: 0px, y: -3460.9219px } text=Some(Bounds { origin: Point { x: 132px, y: -3197.4219px }, size: Size { 459px × 637.5px } }) input=Bounds { origin: Point { x: 132px, y: 263.5px }, size: Size { 459px × 637.5px } } line_height=Some(18px) visible=Some(192..230)
gitturtle.scroll kind=editor_paint time_us=18456951 window=WindowId(1v1) editor=EntityId(108v1) label="Read-only After source" scale=2 offset=Point { x: 0px, y: -3460.9219px } text=Some(Bounds { origin: Point { x: 669px, y: -3197.4219px }, size: Size { 459px × 637.5px } }) input=Bounds { origin: Point { x: 669px, y: 263.5px }, size: Size { 459px × 637.5px } } line_height=Some(18px) visible=Some(192..230)
gitturtle.scroll kind=split_paint time_us=18457011 window=WindowId(1v1) editors=[EntityId(106v1), EntityId(108v1)] before_offset=Point { x: 0px, y: -3460.9219px } after_offset=Point { x: 0px, y: -3460.9219px } before_text=Some(Bounds { origin: Point { x: 132px, y: -3197.4219px }, size: Size { 459px × 637.5px } }) after_text=Some(Bounds { origin: Point { x: 669px, y: -3197.4219px }, size: Size { 459px × 637.5px } }) before_visible=Some(192..230) after_visible=Some(192..230)
gitturtle.scroll kind=input time_us=18477914 editor=EntityId(106v1) label="Read-only Before source" area=code delta=Point { x: 0px, y: 21.796875px } before=Point { x: 0px, y: -3460.9219px }
gitturtle.scroll kind=split_link time_us=18477965 source=EntityId(106v1) target=EntityId(108v1) applied=Point { x: 0px, y: -3460.9219px } requested=Point { x: 0px, y: -3439.125px }
gitturtle.scroll kind=input time_us=18477989 editor=EntityId(106v1) label="Read-only Before source" area=code delta=Point { x: 0px, y: 21.796875px } before=Point { x: 0px, y: -3439.125px }
gitturtle.scroll kind=split_link time_us=18478002 source=EntityId(106v1) target=EntityId(108v1) applied=Point { x: 0px, y: -3439.125px } requested=Point { x: 0px, y: -3417.3281px }
gitturtle.scroll kind=editor_paint time_us=18485333 window=WindowId(1v1) editor=EntityId(106v1) label="Read-only Before source" scale=2 offset=Point { x: 0px, y: -3417.3281px } text=Some(Bounds { origin: Point { x: 132px, y: -3153.8281px }, size: Size { 459px × 637.5px } }) input=Bounds { origin: Point { x: 132px, y: 263.5px }, size: Size { 459px × 637.5px } } line_height=Some(18px) visible=Some(189..228)
gitturtle.scroll kind=editor_paint time_us=18485631 window=WindowId(1v1) editor=EntityId(108v1) label="Read-only After source" scale=2 offset=Point { x: 0px, y: -3417.3281px } text=Some(Bounds { origin: Point { x: 669px, y: -3153.8281px }, size: Size { 459px × 637.5px } }) input=Bounds { origin: Point { x: 669px, y: 263.5px }, size: Size { 459px × 637.5px } } line_height=Some(18px) visible=Some(189..228)
gitturtle.scroll kind=split_paint time_us=18485689 window=WindowId(1v1) editors=[EntityId(106v1), EntityId(108v1)] before_offset=Point { x: 0px, y: -3417.3281px } after_offset=Point { x: 0px, y: -3417.3281px } before_text=Some(Bounds { origin: Point { x: 132px, y: -3153.8281px }, size: Size { 459px × 637.5px } }) after_text=Some(Bounds { origin: Point { x: 669px, y: -3153.8281px }, size: Size { 459px × 637.5px } }) before_visible=Some(189..228) after_visible=Some(189..228)
gitturtle.scroll kind=input time_us=18507618 editor=EntityId(106v1) label="Read-only Before source" area=code delta=Point { x: 0px, y: 21.796875px } before=Point { x: 0px, y: -3417.3281px }
gitturtle.scroll kind=split_link time_us=18507663 source=EntityId(106v1) target=EntityId(108v1) applied=Point { x: 0px, y: -3417.3281px } requested=Point { x: 0px, y: -3395.5313px }
gitturtle.scroll kind=editor_paint time_us=18515386 window=WindowId(1v1) editor=EntityId(106v1) label="Read-only Before source" scale=2 offset=Point { x: 0px, y: -3395.5313px } text=Some(Bounds { origin: Point { x: 132px, y: -3132.0313px }, size: Size { 459px × 637.5px } }) input=Bounds { origin: Point { x: 132px, y: 263.5px }, size: Size { 459px × 637.5px } } line_height=Some(18px) visible=Some(188..227)
gitturtle.scroll kind=editor_paint time_us=18515680 window=WindowId(1v1) editor=EntityId(108v1) label="Read-only After source" scale=2 offset=Point { x: 0px, y: -3395.5313px } text=Some(Bounds { origin: Point { x: 669px, y: -3132.0313px }, size: Size { 459px × 637.5px } }) input=Bounds { origin: Point { x: 669px, y: 263.5px }, size: Size { 459px × 637.5px } } line_height=Some(18px) visible=Some(188..227)
gitturtle.scroll kind=split_paint time_us=18515739 window=WindowId(1v1) editors=[EntityId(106v1), EntityId(108v1)] before_offset=Point { x: 0px, y: -3395.5313px } after_offset=Point { x: 0px, y: -3395.5313px } before_text=Some(Bounds { origin: Point { x: 132px, y: -3132.0313px }, size: Size { 459px × 637.5px } }) after_text=Some(Bounds { origin: Point { x: 669px, y: -3132.0313px }, size: Size { 459px × 637.5px } }) before_visible=Some(188..227) after_visible=Some(188..227)
gitturtle.scroll kind=input time_us=18529186 editor=EntityId(106v1) label="Read-only Before source" area=code delta=Point { x: 0px, y: 21.796875px } before=Point { x: 0px, y: -3395.5313px }
gitturtle.scroll kind=split_link time_us=18529228 source=EntityId(106v1) target=EntityId(108v1) applied=Point { x: 0px, y: -3395.5313px } requested=Point { x: 0px, y: -3373.7344px }
gitturtle.scroll kind=input time_us=18553108 editor=EntityId(106v1) label="Read-only Before source" area=code delta=Point { x: 0px, y: 21.796875px } before=Point { x: 0px, y: -3373.7344px }
gitturtle.scroll kind=split_link time_us=18553160 source=EntityId(106v1) target=EntityId(108v1) applied=Point { x: 0px, y: -3373.7344px } requested=Point { x: 0px, y: -3351.9375px }
gitturtle.scroll kind=input time_us=18553188 editor=EntityId(106v1) label="Read-only Before source" area=code delta=Point { x: 0px, y: 21.796875px } before=Point { x: 0px, y: -3351.9375px }
gitturtle.scroll kind=split_link time_us=18553202 source=EntityId(106v1) target=EntityId(108v1) applied=Point { x: 0px, y: -3351.9375px } requested=Point { x: 0px, y: -3330.1406px }
gitturtle.scroll kind=editor_paint time_us=18560663 window=WindowId(1v1) editor=EntityId(106v1) label="Read-only Before source" scale=2 offset=Point { x: 0px, y: -3330.1406px } text=Some(Bounds { origin: Point { x: 132px, y: -3066.6406px }, size: Size { 459px × 637.5px } }) input=Bounds { origin: Point { x: 132px, y: 263.5px }, size: Size { 459px × 637.5px } } line_height=Some(18px) visible=Some(185..223)
gitturtle.scroll kind=editor_paint time_us=18560965 window=WindowId(1v1) editor=EntityId(108v1) label="Read-only After source" scale=2 offset=Point { x: 0px, y: -3330.1406px } text=Some(Bounds { origin: Point { x: 669px, y: -3066.6406px }, size: Size { 459px × 637.5px } }) input=Bounds { origin: Point { x: 669px, y: 263.5px }, size: Size { 459px × 637.5px } } line_height=Some(18px) visible=Some(185..223)
gitturtle.scroll kind=split_paint time_us=18561026 window=WindowId(1v1) editors=[EntityId(106v1), EntityId(108v1)] before_offset=Point { x: 0px, y: -3330.1406px } after_offset=Point { x: 0px, y: -3330.1406px } before_text=Some(Bounds { origin: Point { x: 132px, y: -3066.6406px }, size: Size { 459px × 637.5px } }) after_text=Some(Bounds { origin: Point { x: 669px, y: -3066.6406px }, size: Size { 459px × 637.5px } }) before_visible=Some(185..223) after_visible=Some(185..223)
gitturtle.scroll kind=input time_us=18578903 editor=EntityId(106v1) label="Read-only Before source" area=code delta=Point { x: 0px, y: 21.796875px } before=Point { x: 0px, y: -3330.1406px }
gitturtle.scroll kind=split_link time_us=18578993 source=EntityId(106v1) target=EntityId(108v1) applied=Point { x: 0px, y: -3330.1406px } requested=Point { x: 0px, y: -3308.3438px }
gitturtle.scroll kind=editor_paint time_us=18586386 window=WindowId(1v1) editor=EntityId(106v1) label="Read-only Before source" scale=2 offset=Point { x: 0px, y: -3308.3438px } text=Some(Bounds { origin: Point { x: 132px, y: -3044.8438px }, size: Size { 459px × 637.5px } }) input=Bounds { origin: Point { x: 132px, y: 263.5px }, size: Size { 459px × 637.5px } } line_height=Some(18px) visible=Some(183..222)
gitturtle.scroll kind=editor_paint time_us=18586687 window=WindowId(1v1) editor=EntityId(108v1) label="Read-only After source" scale=2 offset=Point { x: 0px, y: -3308.3438px } text=Some(Bounds { origin: Point { x: 669px, y: -3044.8438px }, size: Size { 459px × 637.5px } }) input=Bounds { origin: Point { x: 669px, y: 263.5px }, size: Size { 459px × 637.5px } } line_height=Some(18px) visible=Some(183..222)
gitturtle.scroll kind=split_paint time_us=18586752 window=WindowId(1v1) editors=[EntityId(106v1), EntityId(108v1)] before_offset=Point { x: 0px, y: -3308.3438px } after_offset=Point { x: 0px, y: -3308.3438px } before_text=Some(Bounds { origin: Point { x: 132px, y: -3044.8438px }, size: Size { 459px × 637.5px } }) after_text=Some(Bounds { origin: Point { x: 669px, y: -3044.8438px }, size: Size { 459px × 637.5px } }) before_visible=Some(183..222) after_visible=Some(183..222)
gitturtle.scroll kind=input time_us=18606374 editor=EntityId(106v1) label="Read-only Before source" area=code delta=Point { x: 0px, y: 21.796875px } before=Point { x: 0px, y: -3308.3438px }
gitturtle.scroll kind=split_link time_us=18606449 source=EntityId(106v1) target=EntityId(108v1) applied=Point { x: 0px, y: -3308.3438px } requested=Point { x: 0px, y: -3286.5469px }
gitturtle.scroll kind=input time_us=18606488 editor=EntityId(106v1) label="Read-only Before source" area=code delta=Point { x: 0px, y: 21.796875px } before=Point { x: 0px, y: -3286.5469px }
gitturtle.scroll kind=split_link time_us=18606512 source=EntityId(106v1) target=EntityId(108v1) applied=Point { x: 0px, y: -3286.5469px } requested=Point { x: 0px, y: -3264.75px }
gitturtle.scroll kind=editor_paint time_us=18613725 window=WindowId(1v1) editor=EntityId(106v1) label="Read-only Before source" scale=2 offset=Point { x: 0px, y: -3264.75px } text=Some(Bounds { origin: Point { x: 132px, y: -3001.25px }, size: Size { 459px × 637.5px } }) input=Bounds { origin: Point { x: 132px, y: 263.5px }, size: Size { 459px × 637.5px } } line_height=Some(18px) visible=Some(181..219)
gitturtle.scroll kind=editor_paint time_us=18614021 window=WindowId(1v1) editor=EntityId(108v1) label="Read-only After source" scale=2 offset=Point { x: 0px, y: -3264.75px } text=Some(Bounds { origin: Point { x: 669px, y: -3001.25px }, size: Size { 459px × 637.5px } }) input=Bounds { origin: Point { x: 669px, y: 263.5px }, size: Size { 459px × 637.5px } } line_height=Some(18px) visible=Some(181..219)
gitturtle.scroll kind=split_paint time_us=18614092 window=WindowId(1v1) editors=[EntityId(106v1), EntityId(108v1)] before_offset=Point { x: 0px, y: -3264.75px } after_offset=Point { x: 0px, y: -3264.75px } before_text=Some(Bounds { origin: Point { x: 132px, y: -3001.25px }, size: Size { 459px × 637.5px } }) after_text=Some(Bounds { origin: Point { x: 669px, y: -3001.25px }, size: Size { 459px × 637.5px } }) before_visible=Some(181..219) after_visible=Some(181..219)
gitturtle.scroll kind=input time_us=18635690 editor=EntityId(106v1) label="Read-only Before source" area=code delta=Point { x: 0px, y: 21.796875px } before=Point { x: 0px, y: -3264.75px }
gitturtle.scroll kind=split_link time_us=18635737 source=EntityId(106v1) target=EntityId(108v1) applied=Point { x: 0px, y: -3264.75px } requested=Point { x: 0px, y: -3242.9531px }
gitturtle.scroll kind=editor_paint time_us=18643063 window=WindowId(1v1) editor=EntityId(106v1) label="Read-only Before source" scale=2 offset=Point { x: 0px, y: -3242.9531px } text=Some(Bounds { origin: Point { x: 132px, y: -2979.4531px }, size: Size { 459px × 637.5px } }) input=Bounds { origin: Point { x: 132px, y: 263.5px }, size: Size { 459px × 637.5px } } line_height=Some(18px) visible=Some(180..218)
gitturtle.scroll kind=editor_paint time_us=18643358 window=WindowId(1v1) editor=EntityId(108v1) label="Read-only After source" scale=2 offset=Point { x: 0px, y: -3242.9531px } text=Some(Bounds { origin: Point { x: 669px, y: -2979.4531px }, size: Size { 459px × 637.5px } }) input=Bounds { origin: Point { x: 669px, y: 263.5px }, size: Size { 459px × 637.5px } } line_height=Some(18px) visible=Some(180..218)
gitturtle.scroll kind=split_paint time_us=18643418 window=WindowId(1v1) editors=[EntityId(106v1), EntityId(108v1)] before_offset=Point { x: 0px, y: -3242.9531px } after_offset=Point { x: 0px, y: -3242.9531px } before_text=Some(Bounds { origin: Point { x: 132px, y: -2979.4531px }, size: Size { 459px × 637.5px } }) after_text=Some(Bounds { origin: Point { x: 669px, y: -2979.4531px }, size: Size { 459px × 637.5px } }) before_visible=Some(180..218) after_visible=Some(180..218)
gitturtle.scroll kind=input time_us=18664268 editor=EntityId(106v1) label="Read-only Before source" area=code delta=Point { x: 0px, y: 21.796875px } before=Point { x: 0px, y: -3242.9531px }
gitturtle.scroll kind=split_link time_us=18664319 source=EntityId(106v1) target=EntityId(108v1) applied=Point { x: 0px, y: -3242.9531px } requested=Point { x: 0px, y: -3221.1563px }
gitturtle.scroll kind=input time_us=18664345 editor=EntityId(106v1) label="Read-only Before source" area=code delta=Point { x: 0px, y: 21.796875px } before=Point { x: 0px, y: -3221.1563px }
gitturtle.scroll kind=split_link time_us=18664358 source=EntityId(106v1) target=EntityId(108v1) applied=Point { x: 0px, y: -3221.1563px } requested=Point { x: 0px, y: -3199.3594px }
gitturtle.scroll kind=editor_paint time_us=18671209 window=WindowId(1v1) editor=EntityId(106v1) label="Read-only Before source" scale=2 offset=Point { x: 0px, y: -3199.3594px } text=Some(Bounds { origin: Point { x: 132px, y: -2935.8594px }, size: Size { 459px × 637.5px } }) input=Bounds { origin: Point { x: 132px, y: 263.5px }, size: Size { 459px × 637.5px } } line_height=Some(18px) visible=Some(177..216)
gitturtle.scroll kind=editor_paint time_us=18671491 window=WindowId(1v1) editor=EntityId(108v1) label="Read-only After source" scale=2 offset=Point { x: 0px, y: -3199.3594px } text=Some(Bounds { origin: Point { x: 669px, y: -2935.8594px }, size: Size { 459px × 637.5px } }) input=Bounds { origin: Point { x: 669px, y: 263.5px }, size: Size { 459px × 637.5px } } line_height=Some(18px) visible=Some(177..216)
gitturtle.scroll kind=split_paint time_us=18671550 window=WindowId(1v1) editors=[EntityId(106v1), EntityId(108v1)] before_offset=Point { x: 0px, y: -3199.3594px } after_offset=Point { x: 0px, y: -3199.3594px } before_text=Some(Bounds { origin: Point { x: 132px, y: -2935.8594px }, size: Size { 459px × 637.5px } }) after_text=Some(Bounds { origin: Point { x: 669px, y: -2935.8594px }, size: Size { 459px × 637.5px } }) before_visible=Some(177..216) after_visible=Some(177..216)
gitturtle.scroll kind=input time_us=18693459 editor=EntityId(106v1) label="Read-only Before source" area=code delta=Point { x: 0px, y: 21.796875px } before=Point { x: 0px, y: -3199.3594px }
gitturtle.scroll kind=split_link time_us=18693519 source=EntityId(106v1) target=EntityId(108v1) applied=Point { x: 0px, y: -3199.3594px } requested=Point { x: 0px, y: -3177.5625px }
gitturtle.scroll kind=input time_us=18693548 editor=EntityId(106v1) label="Read-only Before source" area=code delta=Point { x: 0px, y: 21.796875px } before=Point { x: 0px, y: -3177.5625px }
gitturtle.scroll kind=split_link time_us=18693565 source=EntityId(106v1) target=EntityId(108v1) applied=Point { x: 0px, y: -3177.5625px } requested=Point { x: 0px, y: -3155.7656px }
gitturtle.scroll kind=editor_paint time_us=18700913 window=WindowId(1v1) editor=EntityId(106v1) label="Read-only Before source" scale=2 offset=Point { x: 0px, y: -3155.7656px } text=Some(Bounds { origin: Point { x: 132px, y: -2892.2656px }, size: Size { 459px × 637.5px } }) input=Bounds { origin: Point { x: 132px, y: 263.5px }, size: Size { 459px × 637.5px } } line_height=Some(18px) visible=Some(175..213)
gitturtle.scroll kind=editor_paint time_us=18701188 window=WindowId(1v1) editor=EntityId(108v1) label="Read-only After source" scale=2 offset=Point { x: 0px, y: -3155.7656px } text=Some(Bounds { origin: Point { x: 669px, y: -2892.2656px }, size: Size { 459px × 637.5px } }) input=Bounds { origin: Point { x: 669px, y: 263.5px }, size: Size { 459px × 637.5px } } line_height=Some(18px) visible=Some(175..213)
gitturtle.scroll kind=split_paint time_us=18701248 window=WindowId(1v1) editors=[EntityId(106v1), EntityId(108v1)] before_offset=Point { x: 0px, y: -3155.7656px } after_offset=Point { x: 0px, y: -3155.7656px } before_text=Some(Bounds { origin: Point { x: 132px, y: -2892.2656px }, size: Size { 459px × 637.5px } }) after_text=Some(Bounds { origin: Point { x: 669px, y: -2892.2656px }, size: Size { 459px × 637.5px } }) before_visible=Some(175..213) after_visible=Some(175..213)
gitturtle.scroll kind=input time_us=18723176 editor=EntityId(106v1) label="Read-only Before source" area=code delta=Point { x: 0px, y: 21.796875px } before=Point { x: 0px, y: -3155.7656px }
gitturtle.scroll kind=split_link time_us=18723222 source=EntityId(106v1) target=EntityId(108v1) applied=Point { x: 0px, y: -3155.7656px } requested=Point { x: 0px, y: -3133.9688px }
gitturtle.scroll kind=editor_paint time_us=18730664 window=WindowId(1v1) editor=EntityId(106v1) label="Read-only Before source" scale=2 offset=Point { x: 0px, y: -3133.9688px } text=Some(Bounds { origin: Point { x: 132px, y: -2870.4688px }, size: Size { 459px × 637.5px } }) input=Bounds { origin: Point { x: 132px, y: 263.5px }, size: Size { 459px × 637.5px } } line_height=Some(18px) visible=Some(174..212)
gitturtle.scroll kind=editor_paint time_us=18730951 window=WindowId(1v1) editor=EntityId(108v1) label="Read-only After source" scale=2 offset=Point { x: 0px, y: -3133.9688px } text=Some(Bounds { origin: Point { x: 669px, y: -2870.4688px }, size: Size { 459px × 637.5px } }) input=Bounds { origin: Point { x: 669px, y: 263.5px }, size: Size { 459px × 637.5px } } line_height=Some(18px) visible=Some(174..212)
gitturtle.scroll kind=split_paint time_us=18731012 window=WindowId(1v1) editors=[EntityId(106v1), EntityId(108v1)] before_offset=Point { x: 0px, y: -3133.9688px } after_offset=Point { x: 0px, y: -3133.9688px } before_text=Some(Bounds { origin: Point { x: 132px, y: -2870.4688px }, size: Size { 459px × 637.5px } }) after_text=Some(Bounds { origin: Point { x: 669px, y: -2870.4688px }, size: Size { 459px × 637.5px } }) before_visible=Some(174..212) after_visible=Some(174..212)
gitturtle.scroll kind=input time_us=18751307 editor=EntityId(106v1) label="Read-only Before source" area=code delta=Point { x: 0px, y: 21.796875px } before=Point { x: 0px, y: -3133.9688px }
gitturtle.scroll kind=split_link time_us=18751359 source=EntityId(106v1) target=EntityId(108v1) applied=Point { x: 0px, y: -3133.9688px } requested=Point { x: 0px, y: -3112.1719px }
gitturtle.scroll kind=input time_us=18751383 editor=EntityId(106v1) label="Read-only Before source" area=code delta=Point { x: 0px, y: 21.796875px } before=Point { x: 0px, y: -3112.1719px }
gitturtle.scroll kind=split_link time_us=18751396 source=EntityId(106v1) target=EntityId(108v1) applied=Point { x: 0px, y: -3112.1719px } requested=Point { x: 0px, y: -3090.375px }
gitturtle.scroll kind=editor_paint time_us=18758821 window=WindowId(1v1) editor=EntityId(106v1) label="Read-only Before source" scale=2 offset=Point { x: 0px, y: -3090.375px } text=Some(Bounds { origin: Point { x: 132px, y: -2826.875px }, size: Size { 459px × 637.5px } }) input=Bounds { origin: Point { x: 132px, y: 263.5px }, size: Size { 459px × 637.5px } } line_height=Some(18px) visible=Some(171..210)
gitturtle.scroll kind=editor_paint time_us=18759109 window=WindowId(1v1) editor=EntityId(108v1) label="Read-only After source" scale=2 offset=Point { x: 0px, y: -3090.375px } text=Some(Bounds { origin: Point { x: 669px, y: -2826.875px }, size: Size { 459px × 637.5px } }) input=Bounds { origin: Point { x: 669px, y: 263.5px }, size: Size { 459px × 637.5px } } line_height=Some(18px) visible=Some(171..210)
gitturtle.scroll kind=split_paint time_us=18759167 window=WindowId(1v1) editors=[EntityId(106v1), EntityId(108v1)] before_offset=Point { x: 0px, y: -3090.375px } after_offset=Point { x: 0px, y: -3090.375px } before_text=Some(Bounds { origin: Point { x: 132px, y: -2826.875px }, size: Size { 459px × 637.5px } }) after_text=Some(Bounds { origin: Point { x: 669px, y: -2826.875px }, size: Size { 459px × 637.5px } }) before_visible=Some(171..210) after_visible=Some(171..210)
gitturtle.scroll kind=input time_us=18781657 editor=EntityId(106v1) label="Read-only Before source" area=code delta=Point { x: 0px, y: 21.796875px } before=Point { x: 0px, y: -3090.375px }
gitturtle.scroll kind=split_link time_us=18781701 source=EntityId(106v1) target=EntityId(108v1) applied=Point { x: 0px, y: -3090.375px } requested=Point { x: 0px, y: -3068.5781px }
gitturtle.scroll kind=input time_us=18781724 editor=EntityId(106v1) label="Read-only Before source" area=code delta=Point { x: 0px, y: 21.796875px } before=Point { x: 0px, y: -3068.5781px }
gitturtle.scroll kind=split_link time_us=18781737 source=EntityId(106v1) target=EntityId(108v1) applied=Point { x: 0px, y: -3068.5781px } requested=Point { x: 0px, y: -3046.7813px }
gitturtle.scroll kind=editor_paint time_us=18788766 window=WindowId(1v1) editor=EntityId(106v1) label="Read-only Before source" scale=2 offset=Point { x: 0px, y: -3046.7813px } text=Some(Bounds { origin: Point { x: 132px, y: -2783.2813px }, size: Size { 459px × 637.5px } }) input=Bounds { origin: Point { x: 132px, y: 263.5px }, size: Size { 459px × 637.5px } } line_height=Some(18px) visible=Some(169..207)
gitturtle.scroll kind=editor_paint time_us=18789043 window=WindowId(1v1) editor=EntityId(108v1) label="Read-only After source" scale=2 offset=Point { x: 0px, y: -3046.7813px } text=Some(Bounds { origin: Point { x: 669px, y: -2783.2813px }, size: Size { 459px × 637.5px } }) input=Bounds { origin: Point { x: 669px, y: 263.5px }, size: Size { 459px × 637.5px } } line_height=Some(18px) visible=Some(169..207)
gitturtle.scroll kind=split_paint time_us=18789102 window=WindowId(1v1) editors=[EntityId(106v1), EntityId(108v1)] before_offset=Point { x: 0px, y: -3046.7813px } after_offset=Point { x: 0px, y: -3046.7813px } before_text=Some(Bounds { origin: Point { x: 132px, y: -2783.2813px }, size: Size { 459px × 637.5px } }) after_text=Some(Bounds { origin: Point { x: 669px, y: -2783.2813px }, size: Size { 459px × 637.5px } }) before_visible=Some(169..207) after_visible=Some(169..207)
gitturtle.scroll kind=input time_us=18811347 editor=EntityId(106v1) label="Read-only Before source" area=code delta=Point { x: 0px, y: 21.796875px } before=Point { x: 0px, y: -3046.7813px }
gitturtle.scroll kind=split_link time_us=18811407 source=EntityId(106v1) target=EntityId(108v1) applied=Point { x: 0px, y: -3046.7813px } requested=Point { x: 0px, y: -3024.9844px }
gitturtle.scroll kind=editor_paint time_us=18819244 window=WindowId(1v1) editor=EntityId(106v1) label="Read-only Before source" scale=2 offset=Point { x: 0px, y: -3024.9844px } text=Some(Bounds { origin: Point { x: 132px, y: -2761.4844px }, size: Size { 459px × 637.5px } }) input=Bounds { origin: Point { x: 132px, y: 263.5px }, size: Size { 459px × 637.5px } } line_height=Some(18px) visible=Some(168..206)
gitturtle.scroll kind=editor_paint time_us=18819526 window=WindowId(1v1) editor=EntityId(108v1) label="Read-only After source" scale=2 offset=Point { x: 0px, y: -3024.9844px } text=Some(Bounds { origin: Point { x: 669px, y: -2761.4844px }, size: Size { 459px × 637.5px } }) input=Bounds { origin: Point { x: 669px, y: 263.5px }, size: Size { 459px × 637.5px } } line_height=Some(18px) visible=Some(168..206)
gitturtle.scroll kind=split_paint time_us=18819585 window=WindowId(1v1) editors=[EntityId(106v1), EntityId(108v1)] before_offset=Point { x: 0px, y: -3024.9844px } after_offset=Point { x: 0px, y: -3024.9844px } before_text=Some(Bounds { origin: Point { x: 132px, y: -2761.4844px }, size: Size { 459px × 637.5px } }) after_text=Some(Bounds { origin: Point { x: 669px, y: -2761.4844px }, size: Size { 459px × 637.5px } }) before_visible=Some(168..206) after_visible=Some(168..206)
gitturtle.scroll kind=input time_us=18839913 editor=EntityId(106v1) label="Read-only Before source" area=code delta=Point { x: 0px, y: 21.796875px } before=Point { x: 0px, y: -3024.9844px }
gitturtle.scroll kind=split_link time_us=18839979 source=EntityId(106v1) target=EntityId(108v1) applied=Point { x: 0px, y: -3024.9844px } requested=Point { x: 0px, y: -3003.1875px }
gitturtle.scroll kind=input time_us=18840012 editor=EntityId(106v1) label="Read-only Before source" area=code delta=Point { x: 0px, y: 21.796875px } before=Point { x: 0px, y: -3003.1875px }
gitturtle.scroll kind=split_link time_us=18840034 source=EntityId(106v1) target=EntityId(108v1) applied=Point { x: 0px, y: -3003.1875px } requested=Point { x: 0px, y: -2981.3906px }
gitturtle.scroll kind=editor_paint time_us=18847421 window=WindowId(1v1) editor=EntityId(106v1) label="Read-only Before source" scale=2 offset=Point { x: 0px, y: -2981.3906px } text=Some(Bounds { origin: Point { x: 132px, y: -2717.8906px }, size: Size { 459px × 637.5px } }) input=Bounds { origin: Point { x: 132px, y: 263.5px }, size: Size { 459px × 637.5px } } line_height=Some(18px) visible=Some(165..204)
gitturtle.scroll kind=editor_paint time_us=18847713 window=WindowId(1v1) editor=EntityId(108v1) label="Read-only After source" scale=2 offset=Point { x: 0px, y: -2981.3906px } text=Some(Bounds { origin: Point { x: 669px, y: -2717.8906px }, size: Size { 459px × 637.5px } }) input=Bounds { origin: Point { x: 669px, y: 263.5px }, size: Size { 459px × 637.5px } } line_height=Some(18px) visible=Some(165..204)
gitturtle.scroll kind=split_paint time_us=18847777 window=WindowId(1v1) editors=[EntityId(106v1), EntityId(108v1)] before_offset=Point { x: 0px, y: -2981.3906px } after_offset=Point { x: 0px, y: -2981.3906px } before_text=Some(Bounds { origin: Point { x: 132px, y: -2717.8906px }, size: Size { 459px × 637.5px } }) after_text=Some(Bounds { origin: Point { x: 669px, y: -2717.8906px }, size: Size { 459px × 637.5px } }) before_visible=Some(165..204) after_visible=Some(165..204)
gitturtle.scroll kind=input time_us=18868773 editor=EntityId(106v1) label="Read-only Before source" area=code delta=Point { x: 0px, y: 21.796875px } before=Point { x: 0px, y: -2981.3906px }
gitturtle.scroll kind=split_link time_us=18868814 source=EntityId(106v1) target=EntityId(108v1) applied=Point { x: 0px, y: -2981.3906px } requested=Point { x: 0px, y: -2959.5938px }
gitturtle.scroll kind=editor_paint time_us=18875929 window=WindowId(1v1) editor=EntityId(106v1) label="Read-only Before source" scale=2 offset=Point { x: 0px, y: -2959.5938px } text=Some(Bounds { origin: Point { x: 132px, y: -2696.0938px }, size: Size { 459px × 637.5px } }) input=Bounds { origin: Point { x: 132px, y: 263.5px }, size: Size { 459px × 637.5px } } line_height=Some(18px) visible=Some(164..202)
gitturtle.scroll kind=editor_paint time_us=18876213 window=WindowId(1v1) editor=EntityId(108v1) label="Read-only After source" scale=2 offset=Point { x: 0px, y: -2959.5938px } text=Some(Bounds { origin: Point { x: 669px, y: -2696.0938px }, size: Size { 459px × 637.5px } }) input=Bounds { origin: Point { x: 669px, y: 263.5px }, size: Size { 459px × 637.5px } } line_height=Some(18px) visible=Some(164..202)
gitturtle.scroll kind=split_paint time_us=18876272 window=WindowId(1v1) editors=[EntityId(106v1), EntityId(108v1)] before_offset=Point { x: 0px, y: -2959.5938px } after_offset=Point { x: 0px, y: -2959.5938px } before_text=Some(Bounds { origin: Point { x: 132px, y: -2696.0938px }, size: Size { 459px × 637.5px } }) after_text=Some(Bounds { origin: Point { x: 669px, y: -2696.0938px }, size: Size { 459px × 637.5px } }) before_visible=Some(164..202) after_visible=Some(164..202)
gitturtle.scroll kind=input time_us=18897230 editor=EntityId(106v1) label="Read-only Before source" area=code delta=Point { x: 0px, y: 21.796875px } before=Point { x: 0px, y: -2959.5938px }
gitturtle.scroll kind=split_link time_us=18897297 source=EntityId(106v1) target=EntityId(108v1) applied=Point { x: 0px, y: -2959.5938px } requested=Point { x: 0px, y: -2937.7969px }
gitturtle.scroll kind=input time_us=18897632 editor=EntityId(106v1) label="Read-only Before source" area=code delta=Point { x: 0px, y: 21.796875px } before=Point { x: 0px, y: -2937.7969px }
gitturtle.scroll kind=split_link time_us=18897659 source=EntityId(106v1) target=EntityId(108v1) applied=Point { x: 0px, y: -2937.7969px } requested=Point { x: 0px, y: -2916px }
gitturtle.scroll kind=editor_paint time_us=18904853 window=WindowId(1v1) editor=EntityId(106v1) label="Read-only Before source" scale=2 offset=Point { x: 0px, y: -2916px } text=Some(Bounds { origin: Point { x: 132px, y: -2652.5px }, size: Size { 459px × 637.5px } }) input=Bounds { origin: Point { x: 132px, y: 263.5px }, size: Size { 459px × 637.5px } } line_height=Some(18px) visible=Some(162..200)
gitturtle.scroll kind=editor_paint time_us=18905129 window=WindowId(1v1) editor=EntityId(108v1) label="Read-only After source" scale=2 offset=Point { x: 0px, y: -2916px } text=Some(Bounds { origin: Point { x: 669px, y: -2652.5px }, size: Size { 459px × 637.5px } }) input=Bounds { origin: Point { x: 669px, y: 263.5px }, size: Size { 459px × 637.5px } } line_height=Some(18px) visible=Some(162..200)
gitturtle.scroll kind=split_paint time_us=18905187 window=WindowId(1v1) editors=[EntityId(106v1), EntityId(108v1)] before_offset=Point { x: 0px, y: -2916px } after_offset=Point { x: 0px, y: -2916px } before_text=Some(Bounds { origin: Point { x: 132px, y: -2652.5px }, size: Size { 459px × 637.5px } }) after_text=Some(Bounds { origin: Point { x: 669px, y: -2652.5px }, size: Size { 459px × 637.5px } }) before_visible=Some(162..200) after_visible=Some(162..200)
gitturtle.scroll kind=input time_us=18925729 editor=EntityId(106v1) label="Read-only Before source" area=code delta=Point { x: 0px, y: 21.796875px } before=Point { x: 0px, y: -2916px }
gitturtle.scroll kind=split_link time_us=18925787 source=EntityId(106v1) target=EntityId(108v1) applied=Point { x: 0px, y: -2916px } requested=Point { x: 0px, y: -2894.2031px }
gitturtle.scroll kind=input time_us=18925819 editor=EntityId(106v1) label="Read-only Before source" area=code delta=Point { x: 0px, y: 21.796875px } before=Point { x: 0px, y: -2894.2031px }
gitturtle.scroll kind=split_link time_us=18925840 source=EntityId(106v1) target=EntityId(108v1) applied=Point { x: 0px, y: -2894.2031px } requested=Point { x: 0px, y: -2872.4063px }
gitturtle.scroll kind=editor_paint time_us=18933196 window=WindowId(1v1) editor=EntityId(106v1) label="Read-only Before source" scale=2 offset=Point { x: 0px, y: -2872.4063px } text=Some(Bounds { origin: Point { x: 132px, y: -2608.9063px }, size: Size { 459px × 637.5px } }) input=Bounds { origin: Point { x: 132px, y: 263.5px }, size: Size { 459px × 637.5px } } line_height=Some(18px) visible=Some(159..197)
gitturtle.scroll kind=editor_paint time_us=18933502 window=WindowId(1v1) editor=EntityId(108v1) label="Read-only After source" scale=2 offset=Point { x: 0px, y: -2872.4063px } text=Some(Bounds { origin: Point { x: 669px, y: -2608.9063px }, size: Size { 459px × 637.5px } }) input=Bounds { origin: Point { x: 669px, y: 263.5px }, size: Size { 459px × 637.5px } } line_height=Some(18px) visible=Some(159..197)
gitturtle.scroll kind=split_paint time_us=18933563 window=WindowId(1v1) editors=[EntityId(106v1), EntityId(108v1)] before_offset=Point { x: 0px, y: -2872.4063px } after_offset=Point { x: 0px, y: -2872.4063px } before_text=Some(Bounds { origin: Point { x: 132px, y: -2608.9063px }, size: Size { 459px × 637.5px } }) after_text=Some(Bounds { origin: Point { x: 669px, y: -2608.9063px }, size: Size { 459px × 637.5px } }) before_visible=Some(159..197) after_visible=Some(159..197)
gitturtle.scroll kind=input time_us=18954781 editor=EntityId(106v1) label="Read-only Before source" area=code delta=Point { x: 0px, y: 21.796875px } before=Point { x: 0px, y: -2872.4063px }
gitturtle.scroll kind=split_link time_us=18954836 source=EntityId(106v1) target=EntityId(108v1) applied=Point { x: 0px, y: -2872.4063px } requested=Point { x: 0px, y: -2850.6094px }
gitturtle.scroll kind=editor_paint time_us=18962119 window=WindowId(1v1) editor=EntityId(106v1) label="Read-only Before source" scale=2 offset=Point { x: 0px, y: -2850.6094px } text=Some(Bounds { origin: Point { x: 132px, y: -2587.1094px }, size: Size { 459px × 637.5px } }) input=Bounds { origin: Point { x: 132px, y: 263.5px }, size: Size { 459px × 637.5px } } line_height=Some(18px) visible=Some(158..196)
gitturtle.scroll kind=editor_paint time_us=18962400 window=WindowId(1v1) editor=EntityId(108v1) label="Read-only After source" scale=2 offset=Point { x: 0px, y: -2850.6094px } text=Some(Bounds { origin: Point { x: 669px, y: -2587.1094px }, size: Size { 459px × 637.5px } }) input=Bounds { origin: Point { x: 669px, y: 263.5px }, size: Size { 459px × 637.5px } } line_height=Some(18px) visible=Some(158..196)
gitturtle.scroll kind=split_paint time_us=18962461 window=WindowId(1v1) editors=[EntityId(106v1), EntityId(108v1)] before_offset=Point { x: 0px, y: -2850.6094px } after_offset=Point { x: 0px, y: -2850.6094px } before_text=Some(Bounds { origin: Point { x: 132px, y: -2587.1094px }, size: Size { 459px × 637.5px } }) after_text=Some(Bounds { origin: Point { x: 669px, y: -2587.1094px }, size: Size { 459px × 637.5px } }) before_visible=Some(158..196) after_visible=Some(158..196)
gitturtle.scroll kind=input time_us=18984340 editor=EntityId(106v1) label="Read-only Before source" area=code delta=Point { x: 0px, y: 21.796875px } before=Point { x: 0px, y: -2850.6094px }
gitturtle.scroll kind=split_link time_us=18984392 source=EntityId(106v1) target=EntityId(108v1) applied=Point { x: 0px, y: -2850.6094px } requested=Point { x: 0px, y: -2828.8125px }
gitturtle.scroll kind=input time_us=18984418 editor=EntityId(106v1) label="Read-only Before source" area=code delta=Point { x: 0px, y: 21.796875px } before=Point { x: 0px, y: -2828.8125px }
gitturtle.scroll kind=split_link time_us=18984431 source=EntityId(106v1) target=EntityId(108v1) applied=Point { x: 0px, y: -2828.8125px } requested=Point { x: 0px, y: -2807.0156px }
gitturtle.scroll kind=editor_paint time_us=18991607 window=WindowId(1v1) editor=EntityId(106v1) label="Read-only Before source" scale=2 offset=Point { x: 0px, y: -2807.0156px } text=Some(Bounds { origin: Point { x: 132px, y: -2543.5156px }, size: Size { 459px × 637.5px } }) input=Bounds { origin: Point { x: 132px, y: 263.5px }, size: Size { 459px × 637.5px } } line_height=Some(18px) visible=Some(155..194)
gitturtle.scroll kind=editor_paint time_us=18991909 window=WindowId(1v1) editor=EntityId(108v1) label="Read-only After source" scale=2 offset=Point { x: 0px, y: -2807.0156px } text=Some(Bounds { origin: Point { x: 669px, y: -2543.5156px }, size: Size { 459px × 637.5px } }) input=Bounds { origin: Point { x: 669px, y: 263.5px }, size: Size { 459px × 637.5px } } line_height=Some(18px) visible=Some(155..194)
gitturtle.scroll kind=split_paint time_us=18991969 window=WindowId(1v1) editors=[EntityId(106v1), EntityId(108v1)] before_offset=Point { x: 0px, y: -2807.0156px } after_offset=Point { x: 0px, y: -2807.0156px } before_text=Some(Bounds { origin: Point { x: 132px, y: -2543.5156px }, size: Size { 459px × 637.5px } }) after_text=Some(Bounds { origin: Point { x: 669px, y: -2543.5156px }, size: Size { 459px × 637.5px } }) before_visible=Some(155..194) after_visible=Some(155..194)
gitturtle.scroll kind=input time_us=19012024 editor=EntityId(106v1) label="Read-only Before source" area=code delta=Point { x: 0px, y: 21.796875px } before=Point { x: 0px, y: -2807.0156px }
gitturtle.scroll kind=split_link time_us=19012085 source=EntityId(106v1) target=EntityId(108v1) applied=Point { x: 0px, y: -2807.0156px } requested=Point { x: 0px, y: -2785.2188px }
gitturtle.scroll kind=input time_us=19012121 editor=EntityId(106v1) label="Read-only Before source" area=code delta=Point { x: 0px, y: 21.796875px } before=Point { x: 0px, y: -2785.2188px }
gitturtle.scroll kind=split_link time_us=19012142 source=EntityId(106v1) target=EntityId(108v1) applied=Point { x: 0px, y: -2785.2188px } requested=Point { x: 0px, y: -2763.4219px }
gitturtle.scroll kind=editor_paint time_us=19019790 window=WindowId(1v1) editor=EntityId(106v1) label="Read-only Before source" scale=2 offset=Point { x: 0px, y: -2763.4219px } text=Some(Bounds { origin: Point { x: 132px, y: -2499.9219px }, size: Size { 459px × 637.5px } }) input=Bounds { origin: Point { x: 132px, y: 263.5px }, size: Size { 459px × 637.5px } } line_height=Some(18px) visible=Some(153..191)
gitturtle.scroll kind=editor_paint time_us=19020086 window=WindowId(1v1) editor=EntityId(108v1) label="Read-only After source" scale=2 offset=Point { x: 0px, y: -2763.4219px } text=Some(Bounds { origin: Point { x: 669px, y: -2499.9219px }, size: Size { 459px × 637.5px } }) input=Bounds { origin: Point { x: 669px, y: 263.5px }, size: Size { 459px × 637.5px } } line_height=Some(18px) visible=Some(153..191)
gitturtle.scroll kind=split_paint time_us=19020147 window=WindowId(1v1) editors=[EntityId(106v1), EntityId(108v1)] before_offset=Point { x: 0px, y: -2763.4219px } after_offset=Point { x: 0px, y: -2763.4219px } before_text=Some(Bounds { origin: Point { x: 132px, y: -2499.9219px }, size: Size { 459px × 637.5px } }) after_text=Some(Bounds { origin: Point { x: 669px, y: -2499.9219px }, size: Size { 459px × 637.5px } }) before_visible=Some(153..191) after_visible=Some(153..191)
gitturtle.scroll kind=input time_us=19038727 editor=EntityId(106v1) label="Read-only Before source" area=code delta=Point { x: 0px, y: 21.796875px } before=Point { x: 0px, y: -2763.4219px }
gitturtle.scroll kind=split_link time_us=19038795 source=EntityId(106v1) target=EntityId(108v1) applied=Point { x: 0px, y: -2763.4219px } requested=Point { x: 0px, y: -2741.625px }
gitturtle.scroll kind=editor_paint time_us=19046787 window=WindowId(1v1) editor=EntityId(106v1) label="Read-only Before source" scale=2 offset=Point { x: 0px, y: -2741.625px } text=Some(Bounds { origin: Point { x: 132px, y: -2478.125px }, size: Size { 459px × 637.5px } }) input=Bounds { origin: Point { x: 132px, y: 263.5px }, size: Size { 459px × 637.5px } } line_height=Some(18px) visible=Some(152..190)
gitturtle.scroll kind=editor_paint time_us=19047138 window=WindowId(1v1) editor=EntityId(108v1) label="Read-only After source" scale=2 offset=Point { x: 0px, y: -2741.625px } text=Some(Bounds { origin: Point { x: 669px, y: -2478.125px }, size: Size { 459px × 637.5px } }) input=Bounds { origin: Point { x: 669px, y: 263.5px }, size: Size { 459px × 637.5px } } line_height=Some(18px) visible=Some(152..190)
gitturtle.scroll kind=split_paint time_us=19047223 window=WindowId(1v1) editors=[EntityId(106v1), EntityId(108v1)] before_offset=Point { x: 0px, y: -2741.625px } after_offset=Point { x: 0px, y: -2741.625px } before_text=Some(Bounds { origin: Point { x: 132px, y: -2478.125px }, size: Size { 459px × 637.5px } }) after_text=Some(Bounds { origin: Point { x: 669px, y: -2478.125px }, size: Size { 459px × 637.5px } }) before_visible=Some(152..190) after_visible=Some(152..190)
gitturtle.scroll kind=input time_us=19055563 editor=EntityId(106v1) label="Read-only Before source" area=code delta=Point { x: 0px, y: 21.796875px } before=Point { x: 0px, y: -2741.625px }
gitturtle.scroll kind=split_link time_us=19055614 source=EntityId(106v1) target=EntityId(108v1) applied=Point { x: 0px, y: -2741.625px } requested=Point { x: 0px, y: -2719.8281px }
gitturtle.scroll kind=input time_us=19077836 editor=EntityId(106v1) label="Read-only Before source" area=code delta=Point { x: 0px, y: 21.796875px } before=Point { x: 0px, y: -2719.8281px }
gitturtle.scroll kind=split_link time_us=19077907 source=EntityId(106v1) target=EntityId(108v1) applied=Point { x: 0px, y: -2719.8281px } requested=Point { x: 0px, y: -2698.0313px }
gitturtle.scroll kind=editor_paint time_us=19085404 window=WindowId(1v1) editor=EntityId(106v1) label="Read-only Before source" scale=2 offset=Point { x: 0px, y: -2698.0313px } text=Some(Bounds { origin: Point { x: 132px, y: -2434.5313px }, size: Size { 459px × 637.5px } }) input=Bounds { origin: Point { x: 132px, y: 263.5px }, size: Size { 459px × 637.5px } } line_height=Some(18px) visible=Some(149..188)
gitturtle.scroll kind=editor_paint time_us=19085732 window=WindowId(1v1) editor=EntityId(108v1) label="Read-only After source" scale=2 offset=Point { x: 0px, y: -2698.0313px } text=Some(Bounds { origin: Point { x: 669px, y: -2434.5313px }, size: Size { 459px × 637.5px } }) input=Bounds { origin: Point { x: 669px, y: 263.5px }, size: Size { 459px × 637.5px } } line_height=Some(18px) visible=Some(149..188)
gitturtle.scroll kind=split_paint time_us=19085799 window=WindowId(1v1) editors=[EntityId(106v1), EntityId(108v1)] before_offset=Point { x: 0px, y: -2698.0313px } after_offset=Point { x: 0px, y: -2698.0313px } before_text=Some(Bounds { origin: Point { x: 132px, y: -2434.5313px }, size: Size { 459px × 637.5px } }) after_text=Some(Bounds { origin: Point { x: 669px, y: -2434.5313px }, size: Size { 459px × 637.5px } }) before_visible=Some(149..188) after_visible=Some(149..188)
gitturtle.scroll kind=input time_us=19104334 editor=EntityId(106v1) label="Read-only Before source" area=code delta=Point { x: 0px, y: 21.796875px } before=Point { x: 0px, y: -2698.0313px }
gitturtle.scroll kind=split_link time_us=19104383 source=EntityId(106v1) target=EntityId(108v1) applied=Point { x: 0px, y: -2698.0313px } requested=Point { x: 0px, y: -2676.2344px }
gitturtle.scroll kind=input time_us=19104406 editor=EntityId(106v1) label="Read-only Before source" area=code delta=Point { x: 0px, y: 21.796875px } before=Point { x: 0px, y: -2676.2344px }
gitturtle.scroll kind=split_link time_us=19104419 source=EntityId(106v1) target=EntityId(108v1) applied=Point { x: 0px, y: -2676.2344px } requested=Point { x: 0px, y: -2654.4375px }
gitturtle.scroll kind=editor_paint time_us=19111209 window=WindowId(1v1) editor=EntityId(106v1) label="Read-only Before source" scale=2 offset=Point { x: 0px, y: -2654.4375px } text=Some(Bounds { origin: Point { x: 132px, y: -2390.9375px }, size: Size { 459px × 637.5px } }) input=Bounds { origin: Point { x: 132px, y: 263.5px }, size: Size { 459px × 637.5px } } line_height=Some(18px) visible=Some(147..185)
gitturtle.scroll kind=editor_paint time_us=19111537 window=WindowId(1v1) editor=EntityId(108v1) label="Read-only After source" scale=2 offset=Point { x: 0px, y: -2654.4375px } text=Some(Bounds { origin: Point { x: 669px, y: -2390.9375px }, size: Size { 459px × 637.5px } }) input=Bounds { origin: Point { x: 669px, y: 263.5px }, size: Size { 459px × 637.5px } } line_height=Some(18px) visible=Some(147..185)
gitturtle.scroll kind=split_paint time_us=19111615 window=WindowId(1v1) editors=[EntityId(106v1), EntityId(108v1)] before_offset=Point { x: 0px, y: -2654.4375px } after_offset=Point { x: 0px, y: -2654.4375px } before_text=Some(Bounds { origin: Point { x: 132px, y: -2390.9375px }, size: Size { 459px × 637.5px } }) after_text=Some(Bounds { origin: Point { x: 669px, y: -2390.9375px }, size: Size { 459px × 637.5px } }) before_visible=Some(147..185) after_visible=Some(147..185)
gitturtle.scroll kind=input time_us=19130816 editor=EntityId(106v1) label="Read-only Before source" area=code delta=Point { x: 0px, y: 21.796875px } before=Point { x: 0px, y: -2654.4375px }
gitturtle.scroll kind=split_link time_us=19130886 source=EntityId(106v1) target=EntityId(108v1) applied=Point { x: 0px, y: -2654.4375px } requested=Point { x: 0px, y: -2632.6406px }
gitturtle.scroll kind=editor_paint time_us=19137833 window=WindowId(1v1) editor=EntityId(106v1) label="Read-only Before source" scale=2 offset=Point { x: 0px, y: -2632.6406px } text=Some(Bounds { origin: Point { x: 132px, y: -2369.1406px }, size: Size { 459px × 637.5px } }) input=Bounds { origin: Point { x: 132px, y: 263.5px }, size: Size { 459px × 637.5px } } line_height=Some(18px) visible=Some(146..184)
gitturtle.scroll kind=editor_paint time_us=19138139 window=WindowId(1v1) editor=EntityId(108v1) label="Read-only After source" scale=2 offset=Point { x: 0px, y: -2632.6406px } text=Some(Bounds { origin: Point { x: 669px, y: -2369.1406px }, size: Size { 459px × 637.5px } }) input=Bounds { origin: Point { x: 669px, y: 263.5px }, size: Size { 459px × 637.5px } } line_height=Some(18px) visible=Some(146..184)
gitturtle.scroll kind=split_paint time_us=19138202 window=WindowId(1v1) editors=[EntityId(106v1), EntityId(108v1)] before_offset=Point { x: 0px, y: -2632.6406px } after_offset=Point { x: 0px, y: -2632.6406px } before_text=Some(Bounds { origin: Point { x: 132px, y: -2369.1406px }, size: Size { 459px × 637.5px } }) after_text=Some(Bounds { origin: Point { x: 669px, y: -2369.1406px }, size: Size { 459px × 637.5px } }) before_visible=Some(146..184) after_visible=Some(146..184)
gitturtle.scroll kind=input time_us=19157844 editor=EntityId(106v1) label="Read-only Before source" area=code delta=Point { x: 0px, y: 21.796875px } before=Point { x: 0px, y: -2632.6406px }
gitturtle.scroll kind=split_link time_us=19157892 source=EntityId(106v1) target=EntityId(108v1) applied=Point { x: 0px, y: -2632.6406px } requested=Point { x: 0px, y: -2610.8438px }
gitturtle.scroll kind=input time_us=19157918 editor=EntityId(106v1) label="Read-only Before source" area=code delta=Point { x: 0px, y: 21.796875px } before=Point { x: 0px, y: -2610.8438px }
gitturtle.scroll kind=split_link time_us=19157932 source=EntityId(106v1) target=EntityId(108v1) applied=Point { x: 0px, y: -2610.8438px } requested=Point { x: 0px, y: -2589.0469px }
gitturtle.scroll kind=editor_paint time_us=19164961 window=WindowId(1v1) editor=EntityId(106v1) label="Read-only Before source" scale=2 offset=Point { x: 0px, y: -2589.0469px } text=Some(Bounds { origin: Point { x: 132px, y: -2325.5469px }, size: Size { 459px × 637.5px } }) input=Bounds { origin: Point { x: 132px, y: 263.5px }, size: Size { 459px × 637.5px } } line_height=Some(18px) visible=Some(143..182)
gitturtle.scroll kind=editor_paint time_us=19165259 window=WindowId(1v1) editor=EntityId(108v1) label="Read-only After source" scale=2 offset=Point { x: 0px, y: -2589.0469px } text=Some(Bounds { origin: Point { x: 669px, y: -2325.5469px }, size: Size { 459px × 637.5px } }) input=Bounds { origin: Point { x: 669px, y: 263.5px }, size: Size { 459px × 637.5px } } line_height=Some(18px) visible=Some(143..182)
gitturtle.scroll kind=split_paint time_us=19165319 window=WindowId(1v1) editors=[EntityId(106v1), EntityId(108v1)] before_offset=Point { x: 0px, y: -2589.0469px } after_offset=Point { x: 0px, y: -2589.0469px } before_text=Some(Bounds { origin: Point { x: 132px, y: -2325.5469px }, size: Size { 459px × 637.5px } }) after_text=Some(Bounds { origin: Point { x: 669px, y: -2325.5469px }, size: Size { 459px × 637.5px } }) before_visible=Some(143..182) after_visible=Some(143..182)
gitturtle.scroll kind=input time_us=19184234 editor=EntityId(106v1) label="Read-only Before source" area=code delta=Point { x: 0px, y: 21.796875px } before=Point { x: 0px, y: -2589.0469px }
gitturtle.scroll kind=split_link time_us=19184278 source=EntityId(106v1) target=EntityId(108v1) applied=Point { x: 0px, y: -2589.0469px } requested=Point { x: 0px, y: -2567.25px }
gitturtle.scroll kind=editor_paint time_us=19191274 window=WindowId(1v1) editor=EntityId(106v1) label="Read-only Before source" scale=2 offset=Point { x: 0px, y: -2567.25px } text=Some(Bounds { origin: Point { x: 132px, y: -2303.75px }, size: Size { 459px × 637.5px } }) input=Bounds { origin: Point { x: 132px, y: 263.5px }, size: Size { 459px × 637.5px } } line_height=Some(18px) visible=Some(142..181)
gitturtle.scroll kind=editor_paint time_us=19191566 window=WindowId(1v1) editor=EntityId(108v1) label="Read-only After source" scale=2 offset=Point { x: 0px, y: -2567.25px } text=Some(Bounds { origin: Point { x: 669px, y: -2303.75px }, size: Size { 459px × 637.5px } }) input=Bounds { origin: Point { x: 669px, y: 263.5px }, size: Size { 459px × 637.5px } } line_height=Some(18px) visible=Some(142..181)
gitturtle.scroll kind=split_paint time_us=19191628 window=WindowId(1v1) editors=[EntityId(106v1), EntityId(108v1)] before_offset=Point { x: 0px, y: -2567.25px } after_offset=Point { x: 0px, y: -2567.25px } before_text=Some(Bounds { origin: Point { x: 132px, y: -2303.75px }, size: Size { 459px × 637.5px } }) after_text=Some(Bounds { origin: Point { x: 669px, y: -2303.75px }, size: Size { 459px × 637.5px } }) before_visible=Some(142..181) after_visible=Some(142..181)
gitturtle.scroll kind=input time_us=19210277 editor=EntityId(106v1) label="Read-only Before source" area=code delta=Point { x: 0px, y: 21.796875px } before=Point { x: 0px, y: -2567.25px }
gitturtle.scroll kind=split_link time_us=19210324 source=EntityId(106v1) target=EntityId(108v1) applied=Point { x: 0px, y: -2567.25px } requested=Point { x: 0px, y: -2545.4531px }
gitturtle.scroll kind=input time_us=19210348 editor=EntityId(106v1) label="Read-only Before source" area=code delta=Point { x: 0px, y: 21.796875px } before=Point { x: 0px, y: -2545.4531px }
gitturtle.scroll kind=split_link time_us=19210361 source=EntityId(106v1) target=EntityId(108v1) applied=Point { x: 0px, y: -2545.4531px } requested=Point { x: 0px, y: -2523.6563px }
gitturtle.scroll kind=editor_paint time_us=19217608 window=WindowId(1v1) editor=EntityId(106v1) label="Read-only Before source" scale=2 offset=Point { x: 0px, y: -2523.6563px } text=Some(Bounds { origin: Point { x: 132px, y: -2260.1563px }, size: Size { 459px × 637.5px } }) input=Bounds { origin: Point { x: 132px, y: 263.5px }, size: Size { 459px × 637.5px } } line_height=Some(18px) visible=Some(140..178)
gitturtle.scroll kind=editor_paint time_us=19217907 window=WindowId(1v1) editor=EntityId(108v1) label="Read-only After source" scale=2 offset=Point { x: 0px, y: -2523.6563px } text=Some(Bounds { origin: Point { x: 669px, y: -2260.1563px }, size: Size { 459px × 637.5px } }) input=Bounds { origin: Point { x: 669px, y: 263.5px }, size: Size { 459px × 637.5px } } line_height=Some(18px) visible=Some(140..178)
gitturtle.scroll kind=split_paint time_us=19217969 window=WindowId(1v1) editors=[EntityId(106v1), EntityId(108v1)] before_offset=Point { x: 0px, y: -2523.6563px } after_offset=Point { x: 0px, y: -2523.6563px } before_text=Some(Bounds { origin: Point { x: 132px, y: -2260.1563px }, size: Size { 459px × 637.5px } }) after_text=Some(Bounds { origin: Point { x: 669px, y: -2260.1563px }, size: Size { 459px × 637.5px } }) before_visible=Some(140..178) after_visible=Some(140..178)
gitturtle.scroll kind=input time_us=19237204 editor=EntityId(106v1) label="Read-only Before source" area=code delta=Point { x: 0px, y: 21.796875px } before=Point { x: 0px, y: -2523.6563px }
gitturtle.scroll kind=split_link time_us=19237244 source=EntityId(106v1) target=EntityId(108v1) applied=Point { x: 0px, y: -2523.6563px } requested=Point { x: 0px, y: -2501.8594px }
gitturtle.scroll kind=editor_paint time_us=19244360 window=WindowId(1v1) editor=EntityId(106v1) label="Read-only Before source" scale=2 offset=Point { x: 0px, y: -2501.8594px } text=Some(Bounds { origin: Point { x: 132px, y: -2238.3594px }, size: Size { 459px × 637.5px } }) input=Bounds { origin: Point { x: 132px, y: 263.5px }, size: Size { 459px × 637.5px } } line_height=Some(18px) visible=Some(138..177)
gitturtle.scroll kind=editor_paint time_us=19244655 window=WindowId(1v1) editor=EntityId(108v1) label="Read-only After source" scale=2 offset=Point { x: 0px, y: -2501.8594px } text=Some(Bounds { origin: Point { x: 669px, y: -2238.3594px }, size: Size { 459px × 637.5px } }) input=Bounds { origin: Point { x: 669px, y: 263.5px }, size: Size { 459px × 637.5px } } line_height=Some(18px) visible=Some(138..177)
gitturtle.scroll kind=split_paint time_us=19244714 window=WindowId(1v1) editors=[EntityId(106v1), EntityId(108v1)] before_offset=Point { x: 0px, y: -2501.8594px } after_offset=Point { x: 0px, y: -2501.8594px } before_text=Some(Bounds { origin: Point { x: 132px, y: -2238.3594px }, size: Size { 459px × 637.5px } }) after_text=Some(Bounds { origin: Point { x: 669px, y: -2238.3594px }, size: Size { 459px × 637.5px } }) before_visible=Some(138..177) after_visible=Some(138..177)
gitturtle.scroll kind=input time_us=19264693 editor=EntityId(106v1) label="Read-only Before source" area=code delta=Point { x: 0px, y: 21.796875px } before=Point { x: 0px, y: -2501.8594px }
gitturtle.scroll kind=split_link time_us=19264743 source=EntityId(106v1) target=EntityId(108v1) applied=Point { x: 0px, y: -2501.8594px } requested=Point { x: 0px, y: -2480.0625px }
gitturtle.scroll kind=input time_us=19264772 editor=EntityId(106v1) label="Read-only Before source" area=code delta=Point { x: 0px, y: 21.796875px } before=Point { x: 0px, y: -2480.0625px }
gitturtle.scroll kind=split_link time_us=19264785 source=EntityId(106v1) target=EntityId(108v1) applied=Point { x: 0px, y: -2480.0625px } requested=Point { x: 0px, y: -2458.2656px }
gitturtle.scroll kind=editor_paint time_us=19271721 window=WindowId(1v1) editor=EntityId(106v1) label="Read-only Before source" scale=2 offset=Point { x: 0px, y: -2458.2656px } text=Some(Bounds { origin: Point { x: 132px, y: -2194.7656px }, size: Size { 459px × 637.5px } }) input=Bounds { origin: Point { x: 132px, y: 263.5px }, size: Size { 459px × 637.5px } } line_height=Some(18px) visible=Some(136..174)
gitturtle.scroll kind=editor_paint time_us=19272030 window=WindowId(1v1) editor=EntityId(108v1) label="Read-only After source" scale=2 offset=Point { x: 0px, y: -2458.2656px } text=Some(Bounds { origin: Point { x: 669px, y: -2194.7656px }, size: Size { 459px × 637.5px } }) input=Bounds { origin: Point { x: 669px, y: 263.5px }, size: Size { 459px × 637.5px } } line_height=Some(18px) visible=Some(136..174)
gitturtle.scroll kind=split_paint time_us=19272089 window=WindowId(1v1) editors=[EntityId(106v1), EntityId(108v1)] before_offset=Point { x: 0px, y: -2458.2656px } after_offset=Point { x: 0px, y: -2458.2656px } before_text=Some(Bounds { origin: Point { x: 132px, y: -2194.7656px }, size: Size { 459px × 637.5px } }) after_text=Some(Bounds { origin: Point { x: 669px, y: -2194.7656px }, size: Size { 459px × 637.5px } }) before_visible=Some(136..174) after_visible=Some(136..174)
gitturtle.scroll kind=input time_us=19292218 editor=EntityId(106v1) label="Read-only Before source" area=code delta=Point { x: 0px, y: 21.796875px } before=Point { x: 0px, y: -2458.2656px }
gitturtle.scroll kind=split_link time_us=19292276 source=EntityId(106v1) target=EntityId(108v1) applied=Point { x: 0px, y: -2458.2656px } requested=Point { x: 0px, y: -2436.4688px }
gitturtle.scroll kind=editor_paint time_us=19299311 window=WindowId(1v1) editor=EntityId(106v1) label="Read-only Before source" scale=2 offset=Point { x: 0px, y: -2436.4688px } text=Some(Bounds { origin: Point { x: 132px, y: -2172.9688px }, size: Size { 459px × 637.5px } }) input=Bounds { origin: Point { x: 132px, y: 263.5px }, size: Size { 459px × 637.5px } } line_height=Some(18px) visible=Some(135..173)
gitturtle.scroll kind=editor_paint time_us=19299614 window=WindowId(1v1) editor=EntityId(108v1) label="Read-only After source" scale=2 offset=Point { x: 0px, y: -2436.4688px } text=Some(Bounds { origin: Point { x: 669px, y: -2172.9688px }, size: Size { 459px × 637.5px } }) input=Bounds { origin: Point { x: 669px, y: 263.5px }, size: Size { 459px × 637.5px } } line_height=Some(18px) visible=Some(135..173)
gitturtle.scroll kind=split_paint time_us=19299674 window=WindowId(1v1) editors=[EntityId(106v1), EntityId(108v1)] before_offset=Point { x: 0px, y: -2436.4688px } after_offset=Point { x: 0px, y: -2436.4688px } before_text=Some(Bounds { origin: Point { x: 132px, y: -2172.9688px }, size: Size { 459px × 637.5px } }) after_text=Some(Bounds { origin: Point { x: 669px, y: -2172.9688px }, size: Size { 459px × 637.5px } }) before_visible=Some(135..173) after_visible=Some(135..173)
gitturtle.scroll kind=input time_us=19320568 editor=EntityId(106v1) label="Read-only Before source" area=code delta=Point { x: 0px, y: 21.796875px } before=Point { x: 0px, y: -2436.4688px }
gitturtle.scroll kind=split_link time_us=19320620 source=EntityId(106v1) target=EntityId(108v1) applied=Point { x: 0px, y: -2436.4688px } requested=Point { x: 0px, y: -2414.6719px }
gitturtle.scroll kind=input time_us=19320645 editor=EntityId(106v1) label="Read-only Before source" area=code delta=Point { x: 0px, y: 21.796875px } before=Point { x: 0px, y: -2414.6719px }
gitturtle.scroll kind=split_link time_us=19320658 source=EntityId(106v1) target=EntityId(108v1) applied=Point { x: 0px, y: -2414.6719px } requested=Point { x: 0px, y: -2392.875px }
gitturtle.scroll kind=editor_paint time_us=19327815 window=WindowId(1v1) editor=EntityId(106v1) label="Read-only Before source" scale=2 offset=Point { x: 0px, y: -2392.875px } text=Some(Bounds { origin: Point { x: 132px, y: -2129.375px }, size: Size { 459px × 637.5px } }) input=Bounds { origin: Point { x: 132px, y: 263.5px }, size: Size { 459px × 637.5px } } line_height=Some(18px) visible=Some(132..171)
gitturtle.scroll kind=editor_paint time_us=19328111 window=WindowId(1v1) editor=EntityId(108v1) label="Read-only After source" scale=2 offset=Point { x: 0px, y: -2392.875px } text=Some(Bounds { origin: Point { x: 669px, y: -2129.375px }, size: Size { 459px × 637.5px } }) input=Bounds { origin: Point { x: 669px, y: 263.5px }, size: Size { 459px × 637.5px } } line_height=Some(18px) visible=Some(132..171)
gitturtle.scroll kind=split_paint time_us=19328171 window=WindowId(1v1) editors=[EntityId(106v1), EntityId(108v1)] before_offset=Point { x: 0px, y: -2392.875px } after_offset=Point { x: 0px, y: -2392.875px } before_text=Some(Bounds { origin: Point { x: 132px, y: -2129.375px }, size: Size { 459px × 637.5px } }) after_text=Some(Bounds { origin: Point { x: 669px, y: -2129.375px }, size: Size { 459px × 637.5px } }) before_visible=Some(132..171) after_visible=Some(132..171)
gitturtle.scroll kind=input time_us=19347321 editor=EntityId(106v1) label="Read-only Before source" area=code delta=Point { x: 0px, y: 21.796875px } before=Point { x: 0px, y: -2392.875px }
gitturtle.scroll kind=split_link time_us=19347366 source=EntityId(106v1) target=EntityId(108v1) applied=Point { x: 0px, y: -2392.875px } requested=Point { x: 0px, y: -2371.0781px }
gitturtle.scroll kind=editor_paint time_us=19354425 window=WindowId(1v1) editor=EntityId(106v1) label="Read-only Before source" scale=2 offset=Point { x: 0px, y: -2371.0781px } text=Some(Bounds { origin: Point { x: 132px, y: -2107.5781px }, size: Size { 459px × 637.5px } }) input=Bounds { origin: Point { x: 132px, y: 263.5px }, size: Size { 459px × 637.5px } } line_height=Some(18px) visible=Some(131..170)
gitturtle.scroll kind=editor_paint time_us=19354705 window=WindowId(1v1) editor=EntityId(108v1) label="Read-only After source" scale=2 offset=Point { x: 0px, y: -2371.0781px } text=Some(Bounds { origin: Point { x: 669px, y: -2107.5781px }, size: Size { 459px × 637.5px } }) input=Bounds { origin: Point { x: 669px, y: 263.5px }, size: Size { 459px × 637.5px } } line_height=Some(18px) visible=Some(131..170)
gitturtle.scroll kind=split_paint time_us=19354780 window=WindowId(1v1) editors=[EntityId(106v1), EntityId(108v1)] before_offset=Point { x: 0px, y: -2371.0781px } after_offset=Point { x: 0px, y: -2371.0781px } before_text=Some(Bounds { origin: Point { x: 132px, y: -2107.5781px }, size: Size { 459px × 637.5px } }) after_text=Some(Bounds { origin: Point { x: 669px, y: -2107.5781px }, size: Size { 459px × 637.5px } }) before_visible=Some(131..170) after_visible=Some(131..170)
gitturtle.scroll kind=input time_us=19375357 editor=EntityId(106v1) label="Read-only Before source" area=code delta=Point { x: 0px, y: 21.796875px } before=Point { x: 0px, y: -2371.0781px }
gitturtle.scroll kind=split_link time_us=19375417 source=EntityId(106v1) target=EntityId(108v1) applied=Point { x: 0px, y: -2371.0781px } requested=Point { x: 0px, y: -2349.2813px }
gitturtle.scroll kind=input time_us=19375444 editor=EntityId(106v1) label="Read-only Before source" area=code delta=Point { x: 0px, y: 21.796875px } before=Point { x: 0px, y: -2349.2813px }
gitturtle.scroll kind=split_link time_us=19375458 source=EntityId(106v1) target=EntityId(108v1) applied=Point { x: 0px, y: -2349.2813px } requested=Point { x: 0px, y: -2327.4844px }
gitturtle.scroll kind=editor_paint time_us=19382670 window=WindowId(1v1) editor=EntityId(106v1) label="Read-only Before source" scale=2 offset=Point { x: 0px, y: -2327.4844px } text=Some(Bounds { origin: Point { x: 132px, y: -2063.9844px }, size: Size { 459px × 637.5px } }) input=Bounds { origin: Point { x: 132px, y: 263.5px }, size: Size { 459px × 637.5px } } line_height=Some(18px) visible=Some(129..167)
gitturtle.scroll kind=editor_paint time_us=19382964 window=WindowId(1v1) editor=EntityId(108v1) label="Read-only After source" scale=2 offset=Point { x: 0px, y: -2327.4844px } text=Some(Bounds { origin: Point { x: 669px, y: -2063.9844px }, size: Size { 459px × 637.5px } }) input=Bounds { origin: Point { x: 669px, y: 263.5px }, size: Size { 459px × 637.5px } } line_height=Some(18px) visible=Some(129..167)
gitturtle.scroll kind=split_paint time_us=19383025 window=WindowId(1v1) editors=[EntityId(106v1), EntityId(108v1)] before_offset=Point { x: 0px, y: -2327.4844px } after_offset=Point { x: 0px, y: -2327.4844px } before_text=Some(Bounds { origin: Point { x: 132px, y: -2063.9844px }, size: Size { 459px × 637.5px } }) after_text=Some(Bounds { origin: Point { x: 669px, y: -2063.9844px }, size: Size { 459px × 637.5px } }) before_visible=Some(129..167) after_visible=Some(129..167)
gitturtle.scroll kind=input time_us=19402199 editor=EntityId(106v1) label="Read-only Before source" area=code delta=Point { x: 0px, y: 21.796875px } before=Point { x: 0px, y: -2327.4844px }
gitturtle.scroll kind=split_link time_us=19402267 source=EntityId(106v1) target=EntityId(108v1) applied=Point { x: 0px, y: -2327.4844px } requested=Point { x: 0px, y: -2305.6875px }
gitturtle.scroll kind=input time_us=19402313 editor=EntityId(106v1) label="Read-only Before source" area=code delta=Point { x: 0px, y: 21.796875px } before=Point { x: 0px, y: -2305.6875px }
gitturtle.scroll kind=split_link time_us=19402326 source=EntityId(106v1) target=EntityId(108v1) applied=Point { x: 0px, y: -2305.6875px } requested=Point { x: 0px, y: -2283.8906px }
gitturtle.scroll kind=editor_paint time_us=19409690 window=WindowId(1v1) editor=EntityId(106v1) label="Read-only Before source" scale=2 offset=Point { x: 0px, y: -2283.8906px } text=Some(Bounds { origin: Point { x: 132px, y: -2020.3906px }, size: Size { 459px × 637.5px } }) input=Bounds { origin: Point { x: 132px, y: 263.5px }, size: Size { 459px × 637.5px } } line_height=Some(18px) visible=Some(126..165)
gitturtle.scroll kind=editor_paint time_us=19409990 window=WindowId(1v1) editor=EntityId(108v1) label="Read-only After source" scale=2 offset=Point { x: 0px, y: -2283.8906px } text=Some(Bounds { origin: Point { x: 669px, y: -2020.3906px }, size: Size { 459px × 637.5px } }) input=Bounds { origin: Point { x: 669px, y: 263.5px }, size: Size { 459px × 637.5px } } line_height=Some(18px) visible=Some(126..165)
gitturtle.scroll kind=split_paint time_us=19410063 window=WindowId(1v1) editors=[EntityId(106v1), EntityId(108v1)] before_offset=Point { x: 0px, y: -2283.8906px } after_offset=Point { x: 0px, y: -2283.8906px } before_text=Some(Bounds { origin: Point { x: 132px, y: -2020.3906px }, size: Size { 459px × 637.5px } }) after_text=Some(Bounds { origin: Point { x: 669px, y: -2020.3906px }, size: Size { 459px × 637.5px } }) before_visible=Some(126..165) after_visible=Some(126..165)
gitturtle.scroll kind=input time_us=19428452 editor=EntityId(106v1) label="Read-only Before source" area=code delta=Point { x: 0px, y: 21.796875px } before=Point { x: 0px, y: -2283.8906px }
gitturtle.scroll kind=split_link time_us=19428499 source=EntityId(106v1) target=EntityId(108v1) applied=Point { x: 0px, y: -2283.8906px } requested=Point { x: 0px, y: -2262.0938px }
gitturtle.scroll kind=editor_paint time_us=19435264 window=WindowId(1v1) editor=EntityId(106v1) label="Read-only Before source" scale=2 offset=Point { x: 0px, y: -2262.0938px } text=Some(Bounds { origin: Point { x: 132px, y: -1998.5938px }, size: Size { 459px × 637.5px } }) input=Bounds { origin: Point { x: 132px, y: 263.5px }, size: Size { 459px × 637.5px } } line_height=Some(18px) visible=Some(125..164)
gitturtle.scroll kind=editor_paint time_us=19435539 window=WindowId(1v1) editor=EntityId(108v1) label="Read-only After source" scale=2 offset=Point { x: 0px, y: -2262.0938px } text=Some(Bounds { origin: Point { x: 669px, y: -1998.5938px }, size: Size { 459px × 637.5px } }) input=Bounds { origin: Point { x: 669px, y: 263.5px }, size: Size { 459px × 637.5px } } line_height=Some(18px) visible=Some(125..164)
gitturtle.scroll kind=split_paint time_us=19435599 window=WindowId(1v1) editors=[EntityId(106v1), EntityId(108v1)] before_offset=Point { x: 0px, y: -2262.0938px } after_offset=Point { x: 0px, y: -2262.0938px } before_text=Some(Bounds { origin: Point { x: 132px, y: -1998.5938px }, size: Size { 459px × 637.5px } }) after_text=Some(Bounds { origin: Point { x: 669px, y: -1998.5938px }, size: Size { 459px × 637.5px } }) before_visible=Some(125..164) after_visible=Some(125..164)
gitturtle.scroll kind=input time_us=19455011 editor=EntityId(106v1) label="Read-only Before source" area=code delta=Point { x: 0px, y: 21.796875px } before=Point { x: 0px, y: -2262.0938px }
gitturtle.scroll kind=split_link time_us=19455061 source=EntityId(106v1) target=EntityId(108v1) applied=Point { x: 0px, y: -2262.0938px } requested=Point { x: 0px, y: -2240.2969px }
gitturtle.scroll kind=input time_us=19455085 editor=EntityId(106v1) label="Read-only Before source" area=code delta=Point { x: 0px, y: 21.796875px } before=Point { x: 0px, y: -2240.2969px }
gitturtle.scroll kind=split_link time_us=19455098 source=EntityId(106v1) target=EntityId(108v1) applied=Point { x: 0px, y: -2240.2969px } requested=Point { x: 0px, y: -2218.5px }
gitturtle.scroll kind=editor_paint time_us=19461673 window=WindowId(1v1) editor=EntityId(106v1) label="Read-only Before source" scale=2 offset=Point { x: 0px, y: -2218.5px } text=Some(Bounds { origin: Point { x: 132px, y: -1955px }, size: Size { 459px × 637.5px } }) input=Bounds { origin: Point { x: 132px, y: 263.5px }, size: Size { 459px × 637.5px } } line_height=Some(18px) visible=Some(123..161)
gitturtle.scroll kind=editor_paint time_us=19461961 window=WindowId(1v1) editor=EntityId(108v1) label="Read-only After source" scale=2 offset=Point { x: 0px, y: -2218.5px } text=Some(Bounds { origin: Point { x: 669px, y: -1955px }, size: Size { 459px × 637.5px } }) input=Bounds { origin: Point { x: 669px, y: 263.5px }, size: Size { 459px × 637.5px } } line_height=Some(18px) visible=Some(123..161)
gitturtle.scroll kind=split_paint time_us=19462022 window=WindowId(1v1) editors=[EntityId(106v1), EntityId(108v1)] before_offset=Point { x: 0px, y: -2218.5px } after_offset=Point { x: 0px, y: -2218.5px } before_text=Some(Bounds { origin: Point { x: 132px, y: -1955px }, size: Size { 459px × 637.5px } }) after_text=Some(Bounds { origin: Point { x: 669px, y: -1955px }, size: Size { 459px × 637.5px } }) before_visible=Some(123..161) after_visible=Some(123..161)
gitturtle.scroll kind=input time_us=19481215 editor=EntityId(106v1) label="Read-only Before source" area=code delta=Point { x: 0px, y: 21.796875px } before=Point { x: 0px, y: -2218.5px }
gitturtle.scroll kind=split_link time_us=19481260 source=EntityId(106v1) target=EntityId(108v1) applied=Point { x: 0px, y: -2218.5px } requested=Point { x: 0px, y: -2196.7031px }
gitturtle.scroll kind=editor_paint time_us=19487908 window=WindowId(1v1) editor=EntityId(106v1) label="Read-only Before source" scale=2 offset=Point { x: 0px, y: -2196.7031px } text=Some(Bounds { origin: Point { x: 132px, y: -1933.2031px }, size: Size { 459px × 637.5px } }) input=Bounds { origin: Point { x: 132px, y: 263.5px }, size: Size { 459px × 637.5px } } line_height=Some(18px) visible=Some(122..160)
gitturtle.scroll kind=editor_paint time_us=19488197 window=WindowId(1v1) editor=EntityId(108v1) label="Read-only After source" scale=2 offset=Point { x: 0px, y: -2196.7031px } text=Some(Bounds { origin: Point { x: 669px, y: -1933.2031px }, size: Size { 459px × 637.5px } }) input=Bounds { origin: Point { x: 669px, y: 263.5px }, size: Size { 459px × 637.5px } } line_height=Some(18px) visible=Some(122..160)
gitturtle.scroll kind=split_paint time_us=19488256 window=WindowId(1v1) editors=[EntityId(106v1), EntityId(108v1)] before_offset=Point { x: 0px, y: -2196.7031px } after_offset=Point { x: 0px, y: -2196.7031px } before_text=Some(Bounds { origin: Point { x: 132px, y: -1933.2031px }, size: Size { 459px × 637.5px } }) after_text=Some(Bounds { origin: Point { x: 669px, y: -1933.2031px }, size: Size { 459px × 637.5px } }) before_visible=Some(122..160) after_visible=Some(122..160)
gitturtle.scroll kind=input time_us=19507440 editor=EntityId(106v1) label="Read-only Before source" area=code delta=Point { x: 0px, y: 21.796875px } before=Point { x: 0px, y: -2196.7031px }
gitturtle.scroll kind=split_link time_us=19507487 source=EntityId(106v1) target=EntityId(108v1) applied=Point { x: 0px, y: -2196.7031px } requested=Point { x: 0px, y: -2174.9063px }
gitturtle.scroll kind=input time_us=19507514 editor=EntityId(106v1) label="Read-only Before source" area=code delta=Point { x: 0px, y: 21.796875px } before=Point { x: 0px, y: -2174.9063px }
gitturtle.scroll kind=split_link time_us=19507527 source=EntityId(106v1) target=EntityId(108v1) applied=Point { x: 0px, y: -2174.9063px } requested=Point { x: 0px, y: -2153.1094px }
gitturtle.scroll kind=editor_paint time_us=19514128 window=WindowId(1v1) editor=EntityId(106v1) label="Read-only Before source" scale=2 offset=Point { x: 0px, y: -2153.1094px } text=Some(Bounds { origin: Point { x: 132px, y: -1889.6094px }, size: Size { 459px × 637.5px } }) input=Bounds { origin: Point { x: 132px, y: 263.5px }, size: Size { 459px × 637.5px } } line_height=Some(18px) visible=Some(119..158)
gitturtle.scroll kind=editor_paint time_us=19514411 window=WindowId(1v1) editor=EntityId(108v1) label="Read-only After source" scale=2 offset=Point { x: 0px, y: -2153.1094px } text=Some(Bounds { origin: Point { x: 669px, y: -1889.6094px }, size: Size { 459px × 637.5px } }) input=Bounds { origin: Point { x: 669px, y: 263.5px }, size: Size { 459px × 637.5px } } line_height=Some(18px) visible=Some(119..158)
gitturtle.scroll kind=split_paint time_us=19514472 window=WindowId(1v1) editors=[EntityId(106v1), EntityId(108v1)] before_offset=Point { x: 0px, y: -2153.1094px } after_offset=Point { x: 0px, y: -2153.1094px } before_text=Some(Bounds { origin: Point { x: 132px, y: -1889.6094px }, size: Size { 459px × 637.5px } }) after_text=Some(Bounds { origin: Point { x: 669px, y: -1889.6094px }, size: Size { 459px × 637.5px } }) before_visible=Some(119..158) after_visible=Some(119..158)
gitturtle.scroll kind=input time_us=19533816 editor=EntityId(106v1) label="Read-only Before source" area=code delta=Point { x: 0px, y: 21.796875px } before=Point { x: 0px, y: -2153.1094px }
gitturtle.scroll kind=split_link time_us=19533872 source=EntityId(106v1) target=EntityId(108v1) applied=Point { x: 0px, y: -2153.1094px } requested=Point { x: 0px, y: -2131.3125px }
gitturtle.scroll kind=editor_paint time_us=19540986 window=WindowId(1v1) editor=EntityId(106v1) label="Read-only Before source" scale=2 offset=Point { x: 0px, y: -2131.3125px } text=Some(Bounds { origin: Point { x: 132px, y: -1867.8125px }, size: Size { 459px × 637.5px } }) input=Bounds { origin: Point { x: 132px, y: 263.5px }, size: Size { 459px × 637.5px } } line_height=Some(18px) visible=Some(118..156)
gitturtle.scroll kind=editor_paint time_us=19541289 window=WindowId(1v1) editor=EntityId(108v1) label="Read-only After source" scale=2 offset=Point { x: 0px, y: -2131.3125px } text=Some(Bounds { origin: Point { x: 669px, y: -1867.8125px }, size: Size { 459px × 637.5px } }) input=Bounds { origin: Point { x: 669px, y: 263.5px }, size: Size { 459px × 637.5px } } line_height=Some(18px) visible=Some(118..156)
gitturtle.scroll kind=split_paint time_us=19541351 window=WindowId(1v1) editors=[EntityId(106v1), EntityId(108v1)] before_offset=Point { x: 0px, y: -2131.3125px } after_offset=Point { x: 0px, y: -2131.3125px } before_text=Some(Bounds { origin: Point { x: 132px, y: -1867.8125px }, size: Size { 459px × 637.5px } }) after_text=Some(Bounds { origin: Point { x: 669px, y: -1867.8125px }, size: Size { 459px × 637.5px } }) before_visible=Some(118..156) after_visible=Some(118..156)
gitturtle.scroll kind=input time_us=19560985 editor=EntityId(106v1) label="Read-only Before source" area=code delta=Point { x: 0px, y: 21.796875px } before=Point { x: 0px, y: -2131.3125px }
gitturtle.scroll kind=split_link time_us=19561040 source=EntityId(106v1) target=EntityId(108v1) applied=Point { x: 0px, y: -2131.3125px } requested=Point { x: 0px, y: -2109.5156px }
gitturtle.scroll kind=input time_us=19561062 editor=EntityId(106v1) label="Read-only Before source" area=code delta=Point { x: 0px, y: 21.796875px } before=Point { x: 0px, y: -2109.5156px }
gitturtle.scroll kind=split_link time_us=19561074 source=EntityId(106v1) target=EntityId(108v1) applied=Point { x: 0px, y: -2109.5156px } requested=Point { x: 0px, y: -2087.7188px }
gitturtle.scroll kind=editor_paint time_us=19568742 window=WindowId(1v1) editor=EntityId(106v1) label="Read-only Before source" scale=2 offset=Point { x: 0px, y: -2087.7188px } text=Some(Bounds { origin: Point { x: 132px, y: -1824.2188px }, size: Size { 459px × 637.5px } }) input=Bounds { origin: Point { x: 132px, y: 263.5px }, size: Size { 459px × 637.5px } } line_height=Some(18px) visible=Some(115..154)
gitturtle.scroll kind=editor_paint time_us=19569036 window=WindowId(1v1) editor=EntityId(108v1) label="Read-only After source" scale=2 offset=Point { x: 0px, y: -2087.7188px } text=Some(Bounds { origin: Point { x: 669px, y: -1824.2188px }, size: Size { 459px × 637.5px } }) input=Bounds { origin: Point { x: 669px, y: 263.5px }, size: Size { 459px × 637.5px } } line_height=Some(18px) visible=Some(115..154)
gitturtle.scroll kind=split_paint time_us=19569097 window=WindowId(1v1) editors=[EntityId(106v1), EntityId(108v1)] before_offset=Point { x: 0px, y: -2087.7188px } after_offset=Point { x: 0px, y: -2087.7188px } before_text=Some(Bounds { origin: Point { x: 132px, y: -1824.2188px }, size: Size { 459px × 637.5px } }) after_text=Some(Bounds { origin: Point { x: 669px, y: -1824.2188px }, size: Size { 459px × 637.5px } }) before_visible=Some(115..154) after_visible=Some(115..154)
gitturtle.scroll kind=input time_us=19587710 editor=EntityId(106v1) label="Read-only Before source" area=code delta=Point { x: 0px, y: 21.796875px } before=Point { x: 0px, y: -2087.7188px }
gitturtle.scroll kind=split_link time_us=19587759 source=EntityId(106v1) target=EntityId(108v1) applied=Point { x: 0px, y: -2087.7188px } requested=Point { x: 0px, y: -2065.9219px }
gitturtle.scroll kind=editor_paint time_us=19594678 window=WindowId(1v1) editor=EntityId(106v1) label="Read-only Before source" scale=2 offset=Point { x: 0px, y: -2065.9219px } text=Some(Bounds { origin: Point { x: 132px, y: -1802.4219px }, size: Size { 459px × 637.5px } }) input=Bounds { origin: Point { x: 132px, y: 263.5px }, size: Size { 459px × 637.5px } } line_height=Some(18px) visible=Some(114..153)
gitturtle.scroll kind=editor_paint time_us=19594989 window=WindowId(1v1) editor=EntityId(108v1) label="Read-only After source" scale=2 offset=Point { x: 0px, y: -2065.9219px } text=Some(Bounds { origin: Point { x: 669px, y: -1802.4219px }, size: Size { 459px × 637.5px } }) input=Bounds { origin: Point { x: 669px, y: 263.5px }, size: Size { 459px × 637.5px } } line_height=Some(18px) visible=Some(114..153)
gitturtle.scroll kind=split_paint time_us=19595050 window=WindowId(1v1) editors=[EntityId(106v1), EntityId(108v1)] before_offset=Point { x: 0px, y: -2065.9219px } after_offset=Point { x: 0px, y: -2065.9219px } before_text=Some(Bounds { origin: Point { x: 132px, y: -1802.4219px }, size: Size { 459px × 637.5px } }) after_text=Some(Bounds { origin: Point { x: 669px, y: -1802.4219px }, size: Size { 459px × 637.5px } }) before_visible=Some(114..153) after_visible=Some(114..153)
gitturtle.scroll kind=input time_us=19614137 editor=EntityId(106v1) label="Read-only Before source" area=code delta=Point { x: 0px, y: 21.796875px } before=Point { x: 0px, y: -2065.9219px }
gitturtle.scroll kind=split_link time_us=19614180 source=EntityId(106v1) target=EntityId(108v1) applied=Point { x: 0px, y: -2065.9219px } requested=Point { x: 0px, y: -2044.125px }
gitturtle.scroll kind=input time_us=19614202 editor=EntityId(106v1) label="Read-only Before source" area=code delta=Point { x: 0px, y: 21.796875px } before=Point { x: 0px, y: -2044.125px }
gitturtle.scroll kind=split_link time_us=19614215 source=EntityId(106v1) target=EntityId(108v1) applied=Point { x: 0px, y: -2044.125px } requested=Point { x: 0px, y: -2022.3281px }
gitturtle.scroll kind=editor_paint time_us=19620643 window=WindowId(1v1) editor=EntityId(106v1) label="Read-only Before source" scale=2 offset=Point { x: 0px, y: -2022.3281px } text=Some(Bounds { origin: Point { x: 132px, y: -1758.8281px }, size: Size { 459px × 637.5px } }) input=Bounds { origin: Point { x: 132px, y: 263.5px }, size: Size { 459px × 637.5px } } line_height=Some(18px) visible=Some(112..150)
gitturtle.scroll kind=editor_paint time_us=19620925 window=WindowId(1v1) editor=EntityId(108v1) label="Read-only After source" scale=2 offset=Point { x: 0px, y: -2022.3281px } text=Some(Bounds { origin: Point { x: 669px, y: -1758.8281px }, size: Size { 459px × 637.5px } }) input=Bounds { origin: Point { x: 669px, y: 263.5px }, size: Size { 459px × 637.5px } } line_height=Some(18px) visible=Some(112..150)
gitturtle.scroll kind=split_paint time_us=19620987 window=WindowId(1v1) editors=[EntityId(106v1), EntityId(108v1)] before_offset=Point { x: 0px, y: -2022.3281px } after_offset=Point { x: 0px, y: -2022.3281px } before_text=Some(Bounds { origin: Point { x: 132px, y: -1758.8281px }, size: Size { 459px × 637.5px } }) after_text=Some(Bounds { origin: Point { x: 669px, y: -1758.8281px }, size: Size { 459px × 637.5px } }) before_visible=Some(112..150) after_visible=Some(112..150)
gitturtle.scroll kind=input time_us=19640856 editor=EntityId(106v1) label="Read-only Before source" area=code delta=Point { x: 0px, y: 21.796875px } before=Point { x: 0px, y: -2022.3281px }
gitturtle.scroll kind=split_link time_us=19640907 source=EntityId(106v1) target=EntityId(108v1) applied=Point { x: 0px, y: -2022.3281px } requested=Point { x: 0px, y: -2000.5313px }
gitturtle.scroll kind=editor_paint time_us=19647969 window=WindowId(1v1) editor=EntityId(106v1) label="Read-only Before source" scale=2 offset=Point { x: 0px, y: -2000.5313px } text=Some(Bounds { origin: Point { x: 132px, y: -1737.0313px }, size: Size { 459px × 637.5px } }) input=Bounds { origin: Point { x: 132px, y: 263.5px }, size: Size { 459px × 637.5px } } line_height=Some(18px) visible=Some(111..149)
gitturtle.scroll kind=editor_paint time_us=19648261 window=WindowId(1v1) editor=EntityId(108v1) label="Read-only After source" scale=2 offset=Point { x: 0px, y: -2000.5313px } text=Some(Bounds { origin: Point { x: 669px, y: -1737.0313px }, size: Size { 459px × 637.5px } }) input=Bounds { origin: Point { x: 669px, y: 263.5px }, size: Size { 459px × 637.5px } } line_height=Some(18px) visible=Some(111..149)
gitturtle.scroll kind=split_paint time_us=19648332 window=WindowId(1v1) editors=[EntityId(106v1), EntityId(108v1)] before_offset=Point { x: 0px, y: -2000.5313px } after_offset=Point { x: 0px, y: -2000.5313px } before_text=Some(Bounds { origin: Point { x: 132px, y: -1737.0313px }, size: Size { 459px × 637.5px } }) after_text=Some(Bounds { origin: Point { x: 669px, y: -1737.0313px }, size: Size { 459px × 637.5px } }) before_visible=Some(111..149) after_visible=Some(111..149)
gitturtle.scroll kind=input time_us=19667456 editor=EntityId(106v1) label="Read-only Before source" area=code delta=Point { x: 0px, y: 21.796875px } before=Point { x: 0px, y: -2000.5313px }
gitturtle.scroll kind=split_link time_us=19667495 source=EntityId(106v1) target=EntityId(108v1) applied=Point { x: 0px, y: -2000.5313px } requested=Point { x: 0px, y: -1978.7344px }
gitturtle.scroll kind=input time_us=19667518 editor=EntityId(106v1) label="Read-only Before source" area=code delta=Point { x: 0px, y: 21.796875px } before=Point { x: 0px, y: -1978.7344px }
gitturtle.scroll kind=split_link time_us=19667531 source=EntityId(106v1) target=EntityId(108v1) applied=Point { x: 0px, y: -1978.7344px } requested=Point { x: 0px, y: -1956.9375px }
gitturtle.scroll kind=editor_paint time_us=19674375 window=WindowId(1v1) editor=EntityId(106v1) label="Read-only Before source" scale=2 offset=Point { x: 0px, y: -1956.9375px } text=Some(Bounds { origin: Point { x: 132px, y: -1693.4375px }, size: Size { 459px × 637.5px } }) input=Bounds { origin: Point { x: 132px, y: 263.5px }, size: Size { 459px × 637.5px } } line_height=Some(18px) visible=Some(108..147)
gitturtle.scroll kind=editor_paint time_us=19674674 window=WindowId(1v1) editor=EntityId(108v1) label="Read-only After source" scale=2 offset=Point { x: 0px, y: -1956.9375px } text=Some(Bounds { origin: Point { x: 669px, y: -1693.4375px }, size: Size { 459px × 637.5px } }) input=Bounds { origin: Point { x: 669px, y: 263.5px }, size: Size { 459px × 637.5px } } line_height=Some(18px) visible=Some(108..147)
gitturtle.scroll kind=split_paint time_us=19674734 window=WindowId(1v1) editors=[EntityId(106v1), EntityId(108v1)] before_offset=Point { x: 0px, y: -1956.9375px } after_offset=Point { x: 0px, y: -1956.9375px } before_text=Some(Bounds { origin: Point { x: 132px, y: -1693.4375px }, size: Size { 459px × 637.5px } }) after_text=Some(Bounds { origin: Point { x: 669px, y: -1693.4375px }, size: Size { 459px × 637.5px } }) before_visible=Some(108..147) after_visible=Some(108..147)
gitturtle.scroll kind=input time_us=19693797 editor=EntityId(106v1) label="Read-only Before source" area=code delta=Point { x: 0px, y: 21.796875px } before=Point { x: 0px, y: -1956.9375px }
gitturtle.scroll kind=split_link time_us=19693847 source=EntityId(106v1) target=EntityId(108v1) applied=Point { x: 0px, y: -1956.9375px } requested=Point { x: 0px, y: -1935.1406px }
gitturtle.scroll kind=editor_paint time_us=19700626 window=WindowId(1v1) editor=EntityId(106v1) label="Read-only Before source" scale=2 offset=Point { x: 0px, y: -1935.1406px } text=Some(Bounds { origin: Point { x: 132px, y: -1671.6406px }, size: Size { 459px × 637.5px } }) input=Bounds { origin: Point { x: 132px, y: 263.5px }, size: Size { 459px × 637.5px } } line_height=Some(18px) visible=Some(107..145)
gitturtle.scroll kind=editor_paint time_us=19700916 window=WindowId(1v1) editor=EntityId(108v1) label="Read-only After source" scale=2 offset=Point { x: 0px, y: -1935.1406px } text=Some(Bounds { origin: Point { x: 669px, y: -1671.6406px }, size: Size { 459px × 637.5px } }) input=Bounds { origin: Point { x: 669px, y: 263.5px }, size: Size { 459px × 637.5px } } line_height=Some(18px) visible=Some(107..145)
gitturtle.scroll kind=split_paint time_us=19700975 window=WindowId(1v1) editors=[EntityId(106v1), EntityId(108v1)] before_offset=Point { x: 0px, y: -1935.1406px } after_offset=Point { x: 0px, y: -1935.1406px } before_text=Some(Bounds { origin: Point { x: 132px, y: -1671.6406px }, size: Size { 459px × 637.5px } }) after_text=Some(Bounds { origin: Point { x: 669px, y: -1671.6406px }, size: Size { 459px × 637.5px } }) before_visible=Some(107..145) after_visible=Some(107..145)
gitturtle.scroll kind=input time_us=19720169 editor=EntityId(106v1) label="Read-only Before source" area=code delta=Point { x: 0px, y: 21.796875px } before=Point { x: 0px, y: -1935.1406px }
gitturtle.scroll kind=split_link time_us=19720209 source=EntityId(106v1) target=EntityId(108v1) applied=Point { x: 0px, y: -1935.1406px } requested=Point { x: 0px, y: -1913.3438px }
gitturtle.scroll kind=input time_us=19720235 editor=EntityId(106v1) label="Read-only Before source" area=code delta=Point { x: 0px, y: 21.796875px } before=Point { x: 0px, y: -1913.3438px }
gitturtle.scroll kind=split_link time_us=19720249 source=EntityId(106v1) target=EntityId(108v1) applied=Point { x: 0px, y: -1913.3438px } requested=Point { x: 0px, y: -1891.5469px }
gitturtle.scroll kind=editor_paint time_us=19726988 window=WindowId(1v1) editor=EntityId(106v1) label="Read-only Before source" scale=2 offset=Point { x: 0px, y: -1891.5469px } text=Some(Bounds { origin: Point { x: 132px, y: -1628.0469px }, size: Size { 459px × 637.5px } }) input=Bounds { origin: Point { x: 132px, y: 263.5px }, size: Size { 459px × 637.5px } } line_height=Some(18px) visible=Some(105..143)
gitturtle.scroll kind=editor_paint time_us=19727264 window=WindowId(1v1) editor=EntityId(108v1) label="Read-only After source" scale=2 offset=Point { x: 0px, y: -1891.5469px } text=Some(Bounds { origin: Point { x: 669px, y: -1628.0469px }, size: Size { 459px × 637.5px } }) input=Bounds { origin: Point { x: 669px, y: 263.5px }, size: Size { 459px × 637.5px } } line_height=Some(18px) visible=Some(105..143)
gitturtle.scroll kind=split_paint time_us=19727323 window=WindowId(1v1) editors=[EntityId(106v1), EntityId(108v1)] before_offset=Point { x: 0px, y: -1891.5469px } after_offset=Point { x: 0px, y: -1891.5469px } before_text=Some(Bounds { origin: Point { x: 132px, y: -1628.0469px }, size: Size { 459px × 637.5px } }) after_text=Some(Bounds { origin: Point { x: 669px, y: -1628.0469px }, size: Size { 459px × 637.5px } }) before_visible=Some(105..143) after_visible=Some(105..143)
gitturtle.scroll kind=input time_us=19745823 editor=EntityId(106v1) label="Read-only Before source" area=code delta=Point { x: 0px, y: 21.796875px } before=Point { x: 0px, y: -1891.5469px }
gitturtle.scroll kind=split_link time_us=19745865 source=EntityId(106v1) target=EntityId(108v1) applied=Point { x: 0px, y: -1891.5469px } requested=Point { x: 0px, y: -1869.75px }
gitturtle.scroll kind=editor_paint time_us=19752740 window=WindowId(1v1) editor=EntityId(106v1) label="Read-only Before source" scale=2 offset=Point { x: 0px, y: -1869.75px } text=Some(Bounds { origin: Point { x: 132px, y: -1606.25px }, size: Size { 459px × 637.5px } }) input=Bounds { origin: Point { x: 132px, y: 263.5px }, size: Size { 459px × 637.5px } } line_height=Some(18px) visible=Some(103..142)
gitturtle.scroll kind=editor_paint time_us=19753036 window=WindowId(1v1) editor=EntityId(108v1) label="Read-only After source" scale=2 offset=Point { x: 0px, y: -1869.75px } text=Some(Bounds { origin: Point { x: 669px, y: -1606.25px }, size: Size { 459px × 637.5px } }) input=Bounds { origin: Point { x: 669px, y: 263.5px }, size: Size { 459px × 637.5px } } line_height=Some(18px) visible=Some(103..142)
gitturtle.scroll kind=split_paint time_us=19753096 window=WindowId(1v1) editors=[EntityId(106v1), EntityId(108v1)] before_offset=Point { x: 0px, y: -1869.75px } after_offset=Point { x: 0px, y: -1869.75px } before_text=Some(Bounds { origin: Point { x: 132px, y: -1606.25px }, size: Size { 459px × 637.5px } }) after_text=Some(Bounds { origin: Point { x: 669px, y: -1606.25px }, size: Size { 459px × 637.5px } }) before_visible=Some(103..142) after_visible=Some(103..142)
