launch,build,phase,i,key,t_ms,dbus_ms,raw_ms,trace_ms,trace_rx_ms,first_ms,patch_ms,patch_alt_ms,last_ms,frames,damage_events,traces,cpu_ms,cpu_to_patch_ms,proc_cpu_ms,wait_ms,slices,cpu,mhz
0,base,cold,0,Down,0.0,0.38,1.346,281.967,289.712,13.119,305.545,305.545,316.033,3,3,1,29.866,25.781,303.871,0.021,104,6,5300
0,base,warmup,0,Up,723.567,0.464,0.938,16.716,19.661,24.554,24.554,24.554,24.554,1,1,1,21.355,20.074,22.809,0.042,103,6,5242
0,base,warmup,1,Down,1423.741,0.507,0.983,7.143,10.474,7.875,25.794,7.875,32.186,3,3,1,24.381,20.121,25.615,0.0,103,4,5300
0,base,warmup,2,Up,2123.748,0.51,1.211,15.533,18.927,24.427,24.427,24.427,24.427,1,1,1,20.272,19.125,21.12,0.002,102,4,5288
0,base,warmup,3,Down,2823.249,0.554,1.216,16.81,20.462,25.928,25.928,25.928,25.928,1,1,1,21.565,20.372,22.523,0.005,103,4,5300
0,base,warmup,4,Up,3523.757,0.436,1.099,18.073,21.377,26.501,26.501,26.501,26.501,1,1,1,23.221,21.723,24.172,0.012,100,7,5111
0,base,warmup,5,Down,4223.26,0.512,1.149,17.517,20.568,25.776,25.776,25.776,25.776,1,1,1,22.11,20.928,22.814,0.007,101,7,5100
0,base,recorded,0,Up,4946.059,0.447,0.914,16.899,20.023,25.234,25.234,25.234,25.234,1,1,1,21.552,20.38,22.258,0.003,102,4,5209
0,base,recorded,1,Down,5645.725,0.543,1.102,16.748,20.074,25.276,25.276,25.276,25.276,1,1,1,21.199,19.997,21.938,0.012,101,4,5176
0,base,recorded,2,Up,6345.519,0.497,1.157,16.644,20.177,25.543,25.543,25.543,25.543,1,1,1,21.538,20.173,22.351,0.014,104,4,5305
0,base,recorded,3,Down,7046.2,0.529,0.954,16.701,20.363,25.669,25.669,25.669,25.669,1,1,1,21.264,20.045,22.016,0.002,102,4,5312
0,base,recorded,4,Up,7746.217,0.473,1.197,17.17,20.823,25.962,25.962,25.962,25.962,1,1,1,21.816,20.41,22.895,0.014,103,4,5284
0,base,recorded,5,Down,8446.165,0.579,1.17,16.726,20.368,25.405,25.405,25.405,25.405,1,1,1,21.379,20.08,22.344,0.074,102,7,5310
0,base,recorded,6,Up,9146.066,0.466,0.874,17.479,19.99,24.931,24.931,24.931,24.931,1,1,1,22.39,21.0,23.212,0.006,103,7,5000
0,base,recorded,7,Down,9845.59,0.534,1.037,17.089,19.93,24.823,24.823,24.823,24.823,1,1,1,21.941,20.578,22.754,0.011,103,7,5100
0,base,recorded,8,Up,10545.584,0.477,1.066,17.074,20.132,25.453,25.453,25.453,25.453,1,1,1,22.047,20.671,22.737,0.022,102,7,5100
0,base,recorded,9,Down,11246.162,0.733,1.438,16.931,20.1,25.295,25.295,25.295,25.295,1,1,1,21.873,20.557,22.831,0.043,102,7,5300
0,base,recorded,10,Up,11945.57,0.521,1.147,16.668,20.098,25.439,25.439,25.439,25.439,1,1,1,21.399,20.124,22.273,0.007,100,4,5182
0,base,recorded,11,Down,12645.505,0.547,1.242,16.648,20.221,25.799,25.799,25.799,25.799,1,1,1,21.35,20.034,22.152,0.05,102,4,5300
0,base,recorded,12,Up,13345.507,0.519,1.12,16.651,20.166,25.702,25.702,25.702,25.702,1,1,1,21.408,20.033,22.397,0.019,102,4,5256
0,base,recorded,13,Down,14046.178,0.521,1.256,16.683,19.976,25.025,25.025,25.025,25.025,1,1,1,21.365,19.982,22.311,0.009,101,4,5252
0,base,recorded,14,Up,14746.149,0.546,1.236,16.795,20.481,25.315,25.315,25.315,25.315,1,1,1,21.423,20.014,22.365,0.019,103,4,5276
0,base,recorded,15,Down,15445.739,0.516,1.057,16.696,19.978,25.458,25.458,25.458,25.458,1,1,1,21.462,20.065,22.417,0.005,102,4,5238
0,base,recorded,16,Up,16145.51,0.522,1.174,17.191,20.907,26.314,26.314,26.314,26.314,1,1,1,21.841,20.486,22.598,0.009,102,4,5300
0,base,recorded,17,Down,16845.668,0.512,1.156,16.845,20.415,25.557,25.557,25.557,25.557,1,1,1,21.401,19.975,22.422,0.006,101,4,5276
0,base,recorded,18,Up,17545.54,0.587,1.303,16.921,20.351,25.672,25.672,25.672,25.672,1,1,1,21.766,20.305,22.567,0.006,101,4,5264
0,base,recorded,19,Down,18246.228,0.516,0.983,7.294,10.813,9.159,26.457,9.159,30.583,3,3,1,25.786,21.741,26.573,0.005,104,4,5228
0,base,recorded,20,Up,18946.184,0.522,1.052,16.954,20.397,25.871,25.871,25.871,25.871,1,1,1,21.64,20.252,22.427,0.007,102,4,5297
0,base,recorded,21,Down,19645.756,0.56,1.161,17.175,20.67,25.585,25.585,25.585,25.585,1,1,1,21.642,20.409,22.447,0.011,103,4,5300
0,base,recorded,22,Up,20345.515,0.523,1.095,16.958,20.365,25.711,25.711,25.711,25.711,1,1,1,22.165,20.311,23.817,0.067,103,4,5298
0,base,recorded,23,Down,21046.152,0.539,1.243,17.371,21.024,26.073,26.073,26.073,26.073,1,1,1,21.884,20.646,22.982,0.02,101,2,5304
0,base,recorded,24,Up,21745.499,0.589,1.251,17.136,20.369,25.696,25.696,25.696,25.696,1,1,1,22.089,20.582,23.181,0.012,101,7,5307
0,base,recorded,25,Down,22446.226,0.525,1.222,16.935,20.765,25.989,25.989,25.989,25.989,1,1,1,21.784,20.487,22.92,0.009,102,7,5308
0,base,recorded,26,Up,23145.516,0.562,1.177,17.061,20.11,25.777,25.777,25.777,25.777,1,1,1,22.005,20.671,23.005,0.076,103,7,5310
0,base,recorded,27,Down,23846.198,0.594,1.244,17.118,20.66,26.028,26.028,26.028,26.028,1,1,1,21.87,20.627,22.623,0.018,100,7,5296
0,base,recorded,28,Up,24545.563,0.64,1.302,18.119,20.939,26.726,26.726,26.726,26.726,1,1,1,22.864,21.563,23.597,0.0,103,7,5290
0,base,recorded,29,Down,25246.156,0.549,1.181,17.269,20.717,26.149,26.149,26.149,26.149,1,1,1,22.123,20.841,22.903,0.0,101,7,5229
0,base,recorded,30,Up,25946.166,0.59,1.225,17.274,20.504,25.997,25.997,25.997,25.997,1,1,1,22.014,20.618,22.892,0.01,103,7,5251
0,base,recorded,31,Down,26645.594,0.526,1.202,17.162,20.437,25.734,25.734,25.734,25.734,1,1,1,22.118,20.802,23.57,0.019,102,7,5271
0,base,recorded,32,Up,27345.624,0.489,1.251,17.843,20.937,26.571,26.571,26.571,26.571,1,1,1,22.669,21.42,23.649,0.006,103,7,5267
0,base,recorded,33,Down,28045.51,0.541,1.031,7.529,10.921,7.994,27.3,7.994,39.086,3,3,1,26.801,21.885,28.348,0.013,102,7,5300
0,base,recorded,34,Up,28745.504,0.552,1.229,16.912,20.434,25.678,25.678,25.678,25.678,1,1,1,21.55,20.326,22.798,0.0,101,2,5298
0,base,recorded,35,Down,29446.008,0.508,1.056,16.862,19.784,25.175,25.175,25.175,25.175,1,1,1,21.617,20.367,22.428,0.003,103,2,5300
0,base,recorded,36,Up,30146.201,0.504,0.956,17.364,20.339,25.99,25.99,25.99,25.99,1,1,1,22.179,20.965,23.471,0.021,102,7,5258
0,base,recorded,37,Down,30846.083,0.521,1.072,17.346,20.567,25.742,25.742,25.742,25.742,1,1,1,22.688,21.546,23.765,0.017,104,2,5122
0,base,recorded,38,Up,31545.557,0.446,0.852,17.82,20.637,25.876,25.876,25.876,25.876,1,1,1,22.626,21.428,23.696,0.018,103,2,5109
0,base,recorded,39,Down,32246.208,0.487,1.003,17.02,20.114,25.65,25.65,25.65,25.65,1,1,1,21.652,20.47,22.836,0.008,102,2,5298
0,base,idle,0,,32969.295,,,,,,,,,0,0,0,1.322,,2.434,0.014,97,,
0,base,idle,1,,33669.728,,,,,,,,,0,0,0,1.26,,2.521,0.007,97,,
0,base,idle,2,,34369.674,,,,,,,,,0,0,0,1.288,,2.241,0.009,96,,
0,base,idle,3,,35069.924,,,,,,,,,0,0,0,1.455,,2.593,0.003,97,,
0,base,idle,4,,35768.649,,,,,,,,,0,0,0,1.196,,2.138,0.014,96,,
1,cand,cold,0,Down,0.0,0.461,1.078,278.962,286.214,12.816,301.486,301.486,307.988,3,3,1,27.339,23.849,301.711,0.044,106,3,5300
1,cand,warmup,0,Up,723.373,0.448,0.916,17.123,20.45,25.756,25.756,25.756,25.756,1,1,1,21.638,20.327,23.089,0.005,102,3,5046
1,cand,warmup,1,Down,1422.787,0.642,1.165,17.341,20.73,26.042,26.042,26.042,26.042,1,1,1,21.802,20.616,22.536,0.052,102,3,5100
1,cand,warmup,2,Up,2123.267,0.484,1.11,15.788,18.917,23.807,23.807,23.807,23.807,1,1,1,20.479,19.234,21.48,0.01,101,3,5100
1,cand,warmup,3,Down,2823.111,0.564,1.251,17.024,20.797,25.872,25.872,25.872,25.872,1,1,1,21.647,20.415,22.651,0.011,101,3,5095
1,cand,warmup,4,Up,3522.777,0.737,1.308,17.642,20.559,25.462,25.462,25.462,25.462,1,1,1,22.268,21.097,23.091,0.009,103,3,5000
1,cand,warmup,5,Down,4222.966,0.54,1.21,16.869,20.656,25.746,25.746,25.746,25.746,1,1,1,21.538,20.207,22.393,0.009,100,3,5322
1,cand,recorded,0,Up,4945.819,0.27,0.869,16.613,19.734,25.049,25.049,25.049,25.049,1,1,1,21.408,20.176,22.232,0.052,102,3,5125
1,cand,recorded,1,Down,5646.261,0.507,1.01,17.278,20.225,26.013,26.013,26.013,26.013,1,1,1,22.065,20.839,23.113,0.003,102,7,5305
1,cand,recorded,2,Up,6346.372,0.55,1.232,18.2,21.876,26.902,26.902,26.902,26.902,1,1,1,22.784,21.497,23.917,0.011,102,7,5312
1,cand,recorded,3,Down,7045.818,0.56,1.192,16.86,20.164,25.554,25.554,25.554,25.554,1,1,1,21.744,20.247,22.697,0.005,103,7,5300
1,cand,recorded,4,Up,7745.667,0.528,1.096,16.929,20.016,25.526,25.526,25.526,25.526,1,1,1,21.857,20.433,22.663,0.0,102,7,5295
1,cand,recorded,5,Down,8445.83,0.376,1.005,17.733,20.676,25.775,25.775,25.775,25.775,1,1,1,23.017,21.433,23.87,0.009,102,7,5000
1,cand,recorded,6,Up,9146.075,0.569,1.241,16.923,20.668,26.114,26.114,26.114,26.114,1,1,1,21.646,20.402,22.448,0.0,101,7,5284
1,cand,recorded,7,Down,9846.124,0.438,1.1,17.088,20.673,26.095,26.095,26.095,26.095,1,1,1,21.693,20.49,23.073,0.005,102,7,5294
1,cand,recorded,8,Up,10546.376,0.488,0.922,17.201,19.964,24.816,24.816,24.816,24.816,1,1,1,21.765,20.496,22.52,0.0,103,7,5300
1,cand,recorded,9,Down,11246.355,0.508,1.148,16.839,20.239,25.7,25.7,25.7,25.7,1,1,1,21.303,20.103,22.207,0.0,101,7,5305
1,cand,recorded,10,Up,11946.311,0.505,1.155,16.899,20.603,26.262,26.262,26.262,26.262,1,1,1,21.782,20.574,22.603,0.007,101,7,5300
1,cand,recorded,11,Down,12646.333,0.486,1.112,17.19,20.609,25.747,25.747,25.747,25.747,1,1,1,21.932,20.737,22.801,0.034,102,7,5308
1,cand,recorded,12,Up,13345.914,0.684,1.096,17.36,20.42,26.015,26.015,26.015,26.015,1,1,1,22.366,21.053,23.556,0.002,103,1,5309
1,cand,recorded,13,Down,14046.243,0.478,1.115,17.335,20.832,26.041,26.041,26.041,26.041,1,1,1,21.93,20.673,22.619,0.01,102,7,5300
1,cand,recorded,14,Up,14746.36,0.463,1.215,17.318,20.866,25.894,25.894,25.894,25.894,1,1,1,22.096,20.834,22.889,0.007,101,7,5300
1,cand,recorded,15,Down,15445.75,0.494,1.265,7.22,10.465,7.852,27.596,7.852,37.681,3,3,1,28.273,22.833,29.188,0.019,104,1,5069
1,cand,recorded,16,Up,16145.734,0.453,1.185,17.572,20.877,26.366,26.366,26.366,26.366,1,1,1,22.94,21.755,23.896,0.034,101,1,5223
1,cand,recorded,17,Down,16846.438,0.512,1.045,17.011,19.981,25.337,25.337,25.337,25.337,1,1,1,21.716,20.43,22.656,0.043,102,1,5300
1,cand,recorded,18,Up,17546.272,0.463,1.171,16.778,20.447,25.888,25.888,25.888,25.888,1,1,1,21.537,20.269,22.609,0.006,100,4,5277
1,cand,recorded,19,Down,18246.067,0.484,1.127,17.054,20.694,26.133,26.133,26.133,26.133,1,1,1,21.651,20.407,22.873,0.003,102,4,5299
1,cand,recorded,20,Up,18945.723,0.466,1.149,18.028,21.55,27.346,27.346,27.346,27.346,1,1,1,23.087,21.902,24.09,0.007,101,4,5141
1,cand,recorded,21,Down,19645.684,0.462,1.11,16.808,20.172,25.572,25.572,25.572,25.572,1,1,1,21.557,20.281,22.566,0.011,103,4,5248
1,cand,recorded,22,Up,20346.093,0.591,1.208,17.727,20.8,26.019,26.019,26.019,26.019,1,1,1,22.544,21.242,23.518,0.004,103,4,5300
1,cand,recorded,23,Down,21046.342,0.556,1.261,16.929,20.423,25.406,25.406,25.406,25.406,1,1,1,21.661,20.491,22.471,0.017,100,1,5216
1,cand,recorded,24,Up,21745.739,0.518,1.073,16.779,19.842,25.356,25.356,25.356,25.356,1,1,1,21.553,20.335,22.288,0.007,103,1,5300
1,cand,recorded,25,Down,22446.023,0.485,0.989,16.814,19.751,24.759,24.759,24.759,24.759,1,1,1,21.772,20.446,22.557,0.0,101,1,5298
1,cand,recorded,26,Up,23146.379,0.52,0.85,16.764,19.725,24.975,24.975,24.975,24.975,1,1,1,21.72,20.413,23.226,0.003,103,1,5152
1,cand,recorded,27,Down,23846.412,0.518,1.162,7.222,10.314,7.415,26.186,7.415,29.77,3,3,1,25.674,22.007,26.75,0.003,104,1,5300
1,cand,recorded,28,Up,24546.2,0.502,1.109,16.906,20.019,24.96,24.96,24.96,24.96,1,1,1,21.571,20.301,22.752,0.009,102,1,5227
1,cand,recorded,29,Down,25245.761,0.61,1.31,17.002,20.696,26.178,26.178,26.178,26.178,1,1,1,21.729,20.496,22.957,0.106,105,1,5300
1,cand,recorded,30,Up,25946.304,0.448,0.924,17.512,20.187,25.214,25.214,25.214,25.214,1,1,1,22.144,20.924,23.222,0.015,103,1,5104
1,cand,recorded,31,Down,26646.101,0.531,1.003,16.944,20.226,25.157,25.157,25.157,25.157,1,1,1,21.523,20.309,22.634,0.005,103,1,5300
1,cand,recorded,32,Up,27346.366,0.531,1.217,17.02,20.446,25.619,25.619,25.619,25.619,1,1,1,21.655,20.395,22.674,0.006,101,1,5183
1,cand,recorded,33,Down,28046.32,0.537,1.202,17.174,20.535,25.891,25.891,25.891,25.891,1,1,1,21.901,20.625,22.856,0.003,102,1,5296
1,cand,recorded,34,Up,28746.37,0.499,0.943,17.234,20.425,25.662,25.662,25.662,25.662,1,1,1,22.071,20.913,23.058,0.024,103,1,5300
1,cand,recorded,35,Down,29446.16,0.524,1.008,17.095,20.079,25.571,25.571,25.571,25.571,1,1,1,21.79,20.588,23.198,0.04,101,1,5293
1,cand,recorded,36,Up,30146.009,0.552,1.203,17.158,20.95,26.486,26.486,26.486,26.486,1,1,1,21.994,20.725,22.699,0.05,103,1,5288
1,cand,recorded,37,Down,30846.377,0.521,1.115,17.257,20.378,25.869,25.869,25.869,25.869,1,1,1,22.021,20.767,22.85,0.053,102,1,5305
1,cand,recorded,38,Up,31546.351,0.443,1.135,16.568,19.903,25.19,25.19,25.19,25.19,1,1,1,21.717,20.484,22.485,0.015,101,4,5296
1,cand,recorded,39,Down,32245.945,0.518,1.191,16.563,19.832,25.195,25.195,25.195,25.195,1,1,1,21.275,19.908,22.132,0.011,100,4,5280
1,cand,idle,0,,32970.008,,,,,,,,,0,0,0,1.27,,2.046,0.003,96,,
1,cand,idle,1,,33670.463,,,,,,,,,0,0,0,1.252,,2.093,0.013,97,,
1,cand,idle,2,,34370.335,,,,,,,,,0,0,0,1.318,,2.39,0.003,97,,
1,cand,idle,3,,35070.345,,,,,,,,,0,0,0,1.27,,2.188,0.0,96,,
1,cand,idle,4,,35770.047,,,,,,,,,0,0,0,1.417,,2.242,0.005,97,,
2,cand,cold,0,Down,0.0,0.439,1.142,280.726,288.134,12.186,303.957,303.957,307.401,3,3,1,28.392,24.937,302.802,0.0,104,2,5100
2,cand,warmup,0,Up,722.63,0.658,1.427,17.1,20.117,24.948,24.948,24.948,24.948,1,1,1,21.886,20.572,23.198,0.003,102,2,5299
2,cand,warmup,1,Down,1422.65,0.467,1.075,17.763,20.446,25.505,25.505,25.505,25.505,1,1,1,22.669,21.489,23.343,0.0,101,1,5000
2,cand,warmup,2,Up,2122.648,0.642,1.244,16.356,19.465,24.818,24.818,24.818,24.818,1,1,1,21.533,20.258,22.227,0.007,100,1,5192
2,cand,warmup,3,Down,2822.65,0.571,1.183,17.947,21.346,26.413,26.413,26.413,26.413,1,1,1,22.811,21.623,23.552,0.0,103,1,5077
2,cand,warmup,4,Up,3522.667,0.474,1.241,17.619,21.107,26.293,26.293,26.293,26.293,1,1,1,22.371,21.119,23.1,0.0,101,1,5300
2,cand,warmup,5,Down,4223.263,0.525,0.995,17.292,20.263,25.704,25.704,25.704,25.704,1,1,1,22.432,20.536,23.775,0.012,103,1,5263
2,cand,recorded,0,Up,4945.839,0.534,1.09,17.204,20.802,26.344,26.344,26.344,26.344,1,1,1,22.289,20.68,23.056,0.004,104,1,5300
2,cand,recorded,1,Down,5645.473,0.469,1.154,16.739,20.558,25.722,25.722,25.722,25.722,1,1,1,21.617,20.18,22.412,0.0,101,1,5018
2,cand,recorded,2,Up,6345.4,17.392,17.863,17.375,37.741,42.91,42.91,42.91,42.91,1,1,1,22.208,20.772,23.119,0.0,103,2,5309
2,cand,recorded,3,Down,7045.916,0.458,1.07,16.89,20.16,25.313,25.313,25.313,25.313,1,1,1,21.469,20.251,22.39,0.007,100,2,5255
2,cand,recorded,4,Up,7745.916,0.524,1.199,16.812,20.68,26.163,26.163,26.163,26.163,1,1,1,21.504,20.199,22.812,0.004,101,1,5179
2,cand,recorded,5,Down,8445.289,0.455,0.943,17.187,19.808,24.841,24.841,24.841,24.841,1,1,1,21.998,20.773,23.243,0.017,103,1,5101
2,cand,recorded,6,Up,9145.983,0.534,1.179,16.919,20.941,25.925,25.925,25.925,25.925,1,1,1,21.485,20.274,22.594,0.005,100,1,5300
2,cand,recorded,7,Down,9845.338,0.528,1.057,17.125,20.7,26.422,26.422,26.422,26.422,1,1,1,21.949,20.761,22.845,0.038,103,1,5300
2,cand,recorded,8,Up,10545.612,0.534,1.15,17.32,20.601,25.82,25.82,25.82,25.82,1,1,1,22.114,20.925,22.952,0.009,101,1,5108
2,cand,recorded,9,Down,11245.275,0.474,0.968,17.117,20.855,25.858,25.858,25.858,25.858,1,1,1,21.717,20.484,22.839,0.014,104,1,5300
2,cand,recorded,10,Up,11945.329,0.519,1.02,18.182,20.675,25.72,25.72,25.72,25.72,1,1,1,23.055,21.83,23.765,0.003,100,2,5000
2,cand,recorded,11,Down,12645.282,0.484,1.038,17.766,20.343,25.5,25.5,25.5,25.5,1,1,1,22.637,21.529,23.362,0.0,102,2,5000
2,cand,recorded,12,Up,13345.326,0.485,1.06,17.475,20.01,25.097,25.097,25.097,25.097,1,1,1,22.554,21.265,23.364,0.0,102,2,4997
2,cand,recorded,13,Down,14045.321,0.525,1.164,17.314,20.522,25.584,25.584,25.584,25.584,1,1,1,22.08,20.858,22.772,0.0,101,2,5000
2,cand,recorded,14,Up,14745.922,0.568,1.231,16.612,20.485,25.647,25.647,25.647,25.647,1,1,1,21.026,19.834,21.833,0.0,102,2,5300
2,cand,recorded,15,Down,15445.967,0.498,1.098,16.973,20.793,26.276,26.276,26.276,26.276,1,1,1,21.773,20.356,22.838,0.002,101,2,5303
2,cand,recorded,16,Up,16145.334,0.626,1.262,16.853,20.452,25.42,25.42,25.42,25.42,1,1,1,21.636,20.454,23.015,0.0,102,2,5211
2,cand,recorded,17,Down,16845.941,0.507,1.033,17.043,20.175,25.326,25.326,25.326,25.326,1,1,1,21.811,20.506,22.958,0.0,102,2,5245
2,cand,recorded,18,Up,17545.838,0.451,0.815,18.87,21.287,26.748,26.748,26.748,26.748,1,1,1,23.437,22.321,24.614,0.074,103,2,5116
2,cand,recorded,19,Down,18245.926,0.509,1.047,16.677,19.882,24.932,24.932,24.932,24.932,1,1,1,21.266,20.01,22.654,0.038,103,2,5215
2,cand,recorded,20,Up,18945.611,0.489,0.982,16.605,19.923,25.484,25.484,25.484,25.484,1,1,1,21.263,20.148,22.818,0.0,102,2,5170
2,cand,recorded,21,Down,19645.931,0.519,1.158,16.917,20.491,25.205,25.205,25.205,25.205,1,1,1,21.457,20.289,22.448,0.003,101,2,5300
2,cand,recorded,22,Up,20345.947,0.442,1.182,16.844,20.644,26.0,26.0,26.0,26.0,1,1,1,21.541,20.387,22.383,0.0,101,2,5139
2,cand,recorded,23,Down,21045.341,0.5,0.962,16.896,20.092,25.224,25.224,25.224,25.224,1,1,1,21.429,20.264,22.899,0.006,102,2,5300
2,cand,recorded,24,Up,21745.924,0.516,1.245,7.201,10.764,8.217,29.66,8.217,38.035,3,3,1,29.737,24.323,30.659,0.016,101,2,5140
2,cand,recorded,25,Down,22445.606,0.452,1.106,16.864,20.337,25.373,25.373,25.373,25.373,1,1,1,21.428,20.322,22.473,0.03,103,2,5295
2,cand,recorded,26,Up,23145.372,0.513,1.114,16.588,20.165,25.65,25.65,25.65,25.65,1,1,1,21.154,20.048,22.283,0.261,103,2,5318
2,cand,recorded,27,Down,23845.411,0.469,1.074,16.723,19.844,24.773,24.773,24.773,24.773,1,1,1,20.958,19.877,21.95,0.006,101,2,5199
2,cand,recorded,28,Up,24545.533,0.462,1.062,16.623,20.131,25.524,25.524,25.524,25.524,1,1,1,21.079,19.977,22.438,0.049,102,2,5300
2,cand,recorded,29,Down,25245.419,0.472,1.027,16.927,20.25,25.753,25.753,25.753,25.753,1,1,1,21.513,20.356,22.479,0.003,102,1,5220
2,cand,recorded,30,Up,25945.988,0.466,0.987,16.908,20.046,25.149,25.149,25.149,25.149,1,1,1,21.518,20.353,22.992,0.051,103,1,5241
2,cand,recorded,31,Down,26645.592,0.525,1.098,7.187,10.74,8.03,26.453,8.03,33.101,3,3,1,25.216,20.636,26.442,0.017,100,1,5260
2,cand,recorded,32,Up,27345.388,18.502,19.185,16.733,38.284,43.666,43.666,43.666,43.666,1,1,1,21.346,20.143,22.496,0.015,104,1,5306
2,cand,recorded,33,Down,28045.281,0.467,0.915,16.812,20.107,25.842,25.842,25.842,25.842,1,1,1,21.61,20.32,22.483,0.003,103,1,5288
2,cand,recorded,34,Up,28745.84,0.506,1.189,17.071,20.742,26.398,26.398,26.398,26.398,1,1,1,21.688,20.496,22.443,0.014,101,1,5147
2,cand,recorded,35,Down,29445.379,0.403,0.92,17.11,19.815,25.198,25.198,25.198,25.198,1,1,1,21.705,20.522,23.131,0.005,103,2,5106
2,cand,recorded,36,Up,30145.926,0.441,1.039,16.604,19.935,25.262,25.262,25.262,25.262,1,1,1,21.277,20.068,22.344,0.007,101,2,5224
2,cand,recorded,37,Down,30845.355,0.465,0.956,16.994,20.432,25.378,25.378,25.378,25.378,1,1,1,22.179,20.573,23.466,0.003,101,2,5152
2,cand,recorded,38,Up,31545.311,0.445,1.046,17.321,20.336,25.697,25.697,25.697,25.697,1,1,1,22.31,20.959,23.3,0.008,102,2,5000
2,cand,recorded,39,Down,32245.666,0.474,1.058,16.788,20.252,25.444,25.444,25.444,25.444,1,1,1,21.463,20.265,22.596,0.008,101,2,5216
2,cand,idle,0,,32969.474,,,,,,,,,0,0,0,1.378,,2.64,0.033,97,,
2,cand,idle,1,,33670.133,,,,,,,,,0,0,0,1.39,,2.509,0.004,97,,
2,cand,idle,2,,34370.078,,,,,,,,,0,0,0,1.387,,2.18,0.005,96,,
2,cand,idle,3,,35070.613,,,,,,,,,0,0,0,1.32,,2.011,0.011,97,,
2,cand,idle,4,,35770.395,,,,,,,,,0,0,0,1.228,,2.345,0.009,96,,
3,base,cold,0,Down,0.0,0.475,1.247,281.328,288.548,11.636,303.95,303.95,307.511,3,3,1,27.323,24.696,301.423,0.047,104,1,5283
3,base,warmup,0,Up,722.411,0.508,1.039,18.662,21.879,27.342,27.342,27.342,27.342,1,1,1,24.288,22.678,26.107,0.006,103,1,4995
3,base,warmup,1,Down,1422.925,0.526,1.01,7.231,10.357,7.283,25.835,7.283,32.837,3,3,1,24.642,19.877,25.414,0.006,104,1,5277
3,base,warmup,2,Up,2122.789,0.536,1.031,15.207,18.187,23.048,23.048,23.048,23.048,1,1,1,20.004,18.694,20.839,0.011,103,1,5241
3,base,warmup,3,Down,2822.618,0.558,1.171,16.748,19.836,24.867,24.867,24.867,24.867,1,1,1,21.63,20.337,22.539,0.012,103,1,5100
3,base,warmup,4,Up,3523.054,0.527,1.091,16.576,19.919,25.761,25.761,25.761,25.761,1,1,1,21.339,20.096,22.579,0.006,102,1,5218
3,base,warmup,5,Down,4223.031,0.567,1.278,17.205,20.853,25.769,25.769,25.769,25.769,1,1,1,22.109,20.808,24.254,0.02,103,1,5101
3,base,recorded,0,Up,4946.088,0.499,1.025,17.978,20.619,26.044,26.044,26.044,26.044,1,1,1,23.673,21.968,24.493,0.025,102,1,5232
3,base,recorded,1,Down,5646.713,0.563,1.255,16.644,20.002,25.119,25.119,25.119,25.119,1,1,1,21.11,19.946,21.823,0.014,101,1,5261
3,base,recorded,2,Up,6346.073,0.439,1.043,17.053,20.406,25.666,25.666,25.666,25.666,1,1,1,21.731,20.502,22.876,0.008,102,1,5100
3,base,recorded,3,Down,7046.808,0.547,1.0,16.611,19.697,25.077,25.077,25.077,25.077,1,1,1,21.178,19.981,22.492,0.003,101,1,5237
3,base,recorded,4,Up,7746.064,0.49,1.034,16.878,19.977,24.95,24.95,24.95,24.95,1,1,1,21.631,20.247,23.082,0.017,104,1,5299
3,base,recorded,5,Down,8446.675,0.514,1.1,17.064,20.219,25.241,25.241,25.241,25.241,1,1,1,21.734,20.513,23.548,0.016,104,1,5300
3,base,recorded,6,Up,9146.432,0.477,1.123,17.175,20.479,26.096,26.096,26.096,26.096,1,1,1,21.881,20.716,23.467,0.0,100,1,5257
3,base,recorded,7,Down,9846.396,0.588,1.215,17.166,20.499,26.431,26.431,26.431,26.431,1,1,1,22.418,21.014,23.417,0.032,101,1,5300
3,base,recorded,8,Up,10546.156,0.437,1.001,17.155,20.007,25.13,25.13,25.13,25.13,1,1,1,21.831,20.6,22.588,0.021,100,7,5008
3,base,recorded,9,Down,11246.067,0.569,1.236,17.417,21.084,26.618,26.618,26.618,26.618,1,1,1,22.094,20.873,23.533,0.008,102,7,5295
3,base,recorded,10,Up,11946.618,0.463,1.086,16.86,19.873,25.113,25.113,25.113,25.113,1,1,1,21.68,20.399,22.922,0.0,101,7,5100
3,base,recorded,11,Down,12646.11,0.519,1.138,16.82,20.11,25.662,25.662,25.662,25.662,1,1,1,21.81,20.251,22.867,0.007,103,7,5299
3,base,recorded,12,Up,13346.136,0.528,1.131,16.536,19.968,24.693,24.693,24.693,24.693,1,1,1,21.115,19.821,21.962,0.024,104,7,5300
3,base,recorded,13,Down,14046.192,0.507,1.084,17.182,19.797,25.381,25.381,25.381,25.381,1,1,1,22.183,20.854,22.947,0.019,100,7,5004
3,base,recorded,14,Up,14746.234,16.502,20.008,17.09,39.531,44.54,44.54,44.54,44.54,1,1,1,22.077,20.73,22.819,0.011,102,1,5102
3,base,recorded,15,Down,15446.723,0.582,1.152,16.908,20.637,26.12,26.12,26.12,26.12,1,1,1,21.603,20.452,23.517,0.002,100,1,5296
3,base,recorded,16,Up,16146.076,0.553,1.285,17.097,20.678,25.866,25.866,25.866,25.866,1,1,1,21.906,20.642,23.225,0.007,101,1,5246
3,base,recorded,17,Down,16846.163,0.516,1.009,17.083,20.45,25.709,25.709,25.709,25.709,1,1,1,21.89,20.621,22.885,0.035,102,1,5300
3,base,recorded,18,Up,17546.68,0.503,1.084,17.195,20.587,26.178,26.178,26.178,26.178,1,1,1,21.866,20.644,23.03,0.009,101,1,5221
3,base,recorded,19,Down,18246.224,0.595,1.306,17.833,21.628,27.221,27.221,27.221,27.221,1,1,1,22.806,21.489,23.823,0.0,101,1,5300
3,base,recorded,20,Up,18946.157,0.494,1.094,16.724,20.25,25.677,25.677,25.677,25.677,1,1,1,21.25,20.066,22.179,0.018,100,1,5283
3,base,recorded,21,Down,19646.719,0.446,0.908,17.31,20.563,27.948,27.948,27.948,27.948,1,1,1,22.158,20.541,23.179,0.017,103,1,5300
3,base,recorded,22,Up,20346.351,0.452,0.863,16.691,19.906,24.971,24.971,24.971,24.971,1,1,1,21.229,20.008,22.008,0.01,102,4,5293
3,base,recorded,23,Down,21046.872,0.512,1.227,16.747,20.152,25.375,25.375,25.375,25.375,1,1,1,21.22,20.025,22.66,0.003,101,4,5301
3,base,recorded,24,Up,21746.081,0.45,0.8,17.136,20.046,25.291,25.291,25.291,25.291,1,1,1,21.719,20.567,22.537,0.0,103,4,5311
3,base,recorded,25,Down,22446.108,0.463,1.107,17.09,20.455,25.792,25.792,25.792,25.792,1,1,1,21.723,20.468,22.952,0.087,101,4,5307
3,base,recorded,26,Up,23146.764,0.47,1.14,17.187,20.588,26.078,26.078,26.078,26.078,1,1,1,21.79,20.547,23.114,0.0,102,4,5300
3,base,recorded,27,Down,23846.654,0.503,1.121,17.019,20.102,25.113,25.113,25.113,25.113,1,1,1,21.672,20.333,22.739,0.01,101,4,5104
3,base,recorded,28,Up,24546.121,0.534,1.188,16.608,20.016,25.544,25.544,25.544,25.544,1,1,1,21.554,20.052,22.516,0.003,102,4,5307
3,base,recorded,29,Down,25246.722,0.532,1.1,17.718,21.07,26.142,26.142,26.142,26.142,1,1,1,22.352,21.098,23.306,0.053,101,4,5300
3,base,recorded,30,Up,25946.135,0.566,1.152,17.005,20.45,25.797,25.797,25.797,25.797,1,1,1,21.851,20.617,22.866,0.014,101,1,5246
3,base,recorded,31,Down,26646.66,0.495,0.924,16.798,19.799,25.146,25.146,25.146,25.146,1,1,1,21.57,20.282,22.907,0.009,103,1,5292
3,base,recorded,32,Up,27346.368,0.451,0.957,16.677,19.954,25.488,25.488,25.488,25.488,1,1,1,21.61,20.035,22.5,0.002,101,1,5304
3,base,recorded,33,Down,28046.281,0.521,1.16,17.501,21.158,26.612,26.612,26.612,26.612,1,1,1,22.05,20.812,22.782,0.031,103,1,5276
3,base,recorded,34,Up,28746.742,0.525,0.947,17.266,20.369,25.872,25.872,25.872,25.872,1,1,1,21.945,20.704,22.652,0.0,102,1,5296
3,base,recorded,35,Down,29446.526,0.449,1.027,17.308,20.697,25.75,25.75,25.75,25.75,1,1,1,21.76,20.515,22.598,0.004,102,1,5296
3,base,recorded,36,Up,30146.061,0.436,1.102,16.926,20.476,25.744,25.744,25.744,25.744,1,1,1,21.736,20.556,22.721,0.049,102,1,5300
3,base,recorded,37,Down,30846.182,0.44,1.131,17.085,20.521,26.182,26.182,26.182,26.182,1,1,1,21.969,20.693,22.895,0.006,100,1,5302
3,base,recorded,38,Up,31546.753,0.462,0.96,16.97,20.134,25.697,25.697,25.697,25.697,1,1,1,21.632,20.456,22.412,0.003,104,1,5300
3,base,recorded,39,Down,32246.055,0.457,0.898,17.211,20.592,25.48,25.48,25.48,25.48,1,1,1,22.031,20.789,23.271,2.298,101,1,5137
3,base,idle,0,,32970.354,,,,,,,,,0,0,0,1.342,,2.434,0.002,96,,
3,base,idle,1,,33671.513,,,,,,,,,0,0,0,1.274,,2.755,0.003,97,,
3,base,idle,2,,34371.063,,,,,,,,,0,0,0,1.426,,2.441,0.009,96,,
3,base,idle,3,,35071.544,,,,,,,,,0,0,0,1.304,,2.107,0.038,97,,
3,base,idle,4,,35770.908,,,,,,,,,0,0,0,1.36,,2.268,0.031,97,,
4,cand,cold,0,Down,0.0,0.368,1.095,284.354,291.498,12.167,307.496,307.496,311.309,3,3,1,28.356,25.25,303.149,0.011,105,0,5100
4,cand,warmup,0,Up,723.23,0.414,0.993,7.847,10.987,7.578,27.017,27.017,37.276,3,3,1,25.282,20.634,27.105,0.031,102,0,5286
4,cand,warmup,1,Down,1423.032,0.48,1.159,17.154,20.462,25.805,25.805,25.805,25.805,1,1,1,21.868,20.588,23.192,0.03,102,0,5238
4,cand,warmup,2,Up,2123.264,0.459,0.998,17.332,20.679,25.827,25.827,25.827,25.827,1,1,1,22.133,20.831,23.161,0.112,104,0,5249
4,cand,warmup,3,Down,2822.602,0.455,1.053,15.627,18.661,24.246,24.246,24.246,24.246,1,1,1,21.371,19.236,22.387,0.107,100,0,5201
4,cand,warmup,4,Up,3522.68,0.392,1.043,17.426,20.326,25.899,25.899,25.899,25.899,1,1,1,22.635,21.422,23.54,0.021,102,0,5000
4,cand,warmup,5,Down,4223.002,0.486,0.932,17.092,19.781,25.441,25.441,25.441,25.441,1,1,1,22.211,20.94,23.163,0.051,101,0,5298
4,cand,recorded,0,Up,4946.573,0.456,1.172,18.787,22.147,28.06,28.06,28.06,28.06,1,1,1,23.736,22.468,24.88,0.048,102,0,5216
4,cand,recorded,1,Down,5646.127,0.525,1.367,17.064,20.249,25.824,25.824,25.824,25.824,1,1,1,21.869,20.703,22.995,0.088,104,0,5300
4,cand,recorded,2,Up,6346.352,0.446,0.818,18.084,20.624,26.362,26.362,26.362,26.362,1,1,1,23.381,22.214,24.357,0.104,101,0,5000
4,cand,recorded,3,Down,7046.107,0.556,1.152,16.838,20.302,25.764,25.764,25.764,25.764,1,1,1,21.65,20.467,22.691,0.142,103,0,5294
4,cand,recorded,4,Up,7746.174,0.522,1.078,18.599,21.681,27.213,27.213,27.213,27.213,1,1,1,23.903,22.643,24.749,0.137,103,0,4997
4,cand,recorded,5,Down,8446.621,0.558,1.207,16.932,19.896,25.179,25.179,25.179,25.179,1,1,1,22.069,20.56,23.011,0.046,102,0,5097
4,cand,recorded,6,Up,9146.763,0.533,1.071,17.81,20.788,26.155,26.155,26.155,26.155,1,1,1,22.96,21.721,23.74,0.028,103,0,5240
4,cand,recorded,7,Down,9846.758,0.641,1.373,16.735,19.732,25.233,25.233,25.233,25.233,1,1,1,21.814,20.307,22.723,0.011,102,0,5283
4,cand,recorded,8,Up,10546.098,0.448,1.079,19.04,22.145,27.828,27.828,27.828,27.828,1,1,1,23.875,22.623,24.572,0.018,101,0,5300
4,cand,recorded,9,Down,11246.109,0.445,1.12,16.835,20.437,25.752,25.752,25.752,25.752,1,1,1,21.484,20.251,22.853,0.031,102,0,5286
4,cand,recorded,10,Up,11946.741,0.541,1.227,17.08,20.421,25.959,25.959,25.959,25.959,1,1,1,22.134,20.549,22.947,0.004,102,6,5284
4,cand,recorded,11,Down,12646.299,0.42,0.915,17.428,19.86,24.955,24.955,24.955,24.955,1,1,1,22.255,21.032,23.38,0.016,103,0,5001
4,cand,recorded,12,Up,13346.286,0.592,1.272,17.219,20.898,26.309,26.309,26.309,26.309,1,1,1,22.326,20.959,23.125,0.016,101,0,5302
4,cand,recorded,13,Down,14046.672,0.445,0.871,17.455,20.067,25.156,25.156,25.156,25.156,1,1,1,22.43,21.181,23.417,0.035,103,0,5002
4,cand,recorded,14,Up,14746.776,0.536,1.042,16.914,19.863,24.784,24.784,24.784,24.784,1,1,1,22.004,20.565,22.875,0.017,102,0,5300
4,cand,recorded,15,Down,15446.15,0.548,1.238,17.555,20.478,26.005,26.005,26.005,26.005,1,1,1,22.448,21.061,23.506,0.009,103,6,5231
4,cand,recorded,16,Up,16146.233,0.564,1.437,16.607,19.357,24.647,24.647,24.647,24.647,1,1,1,21.865,20.429,23.172,0.006,102,7,5285
4,cand,recorded,17,Down,16846.236,0.437,1.161,18.19,21.291,26.528,26.528,26.528,26.528,1,1,1,23.274,22.059,24.337,0.023,102,6,5039
4,cand,recorded,18,Up,17546.123,0.417,0.849,17.414,19.86,24.791,24.791,24.791,24.791,1,1,1,22.213,20.896,23.12,0.006,103,6,5000
4,cand,recorded,19,Down,18246.445,0.438,0.874,17.198,19.663,25.243,25.243,25.243,25.243,1,1,1,22.509,20.721,23.375,0.011,103,6,5105
4,cand,recorded,20,Up,18946.502,0.438,1.065,17.604,19.926,25.45,25.45,25.45,25.45,1,1,1,23.231,21.759,24.043,0.011,103,7,5000
4,cand,recorded,21,Down,19646.749,0.472,0.996,16.881,19.882,24.796,24.796,24.796,24.796,1,1,1,21.474,20.192,22.409,0.008,102,6,5302
4,cand,recorded,22,Up,20346.688,0.448,0.876,17.268,19.71,25.049,25.049,25.049,25.049,1,1,1,22.087,20.811,22.746,0.005,103,6,5099
4,cand,recorded,23,Down,21046.181,0.485,1.024,17.236,19.886,25.446,25.446,25.446,25.446,1,1,1,22.363,20.809,23.085,0.022,101,7,5004
4,cand,recorded,24,Up,21746.757,0.476,1.224,17.188,20.108,25.136,25.136,25.136,25.136,1,1,1,22.012,20.63,22.927,0.027,102,6,5308
4,cand,recorded,25,Down,22446.276,0.488,1.047,16.978,20.247,25.624,25.624,25.624,25.624,1,1,1,21.738,20.414,22.627,0.013,104,6,5300
4,cand,recorded,26,Up,23146.674,0.468,1.145,17.605,20.698,26.007,26.007,26.007,26.007,1,1,1,22.369,21.115,23.183,0.04,102,6,5178
4,cand,recorded,27,Down,23846.097,0.465,1.028,16.723,19.475,24.737,24.737,24.737,24.737,1,1,1,21.554,20.299,22.509,0.011,104,7,5300
4,cand,recorded,28,Up,24546.447,0.498,1.117,17.473,20.406,26.284,26.284,26.284,26.284,1,1,1,23.131,21.926,23.802,0.014,100,6,5000
4,cand,recorded,29,Down,25246.373,0.538,1.151,16.801,20.051,25.538,25.538,25.538,25.538,1,1,1,21.483,20.296,22.473,0.002,103,6,5317
4,cand,recorded,30,Up,25946.383,0.617,1.256,16.862,20.238,25.46,25.46,25.46,25.46,1,1,1,21.602,20.305,22.432,0.003,103,2,5304
4,cand,recorded,31,Down,26646.26,0.84,1.454,18.732,21.972,27.27,27.27,27.27,27.27,1,1,1,23.727,22.433,24.592,0.012,102,2,5056
4,cand,recorded,32,Up,27346.648,0.604,1.167,16.741,19.613,24.94,24.94,24.94,24.94,1,1,1,21.176,19.96,22.143,0.006,104,2,5300
4,cand,recorded,33,Down,28046.773,0.536,1.209,16.877,19.779,24.91,24.91,24.91,24.91,1,1,1,21.643,20.467,22.666,0.005,102,2,5300
4,cand,recorded,34,Up,28746.748,0.546,1.094,16.615,19.603,25.071,25.071,25.071,25.071,1,1,1,21.525,20.224,22.622,0.034,102,2,5216
4,cand,recorded,35,Down,29446.138,0.607,1.281,16.834,20.143,25.598,25.598,25.598,25.598,1,1,1,21.345,20.161,22.451,0.022,102,2,5271
4,cand,recorded,36,Up,30146.752,0.543,1.187,18.374,21.476,26.802,26.802,26.802,26.802,1,1,1,23.569,22.37,24.448,0.022,102,6,5094
4,cand,recorded,37,Down,30846.762,0.428,1.056,16.995,20.269,25.613,25.613,25.613,25.613,1,1,1,21.545,20.278,22.404,0.003,103,0,5301
4,cand,recorded,38,Up,31546.148,0.553,1.119,18.405,22.007,27.025,27.025,27.025,27.025,1,1,1,23.332,22.019,24.041,0.0,100,6,5236
4,cand,recorded,39,Down,32246.124,0.551,1.39,17.264,20.159,24.851,24.851,24.851,24.851,1,1,1,21.891,20.715,22.722,0.019,103,6,5286
4,cand,idle,0,,32969.725,,,,,,,,,0,0,0,1.295,,1.986,0.04,97,,
4,cand,idle,1,,33670.455,,,,,,,,,0,0,0,1.227,,1.904,0.016,96,,
4,cand,idle,2,,34370.378,,,,,,,,,0,0,0,1.343,,2.059,0.004,97,,
4,cand,idle,3,,35070.425,,,,,,,,,0,0,0,1.176,,1.831,0.011,96,,
4,cand,idle,4,,35770.313,,,,,,,,,0,0,0,1.204,,1.917,0.01,97,,
5,base,cold,0,Down,0.0,0.433,1.22,284.607,291.741,11.877,307.698,307.698,310.979,3,3,1,28.403,25.107,303.824,0.099,105,5,5000
5,base,warmup,0,Up,722.488,0.468,1.108,18.262,21.144,26.204,26.204,26.204,26.204,1,1,1,23.083,21.925,24.861,0.002,101,5,5100
5,base,warmup,1,Down,1422.508,0.553,1.228,18.02,21.442,26.679,26.679,26.679,26.679,1,1,1,22.997,21.781,23.76,0.0,102,5,5208
5,base,warmup,2,Up,2122.501,0.565,1.169,16.91,20.181,25.35,25.35,25.35,25.35,1,1,1,21.918,20.692,22.645,0.002,103,5,5290
5,base,warmup,3,Down,2822.509,0.53,1.099,17.513,20.736,26.708,26.708,26.708,26.708,1,1,1,23.177,21.902,23.923,0.007,102,6,4992
5,base,warmup,4,Up,3522.528,0.498,1.069,16.881,19.661,24.688,24.688,24.688,24.688,1,1,1,21.719,20.486,22.467,0.015,103,5,5100
5,base,warmup,5,Down,4222.508,0.475,1.13,17.554,20.146,25.434,25.434,25.434,25.434,1,1,1,22.368,21.168,23.585,0.002,101,6,5001
5,base,recorded,0,Up,4945.212,0.4,0.991,16.822,20.214,25.356,25.356,25.356,25.356,1,1,1,21.799,20.653,22.511,0.002,101,5,5167
5,base,recorded,1,Down,5645.211,0.461,1.096,18.031,21.166,26.118,26.118,26.118,26.118,1,1,1,22.671,21.419,23.393,0.0,102,5,5300
5,base,recorded,2,Up,6345.209,0.564,1.129,17.899,21.277,26.354,26.354,26.354,26.354,1,1,1,22.771,21.599,23.461,0.011,100,5,5215
5,base,recorded,3,Down,7045.828,0.473,0.921,17.026,19.999,25.039,25.039,25.039,25.039,1,1,1,21.57,20.271,22.424,0.016,103,5,5300
5,base,recorded,4,Up,7745.823,0.472,0.976,17.665,20.648,25.501,25.501,25.501,25.501,1,1,1,22.468,20.997,23.447,0.056,102,6,5306
5,base,recorded,5,Down,8445.394,0.414,1.06,16.865,20.255,25.445,25.445,25.445,25.445,1,1,1,21.469,20.291,22.732,0.041,102,4,5253
5,base,recorded,6,Up,9145.837,0.589,1.14,17.195,20.651,25.587,25.587,25.587,25.587,1,1,1,21.858,20.64,22.632,0.018,103,4,5302
5,base,recorded,7,Down,9845.673,0.507,1.085,16.775,19.874,25.279,25.279,25.279,25.279,1,1,1,21.462,20.251,22.494,0.007,101,4,5310
5,base,recorded,8,Up,10545.187,0.455,1.107,16.735,19.939,25.058,25.058,25.058,25.058,1,1,1,21.391,20.126,22.263,0.022,104,4,5300
5,base,recorded,9,Down,11245.668,0.473,1.082,17.397,20.411,25.653,25.653,25.653,25.653,1,1,1,22.017,20.824,22.676,0.049,101,4,4994
5,base,recorded,10,Up,11945.823,0.453,0.949,16.996,19.851,25.051,25.051,25.051,25.051,1,1,1,21.519,20.352,22.429,0.018,104,4,5100
5,base,recorded,11,Down,12645.701,0.428,0.938,16.909,19.845,25.071,25.071,25.071,25.071,1,1,1,21.418,20.294,22.318,0.027,102,5,5100
5,base,recorded,12,Up,13345.296,0.477,1.151,16.992,20.275,25.604,25.604,25.604,25.604,1,1,1,21.549,20.376,22.45,0.012,104,4,5104
5,base,recorded,13,Down,14045.789,0.459,0.904,16.898,19.885,25.066,25.066,25.066,25.066,1,1,1,21.581,20.311,22.527,0.041,104,4,5296
5,base,recorded,14,Up,14745.444,0.452,1.111,16.746,20.01,24.936,24.936,24.936,24.936,1,1,1,21.373,20.154,22.432,0.01,102,4,5304
5,base,recorded,15,Down,15445.521,0.444,1.0,16.746,19.924,25.137,25.137,25.137,25.137,1,1,1,21.105,19.816,22.058,0.024,103,4,5300
5,base,recorded,16,Up,16145.848,0.468,1.012,17.119,20.484,25.889,25.889,25.889,25.889,1,1,1,21.618,20.452,22.663,0.007,101,4,5194
5,base,recorded,17,Down,16845.698,0.452,1.03,16.804,19.929,25.254,25.254,25.254,25.254,1,1,1,21.551,20.274,22.442,0.014,102,5,5302
5,base,recorded,18,Up,17545.651,0.461,1.052,16.993,20.138,25.206,25.206,25.206,25.206,1,1,1,21.751,20.5,22.602,0.011,103,5,5276
5,base,recorded,19,Down,18245.85,0.459,1.073,16.985,20.402,25.619,25.619,25.619,25.619,1,1,1,21.485,20.315,22.46,0.003,101,4,5109
5,base,recorded,20,Up,18945.539,0.347,0.976,17.049,20.253,25.157,25.157,25.157,25.157,1,1,1,21.742,20.518,22.916,0.018,103,4,5199
5,base,recorded,21,Down,19645.568,0.446,1.057,16.8,19.941,25.111,25.111,25.111,25.111,1,1,1,21.17,20.032,21.939,0.009,101,4,5174
5,base,recorded,22,Up,20345.834,0.473,1.051,17.014,20.107,24.977,24.977,24.977,24.977,1,1,1,21.531,20.397,22.506,0.011,102,4,5300
5,base,recorded,23,Down,21045.843,0.532,0.985,16.916,20.112,25.075,25.075,25.075,25.075,1,1,1,21.318,20.209,22.146,0.107,101,5,5314
5,base,recorded,24,Up,21745.871,0.48,1.039,17.106,20.019,25.541,25.541,25.541,25.541,1,1,1,21.677,20.49,22.36,0.01,103,4,5300
5,base,recorded,25,Down,22445.651,0.46,0.88,16.979,19.991,25.253,25.253,25.253,25.253,1,1,1,21.659,20.484,22.629,0.008,103,4,5300
5,base,recorded,26,Up,23145.772,0.448,1.084,17.067,19.992,25.002,25.002,25.002,25.002,1,1,1,21.65,20.511,22.413,0.011,102,4,5223
5,base,recorded,27,Down,23845.352,0.39,1.015,17.09,20.297,25.66,25.66,25.66,25.66,1,1,1,21.544,20.391,22.621,0.023,103,4,5300
5,base,recorded,28,Up,24545.856,0.534,1.339,18.663,22.262,27.405,27.405,27.405,27.405,1,1,1,23.503,22.327,24.29,0.044,103,4,5262
5,base,recorded,29,Down,25245.452,0.39,0.978,17.166,20.502,25.998,25.998,25.998,25.998,1,1,1,21.632,20.457,22.415,0.002,101,4,5300
5,base,recorded,30,Up,25945.337,0.513,1.029,17.237,20.359,25.855,25.855,25.855,25.855,1,1,1,22.008,20.797,22.871,0.012,101,4,5000
5,base,recorded,31,Down,26645.526,0.391,0.976,17.238,20.605,25.871,25.871,25.871,25.871,1,1,1,21.713,20.574,22.54,0.02,102,0,5279
5,base,recorded,32,Up,27345.229,0.477,1.06,16.908,20.09,25.657,25.657,25.657,25.657,1,1,1,21.7,20.514,22.562,0.019,102,0,5310
5,base,recorded,33,Down,28045.241,0.484,1.022,16.918,20.258,25.59,25.59,25.59,25.59,1,1,1,21.774,20.559,22.582,0.011,102,4,5237
5,base,recorded,34,Up,28745.83,0.401,1.157,17.169,20.77,26.331,26.331,26.331,26.331,1,1,1,21.912,20.754,22.87,0.011,102,4,5300
5,base,recorded,35,Down,29445.841,0.461,0.996,17.055,20.13,24.996,24.996,24.996,24.996,1,1,1,21.442,20.293,22.203,0.003,101,4,5069
5,base,recorded,36,Up,30145.274,0.468,1.027,16.821,20.239,25.251,25.251,25.251,25.251,1,1,1,21.399,20.216,22.231,0.006,103,4,5299
5,base,recorded,37,Down,30845.635,0.455,1.042,17.176,20.231,25.287,25.287,25.287,25.287,1,1,1,21.727,20.486,22.546,0.013,102,4,5256
5,base,recorded,38,Up,31545.25,0.461,1.15,17.154,20.752,26.085,26.085,26.085,26.085,1,1,1,21.508,20.338,22.478,0.0,102,4,5301
5,base,recorded,39,Down,32245.429,0.452,1.056,17.275,20.752,26.258,26.258,26.258,26.258,1,1,1,21.944,20.753,22.844,0.022,104,4,5300
5,base,idle,0,,32968.997,,,,,,,,,0,0,0,1.228,,2.008,0.041,97,,
5,base,idle,1,,33669.689,,,,,,,,,0,0,0,1.295,,2.046,0.018,96,,
5,base,idle,2,,34370.278,,,,,,,,,0,0,0,1.227,,1.946,0.007,97,,
5,base,idle,3,,35070.046,,,,,,,,,0,0,0,1.402,,2.057,0.005,96,,
5,base,idle,4,,35769.951,,,,,,,,,0,0,0,1.438,,2.203,0.009,97,,
6,base,cold,0,Down,0.0,0.427,1.142,280.399,287.848,12.004,304.166,304.166,314.681,3,3,1,28.163,23.543,302.226,0.013,103,7,5300
6,base,warmup,0,Up,723.119,0.431,0.849,17.283,19.633,24.924,24.924,24.924,24.924,1,1,1,22.909,20.808,24.91,0.0,102,7,5051
6,base,warmup,1,Down,1422.962,0.445,0.929,17.36,20.388,25.254,25.254,25.254,25.254,1,1,1,22.083,20.562,23.386,0.002,104,6,5300
6,base,warmup,2,Up,2123.617,0.465,1.126,15.667,19.049,24.616,24.616,24.616,24.616,1,1,1,20.703,19.22,21.987,0.057,100,7,5307
6,base,warmup,3,Down,2823.609,0.622,1.333,16.468,20.295,25.545,25.545,25.545,25.545,1,1,1,21.554,19.906,23.131,0.005,103,7,5269
6,base,warmup,4,Up,3523.627,0.556,1.011,17.071,21.062,28.464,28.464,28.464,28.464,1,1,1,22.067,20.669,22.882,0.021,104,6,5295
6,base,warmup,5,Down,4223.463,0.469,1.126,16.801,20.522,25.771,25.771,25.771,25.771,1,1,1,21.755,20.277,22.956,0.008,101,6,5228
6,base,recorded,0,Up,4946.038,0.394,0.764,17.498,20.007,25.385,25.385,25.385,25.385,1,1,1,22.44,20.945,23.348,0.003,103,6,5004
6,base,recorded,1,Down,5646.228,0.494,1.194,17.825,21.336,26.962,26.962,26.962,26.962,1,1,1,22.804,21.291,23.867,0.07,102,6,5177
6,base,recorded,2,Up,6346.112,0.448,0.909,17.425,19.825,24.89,24.89,24.89,24.89,1,1,1,22.21,20.874,23.511,0.006,103,6,5000
6,base,recorded,3,Down,7046.164,0.451,0.886,17.881,20.679,26.162,26.162,26.162,26.162,1,1,1,23.303,21.976,24.204,0.019,104,6,5092
6,base,recorded,4,Up,7746.041,0.469,1.069,17.251,20.674,26.137,26.137,26.137,26.137,1,1,1,21.893,20.669,22.825,0.034,103,6,5298
6,base,recorded,5,Down,8446.212,0.478,1.146,16.82,20.685,26.405,26.405,26.405,26.405,1,1,1,21.389,20.2,22.552,0.008,103,6,5295
6,base,recorded,6,Up,9145.762,0.502,1.181,16.846,20.097,25.451,25.451,25.451,25.451,1,1,1,21.894,20.413,23.018,0.0,101,6,5302
6,base,recorded,7,Down,9846.232,0.496,1.048,16.969,20.342,25.566,25.566,25.566,25.566,1,1,1,21.555,20.302,23.552,0.002,102,6,5300
6,base,recorded,8,Up,10545.988,0.647,1.324,17.27,21.3,26.218,26.218,26.218,26.218,1,1,1,22.334,20.677,23.719,0.003,101,6,5300
6,base,recorded,9,Down,11246.248,0.489,1.085,17.226,20.21,25.824,25.824,25.824,25.824,1,1,1,22.58,20.737,23.671,0.0,103,6,5305
6,base,recorded,10,Up,11946.277,0.475,1.081,16.752,19.926,24.765,24.765,24.765,24.765,1,1,1,21.913,20.154,22.906,0.0,103,7,5281
6,base,recorded,11,Down,12645.887,0.473,1.074,16.745,19.79,25.215,25.215,25.215,25.215,1,1,1,22.201,20.488,23.331,0.005,101,7,5249
6,base,recorded,12,Up,13346.287,0.473,1.15,17.012,20.381,25.983,25.983,25.983,25.983,1,1,1,21.714,20.381,22.872,0.0,102,7,5300
6,base,recorded,13,Down,14045.822,0.509,1.13,16.792,19.952,25.301,25.301,25.301,25.301,1,1,1,21.73,20.092,22.766,0.027,102,7,5288
6,base,recorded,14,Up,14746.285,0.514,0.999,17.051,20.366,25.9,25.9,25.9,25.9,1,1,1,22.677,20.672,23.649,0.0,102,7,5312
6,base,recorded,15,Down,15445.574,0.504,1.082,16.856,20.246,25.571,25.571,25.571,25.571,1,1,1,21.654,20.423,22.633,0.0,100,7,5250
6,base,recorded,16,Up,16146.294,0.475,1.176,17.132,20.381,25.862,25.862,25.862,25.862,1,1,1,21.993,20.73,23.068,0.008,102,7,5317
6,base,recorded,17,Down,16846.149,0.606,1.22,17.268,20.473,26.365,26.365,26.365,26.365,1,1,1,22.071,20.832,22.997,0.019,103,7,5100
6,base,recorded,18,Up,17545.723,0.398,1.195,18.637,21.698,27.281,27.281,27.281,27.281,1,1,1,24.021,22.437,24.902,0.006,101,0,5003
6,base,recorded,19,Down,18246.219,0.522,0.966,16.806,20.278,25.716,25.716,25.716,25.716,1,1,1,21.844,20.169,22.83,0.006,102,7,5300
6,base,recorded,20,Up,18946.236,0.508,0.864,18.89,22.196,27.168,27.168,27.168,27.168,1,1,1,23.82,22.363,25.027,0.011,103,0,5213
6,base,recorded,21,Down,19646.24,0.511,0.886,17.206,20.674,25.62,25.62,25.62,25.62,1,1,1,22.481,20.701,23.565,0.0,103,7,5300
6,base,recorded,22,Up,20346.223,0.502,0.938,17.027,19.891,24.895,24.895,24.895,24.895,1,1,1,21.996,20.542,23.268,0.053,102,1,5240
6,base,recorded,23,Down,21045.551,0.509,1.06,17.304,20.483,25.612,25.612,25.612,25.612,1,1,1,22.038,20.885,23.537,0.0,102,7,5297
6,base,recorded,24,Up,21746.222,0.509,1.164,17.005,20.23,25.808,25.808,25.808,25.808,1,1,1,21.597,20.372,22.672,0.011,103,7,5300
6,base,recorded,25,Down,22446.222,0.505,1.043,17.326,20.733,25.952,25.952,25.952,25.952,1,1,1,21.963,20.826,23.066,0.02,100,7,5248
6,base,recorded,26,Up,23145.555,0.513,1.054,16.885,20.179,25.502,25.502,25.502,25.502,1,1,1,21.462,20.277,22.678,0.004,102,7,5300
6,base,recorded,27,Down,23846.217,0.548,1.192,17.089,20.435,25.648,25.648,25.648,25.648,1,1,1,21.709,20.612,22.593,0.01,100,7,5125
6,base,recorded,28,Up,24546.251,0.448,0.946,17.716,20.913,25.989,25.989,25.989,25.989,1,1,1,22.554,21.407,23.515,0.017,102,7,5222
6,base,recorded,29,Down,25245.96,0.453,0.937,16.977,19.93,25.105,25.105,25.105,25.105,1,1,1,21.592,20.435,22.406,0.02,103,7,5258
6,base,recorded,30,Up,25945.852,0.455,0.964,16.971,19.711,25.258,25.258,25.258,25.258,1,1,1,21.664,20.385,22.451,0.011,102,7,5262
6,base,recorded,31,Down,26646.12,0.49,1.082,17.383,20.349,25.775,25.775,25.775,25.775,1,1,1,22.068,20.851,23.188,0.015,103,7,5000
6,base,recorded,32,Up,27346.221,0.456,0.996,17.262,20.176,25.687,25.687,25.687,25.687,1,1,1,21.882,20.645,22.838,0.03,102,1,5299
6,base,recorded,33,Down,28046.079,0.383,0.838,17.285,19.94,25.001,25.001,25.001,25.001,1,1,1,22.069,20.915,22.84,0.043,101,7,5096
6,base,recorded,34,Up,28746.224,0.448,0.877,17.336,20.246,25.301,25.301,25.301,25.301,1,1,1,21.868,20.694,22.775,0.006,102,7,5294
6,base,recorded,35,Down,29445.898,0.452,0.988,17.006,20.08,25.227,25.227,25.227,25.227,1,1,1,21.81,20.535,22.937,0.003,103,7,5295
6,base,recorded,36,Up,30146.218,0.456,0.854,7.129,9.955,7.203,25.633,7.203,31.531,3,3,1,25.398,21.176,26.135,0.005,103,7,5300
6,base,recorded,37,Down,30845.88,0.502,1.171,17.433,20.76,25.669,25.669,25.669,25.669,1,1,1,22.158,20.782,23.033,0.003,101,7,5312
6,base,recorded,38,Up,31546.222,0.596,1.318,17.688,21.135,27.27,27.27,27.27,27.27,1,1,1,22.425,21.124,23.353,0.0,101,7,5300
6,base,recorded,39,Down,32246.212,0.453,1.015,17.27,20.604,25.845,25.845,25.845,25.845,1,1,1,22.002,20.779,22.905,0.005,102,7,5063
6,base,idle,0,,32969.82,,,,,,,,,0,0,0,1.273,,2.119,0.005,96,,
6,base,idle,1,,33670.905,,,,,,,,,0,0,0,1.231,,1.944,0.003,97,,
6,base,idle,2,,34370.315,,,,,,,,,0,0,0,1.297,,2.141,0.006,96,,
6,base,idle,3,,35070.723,,,,,,,,,0,0,0,1.32,,2.17,0.005,97,,
6,base,idle,4,,35770.905,,,,,,,,,0,0,0,1.235,,2.031,0.133,97,,
7,cand,cold,0,Down,0.0,0.468,1.101,279.425,286.962,14.093,302.374,302.374,310.229,3,3,1,28.259,23.937,302.419,0.01,103,0,5229
7,cand,warmup,0,Up,723.37,0.524,1.193,18.231,21.287,26.754,26.754,26.754,26.754,1,1,1,22.936,21.707,24.499,0.014,102,7,5111
7,cand,warmup,1,Down,1423.405,0.554,1.102,17.357,20.411,25.976,25.976,25.976,25.976,1,1,1,22.147,20.918,23.078,0.013,102,0,5175
7,cand,warmup,2,Up,2124.008,0.526,1.209,15.88,19.254,24.445,24.445,24.445,24.445,1,1,1,20.795,19.526,21.633,0.01,102,7,5001
7,cand,warmup,3,Down,2823.862,0.632,1.119,17.019,20.607,25.962,25.962,25.962,25.962,1,1,1,21.953,20.621,23.096,0.005,103,7,5306
7,cand,warmup,4,Up,3523.486,0.562,1.153,17.863,21.004,26.689,26.689,26.689,26.689,1,1,1,22.763,21.487,23.821,0.006,103,7,5100
7,cand,warmup,5,Down,4223.782,0.571,1.207,17.838,21.223,26.797,26.797,26.797,26.797,1,1,1,22.505,21.168,23.928,0.025,103,7,5322
7,cand,recorded,0,Up,4947.703,0.525,1.081,17.006,20.538,25.899,25.899,25.899,25.899,1,1,1,21.855,20.561,22.84,0.011,103,7,5282
7,cand,recorded,1,Down,5647.162,0.61,1.175,17.208,20.869,25.813,25.813,25.813,25.813,1,1,1,21.78,20.516,22.856,0.012,104,7,5305
7,cand,recorded,2,Up,6347.229,0.542,1.165,17.418,20.905,26.133,26.133,26.133,26.133,1,1,1,22.258,20.968,23.01,0.065,102,0,5180
7,cand,recorded,3,Down,7047.754,0.54,1.145,17.155,20.284,25.768,25.768,25.768,25.768,1,1,1,21.765,20.534,22.648,0.018,103,0,5300
7,cand,recorded,4,Up,7747.818,0.477,1.115,16.985,20.297,25.448,25.448,25.448,25.448,1,1,1,21.65,20.438,22.502,0.008,100,7,5302
7,cand,recorded,5,Down,8447.758,0.444,0.971,17.043,20.439,25.651,25.651,25.651,25.651,1,1,1,21.634,20.328,22.481,0.009,103,7,5303
7,cand,recorded,6,Up,9147.087,0.462,0.936,17.256,20.334,25.624,25.624,25.624,25.624,1,1,1,22.079,20.798,23.541,0.045,102,7,5232
7,cand,recorded,7,Down,9847.41,0.472,0.971,17.415,20.461,25.994,25.994,25.994,25.994,1,1,1,21.84,20.622,23.051,0.011,103,7,5318
7,cand,recorded,8,Up,10547.751,0.58,1.119,17.865,20.961,26.617,26.617,26.617,26.617,1,1,1,22.67,21.36,23.887,0.028,103,7,5249
7,cand,recorded,9,Down,11247.167,0.593,1.134,16.753,19.928,25.386,25.386,25.386,25.386,1,1,1,21.489,20.167,22.654,0.008,101,7,5291
7,cand,recorded,10,Up,11947.756,0.499,1.055,17.578,20.778,26.421,26.421,26.421,26.421,1,1,1,22.343,21.091,23.19,0.01,100,7,5300
7,cand,recorded,11,Down,12647.639,0.545,1.008,17.607,20.564,25.825,25.825,25.825,25.825,1,1,1,22.349,21.116,23.228,0.02,102,0,5287
7,cand,recorded,12,Up,13347.153,0.563,1.229,17.264,20.576,25.938,25.938,25.938,25.938,1,1,1,22.273,20.911,23.325,0.019,103,0,5310
7,cand,recorded,13,Down,14047.762,0.483,0.932,7.223,10.338,7.887,26.143,7.887,30.413,3,3,1,26.107,22.382,27.106,0.009,104,7,5300
7,cand,recorded,14,Up,14747.634,0.574,0.989,17.077,20.309,25.323,25.323,25.323,25.323,1,1,1,21.873,20.628,23.273,0.046,101,7,5300
7,cand,recorded,15,Down,15447.133,0.736,1.147,18.46,21.368,26.752,26.752,26.752,26.752,1,1,1,23.722,22.379,24.743,0.003,102,7,5279
7,cand,recorded,16,Up,16147.124,0.368,1.113,16.868,20.01,25.468,25.468,25.468,25.468,1,1,1,21.607,20.263,22.585,0.009,100,7,5244
7,cand,recorded,17,Down,16847.72,0.535,0.922,16.901,20.095,25.098,25.098,25.098,25.098,1,1,1,21.544,20.214,22.488,0.005,102,7,5300
7,cand,recorded,18,Up,17547.184,0.665,1.128,18.383,21.198,26.518,26.518,26.518,26.518,1,1,1,23.384,22.112,24.081,0.003,102,7,5187
7,cand,recorded,19,Down,18247.771,0.538,1.284,17.112,20.314,25.789,25.789,25.789,25.789,1,1,1,21.785,20.468,23.164,0.015,101,7,5270
7,cand,recorded,20,Up,18947.794,0.519,1.229,16.996,20.134,25.312,25.312,25.312,25.312,1,1,1,21.674,20.381,22.546,0.048,104,1,5171
7,cand,recorded,21,Down,19647.464,0.52,1.221,17.455,20.794,26.146,26.146,26.146,26.146,1,1,1,22.272,20.962,23.104,0.005,101,7,5268
7,cand,recorded,22,Up,20347.097,0.485,1.121,17.009,20.216,25.299,25.299,25.299,25.299,1,1,1,21.752,20.419,22.517,0.009,104,7,5300
7,cand,recorded,23,Down,21047.282,93.077,93.747,18.13,113.929,119.494,119.494,119.494,119.494,1,1,1,23.857,22.509,24.574,0.075,103,7,5007
7,cand,recorded,24,Up,21747.76,0.527,1.246,16.575,19.908,25.259,25.259,25.259,25.259,1,1,1,21.154,19.944,21.904,0.0,101,1,5231
7,cand,recorded,25,Down,22447.618,0.433,1.045,16.919,19.701,24.626,24.626,24.626,24.626,1,1,1,21.588,20.474,22.875,0.011,102,1,5100
7,cand,recorded,26,Up,23147.696,0.469,1.124,16.975,20.071,25.551,25.551,25.551,25.551,1,1,1,21.475,20.279,22.283,0.051,101,7,5161
7,cand,recorded,27,Down,23847.693,0.391,1.037,16.943,20.046,25.135,25.135,25.135,25.135,1,1,1,21.547,20.275,22.401,0.184,103,1,5302
7,cand,recorded,28,Up,24547.126,0.457,1.142,17.716,20.59,26.08,26.08,26.08,26.08,1,1,1,22.851,21.585,23.731,0.016,101,1,5013
7,cand,recorded,29,Down,25247.757,0.507,1.215,16.513,19.628,24.609,24.609,24.609,24.609,1,1,1,21.205,19.984,22.258,0.0,101,1,5264
7,cand,recorded,30,Up,25947.114,0.533,1.18,17.116,20.583,26.114,26.114,26.114,26.114,1,1,1,21.609,20.368,22.873,0.069,101,2,5308
7,cand,recorded,31,Down,26647.604,0.512,1.209,16.845,20.241,25.604,25.604,25.604,25.604,1,1,1,21.524,20.23,22.474,0.01,101,1,5152
7,cand,recorded,32,Up,27347.605,0.487,1.171,16.74,20.052,25.289,25.289,25.289,25.289,1,1,1,21.598,20.282,22.563,0.012,100,1,5238
7,cand,recorded,33,Down,28047.132,0.408,0.985,17.393,20.2,25.446,25.446,25.446,25.446,1,1,1,22.056,20.804,23.025,0.005,102,3,5009
7,cand,recorded,34,Up,28747.745,0.51,1.223,17.152,20.714,25.738,25.738,25.738,25.738,1,1,1,21.616,20.415,22.417,0.002,102,3,5300
7,cand,recorded,35,Down,29447.136,0.444,1.09,17.034,20.328,25.321,25.321,25.321,25.321,1,1,1,21.664,20.383,22.746,0.009,101,3,5297
7,cand,recorded,36,Up,30147.683,0.46,1.116,17.0,20.382,25.705,25.705,25.705,25.705,1,1,1,21.737,20.518,22.662,0.007,102,3,5298
7,cand,recorded,37,Down,30847.746,0.447,1.108,17.088,20.302,25.247,25.247,25.247,25.247,1,1,1,21.718,20.464,22.526,0.0,101,3,5309
7,cand,recorded,38,Up,31547.243,0.482,1.037,18.734,21.393,26.562,26.562,26.562,26.562,1,1,1,23.784,22.478,24.717,0.085,102,3,5000
7,cand,recorded,39,Down,32247.559,0.486,1.147,17.243,20.631,25.631,25.631,25.631,25.631,1,1,1,22.019,20.728,22.904,0.012,103,3,5300
7,cand,idle,0,,32971.281,,,,,,,,,0,0,0,1.376,,2.423,0.012,96,,
7,cand,idle,1,,33671.179,,,,,,,,,0,0,0,1.241,,2.066,0.023,97,,
7,cand,idle,2,,34372.211,,,,,,,,,0,0,0,1.202,,2.152,0.008,97,,
7,cand,idle,3,,35071.902,,,,,,,,,0,0,0,1.176,,2.266,0.006,96,,
7,cand,idle,4,,35772.205,,,,,,,,,0,0,0,1.403,,2.707,0.012,97,,
8,base,cold,0,Down,0.0,0.555,1.243,280.326,287.664,11.84,303.362,303.362,314.285,3,3,1,28.103,23.581,302.443,0.744,103,2,5295
8,base,warmup,0,Up,722.005,0.529,1.225,17.055,20.509,25.428,25.428,25.428,25.428,1,1,1,21.82,20.569,23.301,0.053,103,2,5316
8,base,warmup,1,Down,1422.434,0.573,1.109,17.623,20.706,25.806,25.806,25.806,25.806,1,1,1,22.136,20.946,23.071,0.036,104,3,5100
8,base,warmup,2,Up,2122.196,0.566,0.934,15.925,18.685,24.142,24.142,24.142,24.142,1,1,1,20.629,19.463,21.654,0.043,102,3,5117
8,base,warmup,3,Down,2822.133,0.442,1.223,17.031,20.465,25.323,25.323,25.323,25.323,1,1,1,21.429,20.193,22.568,0.008,102,3,5252
8,base,warmup,4,Up,3522.644,0.549,1.262,16.681,20.019,25.403,25.403,25.403,25.403,1,1,1,21.241,20.013,22.59,0.008,102,3,5302
8,base,warmup,5,Down,4222.638,0.569,1.252,16.831,20.291,25.718,25.718,25.718,25.718,1,1,1,21.563,20.251,23.319,0.012,102,3,5102
8,base,recorded,0,Up,4945.618,0.532,1.242,16.721,20.468,25.741,25.741,25.741,25.741,1,1,1,21.412,20.031,22.349,0.008,104,3,5300
8,base,recorded,1,Down,5645.793,0.561,1.24,16.667,20.03,25.23,25.23,25.23,25.23,1,1,1,21.339,19.971,22.265,0.015,103,3,5310
8,base,recorded,2,Up,6345.644,0.611,1.352,16.696,19.932,25.423,25.423,25.423,25.423,1,1,1,21.209,20.004,22.057,0.015,102,3,5300
8,base,recorded,3,Down,7045.353,0.6,1.053,16.775,19.175,23.894,23.894,23.894,23.894,1,1,1,21.108,19.944,21.888,0.0,101,3,5300
8,base,recorded,4,Up,7745.125,0.535,1.007,16.913,19.762,25.092,25.092,25.092,25.092,1,1,1,21.529,20.234,22.556,0.011,103,3,5308
8,base,recorded,5,Down,8445.679,0.555,1.217,16.981,20.22,25.521,25.521,25.521,25.521,1,1,1,21.462,20.215,22.819,0.065,104,3,5311
8,base,recorded,6,Up,9145.344,0.592,1.235,16.66,19.813,24.887,24.887,24.887,24.887,1,1,1,21.155,19.889,22.227,0.013,102,3,5240
8,base,recorded,7,Down,9845.52,0.575,1.307,17.027,20.296,25.65,25.65,25.65,25.65,1,1,1,21.354,20.295,22.355,0.138,104,3,5300
8,base,recorded,8,Up,10545.869,0.567,1.235,16.739,20.154,25.431,25.431,25.431,25.431,1,1,1,21.369,20.159,22.45,0.003,102,3,5289
8,base,recorded,9,Down,11245.597,0.627,1.221,16.74,19.953,25.169,25.169,25.169,25.169,1,1,1,21.324,20.165,22.47,0.028,102,3,5298
8,base,recorded,10,Up,11945.394,0.556,1.119,16.465,19.621,24.886,24.886,24.886,24.886,1,1,1,21.195,19.992,22.048,0.003,102,3,5309
8,base,recorded,11,Down,12645.634,0.561,1.328,17.022,20.502,25.774,25.774,25.774,25.774,1,1,1,21.519,20.31,22.315,0.01,102,3,5247
8,base,recorded,12,Up,13345.141,0.692,1.226,7.059,10.236,7.707,25.873,7.707,34.013,3,3,1,25.996,21.753,26.85,0.006,104,3,5300
8,base,recorded,13,Down,14045.128,0.55,1.03,17.009,20.213,25.366,25.366,25.366,25.366,1,1,1,21.536,20.197,22.18,0.005,102,3,5243
8,base,recorded,14,Up,14745.227,0.511,1.124,16.709,19.859,25.214,25.214,25.214,25.214,1,1,1,21.211,19.948,22.495,0.029,104,3,5300
8,base,recorded,15,Down,15445.788,0.594,1.305,17.23,20.453,25.7,25.7,25.7,25.7,1,1,1,21.888,20.567,22.653,0.045,103,3,5257
8,base,recorded,16,Up,16145.136,0.426,1.167,16.854,20.048,25.496,25.496,25.496,25.496,1,1,1,21.381,20.281,22.116,0.046,102,3,5300
8,base,recorded,17,Down,16845.465,0.448,0.892,17.043,19.822,24.907,24.907,24.907,24.907,1,1,1,21.571,20.37,22.628,0.012,103,3,5101
8,base,recorded,18,Up,17545.642,0.448,1.038,17.013,20.259,25.67,25.67,25.67,25.67,1,1,1,21.376,20.285,22.568,0.076,102,3,5236
8,base,recorded,19,Down,18245.176,0.483,1.182,18.293,20.787,26.672,26.672,26.672,26.672,1,1,1,22.987,21.871,24.652,0.014,100,3,5096
8,base,recorded,20,Up,18945.162,0.505,1.106,17.53,20.586,25.401,25.401,25.401,25.401,1,1,1,22.121,20.887,23.193,0.077,102,3,5004
8,base,recorded,21,Down,19645.63,0.452,1.061,17.513,20.523,25.816,25.816,25.816,25.816,1,1,1,22.055,20.887,22.94,0.027,103,3,5298
8,base,recorded,22,Up,20345.15,0.524,1.104,16.614,19.915,24.844,24.844,24.844,24.844,1,1,1,21.11,20.04,22.124,0.044,101,3,5250
8,base,recorded,23,Down,21045.62,0.543,1.032,17.471,20.417,25.845,25.845,25.845,25.845,1,1,1,21.952,20.85,22.624,0.008,103,3,5240
8,base,recorded,24,Up,21745.242,0.543,1.088,17.157,20.159,25.22,25.22,25.22,25.22,1,1,1,21.951,20.724,23.385,0.006,103,3,5300
8,base,recorded,25,Down,22445.199,0.503,1.144,17.401,20.636,26.194,26.194,26.194,26.194,1,1,1,21.859,20.761,22.866,0.008,102,3,5192
8,base,recorded,26,Up,23145.581,0.538,1.043,17.053,20.117,25.649,25.649,25.649,25.649,1,1,1,21.985,20.413,22.96,0.008,104,3,5300
8,base,recorded,27,Down,23845.311,0.533,1.062,16.952,20.233,25.263,25.263,25.263,25.263,1,1,1,21.494,20.183,22.495,0.005,102,3,5237
8,base,recorded,28,Up,24545.667,0.545,0.916,17.104,19.688,24.739,24.739,24.739,24.739,1,1,1,22.19,20.743,23.243,0.035,103,2,5108
8,base,recorded,29,Down,25245.621,0.541,0.99,17.333,20.815,25.84,25.84,25.84,25.84,1,1,1,21.954,20.73,23.327,0.005,102,3,5297
8,base,recorded,30,Up,25945.676,0.515,1.086,17.691,20.881,25.838,25.838,25.838,25.838,1,1,1,22.397,21.132,23.133,0.032,103,3,5232
8,base,recorded,31,Down,26645.204,0.532,1.116,16.942,19.853,25.286,25.286,25.286,25.286,1,1,1,21.224,20.108,21.989,0.013,104,3,5305
8,base,recorded,32,Up,27345.141,0.589,1.074,17.232,20.479,25.519,25.519,25.519,25.519,1,1,1,21.791,20.632,22.72,0.008,103,3,5289
8,base,recorded,33,Down,28045.169,0.618,1.149,17.21,20.406,26.019,26.019,26.019,26.019,1,1,1,21.798,20.663,22.731,0.004,103,3,5300
8,base,recorded,34,Up,28745.818,0.529,1.318,17.354,20.878,26.236,26.236,26.236,26.236,1,1,1,21.624,20.535,22.65,0.0,102,3,5306
8,base,recorded,35,Down,29445.527,0.51,1.086,17.394,20.424,25.95,25.95,25.95,25.95,1,1,1,21.888,20.708,22.613,0.004,103,3,5301
8,base,recorded,36,Up,30145.388,0.592,1.127,17.182,20.317,25.425,25.425,25.425,25.425,1,1,1,21.781,20.496,22.702,0.51,103,3,5312
8,base,recorded,37,Down,30845.724,0.537,1.101,17.218,20.341,25.612,25.612,25.612,25.612,1,1,1,21.914,20.716,22.832,0.008,101,3,5099
8,base,recorded,38,Up,31545.793,0.537,1.21,16.944,20.43,25.396,25.396,25.396,25.396,1,1,1,21.512,20.384,22.48,0.004,103,2,5300
8,base,recorded,39,Down,32245.633,0.584,1.255,17.204,20.945,26.049,26.049,26.049,26.049,1,1,1,21.587,20.425,22.618,0.002,101,2,5281
8,base,idle,0,,32968.638,,,,,,,,,0,0,0,1.198,,2.068,0.003,97,,
8,base,idle,1,,33669.749,,,,,,,,,0,0,0,1.267,,2.025,0.002,97,,
8,base,idle,2,,34369.756,,,,,,,,,0,0,0,1.304,,2.053,0.01,96,,
8,base,idle,3,,35069.545,,,,,,,,,0,0,0,1.151,,1.921,0.008,97,,
8,base,idle,4,,35769.232,,,,,,,,,0,0,0,1.136,,1.971,0.018,97,,
9,cand,cold,0,Down,0.0,0.433,1.053,278.698,286.167,12.422,301.464,301.464,306.033,3,3,1,27.874,24.567,301.836,0.022,105,2,5300
9,cand,warmup,0,Up,723.719,0.312,0.943,16.571,19.896,25.19,25.19,25.19,25.19,1,1,1,21.125,19.898,22.581,0.028,101,2,5296
9,cand,warmup,1,Down,1423.174,0.703,1.2,17.033,20.181,24.903,24.903,24.903,24.903,1,1,1,21.56,20.367,22.525,0.0,102,6,5270
9,cand,warmup,2,Up,2123.582,0.527,1.155,7.021,10.288,7.972,25.581,7.972,31.846,3,3,1,23.695,19.971,24.758,0.01,104,6,5270
9,cand,warmup,3,Down,2823.586,0.567,1.274,15.352,19.297,24.632,24.632,24.632,24.632,1,1,1,20.02,18.757,21.219,0.006,100,6,5300
9,cand,warmup,4,Up,3523.755,0.645,1.24,17.132,20.477,25.43,25.43,25.43,25.43,1,1,1,21.707,20.475,22.686,0.015,101,6,5300
9,cand,warmup,5,Down,4223.409,0.52,1.046,16.871,20.346,25.676,25.676,25.676,25.676,1,1,1,21.614,20.222,22.546,0.006,101,6,5266
9,cand,recorded,0,Up,4946.323,0.436,0.994,17.021,20.336,25.355,25.355,25.355,25.355,1,1,1,21.772,20.572,22.582,0.049,102,6,5293
9,cand,recorded,1,Down,5646.081,0.573,1.31,16.521,20.312,25.804,25.804,25.804,25.804,1,1,1,21.317,20.02,22.536,0.018,103,6,5306
9,cand,recorded,2,Up,6346.004,0.515,1.084,17.006,20.44,26.116,26.116,26.116,26.116,1,1,1,21.484,20.225,22.478,0.061,102,2,5209
9,cand,recorded,3,Down,7046.096,0.585,1.176,16.85,20.055,25.366,25.366,25.366,25.366,1,1,1,21.546,20.285,22.566,0.003,104,2,5300
9,cand,recorded,4,Up,7746.291,0.496,0.845,17.415,20.234,25.681,25.681,25.681,25.681,1,1,1,21.892,20.653,22.945,0.0,102,6,5298
9,cand,recorded,5,Down,8446.054,0.548,1.16,17.493,20.777,25.748,25.748,25.748,25.748,1,1,1,22.325,21.063,23.212,0.056,101,6,5300
9,cand,recorded,6,Up,9145.992,0.543,1.099,16.832,19.915,25.097,25.097,25.097,25.097,1,1,1,21.579,20.215,22.591,0.008,103,6,5275
9,cand,recorded,7,Down,9846.265,0.545,1.136,17.085,20.523,26.468,26.468,26.468,26.468,1,1,1,22.085,20.687,23.029,0.011,101,6,5310
9,cand,recorded,8,Up,10546.119,0.603,1.027,16.999,19.992,24.956,24.956,24.956,24.956,1,1,1,21.728,20.565,22.672,0.005,104,6,5300
9,cand,recorded,9,Down,11246.069,0.549,1.018,17.723,20.736,26.04,26.04,26.04,26.04,1,1,1,22.303,20.966,23.298,0.003,102,6,5095
9,cand,recorded,10,Up,11946.155,0.566,1.296,16.594,20.162,25.58,25.58,25.58,25.58,1,1,1,21.361,19.994,22.344,0.043,102,6,5300
9,cand,recorded,11,Down,12646.652,0.612,1.245,16.9,20.292,25.449,25.449,25.449,25.449,1,1,1,21.636,20.416,22.769,0.023,102,1,5236
9,cand,recorded,12,Up,13346.098,0.599,1.075,18.663,22.27,27.915,27.915,27.915,27.915,1,1,1,24.169,22.875,25.078,0.003,101,1,5077
9,cand,recorded,13,Down,14046.198,0.539,1.206,17.067,20.236,25.764,25.764,25.764,25.764,1,1,1,21.938,20.595,22.673,0.027,102,1,5313
9,cand,recorded,14,Up,14746.186,0.445,0.855,17.352,20.004,25.525,25.525,25.525,25.525,1,1,1,22.249,21.013,23.938,0.014,103,1,5003
9,cand,recorded,15,Down,15446.646,0.586,1.148,16.686,19.713,25.314,25.314,25.314,25.314,1,1,1,21.622,20.376,22.935,0.0,103,1,5300
9,cand,recorded,16,Up,16146.186,0.595,1.152,17.029,19.993,24.96,24.96,24.96,24.96,1,1,1,21.729,20.437,23.068,0.012,102,1,5229
9,cand,recorded,17,Down,16846.514,0.46,1.097,16.792,19.882,24.827,24.827,24.827,24.827,1,1,1,21.506,20.253,22.873,0.0,101,1,5302
9,cand,recorded,18,Up,17546.018,0.619,1.501,16.696,20.449,25.921,25.921,25.921,25.921,1,1,1,21.543,20.329,22.927,0.006,101,2,5225
9,cand,recorded,19,Down,18246.083,0.548,0.971,16.612,19.549,25.081,25.081,25.081,25.081,1,1,1,21.529,20.224,22.693,0.013,102,2,5220
9,cand,recorded,20,Up,18946.646,0.45,1.101,16.742,20.011,25.324,25.324,25.324,25.324,1,1,1,21.341,20.233,22.145,0.014,103,2,5302
9,cand,recorded,21,Down,19646.261,0.531,0.952,16.665,19.629,24.872,24.872,24.872,24.872,1,1,1,21.475,20.12,22.238,0.022,102,2,5240
9,cand,recorded,22,Up,20346.22,0.451,0.819,17.006,19.538,24.559,24.559,24.559,24.559,1,1,1,21.749,20.585,22.327,0.012,104,2,5100
9,cand,recorded,23,Down,21046.557,0.49,1.111,16.89,20.057,25.536,25.536,25.536,25.536,1,1,1,21.498,20.271,22.751,0.014,101,2,5108
9,cand,recorded,24,Up,21746.667,0.547,1.199,16.654,19.899,24.909,24.909,24.909,24.909,1,1,1,21.451,20.247,22.421,0.092,102,2,5301
9,cand,recorded,25,Down,22446.035,0.479,1.175,16.994,20.291,25.399,25.399,25.399,25.399,1,1,1,21.614,20.427,22.516,0.004,102,2,5309
9,cand,recorded,26,Up,23146.278,0.524,0.975,17.293,20.758,25.737,25.737,25.737,25.737,1,1,1,22.14,20.858,23.092,0.002,102,2,5304
9,cand,recorded,27,Down,23846.547,0.494,1.142,17.221,20.561,25.974,25.974,25.974,25.974,1,1,1,22.254,20.913,23.199,0.017,103,2,5006
9,cand,recorded,28,Up,24546.573,0.512,1.149,17.023,20.41,25.565,25.565,25.565,25.565,1,1,1,22.11,20.725,23.127,0.0,101,2,5108
9,cand,recorded,29,Down,25245.985,0.487,1.049,17.343,20.565,26.151,26.151,26.151,26.151,1,1,1,21.905,20.659,22.917,0.005,103,2,5300
9,cand,recorded,30,Up,25946.583,0.483,0.924,16.855,20.011,25.475,25.475,25.475,25.475,1,1,1,21.596,20.349,22.492,0.039,103,1,5062
9,cand,recorded,31,Down,26646.537,0.595,1.263,16.976,20.403,25.638,25.638,25.638,25.638,1,1,1,21.712,20.428,22.949,0.004,101,1,5299
9,cand,recorded,32,Up,27346.654,0.498,0.98,16.924,20.347,25.346,25.346,25.346,25.346,1,1,1,21.885,20.627,22.679,0.0,104,1,5299
9,cand,recorded,33,Down,28046.591,0.496,1.065,17.297,20.514,25.456,25.456,25.456,25.456,1,1,1,22.237,20.75,23.331,0.024,101,1,5249
9,cand,recorded,34,Up,28746.659,0.502,1.06,16.996,20.551,25.497,25.497,25.497,25.497,1,1,1,21.547,20.31,22.547,0.005,103,2,5280
9,cand,recorded,35,Down,29446.255,0.521,1.177,17.252,20.919,25.832,25.832,25.832,25.832,1,1,1,22.126,20.822,23.579,0.005,101,3,5236
9,cand,recorded,36,Up,30146.651,0.547,1.194,16.664,20.153,25.398,25.398,25.398,25.398,1,1,1,21.34,20.205,22.036,0.02,102,2,5306
9,cand,recorded,37,Down,30845.999,0.609,1.206,16.784,19.86,25.165,25.165,25.165,25.165,1,1,1,21.701,20.289,22.693,0.023,102,3,5307
9,cand,recorded,38,Up,31546.066,0.368,0.974,18.857,21.181,26.043,26.043,26.043,26.043,1,1,1,23.723,22.395,24.406,0.021,101,3,5295
9,cand,recorded,39,Down,32246.653,0.434,1.071,17.09,20.515,26.081,26.081,26.081,26.081,1,1,1,21.696,20.458,22.367,0.011,104,3,5300
9,cand,idle,0,,32969.732,,,,,,,,,0,0,0,1.297,,2.444,0.008,97,,
9,cand,idle,1,,33671.04,,,,,,,,,0,0,0,1.278,,2.721,0.0,96,,
9,cand,idle,2,,34371.057,,,,,,,,,0,0,0,1.309,,2.277,0.008,97,,
9,cand,idle,3,,35071.113,,,,,,,,,0,0,0,1.223,,2.499,0.004,96,,
9,cand,idle,4,,35771.085,,,,,,,,,0,0,0,1.211,,2.481,0.003,97,,
10,cand,cold,0,Down,0.0,0.455,1.184,281.009,287.806,11.737,303.158,303.158,309.36,3,3,1,27.378,23.417,301.33,0.005,103,4,5300
10,cand,warmup,0,Up,722.33,0.308,0.863,16.866,19.376,24.457,24.457,24.457,24.457,1,1,1,21.608,20.384,23.54,0.01,102,4,5312
10,cand,warmup,1,Down,1422.776,0.497,0.99,17.359,20.08,25.127,25.127,25.127,25.127,1,1,1,22.132,20.772,23.298,1.333,102,4,5300
10,cand,warmup,2,Up,2122.396,0.579,1.06,16.138,18.743,23.882,23.882,23.882,23.882,1,1,1,20.896,19.529,21.862,0.0,101,4,5100
10,cand,warmup,3,Down,2822.968,0.573,1.123,17.675,20.783,26.027,26.027,26.027,26.027,1,1,1,22.108,20.899,23.203,0.007,103,4,5297
10,cand,warmup,4,Up,3522.997,0.585,1.314,16.973,20.226,25.433,25.433,25.433,25.433,1,1,1,21.565,20.325,22.907,0.002,101,4,5309
10,cand,warmup,5,Down,4223.035,0.622,1.285,16.961,20.229,25.745,25.745,25.745,25.745,1,1,1,21.489,20.301,22.427,0.012,103,4,5198
10,cand,recorded,0,Up,4945.791,0.526,0.961,16.906,19.716,24.734,24.734,24.734,24.734,1,1,1,21.579,20.432,22.942,0.0,104,4,5299
10,cand,recorded,1,Down,5645.668,20.063,30.141,17.559,49.832,55.067,55.067,55.067,55.067,1,1,1,22.273,21.145,23.462,0.0,101,4,5096
10,cand,recorded,2,Up,6346.331,0.586,1.142,16.972,20.002,25.274,25.274,25.274,25.274,1,1,1,21.488,20.308,22.535,0.017,102,4,5300
10,cand,recorded,3,Down,7045.844,0.592,1.346,16.942,19.957,25.03,25.03,25.03,25.03,1,1,1,21.402,20.279,22.401,0.003,101,4,5302
10,cand,recorded,4,Up,7746.309,0.612,1.219,16.75,19.924,25.447,25.447,25.447,25.447,1,1,1,21.379,20.203,22.573,0.009,102,4,5256
10,cand,recorded,5,Down,8446.111,0.578,1.06,7.303,10.206,7.279,26.111,26.111,30.073,3,3,1,25.46,21.641,26.515,0.006,106,4,5300
10,cand,recorded,6,Up,9146.046,1.17,1.73,17.582,21.133,26.303,26.303,26.303,26.303,1,1,1,22.121,20.949,22.787,0.005,102,4,5300
10,cand,recorded,7,Down,9845.69,0.403,0.962,17.107,19.809,25.598,25.598,25.598,25.598,1,1,1,21.835,20.58,23.054,0.011,103,4,5198
10,cand,recorded,8,Up,10545.662,0.422,1.078,17.401,20.108,25.464,25.464,25.464,25.464,1,1,1,22.028,20.825,22.755,0.003,101,4,5007
10,cand,recorded,9,Down,11245.939,0.514,1.295,17.763,21.187,26.288,26.288,26.288,26.288,1,1,1,22.614,21.478,23.273,0.0,102,4,5229
10,cand,recorded,10,Up,11945.682,0.47,1.053,17.062,20.004,24.958,24.958,24.958,24.958,1,1,1,21.863,20.634,22.607,0.0,100,4,5100
10,cand,recorded,11,Down,12645.702,0.498,0.996,18.511,20.792,25.948,25.948,25.948,25.948,1,1,1,23.501,22.396,24.117,0.009,102,5,5000
10,cand,recorded,12,Up,13345.74,0.453,0.913,17.259,19.895,24.744,24.744,24.744,24.744,1,1,1,21.902,20.673,23.109,0.004,102,5,5000
10,cand,recorded,13,Down,14045.712,0.608,1.323,17.33,20.945,25.924,25.924,25.924,25.924,1,1,1,22.066,20.848,22.795,0.011,100,5,5171
10,cand,recorded,14,Up,14745.703,0.526,0.949,17.48,20.202,25.177,25.177,25.177,25.177,1,1,1,22.233,21.077,22.904,0.0,102,5,5099
10,cand,recorded,15,Down,15445.642,0.545,1.243,17.186,20.896,25.793,25.793,25.793,25.793,1,1,1,21.901,20.73,22.612,0.006,100,5,5154
10,cand,recorded,16,Up,16145.704,0.557,1.306,17.216,20.921,25.797,25.797,25.797,25.797,1,1,1,21.865,20.719,22.563,0.005,101,5,5248
10,cand,recorded,17,Down,16845.666,0.613,1.38,28.398,32.152,38.514,38.514,38.514,38.514,1,1,1,34.739,33.468,35.467,0.0,98,4,5299
10,cand,recorded,18,Up,17545.658,0.647,1.299,29.215,33.014,38.345,38.345,38.345,38.345,1,1,1,34.483,33.254,35.68,0.0,99,4,5287
10,cand,recorded,19,Down,18245.707,0.468,1.078,17.171,20.191,25.31,25.31,25.31,25.31,1,1,1,21.959,20.725,22.62,0.023,102,4,5000
10,cand,recorded,20,Up,18946.002,0.598,1.204,17.0,20.197,25.665,25.665,25.665,25.665,1,1,1,21.622,20.375,22.247,0.01,102,4,5291
10,cand,recorded,21,Down,19646.072,0.578,1.294,17.26,20.329,25.787,25.787,25.787,25.787,1,1,1,21.827,20.604,23.141,0.009,103,4,5300
10,cand,recorded,22,Up,20345.653,0.564,1.058,16.987,19.965,25.329,25.329,25.329,25.329,1,1,1,21.694,20.441,22.631,0.015,102,4,5230
10,cand,recorded,23,Down,21045.722,0.681,1.151,18.553,21.629,26.991,26.991,26.991,26.991,1,1,1,23.697,22.533,25.122,0.016,103,4,5022
10,cand,recorded,24,Up,21746.302,0.596,1.153,16.476,19.592,25.291,25.291,25.291,25.291,1,1,1,21.195,20.001,21.83,0.008,103,4,5242
10,cand,recorded,25,Down,22445.678,0.447,1.07,16.831,19.926,25.131,25.131,25.131,25.131,1,1,1,21.684,20.378,22.699,0.002,100,4,5292
10,cand,recorded,26,Up,23146.293,0.503,1.055,16.825,19.93,25.27,25.27,25.27,25.27,1,1,1,21.474,20.194,22.594,0.003,104,4,5296
10,cand,recorded,27,Down,23845.659,0.549,1.14,18.086,20.928,26.035,26.035,26.035,26.035,1,1,1,23.152,21.878,24.156,0.015,101,4,5208
10,cand,recorded,28,Up,24545.844,0.617,1.004,17.189,20.42,25.394,25.394,25.394,25.394,1,1,1,21.913,20.536,23.255,0.005,103,4,5300
10,cand,recorded,29,Down,25245.839,0.489,1.246,17.321,21.05,26.454,26.454,26.454,26.454,1,1,1,22.069,20.863,23.188,0.002,101,4,5300
10,cand,recorded,30,Up,25945.66,0.609,1.47,19.309,22.524,28.201,28.201,28.201,28.201,1,1,1,24.772,23.535,25.427,0.0,102,4,5091
10,cand,recorded,31,Down,26645.717,28.856,29.317,20.688,51.377,56.863,56.863,56.863,56.863,1,1,1,26.13,24.936,26.796,0.0,100,4,5000
10,cand,recorded,32,Up,27345.701,0.404,0.943,18.492,20.729,25.865,25.865,25.865,25.865,1,1,1,23.585,22.336,24.249,0.01,102,4,5000
10,cand,recorded,33,Down,28045.648,0.455,1.04,29.851,32.083,38.791,38.791,38.791,38.791,1,1,1,36.667,35.205,37.588,0.005,101,4,5000
10,cand,recorded,34,Up,28746.302,0.568,1.067,17.124,20.542,25.663,25.663,25.663,25.663,1,1,1,21.879,20.65,23.523,0.018,103,4,5093
10,cand,recorded,35,Down,29445.835,0.434,1.041,16.895,19.95,25.043,25.043,25.043,25.043,1,1,1,21.642,20.376,22.388,0.005,101,4,5239
10,cand,recorded,36,Up,30145.648,0.521,1.206,17.649,21.347,26.548,26.548,26.548,26.548,1,1,1,22.351,21.14,23.568,0.044,102,4,5144
10,cand,recorded,37,Down,30846.448,0.447,0.897,16.648,18.828,24.149,24.149,24.149,24.149,1,1,1,21.124,19.917,22.291,0.002,100,4,5230
10,cand,recorded,38,Up,31546.397,0.495,1.128,16.945,20.339,25.408,25.408,25.408,25.408,1,1,1,21.638,20.453,22.538,0.006,104,4,5300
10,cand,recorded,39,Down,32245.99,0.58,1.125,16.784,19.984,24.873,24.873,24.873,24.873,1,1,1,21.341,20.155,22.205,0.005,102,5,5221
10,cand,idle,0,,32969.287,,,,,,,,,0,0,0,1.371,,2.097,0.017,97,,
10,cand,idle,1,,33670.497,,,,,,,,,0,0,0,1.158,,1.865,0.038,97,,
10,cand,idle,2,,34370.484,,,,,,,,,0,0,0,1.24,,1.978,0.0,96,,
10,cand,idle,3,,35069.931,,,,,,,,,0,0,0,1.259,,2.1,0.019,97,,
10,cand,idle,4,,35769.649,,,,,,,,,0,0,0,1.152,,2.001,0.006,96,,
11,base,cold,0,Down,0.0,0.441,1.136,282.305,289.465,11.898,306.094,306.094,317.113,3,3,1,27.952,23.84,302.054,0.013,103,4,5300
11,base,warmup,0,Up,723.236,0.461,0.956,17.18,20.125,25.624,25.624,25.624,25.624,1,1,1,21.685,20.475,23.357,0.021,104,4,5295
11,base,warmup,1,Down,1423.187,0.529,1.037,17.027,20.522,25.366,25.366,25.366,25.366,1,1,1,21.782,20.452,22.468,0.021,102,4,5093
11,base,warmup,2,Up,2123.264,0.539,1.077,15.862,19.292,24.877,24.877,24.877,24.877,1,1,1,20.929,19.491,21.763,0.043,103,4,5087
11,base,warmup,3,Down,2823.33,0.478,1.073,16.651,19.815,25.398,25.398,25.398,25.398,1,1,1,21.545,20.346,22.357,0.061,104,0,5302
11,base,warmup,4,Up,3523.165,0.592,0.999,16.851,19.9,24.953,24.953,24.953,24.953,1,1,1,21.588,20.372,22.446,0.03,102,0,5300
11,base,warmup,5,Down,4223.038,0.582,1.087,17.033,20.106,25.295,25.295,25.295,25.295,1,1,1,21.406,20.222,23.171,0.02,104,4,5300
11,base,recorded,0,Up,4946.882,0.436,0.933,7.328,10.343,7.386,26.03,7.386,29.597,3,3,1,25.625,21.516,26.7,0.005,106,4,5237
11,base,recorded,1,Down,5646.836,0.513,1.006,16.944,20.243,25.343,25.343,25.343,25.343,1,1,1,21.553,20.39,22.619,0.014,102,4,5250
11,base,recorded,2,Up,6346.734,0.41,0.841,17.09,19.86,25.208,25.208,25.208,25.208,1,1,1,21.794,20.619,22.705,0.056,104,4,5100
11,base,recorded,3,Down,7046.981,0.572,1.168,17.081,20.364,25.951,25.951,25.951,25.951,1,1,1,21.913,20.743,22.787,0.014,101,5,5239
11,base,recorded,4,Up,7746.918,0.59,1.213,17.221,20.683,26.085,26.085,26.085,26.085,1,1,1,21.839,20.651,22.834,0.01,101,5,5222
11,base,recorded,5,Down,8446.278,0.544,1.269,16.567,20.157,25.077,25.077,25.077,25.077,1,1,1,21.115,19.895,22.041,0.011,100,5,5305
11,base,recorded,6,Up,9146.472,0.407,1.041,16.794,19.607,24.929,24.929,24.929,24.929,1,1,1,21.401,20.156,22.553,0.015,102,5,5100
11,base,recorded,7,Down,9846.671,0.575,1.26,16.853,20.102,25.473,25.473,25.473,25.473,1,1,1,21.667,20.431,22.548,0.003,104,5,5299
11,base,recorded,8,Up,10546.306,0.389,0.859,16.885,19.439,24.674,24.674,24.674,24.674,1,1,1,21.616,20.404,22.558,0.031,102,5,5105
11,base,recorded,9,Down,11246.954,0.56,1.097,16.681,19.475,24.947,24.947,24.947,24.947,1,1,1,21.446,20.254,22.307,0.028,104,0,5300
11,base,recorded,10,Up,11946.381,0.374,1.001,17.056,19.503,24.836,24.836,24.836,24.836,1,1,1,21.763,20.56,23.085,0.026,101,3,5002
11,base,recorded,11,Down,12646.908,0.551,1.061,16.618,19.56,25.045,25.045,25.045,25.045,1,1,1,21.302,20.112,22.01,0.0,103,3,5248
11,base,recorded,12,Up,13346.362,0.573,1.345,16.606,20.072,25.049,25.049,25.049,25.049,1,1,1,21.132,19.95,22.314,0.003,102,3,5236
11,base,recorded,13,Down,14046.319,0.557,1.067,17.378,20.29,25.255,25.255,25.255,25.255,1,1,1,22.079,20.868,23.0,0.008,102,3,5310
11,base,recorded,14,Up,14746.373,0.609,1.387,17.131,20.362,25.527,25.527,25.527,25.527,1,1,1,21.913,20.593,22.693,0.008,104,3,5300
11,base,recorded,15,Down,15446.909,0.578,1.235,16.532,19.854,25.198,25.198,25.198,25.198,1,1,1,21.045,19.868,22.414,0.0,102,3,5293
11,base,recorded,16,Up,16146.901,0.571,1.094,16.686,19.93,25.35,25.35,25.35,25.35,1,1,1,21.541,20.369,22.445,0.003,103,3,5300
11,base,recorded,17,Down,16846.915,0.465,1.057,16.791,19.811,25.103,25.103,25.103,25.103,1,1,1,21.322,20.088,22.112,0.016,103,3,5301
11,base,recorded,18,Up,17546.913,0.53,1.203,17.116,20.381,25.231,25.231,25.231,25.231,1,1,1,21.806,20.457,23.066,0.021,104,3,5265
11,base,recorded,19,Down,18246.664,0.571,1.199,17.063,20.115,25.303,25.303,25.303,25.303,1,1,1,21.752,20.519,22.508,0.048,103,3,5300
11,base,recorded,20,Up,18946.89,0.567,1.13,17.637,20.783,26.682,26.682,26.682,26.682,1,1,1,22.463,21.146,23.384,0.019,101,0,5215
11,base,recorded,21,Down,19646.381,0.394,0.898,7.275,9.742,7.222,27.37,27.37,37.49,3,3,1,26.84,21.884,27.912,0.016,103,3,5097
11,base,recorded,22,Up,20346.591,0.395,1.073,17.073,20.182,25.319,25.319,25.319,25.319,1,1,1,21.6,20.444,22.58,0.019,101,3,5002
11,base,recorded,23,Down,21046.808,0.459,0.923,17.408,19.908,24.901,24.901,24.901,24.901,1,1,1,22.474,21.062,23.889,0.049,102,0,5000
11,base,recorded,24,Up,21746.886,0.547,1.221,17.532,20.541,26.161,26.161,26.161,26.161,1,1,1,22.431,21.198,23.26,0.016,101,0,5310
11,base,recorded,25,Down,22446.908,0.509,0.959,17.174,20.354,25.455,25.455,25.455,25.455,1,1,1,21.766,20.617,22.571,0.007,103,3,5181
11,base,recorded,26,Up,23146.898,0.528,1.009,17.068,20.504,25.994,25.994,25.994,25.994,1,1,1,21.672,20.407,22.345,0.024,104,3,5300
11,base,recorded,27,Down,23846.543,0.512,0.982,16.906,20.174,25.596,25.596,25.596,25.596,1,1,1,21.499,20.291,22.212,0.008,101,3,5260
11,base,recorded,28,Up,24546.259,0.516,0.777,17.386,21.14,26.465,26.465,26.465,26.465,1,1,1,21.957,20.659,23.405,0.017,102,3,5292
11,base,recorded,29,Down,25246.371,0.572,0.911,16.936,20.293,25.483,25.483,25.483,25.483,1,1,1,21.425,20.166,22.423,0.003,102,3,5289
11,base,recorded,30,Up,25946.912,0.57,1.109,17.045,20.194,25.235,25.235,25.235,25.235,1,1,1,21.66,20.48,22.423,0.005,103,3,5232
11,base,recorded,31,Down,26646.337,0.599,1.274,16.608,20.008,24.727,24.727,24.727,24.727,1,1,1,21.113,19.958,22.052,0.025,101,3,5275
11,base,recorded,32,Up,27346.337,0.441,0.777,16.938,19.586,24.691,24.691,24.691,24.691,1,1,1,21.822,20.621,22.867,0.032,103,3,5099
11,base,recorded,33,Down,28046.906,0.547,1.089,17.047,20.075,25.672,25.672,25.672,25.672,1,1,1,21.902,20.737,22.951,0.036,104,0,5300
11,base,recorded,34,Up,28746.322,0.552,1.217,16.887,20.607,25.675,25.675,25.675,25.675,1,1,1,21.512,20.275,22.444,0.045,101,3,5240
11,base,recorded,35,Down,29446.588,0.594,1.146,17.275,20.872,25.686,25.686,25.686,25.686,1,1,1,21.707,20.504,22.657,0.014,103,3,5300
11,base,recorded,36,Up,30146.819,0.479,1.101,17.323,20.126,25.11,25.11,25.11,25.11,1,1,1,22.054,20.811,23.023,0.008,102,3,5100
11,base,recorded,37,Down,30846.483,0.574,1.112,17.064,20.129,25.575,25.575,25.575,25.575,1,1,1,21.78,20.53,22.868,0.019,103,3,5208
11,base,recorded,38,Up,31546.879,0.563,1.176,17.086,20.197,25.804,25.804,25.804,25.804,1,1,1,22.408,21.185,23.639,0.022,103,3,5073
11,base,recorded,39,Down,32246.92,0.55,1.088,16.918,20.215,25.594,25.594,25.594,25.594,1,1,1,21.989,20.248,22.942,0.009,101,3,5308
11,base,idle,0,,32970.017,,,,,,,,,0,0,0,1.271,,1.887,0.005,97,,
11,base,idle,1,,33670.933,,,,,,,,,0,0,0,1.244,,2.035,0.002,97,,
11,base,idle,2,,34370.575,,,,,,,,,0,0,0,1.532,,2.407,0.022,96,,
11,base,idle,3,,35070.368,,,,,,,,,0,0,0,1.309,,2.236,0.076,97,,
11,base,idle,4,,35770.551,,,,,,,,,0,0,0,1.388,,2.18,0.026,96,,
12,cand,cold,0,Down,0.0,0.453,1.144,279.055,285.939,12.394,301.417,301.417,304.929,3,3,1,27.507,23.824,301.773,0.0,105,2,5300
12,cand,warmup,0,Up,723.032,0.439,0.998,17.34,20.552,25.596,25.596,25.596,25.596,1,1,1,22.534,20.809,24.017,0.006,101,2,5115
12,cand,warmup,1,Down,1423.804,0.521,1.015,17.651,21.151,26.616,26.616,26.616,26.616,1,1,1,22.404,21.111,23.194,0.003,103,1,5171
12,cand,warmup,2,Up,2123.543,0.577,1.195,15.741,18.802,24.04,24.04,24.04,24.04,1,1,1,20.593,19.113,21.675,0.02,103,3,5172
12,cand,warmup,3,Down,2823.519,0.615,1.167,16.752,20.245,25.709,25.709,25.709,25.709,1,1,1,21.585,20.181,22.438,0.002,102,3,5314
12,cand,warmup,4,Up,3523.505,0.589,1.081,16.398,19.954,25.527,25.527,25.527,25.527,1,1,1,21.366,19.93,22.276,0.074,106,7,5145
12,cand,warmup,5,Down,4222.906,0.559,1.171,17.71,20.984,26.698,26.698,26.698,26.698,1,1,1,23.022,21.698,24.218,0.003,102,3,5092
12,cand,recorded,0,Up,4946.207,0.487,1.036,16.753,20.002,25.456,25.456,25.456,25.456,1,1,1,21.649,20.018,22.77,0.0,103,3,5300
12,cand,recorded,1,Down,5646.422,0.593,1.054,17.249,20.437,25.468,25.468,25.468,25.468,1,1,1,21.947,20.572,23.053,0.007,104,3,5300
12,cand,recorded,2,Up,6346.026,0.576,1.056,16.731,20.058,25.246,25.246,25.246,25.246,1,1,1,21.76,20.093,22.553,0.002,102,3,5302
12,cand,recorded,3,Down,7046.424,0.619,1.144,16.903,20.245,24.992,24.992,24.992,24.992,1,1,1,21.569,20.122,22.431,0.0,103,3,5300
12,cand,recorded,4,Up,7745.907,0.659,1.384,16.88,20.714,25.896,25.896,25.896,25.896,1,1,1,22.154,20.369,23.36,0.011,102,3,5299
12,cand,recorded,5,Down,8446.14,0.57,1.27,16.748,20.493,25.738,25.738,25.738,25.738,1,1,1,21.764,20.173,23.15,0.0,101,3,5285
12,cand,recorded,6,Up,9145.766,0.527,1.078,16.724,19.963,24.787,24.787,24.787,24.787,1,1,1,21.317,19.993,22.269,0.0,103,3,5292
12,cand,recorded,7,Down,9846.43,0.527,0.966,16.785,19.825,25.154,25.154,25.154,25.154,1,1,1,21.825,20.329,23.114,0.006,102,3,5256
12,cand,recorded,8,Up,10546.441,0.574,1.114,16.893,20.036,24.911,24.911,24.911,24.911,1,1,1,21.609,20.358,22.669,0.007,104,3,5298
12,cand,recorded,9,Down,11245.846,0.415,1.115,17.482,21.113,26.04,26.04,26.04,26.04,1,1,1,22.032,20.879,22.894,0.002,101,3,5214
12,cand,recorded,10,Up,11946.161,0.572,1.112,17.002,20.334,25.317,25.317,25.317,25.317,1,1,1,21.627,20.377,22.502,0.0,103,3,5282
12,cand,recorded,11,Down,12646.347,0.54,1.028,16.727,19.92,25.168,25.168,25.168,25.168,1,1,1,21.281,20.048,22.112,0.003,101,3,5227
12,cand,recorded,12,Up,13346.375,0.562,1.144,16.894,20.382,25.371,25.371,25.371,25.371,1,1,1,21.448,20.193,22.435,0.003,102,3,5300
12,cand,recorded,13,Down,14046.424,0.54,0.986,17.416,20.561,25.544,25.544,25.544,25.544,1,1,1,22.219,20.959,23.166,0.009,102,3,5304
12,cand,recorded,14,Up,14745.881,0.655,1.109,17.074,20.361,25.542,25.542,25.542,25.542,1,1,1,22.236,20.518,23.033,0.003,102,3,5298
12,cand,recorded,15,Down,15446.471,0.637,1.107,17.286,20.622,26.012,26.012,26.012,26.012,1,1,1,22.073,20.588,22.938,0.003,103,3,5300
12,cand,recorded,16,Up,16146.247,0.588,1.074,17.287,20.544,25.639,25.639,25.639,25.639,1,1,1,21.683,20.426,22.726,0.039,103,3,5294
12,cand,recorded,17,Down,16846.415,0.554,1.029,16.973,19.918,25.324,25.324,25.324,25.324,1,1,1,21.461,20.337,22.519,0.003,103,3,5251
12,cand,recorded,18,Up,17545.768,0.518,1.102,17.047,20.584,25.704,25.704,25.704,25.704,1,1,1,22.061,20.589,23.1,0.004,101,3,5226
12,cand,recorded,19,Down,18246.419,0.496,0.991,17.608,21.168,25.978,25.978,25.978,25.978,1,1,1,22.351,20.985,23.3,0.016,104,4,5309
12,cand,recorded,20,Up,18946.407,0.496,0.977,7.107,10.104,7.41,25.848,7.41,29.86,3,3,1,25.4,21.109,26.194,0.006,105,4,5283
12,cand,recorded,21,Down,19645.95,0.543,1.115,16.628,19.546,24.516,24.516,24.516,24.516,1,1,1,21.333,19.906,22.177,0.006,101,4,5261
12,cand,recorded,22,Up,20346.415,0.498,0.942,16.791,19.72,25.013,25.013,25.013,25.013,1,1,1,21.317,20.218,22.093,0.0,104,4,5294
12,cand,recorded,23,Down,21046.453,0.566,1.048,16.793,19.765,24.974,24.974,24.974,24.974,1,1,1,21.747,20.333,23.299,0.005,101,4,5254
12,cand,recorded,24,Up,21745.949,0.483,1.167,17.998,21.117,26.41,26.41,26.41,26.41,1,1,1,22.737,21.607,23.89,0.005,102,5,5100
12,cand,recorded,25,Down,22446.435,0.524,1.015,16.935,20.007,25.226,25.226,25.226,25.226,1,1,1,21.557,20.267,22.632,0.005,101,5,5170
12,cand,recorded,26,Up,23146.125,0.51,0.878,16.885,19.813,24.843,24.843,24.843,24.843,1,1,1,21.305,20.169,22.411,0.021,103,4,5220
12,cand,recorded,27,Down,23846.411,0.486,0.918,16.781,19.72,24.949,24.949,24.949,24.949,1,1,1,21.533,20.43,22.459,0.006,104,4,5110
12,cand,recorded,28,Up,24546.282,0.389,0.976,16.9,19.964,25.065,25.065,25.065,25.065,1,1,1,21.556,20.405,22.676,0.009,101,4,5100
12,cand,recorded,29,Down,25246.421,0.605,1.033,17.598,20.63,25.766,25.766,25.766,25.766,1,1,1,22.241,21.079,23.001,0.007,102,4,5292
12,cand,recorded,30,Up,25946.409,0.506,0.97,17.264,20.232,25.914,25.914,25.914,25.914,1,1,1,22.065,20.895,22.891,0.009,102,4,5312
12,cand,recorded,31,Down,26646.443,0.548,1.102,16.722,19.699,25.05,25.05,25.05,25.05,1,1,1,21.523,20.26,22.548,0.01,102,5,5253
12,cand,recorded,32,Up,27346.031,0.595,1.041,17.112,20.385,25.367,25.367,25.367,25.367,1,1,1,21.843,20.64,22.699,0.008,103,4,5299
12,cand,recorded,33,Down,28045.973,0.547,1.225,17.018,20.357,25.547,25.547,25.547,25.547,1,1,1,21.458,20.247,22.346,0.009,101,5,5013
12,cand,recorded,34,Up,28746.551,0.587,1.034,17.04,19.847,25.148,25.148,25.148,25.148,1,1,1,21.599,20.374,22.381,0.014,105,5,5320
12,cand,recorded,35,Down,29446.343,0.507,1.066,16.633,19.535,25.09,25.09,25.09,25.09,1,1,1,21.244,20.101,22.198,0.016,102,5,5049
12,cand,recorded,36,Up,30146.445,0.525,1.038,17.09,20.065,25.381,25.381,25.381,25.381,1,1,1,21.832,20.651,22.769,0.016,104,4,5242
12,cand,recorded,37,Down,30846.119,0.451,1.012,17.115,20.691,25.697,25.697,25.697,25.697,1,1,1,21.792,20.62,22.761,0.005,101,4,5228
12,cand,recorded,38,Up,31545.77,0.571,1.314,17.026,20.539,25.744,25.744,25.744,25.744,1,1,1,21.785,20.543,22.709,0.003,103,4,5285
12,cand,recorded,39,Down,32246.418,0.588,1.144,7.143,10.242,7.698,26.886,7.698,37.784,3,3,1,26.197,21.614,27.094,0.011,104,4,5300
12,cand,idle,0,,32970.491,,,,,,,,,0,0,0,1.403,,2.278,0.016,97,,
12,cand,idle,1,,33671.103,,,,,,,,,0,0,0,1.265,,2.295,0.019,96,,
12,cand,idle,2,,34370.671,,,,,,,,,0,0,0,1.299,,2.221,0.003,97,,
12,cand,idle,3,,35071.146,,,,,,,,,0,0,0,1.289,,2.25,0.047,96,,
12,cand,idle,4,,35770.978,,,,,,,,,0,0,0,1.255,,2.337,0.012,97,,
13,base,cold,0,Down,0.0,0.502,1.199,279.189,285.9,11.76,301.811,301.811,305.922,3,3,1,27.823,24.567,301.893,0.002,104,3,5293
13,base,warmup,0,Up,722.256,0.479,1.052,16.948,20.418,25.797,25.797,25.797,25.797,1,1,1,21.456,20.281,22.806,0.002,102,3,5310
13,base,warmup,1,Down,1422.471,0.539,1.125,17.346,20.384,25.675,25.675,25.675,25.675,1,1,1,21.816,20.656,22.715,0.0,102,3,5282
13,base,warmup,2,Up,2122.274,0.543,1.161,15.945,19.2,24.584,24.584,24.584,24.584,1,1,1,20.523,19.356,21.378,0.039,103,3,5306
13,base,warmup,3,Down,2822.433,0.533,1.092,16.971,20.569,25.826,25.826,25.826,25.826,1,1,1,21.377,20.199,22.224,0.012,103,3,5295
13,base,warmup,4,Up,3522.521,0.551,1.173,16.669,20.197,25.384,25.384,25.384,25.384,1,1,1,21.059,19.932,21.887,0.008,103,3,5224
13,base,warmup,5,Down,4221.863,0.462,1.15,17.485,20.943,25.779,25.779,25.779,25.779,1,1,1,21.852,20.701,23.531,0.05,102,3,5302
13,base,recorded,0,Up,4945.662,0.442,1.072,17.027,20.115,25.659,25.659,25.659,25.659,1,1,1,21.8,20.58,22.761,0.032,103,3,5294
13,base,recorded,1,Down,5645.385,0.52,1.03,17.109,20.067,25.075,25.075,25.075,25.075,1,1,1,21.68,20.523,22.696,0.022,103,3,5294
13,base,recorded,2,Up,6345.405,0.529,1.105,16.805,20.434,25.756,25.756,25.756,25.756,1,1,1,21.416,20.213,22.677,0.019,103,3,5210
13,base,recorded,3,Down,7045.371,0.446,0.98,17.211,19.944,25.509,25.509,25.509,25.509,1,1,1,21.973,20.766,22.938,0.011,103,3,5100
13,base,recorded,4,Up,7745.106,0.539,1.013,16.779,20.216,25.316,25.316,25.316,25.316,1,1,1,21.304,20.019,22.087,0.009,103,3,5112
13,base,recorded,5,Down,8445.365,0.563,1.195,16.621,20.379,25.63,25.63,25.63,25.63,1,1,1,21.152,19.899,21.861,0.155,102,3,5300
13,base,recorded,6,Up,9145.671,0.534,1.117,16.787,19.931,25.639,25.639,25.639,25.639,1,1,1,21.622,20.417,22.946,0.019,101,1,5044
13,base,recorded,7,Down,9845.702,0.509,1.242,16.666,19.943,25.355,25.355,25.355,25.355,1,1,1,21.348,20.131,22.15,0.035,102,1,5308
13,base,recorded,8,Up,10545.612,0.474,0.841,17.071,19.943,24.805,24.805,24.805,24.805,1,1,1,21.682,20.418,22.647,0.025,102,5,5113
13,base,recorded,9,Down,11245.442,0.522,1.264,16.762,20.095,25.176,25.176,25.176,25.176,1,1,1,21.446,20.323,22.791,0.212,101,1,5297
13,base,recorded,10,Up,11945.415,0.557,1.274,16.743,19.911,25.163,25.163,25.163,25.163,1,1,1,21.577,20.231,22.585,0.013,103,1,5300
13,base,recorded,11,Down,12645.669,0.518,1.143,16.793,19.916,25.19,25.19,25.19,25.19,1,1,1,21.61,20.355,22.475,0.042,101,1,5300
13,base,recorded,12,Up,13345.07,0.532,1.296,17.45,21.1,26.213,26.213,26.213,26.213,1,1,1,22.4,21.158,23.261,0.017,102,1,5102
13,base,recorded,13,Down,14045.671,0.656,1.393,16.744,19.908,25.127,25.127,25.127,25.127,1,1,1,21.77,20.349,22.731,0.019,101,1,5307
13,base,recorded,14,Up,14745.278,0.529,1.171,16.627,19.559,24.84,24.84,24.84,24.84,1,1,1,21.531,20.252,22.48,0.064,102,1,5279
13,base,recorded,15,Down,15445.486,0.53,1.158,16.777,19.906,25.791,25.791,25.791,25.791,1,1,1,21.76,20.417,22.857,0.019,102,1,5297
13,base,recorded,16,Up,16145.614,0.555,1.193,16.817,19.927,25.46,25.46,25.46,25.46,1,1,1,21.757,20.39,22.743,0.002,101,1,5292
13,base,recorded,17,Down,16845.679,0.434,1.05,17.253,20.577,26.115,26.115,26.115,26.115,1,1,1,21.918,20.745,22.631,0.011,103,1,5300
13,base,recorded,18,Up,17545.709,0.455,1.002,16.727,20.211,24.939,24.939,24.939,24.939,1,1,1,21.274,20.061,22.232,0.007,101,5,5303
13,base,recorded,19,Down,18245.42,0.615,1.153,16.641,19.924,24.862,24.862,24.862,24.862,1,1,1,21.256,20.11,21.974,0.014,101,5,5294
13,base,recorded,20,Up,18945.141,16.146,19.62,20.573,39.496,23.33,44.38,23.33,44.38,2,2,1,24.962,23.851,25.721,0.005,99,5,5097
13,base,recorded,21,Down,19645.307,0.635,1.225,16.696,19.963,24.996,24.996,24.996,24.996,1,1,1,21.112,19.999,21.888,0.023,103,5,5307
13,base,recorded,22,Up,20345.679,0.503,1.224,16.524,20.137,25.158,25.158,25.158,25.158,1,1,1,21.138,19.902,21.898,0.015,102,5,5181
13,base,recorded,23,Down,21045.22,0.534,1.088,16.956,20.364,26.217,26.217,26.217,26.217,1,1,1,21.676,20.458,23.219,0.063,102,5,5276
13,base,recorded,24,Up,21745.725,0.579,1.122,16.981,19.982,25.454,25.454,25.454,25.454,1,1,1,21.896,20.575,23.235,0.008,103,1,5300
13,base,recorded,25,Down,22445.472,0.538,1.164,16.958,19.813,24.762,24.762,24.762,24.762,1,1,1,21.719,20.485,22.805,0.003,102,1,5301
13,base,recorded,26,Up,23145.258,0.524,1.113,16.811,19.721,25.031,25.031,25.031,25.031,1,1,1,21.668,20.344,22.857,0.008,103,1,5300
13,base,recorded,27,Down,23845.636,0.584,1.105,16.695,19.744,25.403,25.403,25.403,25.403,1,1,1,21.481,20.277,22.472,0.003,103,1,5292
13,base,recorded,28,Up,24545.675,0.552,1.099,16.99,20.275,25.555,25.555,25.555,25.555,1,1,1,21.623,20.425,22.367,0.0,102,5,5267
13,base,recorded,29,Down,25245.685,0.532,1.123,16.746,20.107,25.473,25.473,25.473,25.473,1,1,1,21.191,20.087,22.542,0.003,104,5,5208
13,base,recorded,30,Up,25945.367,0.522,1.106,16.968,19.858,24.894,24.894,24.894,24.894,1,1,1,21.353,20.234,22.793,0.003,102,5,5250
13,base,recorded,31,Down,26645.698,0.522,1.169,16.845,19.965,25.495,25.495,25.495,25.495,1,1,1,21.509,20.334,22.845,0.002,103,5,5292
13,base,recorded,32,Up,27345.667,0.56,1.195,16.759,19.731,24.682,24.682,24.682,24.682,1,1,1,21.341,20.112,22.657,0.003,102,1,5293
13,base,recorded,33,Down,28045.438,0.545,1.156,16.891,20.233,24.961,24.961,24.961,24.961,1,1,1,21.417,20.193,22.443,0.003,103,1,5303
13,base,recorded,34,Up,28745.707,0.555,1.149,17.434,20.671,25.691,25.691,25.691,25.691,1,1,1,22.178,20.92,23.247,0.014,104,1,5100
13,base,recorded,35,Down,29445.653,0.595,1.177,16.807,19.809,24.749,24.749,24.749,24.749,1,1,1,21.469,20.22,22.602,0.014,103,1,5299
13,base,recorded,36,Up,30145.717,0.59,1.078,16.806,19.878,25.43,25.43,25.43,25.43,1,1,1,21.586,20.369,22.719,0.011,105,1,5300
13,base,recorded,37,Down,30845.682,0.559,1.113,16.69,19.786,25.428,25.428,25.428,25.428,1,1,1,21.592,20.356,22.507,0.022,101,1,5300
13,base,recorded,38,Up,31545.304,0.576,1.096,16.935,19.905,24.996,24.996,24.996,24.996,1,1,1,21.839,20.576,22.896,0.004,102,1,5300
13,base,recorded,39,Down,32245.677,0.586,1.215,16.674,20.063,25.544,25.544,25.544,25.544,1,1,1,21.313,20.12,22.34,1.144,102,1,5296
13,base,idle,0,,32969.276,,,,,,,,,0,0,0,1.162,,2.097,0.027,96,,
13,base,idle,1,,33670.317,,,,,,,,,0,0,0,1.298,,2.021,0.008,97,,
13,base,idle,2,,34370.163,,,,,,,,,0,0,0,1.295,,2.015,0.023,97,,
13,base,idle,3,,35070.095,,,,,,,,,0,0,0,1.212,,2.029,0.016,96,,
13,base,idle,4,,35770.395,,,,,,,,,0,0,0,1.271,,2.098,0.009,97,,
14,base,cold,0,Down,0.0,0.474,1.053,282.474,289.496,12.155,305.233,305.233,309.385,3,3,1,27.797,24.39,301.879,0.082,106,4,5300
14,base,warmup,0,Up,722.663,0.449,0.941,16.807,19.717,24.676,24.676,24.676,24.676,1,1,1,21.295,20.047,23.021,0.013,104,4,5300
14,base,warmup,1,Down,1422.582,0.523,0.944,17.646,20.335,25.774,25.774,25.774,25.774,1,1,1,22.343,21.093,23.66,0.08,102,0,5101
14,base,warmup,2,Up,2122.609,0.508,0.979,16.258,19.175,24.761,24.761,24.761,24.761,1,1,1,20.643,19.442,22.156,0.034,103,0,5307
14,base,warmup,3,Down,2823.035,0.526,1.147,16.968,19.959,25.636,25.636,25.636,25.636,1,1,1,21.555,20.424,22.856,0.045,103,0,5291
14,base,warmup,4,Up,3522.698,0.543,1.306,16.963,20.522,25.519,25.519,25.519,25.519,1,1,1,21.638,20.349,22.669,0.029,102,0,5305
14,base,warmup,5,Down,4222.732,0.488,1.083,17.316,20.526,25.967,25.967,25.967,25.967,1,1,1,21.956,20.739,22.823,0.056,104,0,5300
14,base,recorded,0,Up,4946.015,0.453,0.903,17.241,20.515,25.371,25.371,25.371,25.371,1,1,1,21.896,20.73,22.953,0.039,102,0,5062
14,base,recorded,1,Down,5645.804,0.565,1.227,17.424,20.546,25.529,25.529,25.529,25.529,1,1,1,21.867,20.791,23.054,0.081,103,0,5101
14,base,recorded,2,Up,6345.997,0.547,1.072,16.894,20.097,25.443,25.443,25.443,25.443,1,1,1,21.489,20.346,22.363,0.037,104,0,5300
14,base,recorded,3,Down,7046.272,0.557,1.1,17.912,21.239,26.769,26.769,26.769,26.769,1,1,1,22.658,21.484,23.703,0.049,102,0,5092
14,base,recorded,4,Up,7745.708,0.543,1.036,17.09,19.922,25.046,25.046,25.046,25.046,1,1,1,21.861,20.567,22.94,0.048,104,0,5296
14,base,recorded,5,Down,8446.273,0.475,0.986,17.246,20.105,25.312,25.312,25.312,25.312,1,1,1,21.747,20.547,22.918,0.896,102,0,5290
14,base,recorded,6,Up,9145.824,0.518,1.042,17.03,19.861,25.607,25.607,25.607,25.607,1,1,1,21.854,20.564,23.576,0.02,103,0,5232
14,base,recorded,7,Down,9845.628,0.56,0.988,16.835,19.718,24.867,24.867,24.867,24.867,1,1,1,21.741,20.533,22.978,0.047,101,0,5235
14,base,recorded,8,Up,10545.713,0.52,1.159,17.253,20.232,25.488,25.488,25.488,25.488,1,1,1,21.594,20.421,22.504,0.043,103,0,5297
14,base,recorded,9,Down,11245.631,0.521,0.873,16.89,19.612,24.919,24.919,24.919,24.919,1,1,1,21.778,20.493,22.837,0.058,103,0,5300
14,base,recorded,10,Up,11945.613,0.537,1.034,17.087,20.027,25.844,25.844,25.844,25.844,1,1,1,21.695,20.413,22.749,0.011,102,0,5213
14,base,recorded,11,Down,12645.647,0.547,1.083,16.998,19.803,24.937,24.937,24.937,24.937,1,1,1,21.727,20.518,22.831,0.029,104,0,5253
14,base,recorded,12,Up,13345.717,0.529,1.282,17.324,20.895,26.234,26.234,26.234,26.234,1,1,1,22.206,20.967,23.418,0.036,102,0,5096
14,base,recorded,13,Down,14046.254,0.526,1.012,16.954,20.011,25.185,25.185,25.185,25.185,1,1,1,21.702,20.464,22.394,0.056,104,0,5299
14,base,recorded,14,Up,14745.622,0.563,0.976,16.884,19.739,24.929,24.929,24.929,24.929,1,1,1,21.602,20.454,22.803,0.036,102,0,5235
14,base,recorded,15,Down,15446.064,0.393,0.909,16.832,20.156,25.523,25.523,25.523,25.523,1,1,1,21.767,20.426,23.052,0.006,101,1,5230
14,base,recorded,16,Up,16146.277,0.527,1.012,16.781,19.665,25.202,25.202,25.202,25.202,1,1,1,21.57,20.302,22.59,0.014,104,1,5300
14,base,recorded,17,Down,16846.167,0.484,0.99,17.09,19.533,24.456,24.456,24.456,24.456,1,1,1,21.741,20.533,22.705,0.054,101,1,5091
14,base,recorded,18,Up,17546.139,0.523,1.034,17.004,20.24,25.48,25.48,25.48,25.48,1,1,1,21.674,20.447,22.928,0.108,102,6,5255
14,base,recorded,19,Down,18245.65,0.513,1.006,17.262,20.294,25.908,25.908,25.908,25.908,1,1,1,21.971,20.731,23.023,0.006,103,0,5315
14,base,recorded,20,Up,18946.263,0.461,0.901,16.843,19.707,24.555,24.555,24.555,24.555,1,1,1,21.409,20.16,22.2,0.014,102,1,5288
14,base,recorded,21,Down,19645.982,0.551,1.354,17.329,20.694,26.285,26.285,26.285,26.285,1,1,1,22.159,20.957,23.284,0.051,104,1,5100
14,base,recorded,22,Up,20345.778,0.521,1.229,17.355,20.236,25.788,25.788,25.788,25.788,1,1,1,22.165,20.849,23.336,0.054,101,0,5218
14,base,recorded,23,Down,21046.251,0.555,1.033,17.098,20.314,25.289,25.289,25.289,25.289,1,1,1,21.967,20.703,23.535,0.005,102,0,5300
14,base,recorded,24,Up,21745.717,0.517,1.098,17.212,20.343,25.849,25.849,25.849,25.849,1,1,1,22.04,20.794,23.453,0.01,101,0,5205
14,base,recorded,25,Down,22445.991,0.539,1.02,17.013,19.514,24.684,24.684,24.684,24.684,1,1,1,22.125,20.711,23.284,0.026,102,0,5253
14,base,recorded,26,Up,23145.646,0.512,1.023,17.408,20.347,25.834,25.834,25.834,25.834,1,1,1,22.01,20.784,23.143,0.008,103,0,5227
14,base,recorded,27,Down,23846.263,0.563,1.082,16.984,20.018,25.33,25.33,25.33,25.33,1,1,1,21.74,20.461,22.607,0.005,101,0,5242
14,base,recorded,28,Up,24546.257,0.392,0.775,17.225,20.353,25.86,25.86,25.86,25.86,1,1,1,22.122,20.866,23.003,0.003,103,0,5300
14,base,recorded,29,Down,25245.97,0.482,0.978,17.152,20.512,25.596,25.596,25.596,25.596,1,1,1,21.892,20.666,22.888,0.014,102,0,5312
14,base,recorded,30,Up,25946.304,0.472,1.068,17.113,20.391,25.342,25.342,25.342,25.342,1,1,1,21.727,20.492,22.593,0.017,100,0,5300
14,base,recorded,31,Down,26645.917,0.467,1.151,17.521,21.107,26.698,26.698,26.698,26.698,1,1,1,22.174,20.964,23.154,0.013,102,0,5306
14,base,recorded,32,Up,27345.652,0.451,1.062,16.846,20.374,25.606,25.606,25.606,25.606,1,1,1,21.604,20.326,22.689,0.079,103,0,5304
14,base,recorded,33,Down,28046.261,0.481,1.105,16.891,20.46,26.108,26.108,26.108,26.108,1,1,1,21.778,20.541,23.04,0.008,105,0,5299
14,base,recorded,34,Up,28746.004,0.484,1.19,16.735,20.319,25.498,25.498,25.498,25.498,1,1,1,21.32,20.063,22.342,0.003,100,2,5222
14,base,recorded,35,Down,29446.257,0.461,1.058,16.733,20.028,25.064,25.064,25.064,25.064,1,1,1,21.972,20.284,22.969,0.005,102,2,5300
14,base,recorded,36,Up,30146.265,0.46,1.09,17.354,20.902,26.214,26.214,26.214,26.214,1,1,1,22.324,20.999,23.309,0.004,100,2,5096
14,base,recorded,37,Down,30846.256,0.456,1.18,17.399,20.691,26.016,26.016,26.016,26.016,1,1,1,22.114,20.876,23.043,0.006,102,2,5302
14,base,recorded,38,Up,31545.692,0.446,1.094,16.678,20.371,25.858,25.858,25.858,25.858,1,1,1,21.529,20.222,22.61,0.0,100,2,5305
14,base,recorded,39,Down,32245.714,0.575,1.294,17.945,21.615,26.616,26.616,26.616,26.616,1,1,1,22.895,21.551,23.914,0.0,101,2,5000
14,base,idle,0,,32969.147,,,,,,,,,0,0,0,1.192,,1.948,0.0,97,,
14,base,idle,1,,33670.18,,,,,,,,,0,0,0,1.238,,1.997,0.01,97,,
14,base,idle,2,,34370.335,,,,,,,,,0,0,0,1.217,,2.015,0.008,96,,
14,base,idle,3,,35070.249,,,,,,,,,0,0,0,1.711,,2.74,0.053,97,,
14,base,idle,4,,35769.926,,,,,,,,,0,0,0,1.256,,2.28,0.011,96,,
15,cand,cold,0,Down,0.0,0.343,1.062,282.946,289.848,11.752,305.239,305.239,312.313,3,3,1,27.397,23.559,301.578,0.009,105,1,5298
15,cand,warmup,0,Up,723.302,0.339,1.004,16.988,20.041,25.482,25.482,25.482,25.482,1,1,1,21.622,20.345,23.091,0.0,101,1,5300
15,cand,warmup,1,Down,1423.691,0.388,1.013,17.171,20.26,25.582,25.582,25.582,25.582,1,1,1,21.892,20.695,22.81,0.011,102,1,5224
15,cand,warmup,2,Up,2123.877,0.434,1.036,15.62,18.719,24.296,24.296,24.296,24.296,1,1,1,20.221,19.018,21.54,0.009,102,1,5308
15,cand,warmup,3,Down,2823.659,0.388,0.998,7.297,10.226,7.496,25.766,7.496,32.037,3,3,1,24.778,20.538,26.005,0.024,103,1,5300
15,cand,warmup,4,Up,3523.518,0.385,0.996,16.196,19.247,23.963,23.963,23.963,23.963,1,1,1,20.825,19.555,21.763,0.0,100,1,5300
15,cand,warmup,5,Down,4223.796,0.434,1.044,17.207,20.39,25.356,25.356,25.356,25.356,1,1,1,21.954,20.682,23.603,0.0,101,1,5300
15,cand,recorded,0,Up,4946.44,0.34,0.926,16.569,19.477,24.954,24.954,24.954,24.954,1,1,1,21.245,19.97,22.251,0.009,102,1,5318
15,cand,recorded,1,Down,5646.845,0.391,1.051,16.877,20.038,25.128,25.128,25.128,25.128,1,1,1,21.486,20.231,22.525,0.006,101,1,5300
15,cand,recorded,2,Up,6346.237,0.389,0.936,16.374,19.21,24.381,24.381,24.381,24.381,1,1,1,21.026,19.804,22.022,0.0,101,1,5306
15,cand,recorded,3,Down,7046.332,0.337,1.001,17.183,20.474,25.399,25.399,25.399,25.399,1,1,1,21.871,20.604,22.66,0.006,101,1,5261
15,cand,recorded,4,Up,7746.774,0.383,0.988,16.907,19.694,24.91,24.91,24.91,24.91,1,1,1,21.698,20.458,22.657,0.052,102,1,5100
15,cand,recorded,5,Down,8446.336,0.44,1.011,16.762,19.935,25.247,25.247,25.247,25.247,1,1,1,21.485,20.272,22.629,0.005,101,2,5221
15,cand,recorded,6,Up,9146.838,0.415,1.043,16.818,20.133,25.45,25.45,25.45,25.45,1,1,1,21.186,19.951,22.211,0.018,102,2,5301
15,cand,recorded,7,Down,9846.496,0.395,1.008,16.807,19.907,25.085,25.085,25.085,25.085,1,1,1,21.613,20.383,22.421,0.047,102,2,5249
15,cand,recorded,8,Up,10546.366,0.436,0.995,16.637,19.736,25.093,25.093,25.093,25.093,1,1,1,21.32,20.028,22.17,0.003,101,2,5316
15,cand,recorded,9,Down,11246.711,0.418,1.073,17.0,20.223,25.287,25.287,25.287,25.287,1,1,1,21.551,20.31,22.521,0.086,103,2,5300
15,cand,recorded,10,Up,11946.163,0.418,1.083,17.321,20.379,25.511,25.511,25.511,25.511,1,1,1,21.853,20.617,22.61,0.008,101,5,5259
15,cand,recorded,11,Down,12646.642,0.399,1.097,16.996,20.112,25.683,25.683,25.683,25.683,1,1,1,21.671,20.511,23.19,0.002,101,5,5300
15,cand,recorded,12,Up,13346.289,0.439,1.055,16.906,20.007,25.291,25.291,25.291,25.291,1,1,1,21.587,20.376,22.463,0.013,101,5,5240
15,cand,recorded,13,Down,14046.838,0.409,1.113,16.958,20.138,25.912,25.912,25.912,25.912,1,1,1,21.593,20.417,22.707,0.006,101,5,5300
15,cand,recorded,14,Up,14746.291,0.411,1.055,17.006,20.069,25.283,25.283,25.283,25.283,1,1,1,21.527,20.297,22.672,0.023,103,5,5291
15,cand,recorded,15,Down,15446.312,0.466,1.063,16.871,20.077,25.517,25.517,25.517,25.517,1,1,1,21.516,20.138,22.844,0.017,101,5,5300
15,cand,recorded,16,Up,16146.787,0.398,0.988,17.074,19.945,25.149,25.149,25.149,25.149,1,1,1,21.844,20.597,22.901,0.011,103,6,5294
15,cand,recorded,17,Down,16846.902,0.388,0.971,16.739,20.106,25.604,25.604,25.604,25.604,1,1,1,21.591,20.236,22.39,0.005,101,6,5294
15,cand,recorded,18,Up,17546.478,0.389,0.963,16.961,20.065,25.255,25.255,25.255,25.255,1,1,1,21.619,20.323,22.579,0.005,102,6,5274
15,cand,recorded,19,Down,18246.404,0.391,1.03,16.866,20.049,25.318,25.318,25.318,25.318,1,1,1,21.439,20.121,22.308,0.003,102,6,5305
15,cand,recorded,20,Up,18946.915,0.419,1.162,17.312,20.79,25.783,25.783,25.783,25.783,1,1,1,21.859,20.648,22.799,0.0,101,6,5313
15,cand,recorded,21,Down,19646.849,0.403,1.101,16.876,20.262,25.227,25.227,25.227,25.227,1,1,1,21.817,20.505,22.864,0.044,103,6,5106
15,cand,recorded,22,Up,20346.828,0.372,1.086,17.063,20.771,25.67,25.67,25.67,25.67,1,1,1,21.628,20.391,22.651,0.003,101,2,5300
15,cand,recorded,23,Down,21046.13,0.352,0.92,17.032,20.434,25.551,25.551,25.551,25.551,1,1,1,21.587,20.372,22.556,0.007,102,2,5300
15,cand,recorded,24,Up,21746.563,0.411,1.073,16.773,19.758,25.215,25.215,25.215,25.215,1,1,1,21.44,20.177,22.18,0.003,101,2,5266
15,cand,recorded,25,Down,22446.204,0.314,0.952,17.028,20.375,25.836,25.836,25.836,25.836,1,1,1,21.68,20.546,22.521,0.012,101,2,5319
15,cand,recorded,26,Up,23146.795,0.321,1.023,17.08,20.039,25.512,25.512,25.512,25.512,1,1,1,21.929,20.695,23.549,0.0,102,5,5010
15,cand,recorded,27,Down,23846.766,0.378,1.027,17.273,20.993,25.971,25.971,25.971,25.971,1,1,1,21.688,20.577,22.508,0.0,100,5,5274
15,cand,recorded,28,Up,24546.794,0.357,1.059,16.924,20.671,25.871,25.871,25.871,25.871,1,1,1,21.686,20.434,22.562,0.0,101,5,5300
15,cand,recorded,29,Down,25246.595,0.392,1.004,17.187,20.118,25.031,25.031,25.031,25.031,1,1,1,21.575,20.368,22.333,0.016,101,5,5293
15,cand,recorded,30,Up,25946.838,0.411,1.03,16.994,20.408,25.906,25.906,25.906,25.906,1,1,1,21.645,20.411,22.47,0.019,103,5,5308
15,cand,recorded,31,Down,26646.418,0.424,1.043,17.206,20.784,25.678,25.678,25.678,25.678,1,1,1,21.789,20.571,23.122,0.011,102,5,5273
15,cand,recorded,32,Up,27346.276,0.4,1.014,17.033,20.505,25.456,25.456,25.456,25.456,1,1,1,21.437,20.202,22.433,0.052,103,5,5263
15,cand,recorded,33,Down,28046.373,0.376,1.119,16.936,20.127,25.32,25.32,25.32,25.32,1,1,1,21.613,20.426,22.599,0.005,101,2,5300
15,cand,recorded,34,Up,28746.472,0.405,1.022,17.104,20.171,25.24,25.24,25.24,25.24,1,1,1,21.932,20.711,22.739,0.0,101,2,5102
15,cand,recorded,35,Down,29446.803,0.41,0.961,16.989,20.496,25.335,25.335,25.335,25.335,1,1,1,21.436,20.176,22.448,0.0,102,2,5199
15,cand,recorded,36,Up,30146.549,0.449,1.078,17.177,20.669,26.179,26.179,26.179,26.179,1,1,1,21.695,20.379,22.774,0.059,101,2,5258
15,cand,recorded,37,Down,30846.695,0.417,1.039,16.775,20.524,25.967,25.967,25.967,25.967,1,1,1,21.422,20.242,22.82,0.008,102,1,5211
15,cand,recorded,38,Up,31546.227,0.469,0.987,17.193,20.329,25.223,25.223,25.223,25.223,1,1,1,21.907,20.564,23.279,0.014,102,1,5198
15,cand,recorded,39,Down,32246.592,0.468,1.143,17.273,20.237,25.247,25.247,25.247,25.247,1,1,1,21.857,20.617,22.898,0.005,102,1,5294
15,cand,idle,0,,32970.205,,,,,,,,,0,0,0,1.374,,2.485,0.051,97,,
15,cand,idle,1,,33670.868,,,,,,,,,0,0,0,1.327,,2.029,0.051,96,,
15,cand,idle,2,,34370.319,,,,,,,,,0,0,0,1.374,,2.111,0.003,97,,
15,cand,idle,3,,35070.92,,,,,,,,,0,0,0,1.399,,2.172,0.003,97,,
15,cand,idle,4,,35770.329,,,,,,,,,0,0,0,1.279,,2.454,0.013,96,,
