launch,build,size,phase,i,dir,t_ms,dbus_ms,raw_ms,damage_ms,frames,damage_events,cpu_ms,wait_ms,slices,cpu,mhz,cpu_busy,mhz_busy
0,base,1480x800,warmup,0,1,0.0,0.448,0.815,,0,0,0.477,0.003,21,2,800,,
0,base,1480x800,warmup,1,1,150.063,0.318,0.786,15.076,1,1,5.427,0.002,23,2,800,2,5303
0,base,1480x800,warmup,2,1,300.082,0.469,0.763,9.528,1,1,5.14,0.0,23,2,800,2,5317
0,base,1480x800,warmup,3,1,449.512,0.461,0.774,12.287,1,1,5.091,0.005,23,2,800,2,5300
0,base,1480x800,warmup,4,1,599.555,0.44,0.835,14.903,1,1,5.517,0.0,22,2,800,2,5179
0,base,1480x800,warmup,5,1,749.548,0.476,0.818,9.535,1,1,5.493,0.003,23,2,800,2,5307
0,base,1480x800,warmup,6,1,900.091,0.471,0.827,11.016,1,1,5.329,0.003,23,2,800,2,5300
0,base,1480x800,warmup,7,1,1049.583,0.494,0.904,14.175,1,1,5.65,0.008,23,2,800,2,5300
0,base,1480x800,warmup,8,1,1199.479,0.471,0.812,8.516,1,1,5.313,0.005,23,2,5308,2,5314
0,base,1480x800,warmup,9,1,1349.513,0.467,0.809,11.011,1,1,5.641,0.0,23,2,800,2,5297
0,base,1480x800,warmup,10,-1,1499.982,0.47,0.796,12.999,1,1,5.474,0.005,23,2,5259,2,5300
0,base,1480x800,warmup,11,-1,1650.144,0.505,1.003,15.351,1,1,5.767,0.002,23,2,800,2,5210
0,base,1480x800,warmup,12,-1,1800.087,0.467,0.807,9.248,1,1,5.152,0.0,23,2,800,2,5277
0,base,1480x800,warmup,13,-1,1949.521,0.507,0.9,12.451,1,1,5.589,0.005,22,2,5168,2,5281
0,base,1480x800,warmup,14,-1,2099.39,0.474,0.954,15.144,1,1,5.614,0.011,23,2,5298,2,5304
0,base,1480x800,warmup,15,-1,2250.088,0.442,0.871,9.036,1,1,5.288,0.0,23,1,5267,1,5299
0,base,1480x800,warmup,16,-1,2399.564,0.498,0.853,11.891,1,1,5.348,0.007,23,1,5310,1,5297
0,base,1480x800,warmup,17,-1,2549.879,0.457,0.797,12.957,1,1,5.208,0.009,22,1,5311,1,5291
0,base,1480x800,warmup,18,-1,2699.631,0.372,0.842,9.077,1,1,5.281,0.037,23,1,5296,1,5293
0,base,1480x800,warmup,19,-1,2850.138,0.485,0.859,10.729,1,1,5.273,0.007,23,1,800,1,5238
0,base,1480x800,idle-before,0,0,3022.689,0.0,,,0,0,0.299,0.0,21,1,5263,,
0,base,1480x800,idle-before,1,0,3172.819,0.0,,,0,0,0.294,0.005,20,1,5223,,
0,base,1480x800,idle-before,2,0,3323.464,0.0,,,0,0,0.304,0.003,21,1,5064,,
0,base,1480x800,idle-before,3,0,3472.924,0.0,,,0,0,0.324,0.003,21,1,1325,,
0,base,1480x800,idle-before,4,0,3622.927,0.0,,,0,0,0.299,0.0,20,1,800,,
0,base,1480x800,idle-before,5,0,3773.393,0.0,,,0,0,0.313,0.05,21,0,5299,,
0,base,1480x800,idle-before,6,0,3923.463,0.0,,,0,0,0.294,0.009,21,0,800,,
0,base,1480x800,idle-before,7,0,4073.47,0.0,,,0,0,0.252,0.006,21,2,800,,
0,base,1480x800,idle-before,8,0,4223.48,0.0,,,0,0,0.277,0.005,20,2,800,,
0,base,1480x800,idle-before,9,0,4373.457,0.0,,,0,0,0.278,0.0,21,2,800,,
0,base,1480x800,idle-before,10,0,4523.456,0.0,,,0,0,0.28,0.0,20,2,800,,
0,base,1480x800,idle-before,11,0,4673.516,0.0,,,0,0,0.372,0.0,21,2,5238,,
0,base,1480x800,idle-before,12,0,4823.46,0.0,,,0,0,0.313,0.004,21,2,5206,,
0,base,1480x800,idle-before,13,0,4973.468,0.0,,,0,0,0.265,0.0,21,2,5302,,
0,base,1480x800,idle-before,14,0,5122.83,0.0,,,0,0,0.259,0.003,20,2,800,,
0,base,1480x800,idle-before,15,0,5273.46,0.0,,,0,0,0.261,0.005,21,0,800,,
0,base,1480x800,idle-before,16,0,5423.405,0.0,,,0,0,0.334,0.007,21,0,800,,
0,base,1480x800,idle-before,17,0,5573.373,0.0,,,0,0,0.263,0.0,20,0,5305,,
0,base,1480x800,idle-before,18,0,5723.317,0.0,,,0,0,0.311,0.003,21,0,5300,,
0,base,1480x800,idle-before,19,0,5873.459,0.0,,,0,0,0.28,0.003,21,0,5280,,
0,base,1480x800,recorded,0,1,6045.618,0.441,0.988,12.139,1,1,5.377,0.0,23,2,800,2,5290
0,base,1480x800,recorded,1,1,6195.79,0.497,0.906,14.061,1,1,5.572,0.002,22,2,800,2,5133
0,base,1480x800,recorded,2,1,6346.132,0.47,0.904,8.201,1,1,5.217,0.004,23,2,800,2,5299
0,base,1480x800,recorded,3,1,6496.394,0.518,0.879,9.815,1,1,5.0,0.0,23,2,800,2,5305
0,base,1480x800,recorded,4,1,6646.34,0.341,0.825,12.431,1,1,5.501,0.0,22,2,800,2,5104
0,base,1480x800,recorded,5,1,6795.851,0.476,0.807,15.351,1,1,5.629,0.0,23,2,800,2,5304
0,base,1480x800,recorded,6,1,6946.38,0.474,0.823,9.484,1,1,5.669,0.0,23,2,5169,2,5281
0,base,1480x800,recorded,7,1,7095.811,0.55,0.876,12.598,1,1,5.983,0.0,23,2,800,2,5096
0,base,1480x800,recorded,8,1,7246.455,0.49,0.881,14.411,1,1,5.726,0.003,22,2,5005,2,5307
0,base,1480x800,recorded,9,1,7395.867,0.45,0.973,10.557,1,1,5.786,0.015,23,2,800,2,800
0,base,1480x800,recorded,10,1,7545.737,0.478,0.815,11.466,1,1,5.25,0.014,23,3,800,2,5302
0,base,1480x800,recorded,11,1,7696.175,0.457,0.8,13.54,1,1,5.353,0.003,22,3,5091,3,5300
0,base,1480x800,recorded,12,1,7846.309,0.427,0.827,8.192,1,1,5.26,0.0,23,3,800,3,5111
0,base,1480x800,recorded,13,1,7995.76,0.466,0.825,11.981,1,1,5.326,0.004,23,3,800,3,5312
0,base,1480x800,recorded,14,1,8146.269,0.424,0.843,13.138,1,1,5.206,0.0,22,3,800,3,5215
0,base,1480x800,recorded,15,1,8296.224,0.446,0.852,15.075,1,1,5.098,0.002,23,3,800,3,5289
0,base,1480x800,recorded,16,1,8446.389,0.366,0.865,10.332,1,1,5.405,0.003,23,3,800,3,5313
0,base,1480x800,recorded,17,1,8596.388,0.445,0.827,12.369,1,1,5.261,0.007,24,3,5259,3,5298
0,base,1480x800,recorded,18,1,8746.4,0.335,0.875,14.525,1,1,5.223,0.0,22,3,800,3,5300
0,base,1480x800,recorded,19,1,8895.829,0.464,0.809,9.564,1,1,5.345,0.0,23,3,800,3,5297
0,base,1480x800,recorded,20,1,9046.461,0.485,0.852,11.12,1,1,5.45,0.0,23,3,800,3,5188
0,base,1480x800,recorded,21,1,9195.749,0.475,0.834,13.903,1,1,5.253,0.003,22,3,5254,3,5300
0,base,1480x800,recorded,22,1,9346.383,0.337,0.829,8.447,1,1,5.164,0.003,23,3,800,3,5299
0,base,1480x800,recorded,23,1,9496.285,0.327,0.864,11.435,1,1,5.237,0.029,23,3,800,3,5220
0,base,1480x800,recorded,24,1,9645.787,0.479,0.793,14.15,1,1,5.556,0.003,22,3,800,3,5298
0,base,1480x800,recorded,25,1,9796.391,0.473,0.796,15.306,1,1,5.431,0.006,23,0,800,3,5302
0,base,1480x800,recorded,26,1,9946.533,0.485,0.828,9.759,1,1,5.118,0.0,23,3,5238,3,5113
0,base,1480x800,recorded,27,1,10096.49,0.556,0.888,12.548,1,1,5.767,0.003,22,3,800,3,5031
0,base,1480x800,recorded,28,1,10246.017,0.666,1.06,15.756,1,1,5.721,0.002,23,3,800,3,5285
0,base,1480x800,recorded,29,1,10396.383,0.48,0.86,10.326,1,1,5.38,0.002,23,0,1615,3,5294
0,base,1480x800,recorded,30,-1,10545.883,0.549,1.065,12.883,1,1,5.739,0.009,23,3,5001,3,5297
0,base,1480x800,recorded,31,-1,10695.761,0.48,0.874,15.019,1,1,5.389,0.0,23,3,800,3,5299
0,base,1480x800,recorded,32,-1,10845.783,0.482,0.858,9.999,1,1,5.58,0.009,24,3,800,3,5136
0,base,1480x800,recorded,33,-1,10996.206,0.33,0.846,11.424,1,1,5.73,0.0,23,3,4999,3,5060
0,base,1480x800,recorded,34,-1,11146.23,0.42,1.155,14.188,1,1,5.853,0.003,22,3,800,3,5125
0,base,1480x800,recorded,35,-1,11296.433,0.528,0.846,8.26,1,1,5.189,0.009,23,3,800,3,5305
0,base,1480x800,recorded,36,-1,11446.387,0.533,0.831,10.281,1,1,5.213,0.005,23,3,800,3,5260
0,base,1480x800,recorded,37,-1,11595.891,24.377,24.759,34.628,1,1,5.423,0.004,23,3,800,3,5216
0,base,1480x800,recorded,38,-1,11745.714,0.541,0.841,7.958,1,1,5.061,0.005,23,3,5283,3,5184
0,base,1480x800,recorded,39,-1,11896.39,0.403,0.851,10.03,1,1,5.111,0.005,23,3,800,3,5295
0,base,1480x800,recorded,40,-1,12046.416,0.508,0.876,12.436,1,1,5.493,0.0,22,3,5290,3,5300
0,base,1480x800,recorded,41,-1,12196.297,0.54,0.835,14.47,1,1,5.323,0.0,23,3,800,3,5300
0,base,1480x800,recorded,42,-1,12346.383,0.506,0.856,9.251,1,1,5.403,0.003,23,3,800,3,5305
0,base,1480x800,recorded,43,-1,12496.44,0.517,0.848,11.523,1,1,5.423,0.003,23,3,800,3,5184
0,base,1480x800,recorded,44,-1,12646.038,0.455,0.819,14.598,1,1,6.549,0.003,22,3,5257,3,5087
0,base,1480x800,recorded,45,-1,12796.379,0.506,0.879,8.301,1,1,5.237,0.003,23,3,800,3,5149
0,base,1480x800,recorded,46,-1,12945.864,0.525,0.825,11.762,1,1,5.181,0.003,23,3,800,3,5302
0,base,1480x800,recorded,47,-1,13095.836,0.541,0.791,13.779,1,1,5.572,0.0,22,3,800,3,5198
0,base,1480x800,recorded,48,-1,13246.389,0.59,0.88,7.622,1,1,5.22,0.007,22,3,800,3,5309
0,base,1480x800,recorded,49,-1,13396.392,0.514,0.819,10.259,1,1,5.211,0.0,23,3,800,3,5153
0,base,1480x800,recorded,50,-1,13546.385,0.53,0.841,12.255,1,1,5.272,0.005,22,3,5243,3,5297
0,base,1480x800,recorded,51,-1,13696.381,0.391,0.843,14.906,1,1,5.148,0.0,23,3,5227,3,5299
0,base,1480x800,recorded,52,-1,13846.381,0.481,0.826,9.283,1,1,4.986,0.005,23,3,800,3,5308
0,base,1480x800,recorded,53,-1,13996.434,0.524,0.869,12.017,1,1,5.422,0.002,23,3,800,3,5293
0,base,1480x800,recorded,54,-1,14146.393,0.54,0.836,14.254,1,1,5.246,0.0,22,3,800,3,5304
0,base,1480x800,recorded,55,-1,14296.387,0.521,0.837,8.439,1,1,5.013,0.0,23,3,800,3,5301
0,base,1480x800,recorded,56,-1,14446.388,0.36,0.842,11.131,1,1,5.14,0.0,23,3,800,3,5295
0,base,1480x800,recorded,57,-1,14595.77,0.575,0.877,13.89,1,1,5.084,0.003,23,3,800,3,5286
0,base,1480x800,recorded,58,-1,14745.734,0.544,0.852,8.266,1,1,5.006,0.002,23,3,800,3,5205
0,base,1480x800,recorded,59,-1,14896.383,0.521,0.849,10.001,1,1,4.892,0.002,23,3,800,3,5205
0,base,1480x800,recorded,60,1,15046.424,0.453,0.864,12.17,1,1,5.276,0.0,22,3,800,3,5300
0,base,1480x800,recorded,61,1,15196.381,0.464,0.903,15.204,1,1,5.151,0.0,23,3,800,3,5300
0,base,1480x800,recorded,62,1,15345.79,0.538,0.864,10.209,1,1,5.335,0.0,23,3,800,3,5265
0,base,1480x800,recorded,63,1,15496.383,0.518,0.833,12.349,1,1,5.203,0.0,22,3,800,3,5302
0,base,1480x800,recorded,64,1,15646.319,0.428,0.826,14.421,1,1,5.63,0.002,23,3,800,3,5105
0,base,1480x800,recorded,65,1,15795.736,0.531,0.874,9.961,1,1,5.24,0.005,23,3,5093,3,5302
0,base,1480x800,recorded,66,1,15945.869,0.737,1.359,12.836,1,1,6.501,0.004,23,4,2589,3,5238
0,base,1480x800,recorded,67,1,16096.934,0.656,1.01,13.69,1,1,5.774,0.002,22,4,800,4,5216
0,base,1480x800,recorded,68,1,16245.778,0.433,0.76,9.411,1,1,5.374,0.0,23,4,5303,4,5103
0,base,1480x800,recorded,69,1,16396.388,0.522,0.834,10.292,1,1,5.281,0.0,23,4,5109,4,5273
0,base,1480x800,recorded,70,1,16545.852,0.505,0.793,13.855,1,1,5.241,0.0,22,4,800,4,5297
0,base,1480x800,recorded,71,1,16696.389,0.411,0.754,7.808,1,1,5.16,0.0,23,4,800,4,5294
0,base,1480x800,recorded,72,1,16846.1,0.502,0.785,10.062,1,1,5.098,0.0,23,4,800,4,5310
0,base,1480x800,recorded,73,1,16996.408,0.513,0.823,12.452,1,1,5.418,0.0,22,4,800,4,5280
0,base,1480x800,recorded,74,1,17146.395,0.567,0.867,15.101,1,1,5.242,0.0,23,4,800,4,5034
0,base,1480x800,recorded,75,1,17296.076,0.546,0.869,9.75,1,1,5.188,0.0,23,4,800,4,5273
0,base,1480x800,recorded,76,1,17446.343,0.463,0.875,12.326,1,1,5.904,0.005,23,3,800,4,5097
0,base,1480x800,recorded,77,1,17596.259,0.535,0.894,14.568,1,1,5.423,0.0,22,3,5293,3,5291
0,base,1480x800,recorded,78,1,17746.035,0.505,0.814,9.707,1,1,5.337,0.003,23,3,800,3,5308
0,base,1480x800,recorded,79,1,17896.387,0.528,0.813,10.687,1,1,5.001,0.0,23,3,800,3,5291
0,base,1480x800,recorded,80,1,18045.79,0.509,0.847,14.144,1,1,5.41,0.005,22,4,800,3,5297
0,base,1480x800,recorded,81,1,18196.4,0.553,0.872,8.342,1,1,5.44,0.0,23,4,5290,4,5228
0,base,1480x800,recorded,82,1,18346.41,0.566,0.898,10.25,1,1,5.459,0.004,23,4,5159,4,5300
0,base,1480x800,recorded,83,1,18496.388,0.527,0.836,13.041,1,1,5.412,0.0,22,4,800,4,5306
0,base,1480x800,recorded,84,1,18646.209,0.408,0.805,8.153,1,1,5.659,0.0,22,4,800,4,5075
0,base,1480x800,recorded,85,1,18796.389,0.536,0.833,9.692,1,1,5.34,0.003,23,3,5305,4,5307
0,base,1480x800,recorded,86,1,18945.872,0.549,1.258,13.427,1,1,6.108,0.034,23,3,800,3,5074
0,base,1480x800,recorded,87,1,19095.794,0.597,0.886,15.264,1,1,5.82,0.0,23,3,5232,3,5116
0,base,1480x800,recorded,88,1,19246.459,0.527,0.957,9.844,1,1,5.615,0.002,23,3,800,3,5301
0,base,1480x800,recorded,89,1,19396.386,0.531,0.839,11.374,1,1,5.413,0.0,23,3,5189,3,5248
0,base,1480x800,recorded,90,-1,19545.899,0.569,0.876,14.809,1,1,6.17,0.0,22,3,800,3,5277
0,base,1480x800,recorded,91,-1,19695.854,0.522,1.083,9.382,1,1,5.69,0.0,23,3,800,3,5092
0,base,1480x800,recorded,92,-1,19846.387,0.494,0.83,10.56,1,1,5.181,0.002,23,3,5214,3,5307
0,base,1480x800,recorded,93,-1,19996.421,0.476,0.884,13.147,1,1,5.482,0.007,23,3,5275,3,5244
0,base,1480x800,recorded,94,-1,20145.782,0.54,0.848,8.353,1,1,5.256,0.0,23,5,5302,3,5288
0,base,1480x800,recorded,95,-1,20295.891,0.514,0.74,10.802,1,1,5.185,0.0,23,5,800,5,5301
0,base,1480x800,recorded,96,-1,20446.393,0.419,0.875,12.353,1,1,5.22,0.0,22,5,5296,5,5283
0,base,1480x800,recorded,97,-1,20595.733,0.409,0.96,7.894,1,1,4.938,0.0,22,5,5088,5,5308
0,base,1480x800,recorded,98,-1,20746.372,0.503,0.838,9.49,1,1,5.253,0.002,23,5,800,5,5264
0,base,1480x800,recorded,99,-1,20896.39,0.501,0.871,12.252,1,1,5.218,0.0,23,5,800,5,5302
0,base,1480x800,recorded,100,-1,21046.231,0.552,0.902,14.469,1,1,5.49,0.01,22,5,5197,5,5288
0,base,1480x800,recorded,101,-1,21196.378,0.523,0.837,9.224,1,1,5.342,0.002,23,5,800,5,5312
0,base,1480x800,recorded,102,-1,21346.247,0.423,0.963,11.466,1,1,5.56,0.0,23,5,800,5,5325
0,base,1480x800,recorded,103,-1,21495.961,0.504,0.809,13.598,1,1,5.309,0.0,22,5,5100,5,5285
0,base,1480x800,recorded,104,-1,21646.318,0.379,0.812,9.511,1,1,5.666,0.003,23,5,5238,5,5108
0,base,1480x800,recorded,105,-1,21796.281,0.414,0.863,10.535,1,1,5.21,0.003,23,5,800,5,5249
0,base,1480x800,recorded,106,-1,21946.436,0.505,0.8,12.314,1,1,5.081,0.005,22,5,5300,5,5289
0,base,1480x800,recorded,107,-1,22095.78,0.443,0.852,8.539,1,1,5.535,0.004,23,5,5184,5,4999
0,base,1480x800,recorded,108,-1,22246.387,0.411,0.842,9.247,1,1,5.088,0.005,23,5,5190,5,5300
0,base,1480x800,recorded,109,-1,22396.425,0.531,0.861,12.244,1,1,5.599,0.0,22,5,800,5,5301
0,base,1480x800,recorded,110,-1,22546.403,0.536,0.929,14.427,1,1,5.561,0.0,23,5,800,5,5294
0,base,1480x800,recorded,111,-1,22696.384,0.53,0.855,9.211,1,1,5.093,0.0,23,5,800,5,5201
0,base,1480x800,recorded,112,-1,22846.404,0.523,0.861,12.041,1,1,5.497,0.002,23,5,800,5,5304
0,base,1480x800,recorded,113,-1,22995.901,0.514,0.831,15.775,1,1,6.191,0.002,22,5,800,5,5300
0,base,1480x800,recorded,114,-1,23146.385,0.431,0.885,8.981,1,1,5.128,0.0,23,5,800,5,5302
0,base,1480x800,recorded,115,-1,23295.872,0.59,1.231,11.715,1,1,5.783,0.005,23,5,5000,5,5068
0,base,1480x800,recorded,116,-1,23446.292,0.456,0.877,13.297,1,1,5.521,0.0,22,5,5256,5,5000
0,base,1480x800,recorded,117,-1,23596.381,0.618,0.97,7.774,1,1,5.004,0.003,23,5,5304,5,5289
0,base,1480x800,recorded,118,-1,23746.394,0.497,0.877,9.662,1,1,4.953,0.0,23,5,800,5,5300
0,base,1480x800,recorded,119,-1,23896.393,0.53,0.906,11.853,1,1,4.786,0.0,22,5,800,5,5179
0,base,1480x800,idle-after,0,0,24070.264,0.0,,,0,0,0.232,0.0,20,5,800,,
0,base,1480x800,idle-after,1,0,24220.002,0.0,,,0,0,0.267,0.0,21,5,5144,,
0,base,1480x800,idle-after,2,0,24369.854,0.0,,,0,0,0.395,0.0,21,5,800,,
0,base,1480x800,idle-after,3,0,24520.389,0.0,,,0,0,0.237,0.0,20,5,5098,,
0,base,1480x800,idle-after,4,0,24669.85,0.0,,,0,0,0.246,0.0,21,5,800,,
0,base,1480x800,idle-after,5,0,24820.385,0.0,,,0,0,0.24,0.0,21,5,5299,,
0,base,1480x800,idle-after,6,0,24970.38,0.0,,,0,0,0.26,0.0,21,5,800,,
0,base,1480x800,idle-after,7,0,25119.862,0.0,,,0,0,0.231,0.0,20,5,5285,,
0,base,1480x800,idle-after,8,0,25270.391,0.0,,,0,0,0.243,0.0,21,5,800,,
0,base,1480x800,idle-after,9,0,25420.38,0.0,,,0,0,0.242,0.002,21,5,5300,,
0,base,1480x800,idle-after,10,0,25570.283,0.0,,,0,0,0.232,0.0,20,5,800,,
0,base,1480x800,idle-after,11,0,25719.979,0.0,,,0,0,0.356,0.003,21,5,5300,,
0,base,1480x800,idle-after,12,0,25869.847,0.0,,,0,0,0.254,0.0,21,5,800,,
0,base,1480x800,idle-after,13,0,26019.886,0.0,,,0,0,0.226,0.006,20,5,5308,,
0,base,1480x800,idle-after,14,0,26169.988,0.0,,,0,0,0.241,0.0,21,5,800,,
0,base,1480x800,idle-after,15,0,26320.38,0.0,,,0,0,0.247,0.0,21,5,5273,,
0,base,1480x800,idle-after,16,0,26470.403,0.0,,,0,0,0.263,0.006,21,5,800,,
0,base,1480x800,idle-after,17,0,26619.952,0.0,,,0,0,0.253,0.005,20,5,800,,
0,base,1480x800,idle-after,18,0,26769.818,0.0,,,0,0,0.244,0.0,21,5,800,,
0,base,1480x800,idle-after,19,0,26920.391,0.0,,,0,0,0.315,0.0,21,5,800,,
1,cand,1480x800,warmup,0,1,0.0,0.525,0.843,,0,0,0.346,0.0,22,1,5253,,
1,cand,1480x800,warmup,1,1,150.071,0.49,0.785,10.179,1,1,5.159,0.0,23,1,800,1,5214
1,cand,1480x800,warmup,2,1,300.025,0.514,0.83,13.17,1,1,5.254,0.0,22,1,800,1,5309
1,cand,1480x800,warmup,3,1,450.084,0.432,0.851,15.122,1,1,5.009,0.005,23,1,5299,1,5311
1,cand,1480x800,warmup,4,1,600.027,0.467,0.948,10.22,1,1,5.504,0.0,23,1,800,1,5311
1,cand,1480x800,warmup,5,1,750.093,0.475,0.778,12.461,1,1,5.279,0.0,23,1,5273,1,5300
1,cand,1480x800,warmup,6,1,900.044,0.535,0.848,14.344,1,1,5.538,0.0,22,1,800,1,5304
1,cand,1480x800,warmup,7,1,1050.151,0.469,0.852,9.582,1,1,5.289,0.005,23,1,5299,1,5296
1,cand,1480x800,warmup,8,1,1199.668,0.478,0.798,12.531,1,1,5.336,0.0,23,1,5086,1,5296
1,cand,1480x800,warmup,9,1,1350.094,0.529,0.846,14.215,1,1,5.464,0.0,22,1,800,1,5298
1,cand,1480x800,warmup,10,-1,1499.523,0.436,0.854,9.644,1,1,5.638,0.006,23,1,5290,1,5069
1,cand,1480x800,warmup,11,-1,1649.508,0.457,0.968,11.727,1,1,5.471,0.003,23,1,800,1,5302
1,cand,1480x800,warmup,12,-1,1800.111,0.451,1.014,13.065,1,1,5.596,0.003,22,1,800,1,5299
1,cand,1480x800,warmup,13,-1,1950.084,0.467,0.861,8.08,1,1,5.291,0.0,22,1,800,1,5303
1,cand,1480x800,warmup,14,-1,2100.07,0.446,0.792,10.124,1,1,5.203,0.0,23,1,800,1,5314
1,cand,1480x800,warmup,15,-1,2249.542,0.446,0.83,13.647,1,1,5.196,0.0,22,1,800,1,5293
1,cand,1480x800,warmup,16,-1,2400.095,0.503,0.854,15.096,1,1,4.954,0.003,24,1,5159,1,5045
1,cand,1480x800,warmup,17,-1,2549.716,0.456,0.824,9.53,1,1,5.01,0.003,23,1,800,1,5300
1,cand,1480x800,warmup,18,-1,2699.916,0.383,0.819,12.279,1,1,4.858,0.0,23,1,800,1,5308
1,cand,1480x800,warmup,19,-1,2850.167,0.425,0.772,13.988,1,1,4.924,0.005,22,5,5287,1,5293
1,cand,1480x800,idle-before,0,0,3022.376,0.0,,,0,0,0.247,0.003,21,5,800,,
1,cand,1480x800,idle-before,1,0,3172.68,0.0,,,0,0,0.316,0.0,21,5,5300,,
1,cand,1480x800,idle-before,2,0,3322.473,0.0,,,0,0,0.32,0.0,20,1,800,,
1,cand,1480x800,idle-before,3,0,3472.676,0.0,,,0,0,0.273,0.0,21,1,800,,
1,cand,1480x800,idle-before,4,0,3622.057,0.0,,,0,0,0.27,0.004,21,1,5300,,
1,cand,1480x800,idle-before,5,0,3772.635,0.0,,,0,0,0.279,0.0,21,1,800,,
1,cand,1480x800,idle-before,6,0,3922.638,0.0,,,0,0,0.288,0.0,20,1,800,,
1,cand,1480x800,idle-before,7,0,4072.614,0.0,,,0,0,0.276,0.0,21,1,800,,
1,cand,1480x800,idle-before,8,0,4221.996,0.0,,,0,0,0.254,0.0,21,1,800,,
1,cand,1480x800,idle-before,9,0,4372.017,0.0,,,0,0,0.271,0.0,20,1,800,,
1,cand,1480x800,idle-before,10,0,4522.574,0.0,,,0,0,0.278,0.003,21,1,800,,
1,cand,1480x800,idle-before,11,0,4672.646,0.0,,,0,0,0.266,0.0,21,1,800,,
1,cand,1480x800,idle-before,12,0,4822.23,0.0,,,0,0,0.294,0.0,20,1,5289,,
1,cand,1480x800,idle-before,13,0,4971.963,0.0,,,0,0,0.278,0.003,21,1,800,,
1,cand,1480x800,idle-before,14,0,5122.611,0.0,,,0,0,0.251,0.0,21,1,800,,
1,cand,1480x800,idle-before,15,0,5272.048,0.0,,,0,0,0.237,0.008,20,1,5237,,
1,cand,1480x800,idle-before,16,0,5422.712,0.0,,,0,0,0.282,0.003,21,1,5302,,
1,cand,1480x800,idle-before,17,0,5572.613,0.0,,,0,0,0.278,0.003,21,1,800,,
1,cand,1480x800,idle-before,18,0,5722.21,0.0,,,0,0,0.358,0.007,21,1,5197,,
1,cand,1480x800,idle-before,19,0,5872.631,0.0,,,0,0,0.267,0.0,20,1,800,,
1,cand,1480x800,recorded,0,1,6045.975,0.525,0.937,15.234,1,1,5.428,0.003,23,1,5263,1,5295
1,cand,1480x800,recorded,1,1,6196.185,0.493,0.729,9.38,1,1,5.302,0.002,23,1,800,1,5297
1,cand,1480x800,recorded,2,1,6346.111,0.512,0.801,11.977,1,1,5.112,0.0,23,1,800,1,5304
1,cand,1480x800,recorded,3,1,6496.171,0.492,0.854,13.622,1,1,5.1,0.0,22,1,800,1,5243
1,cand,1480x800,recorded,4,1,6645.923,0.574,0.913,8.561,1,1,5.234,0.0,23,1,800,1,5260
1,cand,1480x800,recorded,5,1,6796.459,0.506,1.098,10.707,1,1,5.427,0.007,23,1,5287,1,5306
1,cand,1480x800,recorded,6,1,6946.399,0.501,0.892,13.295,1,1,5.429,0.01,22,1,5325,1,5309
1,cand,1480x800,recorded,7,1,7096.431,0.496,0.871,15.086,1,1,5.204,0.047,23,1,800,1,5304
1,cand,1480x800,recorded,8,1,7246.437,0.499,0.811,10.638,1,1,5.419,0.003,23,1,800,1,5287
1,cand,1480x800,recorded,9,1,7395.798,2.909,3.87,13.354,1,1,5.549,0.0,23,1,5225,1,5300
1,cand,1480x800,recorded,10,1,7546.461,0.504,0.739,14.786,1,1,5.554,0.035,22,0,5199,1,5298
1,cand,1480x800,recorded,11,1,7696.031,0.517,0.794,10.146,1,1,5.324,0.01,23,0,800,0,5302
1,cand,1480x800,recorded,12,1,7845.831,0.528,0.86,12.78,1,1,5.427,0.015,24,0,5219,0,5300
1,cand,1480x800,recorded,13,1,7995.964,0.577,0.849,14.837,1,1,5.396,0.003,22,0,800,0,5284
1,cand,1480x800,recorded,14,1,8146.435,0.507,0.789,8.988,1,1,5.238,0.006,23,0,5301,0,5298
1,cand,1480x800,recorded,15,1,8296.321,0.517,0.766,11.003,1,1,5.358,0.033,24,0,5297,0,5305
1,cand,1480x800,recorded,16,1,8445.873,0.382,0.861,14.268,1,1,5.525,0.013,22,0,800,0,5306
1,cand,1480x800,recorded,17,1,8595.791,0.5,0.83,9.196,1,1,5.392,0.005,23,0,800,0,5301
1,cand,1480x800,recorded,18,1,8746.438,0.519,0.748,10.048,1,1,5.313,0.013,23,0,800,0,5291
1,cand,1480x800,recorded,19,1,8896.069,0.555,0.901,13.867,1,1,5.71,0.003,22,0,800,0,5300
1,cand,1480x800,recorded,20,1,9046.434,0.468,0.838,14.802,1,1,5.611,0.009,23,0,5291,0,5307
1,cand,1480x800,recorded,21,1,9195.871,0.376,0.813,10.347,1,1,5.327,0.0,23,5,5193,0,5299
1,cand,1480x800,recorded,22,1,9346.045,0.487,0.794,12.27,1,1,5.123,0.003,23,5,800,5,5299
1,cand,1480x800,recorded,23,1,9496.436,0.46,0.737,14.177,1,1,5.046,0.0,22,5,800,5,5284
1,cand,1480x800,recorded,24,1,9646.343,0.56,0.972,9.3,1,1,5.442,0.0,23,5,800,5,5264
1,cand,1480x800,recorded,25,1,9796.454,0.494,0.94,11.55,1,1,5.325,0.05,23,4,800,5,5303
1,cand,1480x800,recorded,26,1,9945.908,0.517,0.802,14.411,1,1,5.294,0.003,22,0,5056,0,5301
1,cand,1480x800,recorded,27,1,10095.988,0.444,0.742,9.114,1,1,5.203,0.003,23,0,800,0,5291
1,cand,1480x800,recorded,28,1,10246.436,0.481,0.717,11.063,1,1,5.268,0.005,23,0,5067,0,5224
1,cand,1480x800,recorded,29,1,10395.827,1.199,3.734,13.758,1,1,5.576,0.005,22,0,5243,0,5293
1,cand,1480x800,recorded,30,-1,10546.328,0.444,0.83,15.815,1,1,5.604,0.002,23,0,800,0,5286
1,cand,1480x800,recorded,31,-1,10695.918,0.422,0.905,10.541,1,1,5.649,0.009,23,0,800,0,5282
1,cand,1480x800,recorded,32,-1,10846.206,0.437,0.817,13.405,1,1,5.799,0.007,22,0,800,0,5000
1,cand,1480x800,recorded,33,-1,10996.398,0.541,1.047,14.68,1,1,5.606,0.005,23,4,800,0,5100
1,cand,1480x800,recorded,34,-1,11146.465,0.518,0.89,9.752,1,1,5.418,0.009,23,4,800,0,5301
1,cand,1480x800,recorded,35,-1,11295.885,0.389,0.864,12.218,1,1,5.182,0.006,23,0,5305,0,5291
1,cand,1480x800,recorded,36,-1,11446.013,0.449,0.75,14.123,1,1,5.373,0.002,22,0,800,0,5299
1,cand,1480x800,recorded,37,-1,11596.444,0.492,0.851,9.708,1,1,5.618,0.007,23,0,800,0,5309
1,cand,1480x800,recorded,38,-1,11746.437,0.466,0.754,11.706,1,1,5.349,0.003,23,0,800,0,5176
1,cand,1480x800,recorded,39,-1,11895.936,0.5,0.807,13.644,1,1,5.237,0.0,22,0,800,0,5302
1,cand,1480x800,recorded,40,-1,12046.48,0.455,0.755,7.883,1,1,5.23,0.006,23,0,800,0,5303
1,cand,1480x800,recorded,41,-1,12196.44,0.475,0.8,10.509,1,1,5.144,0.006,23,0,5236,0,5312
1,cand,1480x800,recorded,42,-1,12346.476,0.489,0.793,13.2,1,1,5.441,0.002,22,0,800,0,5300
1,cand,1480x800,recorded,43,-1,12496.437,0.496,0.867,15.036,1,1,5.83,0.007,23,0,5137,0,5053
1,cand,1480x800,recorded,44,-1,12646.409,0.516,1.007,10.013,1,1,5.761,0.017,24,0,5301,0,5100
1,cand,1480x800,recorded,45,-1,12796.193,0.495,0.823,12.433,1,1,6.068,0.0,23,0,800,0,5307
1,cand,1480x800,recorded,46,-1,12946.498,0.485,0.83,14.577,1,1,5.098,0.003,22,0,800,0,5297
1,cand,1480x800,recorded,47,-1,13096.433,0.486,0.809,9.728,1,1,5.218,0.004,23,0,5293,0,5291
1,cand,1480x800,recorded,48,-1,13246.696,0.484,0.792,10.739,1,1,5.179,0.011,23,0,5042,0,5287
1,cand,1480x800,recorded,49,-1,13395.91,2.211,2.883,14.208,1,1,5.441,0.0,22,0,5295,0,5106
1,cand,1480x800,recorded,50,-1,13546.473,0.532,0.862,8.752,1,1,5.555,0.044,23,0,5151,4,5179
1,cand,1480x800,recorded,51,-1,13696.443,0.483,0.823,10.848,1,1,5.122,0.005,23,0,800,0,5300
1,cand,1480x800,recorded,52,-1,13846.334,0.504,0.802,13.556,1,1,5.339,0.0,22,0,5284,0,5287
1,cand,1480x800,recorded,53,-1,13996.455,0.493,0.831,15.511,1,1,4.978,0.002,23,0,800,0,5300
1,cand,1480x800,recorded,54,-1,14146.435,0.48,0.775,10.733,1,1,5.313,0.0,23,0,800,0,5292
1,cand,1480x800,recorded,55,-1,14295.911,0.39,0.819,12.979,1,1,5.03,0.04,22,6,800,0,5292
1,cand,1480x800,recorded,56,-1,14446.495,0.483,0.874,14.212,1,1,5.293,0.0,23,6,800,6,5308
1,cand,1480x800,recorded,57,-1,14596.482,0.56,0.933,9.322,1,1,5.154,0.005,24,6,800,6,5307
1,cand,1480x800,recorded,58,-1,14745.792,0.46,0.845,11.933,1,1,5.069,0.003,22,6,800,6,5305
1,cand,1480x800,recorded,59,-1,14895.886,0.471,0.841,14.442,1,1,5.261,0.0,23,6,800,6,5271
1,cand,1480x800,recorded,60,1,15046.436,0.495,0.758,8.79,1,1,5.184,0.003,23,6,800,6,5305
1,cand,1480x800,recorded,61,1,15196.014,0.481,0.782,12.045,1,1,5.224,0.005,23,6,800,6,5294
1,cand,1480x800,recorded,62,1,15346.014,0.562,0.913,13.619,1,1,4.93,0.003,22,6,800,6,5301
1,cand,1480x800,recorded,63,1,15495.783,0.434,0.831,9.231,1,1,4.88,0.009,23,4,5320,6,5129
1,cand,1480x800,recorded,64,1,15646.206,0.517,0.841,10.967,1,1,5.236,0.0,23,4,800,4,5297
1,cand,1480x800,recorded,65,1,15795.813,0.485,0.918,13.564,1,1,5.31,0.006,22,4,800,4,5300
1,cand,1480x800,recorded,66,1,15946.44,0.507,0.767,14.845,1,1,4.982,0.0,23,4,800,4,5272
1,cand,1480x800,recorded,67,1,16095.781,0.504,0.807,10.203,1,1,5.066,0.003,23,4,800,4,5305
1,cand,1480x800,recorded,68,1,16245.794,0.548,0.887,13.237,1,1,5.21,0.0,22,4,5001,4,5309
1,cand,1480x800,recorded,69,1,16395.903,0.865,8.298,22.377,1,1,5.61,0.0,23,4,800,4,5308
1,cand,1480x800,recorded,70,1,16546.374,0.428,0.803,9.774,1,1,5.604,0.037,23,1,5217,4,5103
1,cand,1480x800,recorded,71,1,16696.286,0.532,0.81,11.874,1,1,5.261,0.0,23,1,5298,1,5295
1,cand,1480x800,recorded,72,1,16846.055,0.486,0.878,14.623,1,1,5.499,0.0,22,1,800,1,5300
1,cand,1480x800,recorded,73,1,16996.044,0.52,0.829,9.094,1,1,5.224,0.0,23,1,5274,1,5300
1,cand,1480x800,recorded,74,1,17146.436,0.438,0.898,10.749,1,1,5.346,0.0,23,1,800,1,5301
1,cand,1480x800,recorded,75,1,17296.084,0.587,0.838,14.053,1,1,5.441,0.048,22,5,5299,1,5300
1,cand,1480x800,recorded,76,1,17446.25,0.519,0.816,7.935,1,1,5.207,0.0,23,5,800,5,5306
1,cand,1480x800,recorded,77,1,17595.999,0.499,0.912,10.365,1,1,5.286,0.003,23,5,5281,5,5243
1,cand,1480x800,recorded,78,1,17746.005,0.529,0.824,12.567,1,1,5.281,0.003,22,5,800,5,5291
1,cand,1480x800,recorded,79,1,17896.041,0.464,0.967,15.538,1,1,5.454,0.0,23,5,5298,5,5300
1,cand,1480x800,recorded,80,1,18046.309,0.507,0.829,9.87,1,1,5.236,0.0,23,5,800,5,5301
1,cand,1480x800,recorded,81,1,18196.438,0.502,0.798,10.882,1,1,5.011,0.003,22,5,5299,5,5244
1,cand,1480x800,recorded,82,1,18345.906,0.499,0.834,14.456,1,1,5.068,0.002,23,5,5271,5,5237
1,cand,1480x800,recorded,83,1,18495.778,0.504,0.803,9.416,1,1,5.094,0.0,23,5,800,5,5305
1,cand,1480x800,recorded,84,1,18646.453,0.525,0.888,11.771,1,1,5.387,0.0,23,5,800,5,5301
1,cand,1480x800,recorded,85,1,18795.789,0.563,0.843,14.187,1,1,5.395,0.0,22,5,800,5,5304
1,cand,1480x800,recorded,86,1,18946.4,0.522,1.044,8.152,1,1,5.405,0.0,23,5,800,5,5100
1,cand,1480x800,recorded,87,1,19095.819,0.401,0.843,10.81,1,1,5.308,0.0,23,5,5193,5,5308
1,cand,1480x800,recorded,88,1,19245.834,0.51,0.816,13.604,1,1,5.264,0.003,22,5,800,5,5301
1,cand,1480x800,recorded,89,1,19395.855,3.506,4.703,15.648,1,1,5.521,0.0,23,5,800,5,5036
1,cand,1480x800,recorded,90,-1,19545.879,0.576,0.948,10.798,1,1,5.929,0.002,23,5,5069,5,5036
1,cand,1480x800,recorded,91,-1,19696.476,0.567,0.967,12.731,1,1,5.622,0.003,22,5,800,5,5300
1,cand,1480x800,recorded,92,-1,19846.07,0.554,0.935,15.221,1,1,5.481,0.033,23,5,800,5,5298
1,cand,1480x800,recorded,93,-1,19996.433,0.521,0.822,9.838,1,1,5.322,0.0,23,5,800,5,5302
1,cand,1480x800,recorded,94,-1,20146.435,0.514,0.813,11.732,1,1,5.015,0.0,23,5,800,5,5307
1,cand,1480x800,recorded,95,-1,20296.401,0.567,0.887,14.609,1,1,5.371,0.002,22,5,5320,5,5302
1,cand,1480x800,recorded,96,-1,20446.431,0.592,0.895,8.889,1,1,5.085,0.006,23,5,800,5,5305
1,cand,1480x800,recorded,97,-1,20596.443,0.537,0.926,10.85,1,1,5.497,0.006,23,6,5305,5,5156
1,cand,1480x800,recorded,98,-1,20745.838,0.51,0.899,14.341,1,1,5.455,0.006,22,6,800,6,5308
1,cand,1480x800,recorded,99,-1,20896.348,0.535,0.864,7.895,1,1,5.348,0.0,22,6,5203,6,5045
1,cand,1480x800,recorded,100,-1,21046.022,0.522,0.86,10.845,1,1,5.517,0.0,23,6,800,6,5295
1,cand,1480x800,recorded,101,-1,21196.338,0.514,0.827,12.86,1,1,5.319,0.0,22,6,800,6,5298
1,cand,1480x800,recorded,102,-1,21346.437,0.51,0.872,15.193,1,1,5.465,0.008,24,6,5244,6,5300
1,cand,1480x800,recorded,103,-1,21496.43,0.474,0.875,9.407,1,1,5.161,0.002,23,6,800,6,5292
1,cand,1480x800,recorded,104,-1,21646.328,0.534,0.85,11.972,1,1,5.336,0.0,22,6,800,6,5024
1,cand,1480x800,recorded,105,-1,21796.014,0.449,0.891,15.344,1,1,5.509,0.003,23,6,5258,6,5142
1,cand,1480x800,recorded,106,-1,21946.435,0.523,0.89,9.276,1,1,5.265,0.004,23,6,800,6,5297
1,cand,1480x800,recorded,107,-1,22096.444,0.482,0.864,11.575,1,1,5.186,0.009,23,6,800,6,5296
1,cand,1480x800,recorded,108,-1,22246.115,0.503,0.858,14.119,1,1,5.255,0.0,22,6,5183,6,5311
1,cand,1480x800,recorded,109,-1,22395.788,2.209,3.55,16.687,1,1,5.656,0.007,23,6,800,6,5292
1,cand,1480x800,recorded,110,-1,22545.963,0.41,0.845,11.691,1,1,5.738,0.006,23,6,800,6,5067
1,cand,1480x800,recorded,111,-1,22696.007,0.491,0.827,13.569,1,1,5.328,0.005,22,6,800,6,5300
1,cand,1480x800,recorded,112,-1,22846.453,0.534,0.912,15.142,1,1,5.582,0.0,23,6,800,6,5313
1,cand,1480x800,recorded,113,-1,22996.625,0.515,0.821,9.098,1,1,4.982,0.0,23,6,800,6,5277
1,cand,1480x800,recorded,114,-1,23146.098,0.528,0.836,13.429,1,1,5.872,0.002,23,6,800,6,5300
1,cand,1480x800,recorded,115,-1,23296.474,0.508,0.876,14.606,1,1,5.187,0.055,22,4,5302,6,5297
1,cand,1480x800,recorded,116,-1,23446.013,0.521,0.819,10.13,1,1,5.202,0.0,23,4,800,4,5313
1,cand,1480x800,recorded,117,-1,23596.452,0.523,0.784,11.612,1,1,5.214,0.0,23,4,5164,4,5299
1,cand,1480x800,recorded,118,-1,23745.88,0.644,1.033,13.58,1,1,5.157,0.006,22,4,800,4,5296
1,cand,1480x800,recorded,119,-1,23896.458,0.491,0.891,8.687,1,1,5.134,0.003,23,4,800,4,5297
1,cand,1480x800,idle-after,0,0,24069.504,0.0,,,0,0,0.27,0.003,21,4,800,,
1,cand,1480x800,idle-after,1,0,24219.909,0.0,,,0,0,0.283,0.0,21,4,800,,
1,cand,1480x800,idle-after,2,0,24369.714,0.0,,,0,0,0.279,0.005,20,4,5241,,
1,cand,1480x800,idle-after,3,0,24520.029,0.0,,,0,0,0.29,0.003,21,4,800,,
1,cand,1480x800,idle-after,4,0,24670.196,0.0,,,0,0,0.244,0.005,21,4,800,,
1,cand,1480x800,idle-after,5,0,24819.662,0.0,,,0,0,0.284,0.0,20,4,800,,
1,cand,1480x800,idle-after,6,0,24969.668,0.0,,,0,0,0.285,0.0,21,4,800,,
1,cand,1480x800,idle-after,7,0,25120.006,0.0,,,0,0,0.28,0.0,21,4,800,,
1,cand,1480x800,idle-after,8,0,25270.075,0.0,,,0,0,0.297,0.0,20,4,800,,
1,cand,1480x800,idle-after,9,0,25419.917,0.0,,,0,0,0.248,0.0,21,4,800,,
1,cand,1480x800,idle-after,10,0,25569.946,0.0,,,0,0,0.286,0.0,21,4,800,,
1,cand,1480x800,idle-after,11,0,25720.166,0.0,,,0,0,0.326,0.0,21,4,800,,
1,cand,1480x800,idle-after,12,0,25869.533,0.0,,,0,0,0.288,0.0,20,4,800,,
1,cand,1480x800,idle-after,13,0,26020.166,0.0,,,0,0,0.272,0.0,21,4,5300,,
1,cand,1480x800,idle-after,14,0,26169.926,0.0,,,0,0,0.269,0.0,21,4,800,,
1,cand,1480x800,idle-after,15,0,26319.559,0.0,,,0,0,0.312,0.0,20,4,5276,,
1,cand,1480x800,idle-after,16,0,26469.689,0.0,,,0,0,0.264,0.0,21,4,5294,,
1,cand,1480x800,idle-after,17,0,26620.007,0.0,,,0,0,0.268,0.0,21,4,800,,
1,cand,1480x800,idle-after,18,0,26769.895,0.0,,,0,0,0.343,0.0,20,4,800,,
1,cand,1480x800,idle-after,19,0,26919.552,0.0,,,0,0,0.288,0.0,21,4,800,,
2,cand,1480x800,warmup,0,1,0.0,0.462,0.781,,0,0,0.295,0.0,21,3,800,,
2,cand,1480x800,warmup,1,1,150.009,0.454,0.7,7.719,1,1,4.999,0.0,23,3,800,3,5237
2,cand,1480x800,warmup,2,1,300.246,0.514,0.911,10.012,1,1,5.533,0.0,23,3,5257,3,5312
2,cand,1480x800,warmup,3,1,450.263,0.55,0.915,12.135,1,1,5.099,0.0,22,3,800,3,5299
2,cand,1480x800,warmup,4,1,600.227,0.538,0.865,14.478,1,1,5.02,0.0,23,3,5301,3,5180
2,cand,1480x800,warmup,5,1,750.076,0.524,0.841,9.566,1,1,5.399,0.0,23,3,800,3,5291
2,cand,1480x800,warmup,6,1,899.821,0.508,0.801,12.991,1,1,5.26,0.005,23,3,800,3,5310
2,cand,1480x800,warmup,7,1,1050.232,0.532,0.85,14.414,1,1,5.209,0.003,22,3,800,3,5289
2,cand,1480x800,warmup,8,1,1200.231,0.524,0.91,8.981,1,1,5.178,0.003,23,3,800,3,5199
2,cand,1480x800,warmup,9,1,1350.035,0.505,0.919,11.959,1,1,5.78,0.002,23,3,5282,3,5300
2,cand,1480x800,warmup,10,-1,1499.959,0.588,0.978,14.342,1,1,5.475,0.003,22,3,800,3,5051
2,cand,1480x800,warmup,11,-1,1649.947,0.527,0.784,8.547,1,1,5.323,0.0,23,3,5182,3,5303
2,cand,1480x800,warmup,12,-1,1800.231,0.513,0.846,10.868,1,1,4.963,0.005,23,3,800,3,5296
2,cand,1480x800,warmup,13,-1,1950.252,0.532,0.804,12.602,1,1,4.95,0.003,22,7,800,3,5289
2,cand,1480x800,warmup,14,-1,2100.228,0.437,0.847,14.929,1,1,5.044,0.016,24,7,5182,7,5309
2,cand,1480x800,warmup,15,-1,2249.811,0.545,0.88,10.057,1,1,5.605,0.0,23,7,5104,7,5290
2,cand,1480x800,warmup,16,-1,2400.018,0.441,0.812,12.739,1,1,5.208,0.0,22,7,5246,7,5287
2,cand,1480x800,warmup,17,-1,2549.638,0.735,1.191,15.693,1,1,6.848,0.003,24,3,800,3,5137
2,cand,1480x800,warmup,18,-1,2700.159,0.443,0.837,8.445,1,1,5.069,0.006,23,3,5268,3,5298
2,cand,1480x800,warmup,19,-1,2849.88,0.523,0.948,10.786,1,1,4.795,0.003,23,3,800,3,5300
2,cand,1480x800,idle-before,0,0,3022.508,0.0,,,0,0,0.255,0.003,20,3,800,,
2,cand,1480x800,idle-before,1,0,3172.916,0.0,,,0,0,0.269,0.0,21,3,800,,
2,cand,1480x800,idle-before,2,0,3322.92,0.0,,,0,0,0.279,0.003,21,3,5289,,
2,cand,1480x800,idle-before,3,0,3472.729,0.0,,,0,0,0.237,0.0,20,3,800,,
2,cand,1480x800,idle-before,4,0,3622.561,0.0,,,0,0,0.25,0.0,21,3,800,,
2,cand,1480x800,idle-before,5,0,3772.889,0.0,,,0,0,0.268,0.0,21,3,800,,
2,cand,1480x800,idle-before,6,0,3922.269,0.0,,,0,0,0.251,0.0,21,3,800,,
2,cand,1480x800,idle-before,7,0,4072.471,0.0,,,0,0,0.24,0.002,20,3,800,,
2,cand,1480x800,idle-before,8,0,4222.382,0.0,,,0,0,0.249,0.0,21,3,800,,
2,cand,1480x800,idle-before,9,0,4372.366,0.0,,,0,0,0.27,0.0,21,3,5275,,
2,cand,1480x800,idle-before,10,0,4522.771,0.0,,,0,0,0.238,0.003,20,3,5258,,
2,cand,1480x800,idle-before,11,0,4672.972,0.0,,,0,0,0.246,0.0,21,3,800,,
2,cand,1480x800,idle-before,12,0,4822.917,0.0,,,0,0,0.273,0.003,21,3,800,,
2,cand,1480x800,idle-before,13,0,4972.933,0.0,,,0,0,0.235,0.0,20,3,5249,,
2,cand,1480x800,idle-before,14,0,5122.767,0.0,,,0,0,0.245,0.0,21,3,800,,
2,cand,1480x800,idle-before,15,0,5272.903,0.0,,,0,0,0.245,0.0,21,3,800,,
2,cand,1480x800,idle-before,16,0,5422.351,0.0,,,0,0,0.27,0.0,21,3,800,,
2,cand,1480x800,idle-before,17,0,5572.92,0.0,,,0,0,0.292,0.006,20,3,5250,,
2,cand,1480x800,idle-before,18,0,5722.7,0.0,,,0,0,0.276,0.0,21,3,800,,
2,cand,1480x800,idle-before,19,0,5872.361,0.0,,,0,0,0.244,0.003,21,3,800,,
2,cand,1480x800,recorded,0,1,6045.224,0.479,0.849,13.725,1,1,5.333,0.003,22,3,5220,3,5301
2,cand,1480x800,recorded,1,1,6195.37,0.57,0.929,15.079,1,1,5.154,0.046,24,3,800,3,5306
2,cand,1480x800,recorded,2,1,6344.781,0.488,0.791,10.675,1,1,5.033,0.0,23,3,800,3,5289
2,cand,1480x800,recorded,3,1,6495.038,0.569,1.004,12.632,1,1,5.272,0.0,23,3,800,3,5294
2,cand,1480x800,recorded,4,1,6645.374,0.563,0.894,14.276,1,1,5.183,0.0,22,3,800,3,5250
2,cand,1480x800,recorded,5,1,6795.156,0.55,0.845,9.354,1,1,5.123,0.002,23,3,800,3,5286
2,cand,1480x800,recorded,6,1,6945.064,0.466,0.755,12.175,1,1,5.014,0.002,23,3,800,3,5300
2,cand,1480x800,recorded,7,1,7095.128,0.518,0.795,13.543,1,1,5.237,0.005,23,3,800,3,5305
2,cand,1480x800,recorded,8,1,7245.438,0.666,1.012,8.386,1,1,5.634,0.003,24,3,800,3,5135
2,cand,1480x800,recorded,9,1,7395.355,0.512,0.853,10.355,1,1,5.368,0.0,23,3,5232,3,5282
2,cand,1480x800,recorded,10,1,7545.353,0.506,0.873,13.172,1,1,5.29,0.003,22,3,5299,3,5183
2,cand,1480x800,recorded,11,1,7695.419,0.574,0.915,15.431,1,1,5.413,0.0,23,3,800,3,5300
2,cand,1480x800,recorded,12,1,7845.338,0.545,0.858,10.219,1,1,5.212,0.0,23,3,800,3,5294
2,cand,1480x800,recorded,13,1,7995.264,0.505,0.805,12.395,1,1,5.135,0.0,22,3,800,3,5321
2,cand,1480x800,recorded,14,1,8145.424,0.583,0.934,14.46,1,1,5.545,0.0,23,3,800,3,5245
2,cand,1480x800,recorded,15,1,8294.809,0.526,0.837,9.972,1,1,5.463,0.0,23,3,800,3,5087
2,cand,1480x800,recorded,16,1,8445.353,0.501,0.88,11.357,1,1,5.269,0.006,23,3,800,3,5233
2,cand,1480x800,recorded,17,1,8595.364,0.539,0.843,14.401,1,1,5.168,0.0,22,3,800,3,5305
2,cand,1480x800,recorded,18,1,8744.707,0.491,0.909,9.954,1,1,5.34,0.0,23,3,5090,3,5293
2,cand,1480x800,recorded,19,1,8895.385,0.449,0.87,11.213,1,1,5.01,0.052,23,2,800,3,5294
2,cand,1480x800,recorded,20,1,9044.831,0.505,0.765,13.878,1,1,5.055,0.0,22,2,800,2,5300
2,cand,1480x800,recorded,21,1,9195.343,0.508,0.877,8.133,1,1,5.254,0.003,23,7,5258,2,5307
2,cand,1480x800,recorded,22,1,9345.058,0.509,0.876,11.046,1,1,5.226,0.005,23,7,800,7,5292
2,cand,1480x800,recorded,23,1,9495.37,0.479,0.879,12.457,1,1,5.259,0.0,22,7,800,7,5277
2,cand,1480x800,recorded,24,1,9644.735,0.531,0.843,8.036,1,1,5.517,0.044,23,7,5302,7,5314
2,cand,1480x800,recorded,25,1,9795.401,0.542,0.872,10.692,1,1,5.116,0.003,23,7,5314,7,5096
2,cand,1480x800,recorded,26,1,9944.689,0.513,0.874,13.011,1,1,5.351,0.002,22,7,800,7,5301
2,cand,1480x800,recorded,27,1,10095.343,0.476,0.853,14.602,1,1,5.371,0.0,23,7,5247,7,5301
2,cand,1480x800,recorded,28,1,10245.343,0.55,0.868,9.306,1,1,5.217,0.002,23,7,5317,7,5300
2,cand,1480x800,recorded,29,1,10395.357,0.518,0.848,11.322,1,1,5.441,0.0,23,7,800,7,5307
2,cand,1480x800,recorded,30,-1,10544.69,0.56,0.873,15.178,1,1,5.238,0.0,22,7,800,7,5303
2,cand,1480x800,recorded,31,-1,10694.721,0.585,0.916,9.987,1,1,5.719,0.003,23,7,800,7,5195
2,cand,1480x800,recorded,32,-1,10844.708,0.449,0.886,11.062,1,1,5.287,0.0,23,7,800,7,5310
2,cand,1480x800,recorded,33,-1,10995.004,0.349,0.833,13.827,1,1,5.55,0.006,22,7,5082,7,5188
2,cand,1480x800,recorded,34,-1,11144.716,0.446,0.814,8.157,1,1,5.212,0.0,23,7,800,7,5305
2,cand,1480x800,recorded,35,-1,11294.756,0.548,0.824,10.866,1,1,5.456,0.058,23,7,800,7,5097
2,cand,1480x800,recorded,36,-1,11445.227,0.753,1.113,12.478,1,1,5.57,0.008,23,7,5099,7,5288
2,cand,1480x800,recorded,37,-1,11595.24,0.435,0.777,14.013,1,1,5.226,0.0,23,7,5302,7,5299
2,cand,1480x800,recorded,38,-1,11745.167,0.525,0.844,10.488,1,1,5.474,0.003,23,7,5309,7,5308
2,cand,1480x800,recorded,39,-1,11894.689,0.51,0.819,12.429,1,1,5.016,0.0,22,7,800,7,5300
2,cand,1480x800,recorded,40,-1,12045.367,0.492,0.76,14.403,1,1,5.211,0.0,23,7,800,7,5302
2,cand,1480x800,recorded,41,-1,12195.336,0.527,0.874,9.211,1,1,5.156,0.002,23,7,800,7,5292
2,cand,1480x800,recorded,42,-1,12345.365,0.67,0.999,11.106,1,1,5.565,0.015,24,7,800,7,5179
2,cand,1480x800,recorded,43,-1,12494.948,0.53,0.858,14.509,1,1,5.492,0.0,22,7,5294,7,5300
2,cand,1480x800,recorded,44,-1,12645.171,0.434,0.873,8.44,1,1,5.314,0.0,23,7,800,7,5298
2,cand,1480x800,recorded,45,-1,12795.298,0.574,0.824,11.377,1,1,6.162,0.007,23,7,800,7,5115
2,cand,1480x800,recorded,46,-1,12945.044,0.512,0.768,13.07,1,1,5.058,0.003,22,7,5276,7,5319
2,cand,1480x800,recorded,47,-1,13095.335,0.433,0.849,14.588,1,1,5.065,0.045,23,7,800,7,5276
2,cand,1480x800,recorded,48,-1,13245.337,0.592,0.892,9.329,1,1,5.078,0.003,23,7,5304,7,5269
2,cand,1480x800,recorded,49,-1,13394.712,0.538,0.887,13.062,1,1,5.564,0.005,23,7,800,7,5300
2,cand,1480x800,recorded,50,-1,13545.395,0.545,0.942,14.972,1,1,5.52,0.0,22,7,5298,7,5300
2,cand,1480x800,recorded,51,-1,13694.863,0.556,0.858,9.861,1,1,5.321,0.0,23,7,800,7,5308
2,cand,1480x800,recorded,52,-1,13845.341,0.441,0.861,11.174,1,1,5.312,0.0,23,7,800,7,5225
2,cand,1480x800,recorded,53,-1,13995.28,0.528,0.869,13.753,1,1,4.974,0.0,22,7,5308,7,5297
2,cand,1480x800,recorded,54,-1,14145.338,0.538,0.849,9.345,1,1,5.312,0.004,23,7,800,7,5296
2,cand,1480x800,recorded,55,-1,14295.365,0.544,0.862,10.537,1,1,5.472,0.0,23,7,800,7,5313
2,cand,1480x800,recorded,56,-1,14444.751,0.603,1.034,13.901,1,1,5.371,0.0,22,7,5228,7,5203
2,cand,1480x800,recorded,57,-1,14595.338,0.65,0.916,8.333,1,1,5.192,0.0,22,7,800,7,5168
2,cand,1480x800,recorded,58,-1,14745.364,0.542,0.881,9.506,1,1,5.279,0.003,23,7,5301,7,5273
2,cand,1480x800,recorded,59,-1,14894.782,0.51,0.809,12.926,1,1,4.796,0.051,22,0,5025,7,5293
2,cand,1480x800,recorded,60,1,15045.341,0.541,0.842,14.084,1,1,4.902,0.009,23,0,5302,0,5307
2,cand,1480x800,recorded,61,1,15195.166,0.55,0.855,9.509,1,1,5.032,0.002,23,0,800,0,5296
2,cand,1480x800,recorded,62,1,15345.14,0.524,0.738,12.392,1,1,5.052,0.061,23,0,5295,0,5294
2,cand,1480x800,recorded,63,1,15495.4,0.521,0.874,14.374,1,1,5.425,0.003,22,0,5304,0,5300
2,cand,1480x800,recorded,64,1,15645.351,0.462,0.895,9.34,1,1,5.428,0.006,23,0,800,0,5306
2,cand,1480x800,recorded,65,1,15795.344,0.448,0.86,11.027,1,1,5.075,0.0,23,0,800,0,5297
2,cand,1480x800,recorded,66,1,15945.007,0.552,0.87,14.613,1,1,5.448,0.006,22,0,5300,0,5296
2,cand,1480x800,recorded,67,1,16095.337,0.52,0.816,8.28,1,1,5.085,0.0,23,0,800,0,5300
2,cand,1480x800,recorded,68,1,16245.344,0.44,0.847,10.918,1,1,5.382,0.005,23,0,5152,0,5306
2,cand,1480x800,recorded,69,1,16395.343,0.529,0.842,12.362,1,1,5.409,0.032,22,0,5306,0,5304
2,cand,1480x800,recorded,70,1,16545.168,0.585,0.998,14.835,1,1,5.423,0.003,23,0,800,0,5302
2,cand,1480x800,recorded,71,1,16694.864,0.629,0.952,10.744,1,1,5.56,0.015,23,0,5301,0,5310
2,cand,1480x800,recorded,72,1,16845.164,0.519,0.811,12.542,1,1,5.272,0.007,23,0,5301,0,5292
2,cand,1480x800,recorded,73,1,16995.336,0.436,0.859,14.63,1,1,5.315,0.005,22,0,5295,0,5300
2,cand,1480x800,recorded,74,1,17145.398,0.571,0.959,9.205,1,1,5.472,0.02,24,0,800,0,5305
2,cand,1480x800,recorded,75,1,17295.326,0.441,0.864,11.559,1,1,5.678,0.032,23,0,5302,0,5310
2,cand,1480x800,recorded,76,1,17445.289,0.694,1.062,14.631,1,1,5.759,0.002,22,0,800,0,5295
2,cand,1480x800,recorded,77,1,17595.336,0.553,0.868,9.174,1,1,5.516,0.009,23,2,800,2,800
2,cand,1480x800,recorded,78,1,17744.711,0.523,0.835,11.517,1,1,5.289,0.0,23,2,800,2,5294
2,cand,1480x800,recorded,79,1,17894.881,0.515,0.812,13.622,1,1,4.97,0.0,22,2,800,2,5193
2,cand,1480x800,recorded,80,1,18045.082,0.5,0.731,8.04,1,1,5.211,0.004,23,2,5295,2,5299
2,cand,1480x800,recorded,81,1,18194.698,0.503,0.802,10.959,1,1,5.282,0.003,23,2,5081,2,5300
2,cand,1480x800,recorded,82,1,18344.622,0.531,0.827,13.101,1,1,5.032,0.003,22,2,5233,2,5271
2,cand,1480x800,recorded,83,1,18495.413,0.625,0.917,14.276,1,1,5.24,0.006,24,2,5289,2,5299
2,cand,1480x800,recorded,84,1,18645.355,0.457,0.897,9.827,1,1,5.59,0.0,23,2,5294,2,5091
2,cand,1480x800,recorded,85,1,18795.356,0.543,0.888,11.609,1,1,5.279,0.0,23,2,5178,2,5314
2,cand,1480x800,recorded,86,1,18945.252,0.435,0.819,14.074,1,1,4.96,0.0,22,2,800,2,5304
2,cand,1480x800,recorded,87,1,19095.388,0.545,0.852,9.097,1,1,5.043,0.002,23,2,800,2,5294
2,cand,1480x800,recorded,88,1,19245.345,0.532,0.851,11.312,1,1,5.186,0.002,23,0,5239,2,5308
2,cand,1480x800,recorded,89,1,19394.982,0.518,0.835,14.481,1,1,5.502,0.007,22,0,5303,0,5300
2,cand,1480x800,recorded,90,-1,19545.058,0.534,0.817,9.14,1,1,5.477,0.003,23,2,800,0,5300
2,cand,1480x800,recorded,91,-1,19695.359,0.473,0.883,10.36,1,1,5.37,0.0,23,2,800,2,5225
2,cand,1480x800,recorded,92,-1,19844.812,0.517,0.813,13.494,1,1,5.138,0.0,22,2,800,2,5308
2,cand,1480x800,recorded,93,-1,19995.047,0.509,0.808,7.637,1,1,5.099,0.0,22,2,5216,2,5212
2,cand,1480x800,recorded,94,-1,20145.343,0.507,0.817,10.139,1,1,5.149,0.0,23,2,5268,2,5321
2,cand,1480x800,recorded,95,-1,20295.379,0.513,0.841,12.885,1,1,5.595,0.0,22,2,800,2,5100
2,cand,1480x800,recorded,96,-1,20444.832,0.555,0.875,15.061,1,1,5.385,0.006,24,2,800,2,5300
2,cand,1480x800,recorded,97,-1,20595.336,0.481,0.783,8.829,1,1,5.062,0.003,23,2,800,2,5301
2,cand,1480x800,recorded,98,-1,20744.719,0.484,0.813,12.043,1,1,5.311,0.005,23,2,800,2,5220
2,cand,1480x800,recorded,99,-1,20894.69,0.481,0.794,14.974,1,1,5.252,0.003,22,2,800,2,5295
2,cand,1480x800,recorded,100,-1,21045.339,0.439,0.814,9.384,1,1,5.458,0.003,23,2,5297,2,5293
2,cand,1480x800,recorded,101,-1,21195.521,0.427,0.769,11.138,1,1,5.407,0.0,23,2,800,2,5295
2,cand,1480x800,recorded,102,-1,21344.592,0.418,0.756,14.138,1,1,5.433,0.0,22,2,5231,2,5300
2,cand,1480x800,recorded,103,-1,21494.724,0.456,0.965,8.998,1,1,5.635,0.0,23,2,800,2,5292
2,cand,1480x800,recorded,104,-1,21644.711,0.544,0.857,11.438,1,1,5.556,0.003,23,2,800,2,5300
2,cand,1480x800,recorded,105,-1,21795.139,0.457,0.873,12.538,1,1,5.247,0.0,22,2,800,2,5216
2,cand,1480x800,recorded,106,-1,21945.342,0.43,0.93,15.303,1,1,5.218,0.0,23,2,800,2,5300
2,cand,1480x800,recorded,107,-1,22094.559,0.519,0.811,10.087,1,1,5.137,0.047,23,2,800,2,5308
2,cand,1480x800,recorded,108,-1,22244.881,0.517,0.801,12.775,1,1,5.197,0.0,22,2,800,2,5296
2,cand,1480x800,recorded,109,-1,22394.712,0.55,0.929,15.074,1,1,5.576,0.0,23,2,800,2,5300
2,cand,1480x800,recorded,110,-1,22545.34,0.559,0.869,9.105,1,1,5.333,0.05,23,2,5308,2,5227
2,cand,1480x800,recorded,111,-1,22694.707,0.522,0.836,12.121,1,1,5.489,0.0,23,2,800,2,5262
2,cand,1480x800,recorded,112,-1,22845.048,0.527,0.808,13.671,1,1,5.356,0.004,22,2,5286,2,5262
2,cand,1480x800,recorded,113,-1,22994.687,0.528,0.815,9.334,1,1,5.228,0.003,23,2,800,2,5300
2,cand,1480x800,recorded,114,-1,23144.604,0.517,0.805,12.619,1,1,6.078,0.007,23,2,800,2,5300
2,cand,1480x800,recorded,115,-1,23294.716,0.395,0.81,13.957,1,1,5.481,0.003,22,2,800,2,5296
2,cand,1480x800,recorded,116,-1,23445.353,0.579,0.954,15.469,1,1,5.347,0.0,23,2,800,2,5306
2,cand,1480x800,recorded,117,-1,23595.34,0.548,0.865,9.859,1,1,4.911,0.044,23,2,5253,2,5096
2,cand,1480x800,recorded,118,-1,23745.405,0.586,0.884,11.425,1,1,5.061,0.0,23,2,800,2,5223
2,cand,1480x800,recorded,119,-1,23895.339,0.527,0.818,14.302,1,1,4.877,0.0,22,2,800,2,5302
2,cand,1480x800,idle-after,0,0,24068.95,0.0,,,0,0,0.537,0.003,21,2,800,,
2,cand,1480x800,idle-after,1,0,24219.43,0.0,,,0,0,0.347,0.0,21,2,800,,
2,cand,1480x800,idle-after,2,0,24368.812,0.0,,,0,0,0.332,0.0,21,2,5244,,
2,cand,1480x800,idle-after,3,0,24519.324,0.0,,,0,0,0.315,0.0,20,2,5293,,
2,cand,1480x800,idle-after,4,0,24669.437,0.0,,,0,0,0.316,0.01,21,2,800,,
2,cand,1480x800,idle-after,5,0,24819.37,0.0,,,0,0,0.256,0.0,21,2,5133,,
2,cand,1480x800,idle-after,6,0,24968.789,0.0,,,0,0,0.26,0.0,20,2,800,,
2,cand,1480x800,idle-after,7,0,25118.832,0.0,,,0,0,0.308,0.0,21,2,5315,,
2,cand,1480x800,idle-after,8,0,25269.432,0.0,,,0,0,0.286,0.0,21,2,800,,
2,cand,1480x800,idle-after,9,0,25419.435,0.0,,,0,0,0.284,0.0,20,2,800,,
2,cand,1480x800,idle-after,10,0,25569.429,0.0,,,0,0,0.358,0.003,21,2,800,,
2,cand,1480x800,idle-after,11,0,25719.437,0.0,,,0,0,0.257,0.0,21,2,5293,,
2,cand,1480x800,idle-after,12,0,25869.279,0.0,,,0,0,0.274,0.0,21,2,800,,
2,cand,1480x800,idle-after,13,0,26019.243,0.0,,,0,0,0.406,0.0,20,2,800,,
2,cand,1480x800,idle-after,14,0,26169.063,0.0,,,0,0,0.338,0.002,21,2,5234,,
2,cand,1480x800,idle-after,15,0,26319.036,0.0,,,0,0,0.327,0.0,21,2,5027,,
2,cand,1480x800,idle-after,16,0,26468.885,0.0,,,0,0,0.259,0.0,20,2,800,,
2,cand,1480x800,idle-after,17,0,26619.431,0.0,,,0,0,0.274,0.0,21,2,800,,
2,cand,1480x800,idle-after,18,0,26769.446,0.0,,,0,0,0.303,0.0,21,2,800,,
2,cand,1480x800,idle-after,19,0,26919.179,0.0,,,0,0,0.259,0.003,20,2,800,,
3,base,1480x800,warmup,0,1,0.0,0.488,0.798,,0,0,0.272,0.0,21,6,800,,
3,base,1480x800,warmup,1,1,150.177,0.403,0.753,7.866,1,1,5.333,0.0,23,6,800,6,5114
3,base,1480x800,warmup,2,1,300.745,0.556,0.904,10.191,1,1,5.019,0.0,23,6,800,6,5310
3,base,1480x800,warmup,3,1,450.541,0.529,0.843,12.17,1,1,5.202,0.0,22,6,800,6,5260
3,base,1480x800,warmup,4,1,600.63,0.52,0.824,14.145,1,1,5.0,0.003,23,6,800,6,5311
3,base,1480x800,warmup,5,1,750.741,0.536,0.841,9.009,1,1,5.186,0.0,23,6,800,6,5304
3,base,1480x800,warmup,6,1,900.226,0.474,0.778,12.744,1,1,5.101,0.0,23,6,800,6,5292
3,base,1480x800,warmup,7,1,1050.682,0.594,0.879,14.475,1,1,5.142,0.01,23,6,800,6,5314
3,base,1480x800,warmup,8,1,1200.81,0.554,0.89,8.8,1,1,5.253,0.003,23,6,800,6,5042
3,base,1480x800,warmup,9,1,1350.746,0.497,0.855,10.985,1,1,5.157,0.0,23,6,800,6,5101
3,base,1480x800,warmup,10,-1,1500.317,0.527,0.88,13.289,1,1,5.221,0.0,22,6,800,6,5226
3,base,1480x800,warmup,11,-1,1650.264,0.498,0.807,8.14,1,1,5.152,0.0,23,6,800,6,5312
3,base,1480x800,warmup,12,-1,1800.748,0.512,0.863,9.971,1,1,4.976,0.0,23,6,800,6,5293
3,base,1480x800,warmup,13,-1,1950.749,0.488,0.84,12.341,1,1,5.199,0.008,23,6,800,6,5100
3,base,1480x800,warmup,14,-1,2100.428,0.547,0.805,15.592,1,1,4.934,0.0,23,6,800,6,5298
3,base,1480x800,warmup,15,-1,2250.741,0.501,0.903,9.871,1,1,5.287,0.0,23,6,5284,6,5304
3,base,1480x800,warmup,16,-1,2400.754,0.53,0.886,12.324,1,1,5.254,0.0,22,6,800,6,5305
3,base,1480x800,warmup,17,-1,2550.756,0.518,0.954,14.042,1,1,5.289,0.0,23,6,5289,6,5308
3,base,1480x800,warmup,18,-1,2700.759,0.47,0.866,9.245,1,1,4.974,0.002,23,6,800,6,5301
3,base,1480x800,warmup,19,-1,2850.485,0.564,0.896,10.568,1,1,4.834,0.003,23,6,800,6,5019
3,base,1480x800,idle-before,0,0,3022.875,0.0,,,0,0,0.355,0.005,20,6,800,,
3,base,1480x800,idle-before,1,0,3172.597,0.0,,,0,0,0.258,0.0,21,6,800,,
3,base,1480x800,idle-before,2,0,3322.734,0.0,,,0,0,0.3,0.003,21,6,5202,,
3,base,1480x800,idle-before,3,0,3472.88,0.0,,,0,0,0.265,0.0,20,6,800,,
3,base,1480x800,idle-before,4,0,3622.487,0.0,,,0,0,0.276,0.003,21,6,800,,
3,base,1480x800,idle-before,5,0,3773.22,0.0,,,0,0,0.307,0.0,21,6,800,,
3,base,1480x800,idle-before,6,0,3923.214,0.0,,,0,0,0.237,0.0,20,6,800,,
3,base,1480x800,idle-before,7,0,4072.836,0.0,,,0,0,0.3,0.0,21,6,800,,
3,base,1480x800,idle-before,8,0,4223.236,0.0,,,0,0,0.37,0.0,21,6,800,,
3,base,1480x800,idle-before,9,0,4372.424,0.0,,,0,0,0.254,0.0,21,6,800,,
3,base,1480x800,idle-before,10,0,4522.583,0.0,,,0,0,0.235,0.0,20,6,800,,
3,base,1480x800,idle-before,11,0,4672.525,0.0,,,0,0,0.254,0.003,21,6,800,,
3,base,1480x800,idle-before,12,0,4823.217,0.0,,,0,0,0.249,0.0,21,6,800,,
3,base,1480x800,idle-before,13,0,4973.216,0.0,,,0,0,0.24,0.0,20,6,800,,
3,base,1480x800,idle-before,14,0,5123.22,0.0,,,0,0,0.326,0.0,21,6,800,,
3,base,1480x800,idle-before,15,0,5272.569,0.0,,,0,0,0.332,0.0,21,6,800,,
3,base,1480x800,idle-before,16,0,5422.916,0.0,,,0,0,0.291,0.0,20,6,800,,
3,base,1480x800,idle-before,17,0,5572.837,0.0,,,0,0,0.305,0.0,21,6,800,,
3,base,1480x800,idle-before,18,0,5723.244,0.0,,,0,0,0.301,0.0,21,6,5272,,
3,base,1480x800,idle-before,19,0,5872.67,0.0,,,0,0,0.311,0.006,21,6,5313,,
3,base,1480x800,recorded,0,1,6045.779,0.589,0.933,13.023,1,1,5.362,0.002,22,6,800,6,5301
3,base,1480x800,recorded,1,1,6195.85,0.453,0.894,15.135,1,1,5.316,0.004,23,6,800,6,5307
3,base,1480x800,recorded,2,1,6345.836,0.529,0.833,9.694,1,1,4.927,0.003,23,6,5165,6,5311
3,base,1480x800,recorded,3,1,6495.861,0.528,0.916,12.301,1,1,5.363,0.0,22,6,800,6,5302
3,base,1480x800,recorded,4,1,6645.838,0.503,0.823,14.2,1,1,4.96,0.0,23,6,800,6,5295
3,base,1480x800,recorded,5,1,6795.855,0.551,0.898,9.129,1,1,5.193,0.003,23,6,800,6,5162
3,base,1480x800,recorded,6,1,6945.885,0.505,0.819,10.801,1,1,4.934,0.003,23,6,800,6,5242
3,base,1480x800,recorded,7,1,7095.419,0.497,0.8,14.567,1,1,5.207,0.0,22,6,5154,6,5311
3,base,1480x800,recorded,8,1,7245.691,0.456,0.892,9.028,1,1,5.476,0.0,23,6,800,6,5305
3,base,1480x800,recorded,9,1,7395.47,0.535,0.867,13.528,1,1,5.38,0.005,23,6,800,6,5311
3,base,1480x800,recorded,10,1,7545.187,0.469,0.81,13.866,1,1,5.271,0.003,22,6,5305,6,5307
3,base,1480x800,recorded,11,1,7695.265,0.513,0.752,8.065,1,1,5.056,0.0,23,6,800,6,5317
3,base,1480x800,recorded,12,1,7845.84,0.418,0.927,10.189,1,1,5.067,0.0,23,7,800,6,5302
3,base,1480x800,recorded,13,1,7995.888,0.442,0.728,12.454,1,1,5.318,0.002,22,7,5243,7,5300
3,base,1480x800,recorded,14,1,8145.845,0.572,0.894,14.529,1,1,5.264,0.0,23,7,800,7,5317
3,base,1480x800,recorded,15,1,8295.72,0.681,1.05,10.458,1,1,5.406,0.006,23,7,5307,7,5292
3,base,1480x800,recorded,16,1,8445.86,0.547,0.846,12.346,1,1,5.431,0.006,23,7,5219,7,5300
3,base,1480x800,recorded,17,1,8595.187,0.508,0.794,14.835,1,1,5.153,0.0,22,7,800,7,5309
3,base,1480x800,recorded,18,1,8745.503,0.495,0.798,9.73,1,1,5.303,0.002,23,7,800,7,5157
3,base,1480x800,recorded,19,1,8895.84,0.534,0.832,11.222,1,1,5.088,0.0,23,7,800,7,5307
3,base,1480x800,recorded,20,1,9045.731,0.43,0.788,13.321,1,1,5.397,0.0,22,7,800,7,5310
3,base,1480x800,recorded,21,1,9195.308,0.521,0.742,8.873,1,1,5.422,0.003,23,7,800,7,5119
3,base,1480x800,recorded,22,1,9345.84,0.533,0.814,9.633,1,1,5.055,0.003,23,7,800,7,5290
3,base,1480x800,recorded,23,1,9495.874,0.523,0.834,13.158,1,1,5.478,0.008,23,7,800,7,5183
3,base,1480x800,recorded,24,1,9645.506,0.502,0.805,15.294,1,1,5.065,0.0,23,7,800,7,5253
3,base,1480x800,recorded,25,1,9795.721,0.425,0.866,10.294,1,1,5.164,0.009,23,7,800,7,5296
3,base,1480x800,recorded,26,1,9945.864,0.525,0.795,12.003,1,1,4.943,0.002,23,7,5293,7,5290
3,base,1480x800,recorded,27,1,10095.895,0.536,0.845,14.743,1,1,5.829,0.003,22,7,5299,7,5263
3,base,1480x800,recorded,28,1,10245.871,0.653,0.984,9.855,1,1,5.58,0.003,23,7,800,7,5294
3,base,1480x800,recorded,29,1,10395.189,0.54,0.834,15.848,1,1,5.468,0.003,23,7,800,7,5295
3,base,1480x800,recorded,30,-1,10545.453,0.538,0.902,14.658,1,1,5.7,0.002,22,7,800,7,5295
3,base,1480x800,recorded,31,-1,10695.205,0.559,0.873,9.787,1,1,5.537,0.002,23,7,5157,7,5102
3,base,1480x800,recorded,32,-1,10845.821,0.518,0.849,10.243,1,1,5.178,0.0,23,7,800,7,5304
3,base,1480x800,recorded,33,-1,10995.838,0.44,0.79,12.703,1,1,5.195,0.0,22,7,5263,7,5160
3,base,1480x800,recorded,34,-1,11145.286,0.509,0.839,8.404,1,1,5.3,0.0,23,7,800,7,5312
3,base,1480x800,recorded,35,-1,11295.845,0.533,0.826,10.154,1,1,5.282,0.0,23,7,5181,7,5292
3,base,1480x800,recorded,36,-1,11445.86,0.52,0.834,12.29,1,1,5.453,0.0,22,7,800,7,5295
3,base,1480x800,recorded,37,-1,11595.838,0.508,0.804,14.227,1,1,5.088,0.0,23,7,5279,7,5279
3,base,1480x800,recorded,38,-1,11745.852,0.505,0.791,9.231,1,1,5.126,0.0,23,7,800,7,5278
3,base,1480x800,recorded,39,-1,11895.838,0.515,0.802,11.603,1,1,5.189,0.0,23,7,800,7,5314
3,base,1480x800,recorded,40,-1,12045.324,0.457,0.823,14.953,1,1,5.486,0.002,22,7,800,7,5300
3,base,1480x800,recorded,41,-1,12195.836,0.525,0.838,9.304,1,1,5.477,0.002,23,7,800,7,5307
3,base,1480x800,recorded,42,-1,12345.84,0.501,0.803,11.218,1,1,5.365,0.0,23,7,4999,7,5290
3,base,1480x800,recorded,43,-1,12495.268,0.544,0.939,13.88,1,1,5.469,0.0,22,7,800,7,5306
3,base,1480x800,recorded,44,-1,12645.238,0.512,0.798,9.597,1,1,5.974,0.005,23,7,800,7,5297
3,base,1480x800,recorded,45,-1,12795.847,0.502,0.828,10.415,1,1,5.33,0.045,23,7,800,7,5255
3,base,1480x800,recorded,46,-1,12945.836,0.485,0.833,12.283,1,1,5.117,0.0,22,7,800,7,5103
3,base,1480x800,recorded,47,-1,13095.878,0.218,0.72,15.251,1,1,5.492,0.0,23,7,800,7,5306
3,base,1480x800,recorded,48,-1,13245.247,0.574,0.94,10.649,1,1,5.586,0.003,23,7,800,7,5315
3,base,1480x800,recorded,49,-1,13395.769,0.563,0.853,15.521,1,1,5.63,0.003,22,7,800,7,5140
3,base,1480x800,recorded,50,-1,13545.187,0.616,0.778,15.276,1,1,5.41,0.003,23,7,800,7,5304
3,base,1480x800,recorded,51,-1,13695.185,0.5,0.796,9.871,1,1,5.278,0.0,23,7,800,7,5316
3,base,1480x800,recorded,52,-1,13845.846,0.527,0.849,11.704,1,1,5.288,0.007,23,7,800,7,5299
3,base,1480x800,recorded,53,-1,13995.579,0.497,0.795,14.086,1,1,5.152,0.003,22,7,800,7,5296
3,base,1480x800,recorded,54,-1,14145.266,0.519,0.892,9.546,1,1,5.479,0.005,23,7,800,7,5295
3,base,1480x800,recorded,55,-1,14295.886,0.515,0.826,10.233,1,1,5.022,0.005,24,7,800,7,5316
3,base,1480x800,recorded,56,-1,14445.206,0.526,0.751,13.772,1,1,5.216,0.0,22,7,800,7,5295
3,base,1480x800,recorded,57,-1,14595.611,0.536,0.873,8.457,1,1,5.152,0.003,22,7,800,7,5298
3,base,1480x800,recorded,58,-1,14745.64,0.497,0.773,9.431,1,1,4.814,0.008,24,7,5261,7,5300
3,base,1480x800,recorded,59,-1,14895.847,0.544,0.803,12.186,1,1,4.923,0.004,22,7,800,7,5296
3,base,1480x800,recorded,60,1,15045.867,0.485,0.911,14.164,1,1,5.094,0.0,23,7,800,7,5314
3,base,1480x800,recorded,61,1,15195.864,0.545,0.851,9.637,1,1,5.154,0.003,23,7,800,7,5309
3,base,1480x800,recorded,62,1,15345.191,0.508,0.795,12.404,1,1,5.155,0.0,23,7,800,7,5299
3,base,1480x800,recorded,63,1,15495.662,0.552,0.864,14.388,1,1,5.209,0.0,22,7,5253,7,5299
3,base,1480x800,recorded,64,1,15645.768,0.555,0.853,9.402,1,1,5.281,0.003,23,7,800,7,5298
3,base,1480x800,recorded,65,1,15795.188,0.494,0.783,11.676,1,1,5.03,0.005,23,7,800,7,5305
3,base,1480x800,recorded,66,1,15945.187,0.442,0.824,14.054,1,1,4.979,0.0,22,7,5151,7,5300
3,base,1480x800,recorded,67,1,16095.514,0.496,0.764,9.117,1,1,5.347,0.005,23,7,800,7,5310
3,base,1480x800,recorded,68,1,16245.85,0.54,0.8,10.408,1,1,5.486,0.003,23,7,800,7,5320
3,base,1480x800,recorded,69,1,16395.839,0.505,0.802,16.128,1,1,5.722,0.008,22,7,5287,7,5112
3,base,1480x800,recorded,70,1,16545.887,0.578,1.043,15.222,1,1,5.406,0.005,23,7,800,7,5299
3,base,1480x800,recorded,71,1,16695.65,0.421,0.835,10.184,1,1,5.335,0.0,23,7,800,7,5298
3,base,1480x800,recorded,72,1,16845.188,0.51,0.801,12.991,1,1,5.193,0.0,22,7,800,7,5312
3,base,1480x800,recorded,73,1,16995.883,0.502,0.785,14.231,1,1,5.313,0.0,23,7,5241,7,5314
3,base,1480x800,recorded,74,1,17145.867,0.54,0.859,9.498,1,1,5.312,0.003,23,7,800,7,5290
3,base,1480x800,recorded,75,1,17295.191,0.531,0.736,12.109,1,1,5.273,0.0,23,7,800,7,5280
3,base,1480x800,recorded,76,1,17445.242,0.519,0.783,14.797,1,1,5.348,0.0,22,7,800,7,5291
3,base,1480x800,recorded,77,1,17595.187,0.498,0.784,9.867,1,1,5.43,0.003,23,7,800,7,5095
3,base,1480x800,recorded,78,1,17745.84,0.514,0.816,10.823,1,1,5.324,0.0,23,7,5054,7,5110
3,base,1480x800,recorded,79,1,17895.85,0.515,0.825,12.982,1,1,5.096,0.0,22,1,5303,7,5309
3,base,1480x800,recorded,80,1,18045.777,0.554,0.881,15.275,1,1,5.366,0.0,23,1,5295,1,5305
3,base,1480x800,recorded,81,1,18195.193,0.51,0.824,10.625,1,1,5.43,0.008,23,1,5302,1,5190
3,base,1480x800,recorded,82,1,18345.866,0.449,0.871,12.125,1,1,5.496,0.002,22,1,5304,1,5293
3,base,1480x800,recorded,83,1,18495.86,0.541,0.826,14.767,1,1,5.415,0.005,23,7,800,1,5300
3,base,1480x800,recorded,84,1,18645.861,0.515,0.811,9.502,1,1,5.166,0.006,23,7,5293,7,5308
3,base,1480x800,recorded,85,1,18795.836,0.462,0.795,11.973,1,1,5.361,0.042,22,6,800,7,5190
3,base,1480x800,recorded,86,1,18945.188,0.444,0.725,14.727,1,1,5.147,0.0,23,6,800,6,5314
3,base,1480x800,recorded,87,1,19095.58,0.446,0.787,9.403,1,1,5.304,0.016,24,6,5129,6,5313
3,base,1480x800,recorded,88,1,19245.875,0.55,0.918,11.522,1,1,5.417,0.006,23,6,800,6,5300
3,base,1480x800,recorded,89,1,19395.332,0.451,0.79,17.35,1,1,5.485,0.003,22,6,800,6,5187
3,base,1480x800,recorded,90,-1,19545.264,0.474,0.832,8.787,1,1,5.246,0.008,24,6,800,6,5299
3,base,1480x800,recorded,91,-1,19695.189,0.439,0.787,10.965,1,1,5.37,0.002,23,6,800,6,5308
3,base,1480x800,recorded,92,-1,19845.826,0.431,0.788,12.598,1,1,4.927,0.002,22,6,5281,6,5290
3,base,1480x800,recorded,93,-1,19995.842,0.501,0.818,15.121,1,1,5.191,0.005,23,1,5294,6,5287
3,base,1480x800,recorded,94,-1,20145.859,0.473,0.83,10.146,1,1,5.389,0.004,23,1,5293,1,5303
3,base,1480x800,recorded,95,-1,20295.77,0.435,0.85,12.156,1,1,5.046,0.0,22,1,5303,1,5295
3,base,1480x800,recorded,96,-1,20445.347,0.472,0.885,14.639,1,1,5.452,0.0,23,1,800,1,5292
3,base,1480x800,recorded,97,-1,20595.716,0.449,0.81,9.24,1,1,5.218,0.004,23,1,800,1,5302
3,base,1480x800,recorded,98,-1,20745.843,0.403,0.808,11.179,1,1,5.233,0.003,23,1,5297,1,5296
3,base,1480x800,recorded,99,-1,20895.617,0.46,0.804,14.174,1,1,5.155,0.005,22,1,5301,1,5307
3,base,1480x800,recorded,100,-1,21045.696,0.478,0.836,9.197,1,1,5.32,0.003,23,1,800,1,5299
3,base,1480x800,recorded,101,-1,21195.561,0.425,0.859,11.151,1,1,5.274,0.005,23,1,5309,1,5296
3,base,1480x800,recorded,102,-1,21345.84,0.455,0.785,13.07,1,1,5.199,0.008,22,1,5318,1,5296
3,base,1480x800,recorded,103,-1,21495.897,0.509,0.911,15.082,1,1,5.496,0.0,23,1,800,1,5292
3,base,1480x800,recorded,104,-1,21645.84,0.428,0.841,10.031,1,1,5.144,0.007,23,1,5302,1,5299
3,base,1480x800,recorded,105,-1,21795.853,0.505,0.813,12.096,1,1,5.133,0.0,22,1,5162,1,5299
3,base,1480x800,recorded,106,-1,21945.371,0.423,0.816,14.788,1,1,5.02,0.013,23,1,5300,1,5296
3,base,1480x800,recorded,107,-1,22095.862,0.439,0.791,9.646,1,1,5.34,0.003,23,1,800,1,5309
3,base,1480x800,recorded,108,-1,22245.863,0.465,0.942,11.532,1,1,5.164,0.0,23,1,5307,1,5301
3,base,1480x800,recorded,109,-1,22395.84,0.435,0.786,17.68,1,1,5.504,0.009,22,1,5290,1,5305
3,base,1480x800,recorded,110,-1,22545.468,0.468,0.883,9.531,1,1,5.22,0.012,23,1,5300,1,5297
3,base,1480x800,recorded,111,-1,22695.842,0.415,0.753,11.108,1,1,5.179,0.012,23,1,5294,1,5294
3,base,1480x800,recorded,112,-1,22845.185,0.453,0.797,13.832,1,1,5.24,0.011,22,1,5299,1,5302
3,base,1480x800,recorded,113,-1,22995.263,0.461,0.807,10.103,1,1,5.896,0.011,23,6,5296,1,5303
3,base,1480x800,recorded,114,-1,23145.903,0.442,0.854,10.308,1,1,5.278,0.0,23,6,5297,6,5313
3,base,1480x800,recorded,115,-1,23295.713,0.533,0.966,13.138,1,1,5.231,0.0,22,6,800,6,5305
3,base,1480x800,recorded,116,-1,23445.859,0.458,0.905,15.199,1,1,5.176,0.0,23,6,800,6,5294
3,base,1480x800,recorded,117,-1,23595.86,0.52,0.864,9.64,1,1,4.781,0.0,23,6,5283,6,5295
3,base,1480x800,recorded,118,-1,23745.84,0.49,0.802,12.126,1,1,4.765,0.0,22,6,800,6,5305
3,base,1480x800,recorded,119,-1,23895.838,0.439,0.829,13.939,1,1,4.649,0.006,23,6,800,6,5200
3,base,1480x800,idle-after,0,0,24068.839,0.0,,,0,0,0.275,0.003,21,6,5299,,
3,base,1480x800,idle-after,1,0,24219.212,0.0,,,0,0,0.384,0.003,21,6,800,,
3,base,1480x800,idle-after,2,0,24368.896,0.0,,,0,0,0.243,0.002,20,6,800,,
3,base,1480x800,idle-after,3,0,24519.654,0.0,,,0,0,0.278,0.0,21,6,5289,,
3,base,1480x800,idle-after,4,0,24669.556,0.0,,,0,0,0.296,0.0,21,6,800,,
3,base,1480x800,idle-after,5,0,24819.013,0.0,,,0,0,0.299,0.0,21,6,800,,
3,base,1480x800,idle-after,6,0,24969.17,0.0,,,0,0,0.303,0.005,20,6,5303,,
3,base,1480x800,idle-after,7,0,25119.513,0.0,,,0,0,0.263,0.0,21,1,5305,,
3,base,1480x800,idle-after,8,0,25269.613,0.0,,,0,0,0.278,0.0,21,1,5312,,
3,base,1480x800,idle-after,9,0,25419.306,0.0,,,0,0,0.32,0.0,20,1,800,,
3,base,1480x800,idle-after,10,0,25568.966,0.0,,,0,0,0.307,0.0,21,1,800,,
3,base,1480x800,idle-after,11,0,25719.631,0.0,,,0,0,0.31,0.002,21,1,800,,
3,base,1480x800,idle-after,12,0,25868.835,0.0,,,0,0,0.244,0.003,20,1,800,,
3,base,1480x800,idle-after,13,0,26019.021,0.0,,,0,0,0.234,0.012,21,1,5308,,
3,base,1480x800,idle-after,14,0,26169.277,0.0,,,0,0,0.258,0.003,21,1,5299,,
3,base,1480x800,idle-after,15,0,26319.612,0.0,,,0,0,0.263,0.006,21,1,5301,,
3,base,1480x800,idle-after,16,0,26469.359,0.0,,,0,0,0.281,0.0,20,1,800,,
3,base,1480x800,idle-after,17,0,26618.973,0.0,,,0,0,0.31,0.0,21,1,800,,
3,base,1480x800,idle-after,18,0,26769.612,0.0,,,0,0,0.35,0.003,21,1,5301,,
3,base,1480x800,idle-after,19,0,26919.612,0.0,,,0,0,0.336,0.0,20,1,800,,
4,cand,461x490,warmup,0,1,0.0,0.448,0.925,,0,0,0.292,0.0,21,4,800,,
4,cand,461x490,warmup,1,1,150.033,0.475,0.785,12.406,1,1,3.746,0.0,23,4,800,4,5300
4,cand,461x490,warmup,2,1,300.229,0.552,0.858,6.879,1,1,3.474,0.0,23,4,800,4,5300
4,cand,461x490,warmup,3,1,450.715,0.498,0.805,8.624,1,1,3.093,0.005,23,4,800,4,5300
4,cand,461x490,warmup,4,1,600.102,0.429,0.832,11.163,1,1,3.282,0.0,22,4,800,4,5300
4,cand,461x490,warmup,5,1,750.741,0.522,0.799,5.341,1,1,3.464,0.006,23,4,800,4,5303
4,cand,461x490,warmup,6,1,900.156,0.425,0.866,8.775,1,1,3.423,0.002,23,4,800,4,5314
4,cand,461x490,warmup,7,1,1050.514,0.514,0.794,10.086,1,1,3.356,0.0,22,4,800,4,5300
4,cand,461x490,warmup,8,1,1200.733,0.525,0.8,12.339,1,1,3.331,0.003,23,4,800,4,5292
4,cand,461x490,warmup,9,1,1350.713,0.5,0.776,6.557,1,1,3.336,0.0,23,1,800,4,5300
4,cand,461x490,warmup,10,-1,1500.414,0.498,0.883,9.369,1,1,3.174,0.0,23,4,5231,4,5300
4,cand,461x490,warmup,11,-1,1650.353,0.38,0.8,11.961,1,1,3.363,0.0,22,4,800,4,5273
4,cand,461x490,warmup,12,-1,1800.768,0.55,0.951,6.969,1,1,3.553,0.003,23,4,800,4,5297
4,cand,461x490,warmup,13,-1,1950.163,0.45,0.872,9.101,1,1,3.302,0.0,23,4,5276,4,5300
4,cand,461x490,warmup,14,-1,2100.414,0.519,0.778,11.125,2,2,6.218,0.003,24,4,800,4,5300
4,cand,461x490,warmup,15,-1,2250.032,0.538,0.859,6.904,1,1,3.362,0.002,23,4,800,4,5300
4,cand,461x490,warmup,16,-1,2400.716,0.507,0.812,8.244,1,1,3.33,0.0,23,4,800,4,5300
4,cand,461x490,warmup,17,-1,2550.247,0.504,0.789,10.684,1,1,3.378,0.0,22,4,5188,4,5300
4,cand,461x490,warmup,18,-1,2700.71,0.469,0.748,12.854,1,1,3.172,0.004,23,4,5174,4,5300
4,cand,461x490,warmup,19,-1,2850.496,0.51,0.782,7.502,1,1,3.244,0.0,23,4,800,4,5300
4,cand,461x490,idle-before,0,0,3023.375,0.0,,,0,0,0.269,0.044,21,4,800,,
4,cand,461x490,idle-before,1,0,3173.257,0.0,,,0,0,0.245,0.0,20,4,800,,
4,cand,461x490,idle-before,2,0,3323.896,0.0,,,0,0,0.309,0.0,21,4,800,,
4,cand,461x490,idle-before,3,0,3473.72,0.0,,,0,0,0.249,0.0,21,4,5300,,
4,cand,461x490,idle-before,4,0,3623.486,0.0,,,0,0,0.286,0.0,20,4,800,,
4,cand,461x490,idle-before,5,0,3773.87,0.0,,,0,0,0.274,0.0,21,4,800,,
4,cand,461x490,idle-before,6,0,3923.142,0.0,,,0,0,0.271,0.0,21,4,800,,
4,cand,461x490,idle-before,7,0,4073.727,0.0,,46.416,1,1,3.542,0.0,22,4,800,,
4,cand,461x490,idle-before,8,0,4223.262,0.0,,,0,0,0.282,0.003,21,4,800,,
4,cand,461x490,idle-before,9,0,4373.896,0.0,,,0,0,0.278,0.0,21,4,800,,
4,cand,461x490,idle-before,10,0,4523.896,0.0,,,0,0,0.273,0.009,21,4,5172,,
4,cand,461x490,idle-before,11,0,4673.446,0.0,,47.657,1,1,3.492,0.004,22,1,5299,,
4,cand,461x490,idle-before,12,0,4823.404,0.0,,,0,0,0.293,0.0,21,1,800,,
4,cand,461x490,idle-before,13,0,4973.773,0.0,,,0,0,0.318,0.002,21,1,5300,,
4,cand,461x490,idle-before,14,0,5123.464,0.0,,,0,0,0.35,0.0,20,1,800,,
4,cand,461x490,idle-before,15,0,5273.243,0.0,,,0,0,0.26,0.052,21,1,800,,
4,cand,461x490,idle-before,16,0,5423.895,0.0,,,0,0,0.257,0.0,21,1,800,,
4,cand,461x490,idle-before,17,0,5573.711,0.0,,,0,0,0.272,0.0,20,1,800,,
4,cand,461x490,idle-before,18,0,5723.626,0.0,,,0,0,0.344,0.049,21,4,800,,
4,cand,461x490,idle-before,19,0,5873.712,0.0,,,0,0,0.303,0.0,21,4,800,,
4,cand,461x490,recorded,0,1,6047.038,0.479,1.026,7.955,1,1,3.798,0.03,23,4,5280,4,5300
4,cand,461x490,recorded,1,1,6197.224,0.524,0.862,10.316,1,1,3.594,0.0,23,4,800,4,5298
4,cand,461x490,recorded,2,1,6347.217,0.452,0.84,11.576,1,1,3.385,0.002,22,4,5280,4,5300
4,cand,461x490,recorded,3,1,6497.151,0.378,0.855,6.675,1,1,3.278,0.003,23,4,5286,4,5283
4,cand,461x490,recorded,4,1,6647.061,0.525,0.836,9.324,1,1,3.137,0.005,23,4,5297,4,5300
4,cand,461x490,recorded,5,1,6797.161,0.461,0.832,11.175,1,1,3.495,0.0,22,4,800,4,5300
4,cand,461x490,recorded,6,1,6947.162,0.478,0.843,6.562,1,1,3.382,0.008,23,4,800,4,5315
4,cand,461x490,recorded,7,1,7096.602,0.442,0.788,9.11,1,1,3.45,0.0,23,4,800,4,5300
4,cand,461x490,recorded,8,1,7247.064,0.479,0.825,11.344,1,1,3.525,0.0,22,4,800,4,5300
4,cand,461x490,recorded,9,1,7397.157,0.443,0.793,5.407,1,1,3.335,0.0,23,4,800,4,5284
4,cand,461x490,recorded,10,1,7547.1,0.432,0.784,7.567,1,1,3.279,0.0,23,4,800,4,5300
4,cand,461x490,recorded,11,1,7696.859,0.439,0.805,10.208,1,1,3.19,0.002,22,4,800,4,5300
4,cand,461x490,recorded,12,1,7847.159,0.404,0.92,12.194,1,1,3.376,0.0,23,6,5041,4,5270
4,cand,461x490,recorded,13,1,7996.761,0.507,0.808,7.485,2,2,6.14,0.005,25,6,800,6,5300
4,cand,461x490,recorded,14,1,8147.129,0.523,0.818,9.204,1,1,3.29,0.005,22,7,800,6,5300
4,cand,461x490,recorded,15,1,8296.559,0.611,1.056,12.657,1,1,3.733,0.0,23,7,5304,7,5301
4,cand,461x490,recorded,16,1,8447.158,0.503,0.798,6.402,1,1,3.478,0.0,23,7,800,7,5300
4,cand,461x490,recorded,17,1,8597.22,0.555,0.857,8.6,1,1,3.461,0.0,23,7,800,7,5300
4,cand,461x490,recorded,18,1,8746.505,0.428,0.808,12.014,1,1,3.153,0.057,22,2,5285,2,5298
4,cand,461x490,recorded,19,1,8896.572,0.687,0.99,6.692,1,1,3.43,0.002,23,2,800,2,5300
4,cand,461x490,recorded,20,1,9046.51,0.513,0.8,8.547,1,1,3.313,0.005,23,2,800,2,5300
4,cand,461x490,recorded,21,1,9196.58,0.497,0.816,11.476,1,1,3.569,0.003,22,2,800,2,5294
4,cand,461x490,recorded,22,1,9347.16,0.639,0.926,12.986,1,1,3.356,0.0,23,2,800,2,5290
4,cand,461x490,recorded,23,1,9496.398,0.452,0.849,8.319,1,1,3.34,0.0,23,2,800,2,5300
4,cand,461x490,recorded,24,1,9647.166,0.503,0.786,9.396,2,2,6.253,0.009,24,2,800,2,5300
4,cand,461x490,recorded,25,1,9796.761,0.521,0.873,12.539,1,1,3.178,0.0,23,2,800,2,5300
4,cand,461x490,recorded,26,1,9946.608,0.528,0.832,7.381,1,1,3.499,0.0,23,2,5312,2,5300
4,cand,461x490,recorded,27,1,10096.787,0.538,0.784,9.76,1,1,3.75,0.005,23,6,5086,2,5300
4,cand,461x490,recorded,28,1,10246.789,0.598,0.871,11.817,1,1,3.752,0.005,22,2,800,6,5298
4,cand,461x490,recorded,29,1,10397.156,0.509,0.797,6.361,1,1,3.248,0.003,23,2,800,2,5300
4,cand,461x490,recorded,30,-1,10546.51,0.49,0.773,9.264,1,1,3.457,0.0,23,2,800,2,5300
4,cand,461x490,recorded,31,-1,10696.602,0.497,0.776,11.515,1,1,3.204,0.0,22,2,800,2,5294
4,cand,461x490,recorded,32,-1,10847.198,0.487,0.778,5.251,1,1,3.193,0.0,23,2,5284,2,5300
4,cand,461x490,recorded,33,-1,10996.77,0.515,0.812,8.058,1,1,3.272,0.006,23,2,800,2,5300
4,cand,461x490,recorded,34,-1,11147.132,0.508,0.789,10.235,1,1,3.597,0.0,22,6,800,2,5300
4,cand,461x490,recorded,35,-1,11297.175,0.599,0.925,12.805,1,1,3.821,0.002,23,6,5202,6,5299
4,cand,461x490,recorded,36,-1,11446.856,0.498,0.811,7.276,1,1,3.572,0.002,23,6,800,6,5300
4,cand,461x490,recorded,37,-1,11596.509,0.506,0.789,9.87,1,1,3.999,0.003,23,2,800,6,5244
4,cand,461x490,recorded,38,-1,11747.051,0.462,1.011,12.299,1,1,3.918,0.005,22,2,800,2,5301
4,cand,461x490,recorded,39,-1,11897.201,0.507,0.817,6.776,1,1,3.814,0.003,23,2,800,2,5300
4,cand,461x490,recorded,40,-1,12046.397,0.519,0.817,10.139,1,1,3.732,0.005,23,6,5228,2,5249
4,cand,461x490,recorded,41,-1,12196.913,0.558,0.887,11.419,1,1,3.817,0.002,22,6,800,6,5300
4,cand,461x490,recorded,42,-1,12347.202,0.505,0.796,5.804,1,1,3.611,0.006,23,6,800,6,5300
4,cand,461x490,recorded,43,-1,12496.798,0.488,0.766,8.917,2,2,6.298,0.051,25,7,5305,6,5300
4,cand,461x490,recorded,44,-1,12646.624,0.513,0.803,11.474,1,1,3.437,0.0,22,7,800,7,5228
4,cand,461x490,recorded,45,-1,12797.199,0.534,0.866,13.271,1,1,3.787,0.003,23,7,5309,7,5298
4,cand,461x490,recorded,46,-1,12947.14,0.535,1.221,7.934,1,1,3.693,0.003,22,7,800,7,5300
4,cand,461x490,recorded,47,-1,13097.166,0.503,0.808,10.302,1,1,3.513,0.0,21,7,5112,7,5298
4,cand,461x490,recorded,48,-1,13247.185,0.465,0.875,12.369,1,1,3.716,0.0,22,7,800,7,5300
4,cand,461x490,recorded,49,-1,13397.156,0.559,0.862,7.418,1,1,3.717,0.005,23,7,5240,7,5300
4,cand,461x490,recorded,50,-1,13547.156,0.573,0.858,9.442,1,1,3.643,0.0,23,7,5265,7,5300
4,cand,461x490,recorded,51,-1,13697.21,0.496,0.78,12.013,1,1,3.562,0.0,22,7,5172,7,5289
4,cand,461x490,recorded,52,-1,13847.159,0.525,0.826,6.722,1,1,3.558,0.0,23,7,800,7,5300
4,cand,461x490,recorded,53,-1,13996.515,0.531,0.817,9.215,1,1,3.799,0.008,23,7,5301,7,5285
4,cand,461x490,recorded,54,-1,14146.684,0.496,0.776,11.777,2,2,6.57,0.0,24,7,800,7,5300
4,cand,461x490,recorded,55,-1,14296.403,0.549,0.84,6.639,1,1,3.717,0.002,23,7,5321,7,5300
4,cand,461x490,recorded,56,-1,14447.174,0.498,0.796,8.362,1,1,3.886,0.003,23,7,800,7,5262
4,cand,461x490,recorded,57,-1,14596.999,0.501,0.801,10.36,1,1,3.606,0.006,22,7,5207,7,5300
4,cand,461x490,recorded,58,-1,14746.788,0.516,0.834,12.639,1,1,3.511,0.0,23,7,800,7,5300
4,cand,461x490,recorded,59,-1,14896.749,0.513,0.809,7.842,1,1,3.909,0.002,23,7,5059,7,5300
4,cand,461x490,recorded,60,1,15047.194,0.55,1.025,10.135,1,1,3.869,0.002,22,7,800,7,5241
4,cand,461x490,recorded,61,1,15196.816,0.491,0.861,12.439,1,1,3.666,0.0,23,7,5232,7,5298
4,cand,461x490,recorded,62,1,15346.587,0.524,0.801,7.29,1,1,3.491,0.004,22,7,5201,7,5300
4,cand,461x490,recorded,63,1,15497.157,0.512,0.785,8.916,1,1,3.833,0.0,23,7,5305,7,5300
4,cand,461x490,recorded,64,1,15646.879,0.666,0.83,11.159,1,1,3.221,0.0,22,7,800,7,5297
4,cand,461x490,recorded,65,1,15796.802,0.532,0.823,6.763,1,1,3.506,0.004,22,7,5150,7,5298
4,cand,461x490,recorded,66,1,15947.187,0.645,0.972,8.504,1,1,3.729,0.006,23,2,1334,7,5295
4,cand,461x490,recorded,67,1,16096.648,0.635,0.911,10.834,1,1,3.688,0.0,22,7,5110,2,5258
4,cand,461x490,recorded,68,1,16246.588,0.552,0.828,5.87,1,1,3.737,0.0,23,7,800,7,5300
4,cand,461x490,recorded,69,1,16396.471,0.504,0.786,7.366,1,1,3.609,0.0,23,7,5302,7,5300
4,cand,461x490,recorded,70,1,16546.683,0.506,0.78,10.629,1,1,3.258,0.003,22,7,5258,7,5301
4,cand,461x490,recorded,71,1,16697.192,0.481,0.827,12.065,1,1,3.495,0.0,22,7,5293,7,5300
4,cand,461x490,recorded,72,1,16847.152,0.519,0.819,6.719,1,1,3.645,0.004,23,7,800,7,5300
4,cand,461x490,recorded,73,1,16997.174,0.518,0.832,9.245,2,2,6.653,0.005,24,7,5290,7,5300
4,cand,461x490,recorded,74,1,17146.568,0.443,0.821,12.008,1,1,3.394,0.03,23,7,800,7,5291
4,cand,461x490,recorded,75,1,17297.177,0.556,0.86,6.331,1,1,3.755,0.0,22,7,5299,7,5300
4,cand,461x490,recorded,76,1,17446.424,0.537,0.866,9.065,1,1,3.559,0.0,23,7,800,7,5300
4,cand,461x490,recorded,77,1,17596.738,0.534,0.811,11.622,1,1,3.75,0.0,22,7,5187,7,5300
4,cand,461x490,recorded,78,1,17747.155,0.512,0.79,4.662,1,1,3.327,0.0,23,7,5198,7,5300
4,cand,461x490,recorded,79,1,17897.119,0.484,0.898,8.266,1,1,4.115,0.002,23,7,5211,7,5300
4,cand,461x490,recorded,80,1,18046.888,0.524,0.846,10.578,1,1,3.569,0.0,22,7,800,7,5300
4,cand,461x490,recorded,81,1,18197.184,0.487,0.881,12.848,1,1,3.814,0.003,23,7,5311,7,5310
4,cand,461x490,recorded,82,1,18347.159,0.514,0.805,7.106,1,1,3.677,0.002,23,7,800,7,5300
4,cand,461x490,recorded,83,1,18497.161,0.512,0.789,9.088,1,1,3.498,0.002,22,7,5296,7,5300
4,cand,461x490,recorded,84,1,18647.021,0.526,0.795,12.17,2,2,6.688,0.0,25,2,800,7,5300
4,cand,461x490,recorded,85,1,18796.476,0.519,0.802,6.798,1,1,3.458,0.002,23,2,5212,2,5300
4,cand,461x490,recorded,86,1,18947.185,0.533,0.846,9.299,1,1,3.617,0.005,23,2,800,2,5300
4,cand,461x490,recorded,87,1,19096.393,0.55,0.829,11.993,1,1,3.699,0.002,22,2,5177,2,5300
4,cand,461x490,recorded,88,1,19247.176,0.452,0.81,6.28,1,1,3.572,0.002,22,7,800,2,5300
4,cand,461x490,recorded,89,1,19397.164,0.431,0.78,8.286,1,1,3.15,0.003,23,7,5249,7,5300
4,cand,461x490,recorded,90,-1,19546.583,0.422,0.813,11.024,1,1,3.61,0.0,22,7,800,7,5288
4,cand,461x490,recorded,91,-1,19697.156,0.396,0.864,13.269,1,1,3.684,0.002,23,7,5307,7,5300
4,cand,461x490,recorded,92,-1,19847.15,0.41,0.799,7.189,1,1,3.516,0.002,23,7,800,7,5300
4,cand,461x490,recorded,93,-1,19997.164,0.435,0.787,9.779,1,1,3.575,0.005,22,7,5147,7,5282
4,cand,461x490,recorded,94,-1,20146.775,0.415,0.967,12.72,1,1,3.644,0.0,22,7,800,7,5300
4,cand,461x490,recorded,95,-1,20296.421,0.535,0.841,7.637,1,1,3.71,0.0,23,7,5267,7,5300
4,cand,461x490,recorded,96,-1,20446.54,0.377,0.769,9.789,1,1,3.395,0.0,23,7,800,7,5300
4,cand,461x490,recorded,97,-1,20597.199,0.525,0.89,11.517,1,1,3.705,0.0,22,7,800,7,5297
4,cand,461x490,recorded,98,-1,20747.152,0.428,0.825,6.525,1,1,3.546,0.0,23,7,800,7,5306
4,cand,461x490,recorded,99,-1,20897.161,0.503,0.825,9.459,1,1,4.187,0.002,23,7,5165,7,5303
4,cand,461x490,recorded,100,-1,21046.774,0.519,0.805,11.302,1,1,3.668,0.0,22,7,800,7,5300
4,cand,461x490,recorded,101,-1,21197.17,0.535,0.812,5.771,1,1,3.622,0.0,23,7,800,7,5300
4,cand,461x490,recorded,102,-1,21346.771,0.519,0.785,9.698,1,1,4.202,0.005,23,7,5256,7,5300
4,cand,461x490,recorded,103,-1,21496.902,0.508,0.696,11.419,2,2,6.586,0.003,23,7,800,7,5289
4,cand,461x490,recorded,104,-1,21647.152,0.445,0.825,13.095,1,1,3.578,0.0,23,7,800,7,5303
4,cand,461x490,recorded,105,-1,21797.211,0.456,0.864,7.425,1,1,3.672,0.0,23,7,5187,7,5300
4,cand,461x490,recorded,106,-1,21947.071,0.451,0.813,10.134,1,1,3.358,0.003,23,2,800,7,5300
4,cand,461x490,recorded,107,-1,22097.199,0.463,0.812,12.145,1,1,3.609,0.003,22,2,800,2,5272
4,cand,461x490,recorded,108,-1,22247.172,0.536,0.824,6.83,1,1,3.76,0.0,23,2,800,2,5281
4,cand,461x490,recorded,109,-1,22397.156,0.519,0.789,8.717,1,1,3.545,0.003,23,2,5220,2,5300
4,cand,461x490,recorded,110,-1,22547.027,0.56,0.862,11.313,1,1,3.537,0.0,22,2,800,2,5299
4,cand,461x490,recorded,111,-1,22697.153,0.505,0.783,6.398,1,1,3.407,0.003,23,2,800,2,5300
4,cand,461x490,recorded,112,-1,22846.611,0.51,0.801,8.784,1,1,3.414,0.0,23,2,800,2,5280
4,cand,461x490,recorded,113,-1,22996.515,0.543,0.829,11.05,1,1,3.674,0.003,22,2,800,2,5300
4,cand,461x490,recorded,114,-1,23147.152,0.511,0.809,4.904,2,2,6.368,0.0,24,2,800,2,5300
4,cand,461x490,recorded,115,-1,23296.481,0.537,0.822,8.255,1,1,3.393,0.007,23,2,800,2,5300
4,cand,461x490,recorded,116,-1,23447.164,0.54,0.807,9.717,1,1,3.311,0.006,22,2,800,2,5287
4,cand,461x490,recorded,117,-1,23597.155,0.437,0.908,12.222,1,1,3.51,0.0,23,2,800,2,5300
4,cand,461x490,recorded,118,-1,23746.9,0.541,0.76,7.691,1,1,3.192,0.003,22,2,800,2,5300
4,cand,461x490,recorded,119,-1,23896.506,0.501,0.777,10.084,1,1,3.619,0.0,22,2,800,2,5279
4,cand,461x490,idle-after,0,0,24070.093,0.0,,,0,0,0.31,0.0,20,2,800,,
4,cand,461x490,idle-after,1,0,24220.37,0.0,,,0,0,0.282,0.0,21,2,800,,
4,cand,461x490,idle-after,2,0,24370.326,0.0,,,0,0,0.277,0.0,21,2,800,,
4,cand,461x490,idle-after,3,0,24520.321,0.0,,,0,0,0.252,0.0,21,2,800,,
4,cand,461x490,idle-after,4,0,24670.085,0.0,,,0,0,0.27,0.0,20,2,5115,,
4,cand,461x490,idle-after,5,0,24819.881,0.0,,,0,0,0.26,0.006,21,2,5199,,
4,cand,461x490,idle-after,6,0,24970.351,0.0,,,0,0,0.276,0.003,21,2,800,,
4,cand,461x490,idle-after,7,0,25120.032,0.0,,,0,0,0.239,0.007,20,2,5216,,
4,cand,461x490,idle-after,8,0,25270.336,0.0,,,0,0,0.258,0.005,21,2,800,,
4,cand,461x490,idle-after,9,0,25420.319,0.0,,,0,0,0.276,0.0,21,2,800,,
4,cand,461x490,idle-after,10,0,25569.747,0.0,,,0,0,0.26,0.004,20,2,5250,,
4,cand,461x490,idle-after,11,0,25720.325,0.0,,,0,0,0.272,0.005,21,2,800,,
4,cand,461x490,idle-after,12,0,25870.319,0.0,,,0,0,0.309,0.0,21,2,800,,
4,cand,461x490,idle-after,13,0,26019.675,0.0,,,0,0,0.244,0.0,20,2,800,,
4,cand,461x490,idle-after,14,0,26169.675,0.0,,,0,0,0.289,0.003,21,2,5249,,
4,cand,461x490,idle-after,15,0,26320.342,0.0,,,0,0,0.259,0.0,21,2,800,,
4,cand,461x490,idle-after,16,0,26470.319,0.0,,,0,0,0.243,0.048,20,2,5300,,
4,cand,461x490,idle-after,17,0,26619.677,0.0,,,0,0,0.252,0.0,21,2,5308,,
4,cand,461x490,idle-after,18,0,26770.322,0.0,,,0,0,0.27,0.007,21,2,800,,
4,cand,461x490,idle-after,19,0,26920.329,0.0,,,0,0,0.276,0.0,21,2,800,,
5,base,461x490,warmup,0,1,0.0,0.362,0.983,,0,0,0.379,0.009,22,4,800,,
5,base,461x490,warmup,1,1,150.608,0.464,0.986,12.472,1,1,3.63,0.0,22,4,5190,4,5001
5,base,461x490,warmup,2,1,300.495,0.391,0.738,7.323,1,1,3.394,0.013,23,4,800,4,5104
5,base,461x490,warmup,3,1,450.727,0.417,0.801,8.65,1,1,3.249,0.0,23,4,800,4,5251
5,base,461x490,warmup,4,1,600.335,0.375,0.72,11.507,1,1,3.264,0.0,22,4,800,4,5113
5,base,461x490,warmup,5,1,750.725,0.4,0.797,5.534,1,1,3.088,0.006,23,4,5318,4,5300
5,base,461x490,warmup,6,1,900.379,0.429,0.782,8.915,1,1,3.336,0.003,23,4,800,4,5250
5,base,461x490,warmup,7,1,1050.529,0.395,0.741,10.529,1,1,3.268,0.0,22,4,800,4,5236
5,base,461x490,warmup,8,1,1200.718,0.322,0.754,12.27,1,1,3.166,0.008,23,4,5299,4,5300
5,base,461x490,warmup,9,1,1350.297,0.44,0.805,7.31,1,1,3.311,0.01,23,4,5318,4,5319
5,base,461x490,warmup,10,-1,1500.174,0.962,1.578,10.898,1,1,3.405,0.0,23,4,800,4,5298
5,base,461x490,warmup,11,-1,1650.674,0.395,0.783,12.124,1,1,3.4,0.0,22,4,5247,4,5292
5,base,461x490,warmup,12,-1,1800.387,0.422,0.805,6.912,1,1,3.348,0.0,23,4,800,4,5300
5,base,461x490,warmup,13,-1,1950.763,0.413,0.803,8.471,1,1,3.356,0.0,23,4,5293,4,5300
5,base,461x490,warmup,14,-1,2100.698,0.373,0.866,10.633,2,2,6.229,0.006,24,4,800,4,5300
5,base,461x490,warmup,15,-1,2250.674,0.378,0.803,6.566,1,1,3.189,0.007,23,4,800,4,5167
5,base,461x490,warmup,16,-1,2400.172,0.365,0.754,8.455,1,1,3.124,0.007,23,4,5301,4,5300
5,base,461x490,warmup,17,-1,2550.112,0.372,0.722,11.877,1,1,3.257,0.003,22,4,800,4,5293
5,base,461x490,warmup,18,-1,2700.735,0.403,0.762,5.037,1,1,3.372,0.0,23,4,800,4,5300
5,base,461x490,warmup,19,-1,2850.599,0.383,0.738,7.244,1,1,3.215,0.0,23,4,800,4,5300
5,base,461x490,idle-before,0,0,3023.395,0.0,,,0,0,0.272,0.0,21,4,800,,
5,base,461x490,idle-before,1,0,3173.375,0.0,,,0,0,0.249,0.0,20,4,800,,
5,base,461x490,idle-before,2,0,3323.218,0.0,,,0,0,0.244,0.0,21,4,800,,
5,base,461x490,idle-before,3,0,3473.652,0.0,,,0,0,0.252,0.0,21,4,800,,
5,base,461x490,idle-before,4,0,3623.382,0.0,,,0,0,0.257,0.0,20,4,800,,
5,base,461x490,idle-before,5,0,3773.638,0.0,,,0,0,0.264,0.0,21,4,800,,
5,base,461x490,idle-before,6,0,3923.243,0.0,,,0,0,0.269,0.0,21,4,800,,
5,base,461x490,idle-before,7,0,4073.667,0.0,,46.685,1,1,3.264,0.0,22,4,5297,,
5,base,461x490,idle-before,8,0,4223.23,0.0,,,0,0,0.267,0.0,21,4,800,,
5,base,461x490,idle-before,9,0,4373.386,0.0,,,0,0,0.243,0.0,21,4,800,,
5,base,461x490,idle-before,10,0,4523.207,0.0,,,0,0,0.28,0.0,21,4,800,,
5,base,461x490,idle-before,11,0,4673.553,0.0,,40.942,1,1,3.291,0.0,22,7,5302,,
5,base,461x490,idle-before,12,0,4823.618,0.0,,,0,0,0.245,0.0,21,7,800,,
5,base,461x490,idle-before,13,0,4973.075,0.0,,,0,0,0.292,0.004,21,7,800,,
5,base,461x490,idle-before,14,0,5123.126,0.0,,,0,0,0.322,0.005,20,7,800,,
5,base,461x490,idle-before,15,0,5273.63,0.0,,,0,0,0.247,0.006,21,7,5294,,
5,base,461x490,idle-before,16,0,5423.514,0.0,,,0,0,0.269,0.0,21,7,800,,
5,base,461x490,idle-before,17,0,5573.549,0.0,,,0,0,0.261,0.0,20,4,800,,
5,base,461x490,idle-before,18,0,5723.082,0.0,,,0,0,0.244,0.0,21,4,5300,,
5,base,461x490,idle-before,19,0,5872.984,0.0,,,0,0,0.24,0.0,21,4,5118,,
5,base,461x490,recorded,0,1,6046.83,0.367,0.862,8.378,1,1,3.705,0.003,22,4,5281,4,5099
5,base,461x490,recorded,1,1,6197.221,0.39,0.751,9.41,1,1,3.366,0.005,22,4,800,4,5300
5,base,461x490,recorded,2,1,6347.216,0.415,0.775,12.189,1,1,3.165,0.0,23,7,800,7,5300
5,base,461x490,recorded,3,1,6496.565,0.372,0.715,7.176,1,1,3.327,0.002,23,7,5301,7,5300
5,base,461x490,recorded,4,1,6647.221,0.388,0.763,8.409,1,1,3.067,0.002,22,4,800,7,5300
5,base,461x490,recorded,5,1,6796.681,0.394,0.719,12.475,1,1,3.24,0.0,22,4,800,4,5282
5,base,461x490,recorded,6,1,6947.243,0.477,0.894,5.732,1,1,3.366,0.0,23,4,5251,4,5300
5,base,461x490,recorded,7,1,7096.787,0.373,0.787,9.165,1,1,3.533,0.0,23,4,5250,4,5300
5,base,461x490,recorded,8,1,7246.96,0.38,0.728,10.104,1,1,3.092,0.002,22,4,800,4,5287
5,base,461x490,recorded,9,1,7397.022,0.291,0.789,5.187,1,1,3.312,0.0,23,4,5302,4,5300
5,base,461x490,recorded,10,1,7546.781,0.444,0.781,8.821,1,1,3.438,0.002,23,4,800,4,5211
5,base,461x490,recorded,11,1,7696.632,0.517,0.887,10.9,1,1,3.185,0.0,22,4,5281,4,5296
5,base,461x490,recorded,12,1,7846.629,0.515,1.063,5.614,1,1,3.723,0.025,22,7,800,4,5152
5,base,461x490,recorded,13,1,7996.625,0.412,0.788,7.973,2,2,6.471,0.007,23,7,5301,7,5300
5,base,461x490,recorded,14,1,8147.179,0.41,0.805,10.022,1,1,3.078,0.0,22,7,800,7,5300
5,base,461x490,recorded,15,1,8297.216,0.346,0.722,11.838,1,1,3.115,0.0,23,7,800,7,5300
5,base,461x490,recorded,16,1,8447.211,0.392,0.764,5.909,1,1,3.262,0.002,23,7,800,7,5300
5,base,461x490,recorded,17,1,8597.231,0.355,0.819,9.066,1,1,3.175,0.003,23,7,800,7,5300
5,base,461x490,recorded,18,1,8747.124,0.47,0.808,11.693,1,1,3.196,0.003,21,7,800,7,5294
5,base,461x490,recorded,19,1,8897.213,0.394,0.763,6.275,1,1,3.149,0.002,22,7,800,7,5289
5,base,461x490,recorded,20,1,9047.255,0.449,0.803,7.98,1,1,3.585,0.003,23,7,800,7,5300
5,base,461x490,recorded,21,1,9196.604,0.392,0.739,11.181,1,1,3.318,0.004,21,7,5304,7,5300
5,base,461x490,recorded,22,1,9347.223,0.377,0.763,4.926,1,1,3.197,0.003,22,7,800,7,5300
5,base,461x490,recorded,23,1,9496.908,0.378,0.725,8.449,1,1,3.067,0.003,23,7,800,7,5300
5,base,461x490,recorded,24,1,9647.22,0.372,0.728,10.009,2,2,5.909,0.002,24,7,800,7,5300
5,base,461x490,recorded,25,1,9797.205,0.42,0.783,11.947,1,1,3.06,0.002,23,7,800,7,5277
5,base,461x490,recorded,26,1,9947.217,0.401,0.763,7.238,1,1,3.076,0.005,23,7,800,7,5300
5,base,461x490,recorded,27,1,10097.236,0.346,0.831,9.512,1,1,3.398,0.0,22,7,800,7,5300
5,base,461x490,recorded,28,1,10246.641,0.441,0.775,11.57,1,1,3.187,0.041,23,7,800,7,5300
5,base,461x490,recorded,29,1,10397.254,0.38,0.711,6.472,1,1,3.424,0.005,23,7,5310,7,5300
5,base,461x490,recorded,30,-1,10547.252,0.33,0.729,9.061,1,1,3.461,0.009,23,7,800,7,5300
5,base,461x490,recorded,31,-1,10696.86,0.624,1.042,11.503,1,1,3.273,0.0,21,7,5296,7,5310
5,base,461x490,recorded,32,-1,10847.106,0.46,0.79,4.922,1,1,3.098,0.0,23,7,5188,7,5288
5,base,461x490,recorded,33,-1,10996.985,0.326,0.807,8.877,1,1,3.484,0.0,22,7,800,7,5297
5,base,461x490,recorded,34,-1,11146.95,0.363,0.773,10.831,1,1,3.161,0.0,22,7,800,7,5300
5,base,461x490,recorded,35,-1,11297.215,0.392,0.77,12.897,1,1,3.249,0.0,23,7,800,7,5301
5,base,461x490,recorded,36,-1,11446.833,0.389,0.713,7.596,1,1,3.207,0.0,23,7,800,7,5300
5,base,461x490,recorded,37,-1,11597.263,0.376,0.679,9.761,1,1,3.113,0.003,22,7,800,7,5300
5,base,461x490,recorded,38,-1,11746.971,0.435,0.869,12.153,1,1,4.048,0.003,23,7,800,7,5234
5,base,461x490,recorded,39,-1,11897.193,0.428,0.849,7.8,1,1,3.552,0.012,23,7,5233,7,5296
5,base,461x490,recorded,40,-1,12047.183,0.435,0.792,9.13,1,1,3.476,0.003,23,7,800,7,5300
5,base,461x490,recorded,41,-1,12197.202,0.385,0.724,11.64,1,1,3.319,0.0,22,7,5291,7,5300
5,base,461x490,recorded,42,-1,12347.172,0.388,0.771,6.301,1,1,3.32,0.0,22,7,800,7,5300
5,base,461x490,recorded,43,-1,12497.069,0.399,0.754,8.155,2,2,5.948,0.005,25,7,5291,7,5300
5,base,461x490,recorded,44,-1,12646.565,0.385,0.733,11.619,1,1,3.114,0.03,21,7,5176,7,5300
5,base,461x490,recorded,45,-1,12797.052,0.376,0.777,5.523,1,1,3.359,0.0,23,7,800,7,5300
5,base,461x490,recorded,46,-1,12946.582,0.376,0.985,8.669,1,1,3.12,0.007,23,7,5300,7,5300
5,base,461x490,recorded,47,-1,13097.228,0.441,0.763,9.647,1,1,3.381,0.011,22,7,5190,7,5306
5,base,461x490,recorded,48,-1,13247.215,0.477,0.782,12.432,1,1,3.102,0.036,22,7,800,7,5300
5,base,461x490,recorded,49,-1,13396.85,0.44,0.773,7.454,1,1,3.44,0.0,23,7,5307,7,5300
5,base,461x490,recorded,50,-1,13547.236,0.445,0.851,10.069,1,1,3.604,0.0,22,7,800,7,5300
5,base,461x490,recorded,51,-1,13697.244,0.905,1.109,12.253,1,1,3.342,0.0,23,7,800,7,5250
5,base,461x490,recorded,52,-1,13846.52,0.519,0.802,6.728,1,1,3.257,0.003,23,7,800,7,5300
5,base,461x490,recorded,53,-1,13996.643,0.527,0.824,9.669,1,1,3.572,0.0,23,7,800,7,5284
5,base,461x490,recorded,54,-1,14146.522,0.512,0.797,12.0,2,2,6.073,0.0,23,7,800,7,5250
5,base,461x490,recorded,55,-1,14296.978,0.426,0.799,6.299,1,1,3.138,0.004,22,7,800,7,5300
5,base,461x490,recorded,56,-1,14446.835,0.529,0.796,9.082,1,1,3.492,0.0,23,7,800,7,5300
5,base,461x490,recorded,57,-1,14596.946,0.433,1.083,11.398,1,1,3.562,0.002,22,7,800,7,5297
5,base,461x490,recorded,58,-1,14747.232,0.533,0.904,12.72,1,1,3.447,0.006,23,7,5283,7,5300
5,base,461x490,recorded,59,-1,14896.688,0.494,0.964,7.622,1,1,3.214,0.002,23,7,800,7,5300
5,base,461x490,recorded,60,1,15047.242,0.558,0.86,9.805,1,1,3.518,0.0,22,7,5228,7,5300
5,base,461x490,recorded,61,1,15197.221,0.562,0.906,12.091,1,1,3.09,0.002,22,7,800,7,5300
5,base,461x490,recorded,62,1,15346.87,0.518,0.863,7.415,1,1,3.115,0.003,23,7,800,7,5300
5,base,461x490,recorded,63,1,15497.234,0.498,0.794,9.234,1,1,3.158,0.0,23,7,800,7,5300
5,base,461x490,recorded,64,1,15647.22,0.493,0.815,10.813,1,1,3.049,0.002,22,7,800,7,5300
5,base,461x490,recorded,65,1,15797.114,0.511,0.922,5.734,1,1,3.228,0.0,23,7,800,7,5300
5,base,461x490,recorded,66,1,15946.834,0.506,0.818,8.775,1,1,3.226,0.0,23,7,5304,7,5300
5,base,461x490,recorded,67,1,16096.641,0.521,0.876,11.811,1,1,3.458,0.0,21,7,800,7,5300
5,base,461x490,recorded,68,1,16246.859,0.511,0.822,5.224,1,1,3.228,0.019,23,7,5303,7,5283
5,base,461x490,recorded,69,1,16396.614,0.517,0.83,8.717,1,1,3.176,0.002,23,7,800,7,5300
5,base,461x490,recorded,70,1,16547.262,0.502,0.934,10.589,1,1,3.561,0.0,22,7,5069,7,5192
5,base,461x490,recorded,71,1,16697.237,0.542,0.933,12.577,1,1,3.286,0.005,23,7,800,7,5294
5,base,461x490,recorded,72,1,16847.223,0.606,0.886,6.713,1,1,3.64,0.0,23,7,800,7,5298
5,base,461x490,recorded,73,1,16996.73,0.573,0.915,9.572,2,2,6.435,0.002,24,7,800,7,5272
5,base,461x490,recorded,74,1,17146.774,0.532,0.89,11.468,1,1,3.09,0.002,23,7,5302,7,5300
5,base,461x490,recorded,75,1,17297.236,0.522,0.83,6.9,1,1,3.228,0.003,23,7,5271,7,5300
5,base,461x490,recorded,76,1,17446.6,0.514,0.813,8.645,1,1,3.15,0.0,23,7,5254,7,5300
5,base,461x490,recorded,77,1,17596.698,0.53,0.848,11.629,1,1,3.379,0.0,22,7,800,7,5261
5,base,461x490,recorded,78,1,17746.588,0.521,0.892,6.671,1,1,3.353,0.004,23,7,800,7,5300
5,base,461x490,recorded,79,1,17896.701,0.499,0.796,8.602,1,1,3.136,0.003,23,7,5311,7,5300
5,base,461x490,recorded,80,1,18046.85,0.522,0.847,11.244,1,1,3.34,0.004,22,7,800,7,5292
5,base,461x490,recorded,81,1,18197.224,0.524,0.826,12.815,1,1,3.149,0.003,23,7,5091,7,5301
5,base,461x490,recorded,82,1,18347.014,0.379,1.05,7.358,1,1,3.157,0.003,23,7,800,7,5300
5,base,461x490,recorded,83,1,18496.855,0.485,0.797,9.956,1,1,3.078,0.0,22,7,800,7,5300
5,base,461x490,recorded,84,1,18647.219,0.592,0.87,12.106,2,2,5.836,0.003,25,7,800,7,5295
5,base,461x490,recorded,85,1,18796.58,0.51,0.821,7.325,1,1,3.128,0.003,23,7,800,7,5298
5,base,461x490,recorded,86,1,18947.24,0.499,0.88,8.844,1,1,3.09,0.003,23,7,800,7,5300
5,base,461x490,recorded,87,1,19097.264,0.531,0.827,11.831,1,1,3.319,0.0,22,7,5190,7,5151
5,base,461x490,recorded,88,1,19247.217,0.492,0.778,6.547,1,1,3.022,0.002,22,7,800,7,5300
5,base,461x490,recorded,89,1,19396.974,0.438,0.855,8.079,1,1,3.125,0.0,23,1,800,7,5300
5,base,461x490,recorded,90,-1,19547.082,0.563,0.858,10.985,1,1,3.698,0.0,21,7,800,7,5256
5,base,461x490,recorded,91,-1,19697.045,0.418,0.782,5.753,1,1,4.007,0.006,23,7,5258,7,5300
5,base,461x490,recorded,92,-1,19846.706,0.501,0.8,8.584,1,1,3.059,0.003,22,7,800,7,5300
5,base,461x490,recorded,93,-1,19997.311,0.454,0.848,9.926,1,1,3.488,0.002,22,7,800,7,5280
5,base,461x490,recorded,94,-1,20147.22,0.493,0.821,12.396,1,1,3.239,0.002,23,7,5262,7,5297
5,base,461x490,recorded,95,-1,20297.212,0.412,0.753,7.362,1,1,3.19,0.0,23,1,5270,7,5235
5,base,461x490,recorded,96,-1,20447.236,0.444,0.826,9.246,1,1,3.224,0.002,23,1,800,1,5300
5,base,461x490,recorded,97,-1,20597.216,0.465,0.785,11.813,1,1,3.072,0.003,22,1,5297,1,5300
5,base,461x490,recorded,98,-1,20747.281,0.507,0.925,7.208,1,1,3.645,0.003,23,1,5224,1,5284
5,base,461x490,recorded,99,-1,20897.244,0.533,0.9,9.032,1,1,3.589,0.0,23,1,5205,1,5300
5,base,461x490,recorded,100,-1,21046.962,0.546,0.951,11.312,1,1,3.464,0.003,22,1,800,1,5300
5,base,461x490,recorded,101,-1,21197.096,0.526,0.847,6.026,1,1,3.362,0.004,23,1,800,1,5300
5,base,461x490,recorded,102,-1,21346.595,0.484,0.841,8.709,1,1,3.283,0.0,23,1,800,1,5300
5,base,461x490,recorded,103,-1,21496.766,0.458,0.793,11.509,2,2,6.862,0.003,23,7,800,1,5300
5,base,461x490,recorded,104,-1,21647.174,0.621,1.213,12.417,1,1,3.133,0.007,23,7,5289,7,5300
5,base,461x490,recorded,105,-1,21797.187,0.415,0.803,7.319,1,1,3.389,0.01,23,1,5100,1,5307
5,base,461x490,recorded,106,-1,21947.167,0.403,0.848,9.725,1,1,3.429,0.009,22,1,800,1,5100
5,base,461x490,recorded,107,-1,22096.629,0.411,0.774,12.417,1,1,3.414,0.003,23,1,800,1,5300
5,base,461x490,recorded,108,-1,22246.609,0.393,0.754,7.343,1,1,3.16,0.002,23,1,5258,1,5300
5,base,461x490,recorded,109,-1,22397.238,0.351,0.849,8.967,1,1,3.202,0.006,22,1,5282,1,5300
5,base,461x490,recorded,110,-1,22546.533,0.41,0.784,11.7,1,1,3.464,0.016,23,1,5298,1,5300
5,base,461x490,recorded,111,-1,22697.078,0.296,0.786,6.944,1,1,3.604,0.018,23,1,5286,1,5303
5,base,461x490,recorded,112,-1,22846.862,0.401,0.759,9.263,1,1,3.304,0.02,23,1,5296,1,5300
5,base,461x490,recorded,113,-1,22996.927,0.576,0.839,11.164,1,1,3.585,0.006,22,1,800,1,5256
5,base,461x490,recorded,114,-1,23147.081,0.425,0.829,5.165,2,2,5.707,0.005,25,1,800,1,5300
5,base,461x490,recorded,115,-1,23297.148,0.435,0.807,7.745,1,1,3.152,0.003,23,1,800,1,5300
5,base,461x490,recorded,116,-1,23447.269,0.392,0.743,9.89,1,1,3.121,0.003,22,1,800,1,5300
5,base,461x490,recorded,117,-1,23597.17,0.429,0.808,12.195,1,1,3.269,0.0,23,1,800,1,5257
5,base,461x490,recorded,118,-1,23746.973,0.486,0.833,7.415,1,1,3.354,0.033,23,3,5307,1,5300
5,base,461x490,recorded,119,-1,23896.653,0.393,0.795,10.2,1,1,3.054,0.011,23,3,5295,3,5302
5,base,461x490,idle-after,0,0,24070.718,0.0,,,0,0,0.244,0.0,21,3,5146,,
5,base,461x490,idle-after,1,0,24221.113,0.0,,,0,0,0.262,0.004,20,3,5291,,
5,base,461x490,idle-after,2,0,24371.424,0.0,,,0,0,0.272,0.0,21,3,800,,
5,base,461x490,idle-after,3,0,24520.538,0.0,,,0,0,0.247,0.005,21,3,800,,
5,base,461x490,idle-after,4,0,24670.548,0.0,,,0,0,0.236,0.0,20,7,5294,,
5,base,461x490,idle-after,5,0,24821.169,0.0,,,0,0,0.276,0.0,21,7,800,,
5,base,461x490,idle-after,6,0,24970.47,0.0,,,0,0,0.276,0.003,21,7,800,,
5,base,461x490,idle-after,7,0,25120.592,0.0,,,0,0,0.272,0.0,20,7,5286,,
5,base,461x490,idle-after,8,0,25270.752,0.0,,,0,0,0.298,0.0,21,7,800,,
5,base,461x490,idle-after,9,0,25421.111,0.0,,,0,0,0.272,0.003,21,7,800,,
5,base,461x490,idle-after,10,0,25571.143,0.0,,,0,0,0.295,0.0,20,7,800,,
5,base,461x490,idle-after,11,0,25720.666,0.0,,,0,0,0.3,0.0,21,7,800,,
5,base,461x490,idle-after,12,0,25871.112,0.0,,,0,0,0.31,0.004,21,7,800,,
5,base,461x490,idle-after,13,0,26020.561,0.0,,,0,0,0.295,0.003,21,7,5245,,
5,base,461x490,idle-after,14,0,26171.01,0.0,,,0,0,0.311,0.0,20,7,800,,
5,base,461x490,idle-after,15,0,26320.961,0.0,,,0,0,0.323,0.007,21,7,800,,
5,base,461x490,idle-after,16,0,26470.669,0.0,,,0,0,0.299,0.0,21,7,5006,,
5,base,461x490,idle-after,17,0,26620.548,0.0,,,0,0,0.296,0.002,20,7,5246,,
5,base,461x490,idle-after,18,0,26771.117,0.0,,,0,0,0.279,0.0,21,7,800,,
5,base,461x490,idle-after,19,0,26920.897,0.0,,,0,0,0.246,0.005,21,7,5265,,
6,base,461x490,warmup,0,1,0.0,0.43,0.81,,0,0,0.51,0.006,22,6,800,,
6,base,461x490,warmup,1,1,149.407,0.423,0.801,9.448,1,1,3.723,0.0,23,6,5290,6,5300
6,base,461x490,warmup,2,1,299.429,0.447,0.847,11.789,1,1,3.203,0.0,22,6,5280,6,5302
6,base,461x490,warmup,3,1,449.425,0.423,0.77,6.453,1,1,3.186,0.005,23,6,800,6,5300
6,base,461x490,warmup,4,1,599.965,0.461,0.868,7.866,1,1,3.4,0.046,23,0,5257,6,5300
6,base,461x490,warmup,5,1,749.43,0.456,0.804,10.807,1,1,3.063,0.006,22,0,5300,0,5301
6,base,461x490,warmup,6,1,900.101,0.587,0.819,12.905,1,1,3.452,0.0,23,0,800,0,5239
6,base,461x490,warmup,7,1,1050.081,0.427,0.909,6.992,1,1,3.194,0.0,23,0,5257,0,5300
6,base,461x490,warmup,8,1,1199.767,0.456,0.805,10.016,1,1,3.465,0.0,22,0,5303,0,5281
6,base,461x490,warmup,9,1,1349.805,0.463,0.816,12.29,1,1,3.318,0.006,23,0,5136,0,5307
6,base,461x490,warmup,10,-1,1499.796,0.439,0.811,6.983,1,1,3.523,0.003,23,0,5297,0,5300
6,base,461x490,warmup,11,-1,1649.764,0.45,0.831,9.158,1,1,3.184,0.01,23,5,800,0,5300
6,base,461x490,warmup,12,-1,1799.452,0.472,0.805,11.612,1,1,3.236,0.009,22,5,800,5,5300
6,base,461x490,warmup,13,-1,1949.426,0.432,0.798,6.56,1,1,2.989,0.005,23,5,5298,5,5300
6,base,461x490,warmup,14,-1,2100.086,0.428,0.79,7.773,2,2,5.846,0.007,25,5,800,5,5300
6,base,461x490,warmup,15,-1,2249.375,0.452,0.822,11.035,1,1,3.066,0.011,22,5,800,5,5300
6,base,461x490,warmup,16,-1,2400.046,0.425,0.766,5.472,1,1,3.493,0.002,22,5,800,5,5092
6,base,461x490,warmup,17,-1,2549.897,0.482,0.893,7.303,1,1,3.427,0.0,23,5,800,5,5300
6,base,461x490,warmup,18,-1,2699.44,0.479,0.86,10.396,1,1,3.178,0.007,22,5,800,5,5300
6,base,461x490,warmup,19,-1,2849.782,0.604,0.912,12.139,1,1,3.35,0.011,23,5,800,5,5300
6,base,461x490,idle-before,0,0,3022.38,0.0,,,0,0,0.294,0.0,21,5,5161,,
6,base,461x490,idle-before,1,0,3172.959,0.0,,,0,0,0.294,0.003,21,5,5215,,
6,base,461x490,idle-before,2,0,3322.607,0.0,,,0,0,0.386,0.002,20,5,5311,,
6,base,461x490,idle-before,3,0,3472.487,0.0,,,0,0,0.285,0.0,21,5,5230,,
6,base,461x490,idle-before,4,0,3622.489,0.0,,,0,0,0.333,0.005,21,5,800,,
6,base,461x490,idle-before,5,0,3772.592,0.0,,,0,0,0.251,0.002,20,5,800,,
6,base,461x490,idle-before,6,0,3922.533,0.0,,,0,0,0.285,0.0,21,5,800,,
6,base,461x490,idle-before,7,0,4073.141,0.0,,43.423,1,1,3.46,0.0,23,5,800,,
6,base,461x490,idle-before,8,0,4222.916,0.0,,,0,0,0.269,0.003,21,5,5259,,
6,base,461x490,idle-before,9,0,4372.72,0.0,,,0,0,0.501,0.0,20,5,5258,,
6,base,461x490,idle-before,10,0,4522.804,0.0,,,0,0,0.393,0.005,21,5,800,,
6,base,461x490,idle-before,11,0,4673.138,0.0,,44.77,1,1,3.395,0.004,23,5,5211,,
6,base,461x490,idle-before,12,0,4822.809,0.0,,,0,0,0.263,0.006,20,5,5276,,
6,base,461x490,idle-before,13,0,4972.768,0.0,,,0,0,0.28,0.003,21,5,800,,
6,base,461x490,idle-before,14,0,5122.561,0.0,,,0,0,0.294,0.0,21,5,800,,
6,base,461x490,idle-before,15,0,5272.765,0.0,,,0,0,0.312,0.01,20,5,800,,
6,base,461x490,idle-before,16,0,5423.099,0.0,,,0,0,0.28,0.005,21,5,800,,
6,base,461x490,idle-before,17,0,5573.102,0.0,,,0,0,0.333,0.0,21,5,800,,
6,base,461x490,idle-before,18,0,5722.932,0.0,,,0,0,0.319,0.0,21,5,800,,
6,base,461x490,idle-before,19,0,5873.062,0.0,,,0,0,0.243,0.0,20,5,800,,
6,base,461x490,recorded,0,1,6045.439,0.425,0.862,5.964,1,1,3.748,0.0,23,5,5248,5,5098
6,base,461x490,recorded,1,1,6195.559,0.323,0.823,7.346,1,1,3.162,0.006,23,5,800,5,5300
6,base,461x490,recorded,2,1,6345.56,0.405,0.789,10.154,1,1,3.172,0.004,22,5,800,5,5300
6,base,461x490,recorded,3,1,6495.577,0.658,1.007,12.403,1,1,3.335,0.003,23,5,5212,5,5290
6,base,461x490,recorded,4,1,6644.862,0.453,0.833,7.588,1,1,3.372,0.0,23,5,800,5,5300
6,base,461x490,recorded,5,1,6795.016,0.485,0.884,9.903,1,1,3.272,0.002,23,5,800,5,5300
6,base,461x490,recorded,6,1,6945.507,0.447,0.855,11.285,1,1,3.558,0.004,22,5,800,5,5300
6,base,461x490,recorded,7,1,7095.552,0.524,0.827,6.473,1,1,3.472,0.002,23,5,800,5,5300
6,base,461x490,recorded,8,1,7245.558,0.459,0.845,8.473,1,1,3.227,0.003,23,5,800,5,5300
6,base,461x490,recorded,9,1,7395.166,0.489,0.963,11.571,1,1,3.647,0.0,22,5,5294,5,5182
6,base,461x490,recorded,10,1,7545.034,0.523,0.911,6.292,1,1,3.544,0.003,23,5,800,5,5300
6,base,461x490,recorded,11,1,7695.566,0.459,0.867,8.151,1,1,3.298,0.0,23,5,5241,5,5300
6,base,461x490,recorded,12,1,7845.598,0.485,0.904,10.214,1,1,3.377,0.0,22,5,800,5,5300
6,base,461x490,recorded,13,1,7995.557,0.391,0.862,12.306,2,2,5.923,0.003,25,5,5301,5,5300
6,base,461x490,recorded,14,1,8145.524,0.465,0.828,7.236,1,1,3.291,0.0,23,5,5087,5,5300
6,base,461x490,recorded,15,1,8294.972,0.778,1.843,11.008,1,1,3.482,0.0,22,5,800,5,5269
6,base,461x490,recorded,16,1,8444.988,0.454,0.846,12.745,1,1,3.756,0.0,23,5,800,5,5100
6,base,461x490,recorded,17,1,8595.92,0.468,0.866,5.837,1,1,3.613,0.0,23,5,800,5,5300
6,base,461x490,recorded,18,1,8744.944,0.455,0.84,9.607,1,1,3.378,0.003,23,5,800,5,5300
6,base,461x490,recorded,19,1,8895.334,0.489,0.892,11.369,1,1,3.634,0.0,22,5,800,5,5300
6,base,461x490,recorded,20,1,9045.399,0.433,0.793,6.35,1,1,3.469,0.002,23,5,800,5,5300
6,base,461x490,recorded,21,1,9195.561,0.499,0.853,8.318,1,1,3.431,0.0,23,5,5191,5,5300
6,base,461x490,recorded,22,1,9345.314,0.373,0.761,10.424,1,1,3.622,0.0,22,5,800,5,5287
6,base,461x490,recorded,23,1,9495.551,0.441,0.842,5.413,1,1,3.326,0.0,23,5,5232,5,5272
6,base,461x490,recorded,24,1,9645.571,0.564,0.88,7.821,2,2,6.338,0.003,25,5,800,5,5300
6,base,461x490,recorded,25,1,9795.527,0.476,0.875,10.055,1,1,3.328,0.003,22,5,800,5,5286
6,base,461x490,recorded,26,1,9945.584,0.483,0.899,12.247,1,1,3.536,0.0,23,5,5194,5,5300
6,base,461x490,recorded,27,1,10095.489,0.426,0.827,6.94,1,1,3.383,0.006,23,5,800,5,5277
6,base,461x490,recorded,28,1,10245.56,0.441,0.849,9.269,1,1,3.281,0.0,23,5,5203,5,5300
6,base,461x490,recorded,29,1,10395.62,0.496,0.913,11.742,1,1,3.683,0.0,22,5,5192,5,5286
6,base,461x490,recorded,30,-1,10545.557,0.45,0.828,6.645,1,1,3.569,0.0,23,5,800,5,5300
6,base,461x490,recorded,31,-1,10695.418,0.477,0.836,8.616,1,1,3.31,0.0,23,5,800,5,5300
6,base,461x490,recorded,32,-1,10845.074,0.466,0.858,11.695,1,1,3.698,0.0,22,5,5291,5,5267
6,base,461x490,recorded,33,-1,10995.55,0.42,0.8,5.637,1,1,3.337,0.0,23,5,800,5,5300
6,base,461x490,recorded,34,-1,11145.194,0.444,0.828,8.291,1,1,3.234,0.005,23,5,5109,5,5289
6,base,461x490,recorded,35,-1,11294.963,0.47,0.902,10.917,1,1,3.37,0.0,22,5,800,5,5300
6,base,461x490,recorded,36,-1,11445.287,0.407,0.778,5.472,1,1,3.32,0.0,23,5,800,5,5100
6,base,461x490,recorded,37,-1,11595.57,0.45,0.829,7.141,1,1,3.087,0.0,23,5,800,5,5297
6,base,461x490,recorded,38,-1,11745.557,0.505,0.893,9.683,1,1,4.079,0.01,23,5,5230,5,5201
6,base,461x490,recorded,39,-1,11895.589,0.472,0.897,12.372,1,1,3.63,0.0,23,5,800,5,5257
6,base,461x490,recorded,40,-1,12045.482,0.479,0.871,6.943,1,1,3.182,0.0,23,5,800,5,5300
6,base,461x490,recorded,41,-1,12194.909,0.427,0.791,9.814,1,1,3.172,0.002,22,5,5301,5,5300
6,base,461x490,recorded,42,-1,12344.921,0.479,0.855,11.86,1,1,3.163,0.0,23,5,800,5,5300
6,base,461x490,recorded,43,-1,12495.551,0.547,0.943,5.999,2,2,6.201,0.003,26,5,800,5,5300
6,base,461x490,recorded,44,-1,12645.588,0.631,0.963,8.364,1,1,3.734,0.0,23,5,800,5,5287
6,base,461x490,recorded,45,-1,12795.008,0.464,0.844,11.455,1,1,3.453,0.0,22,5,800,5,5302
6,base,461x490,recorded,46,-1,12945.834,0.508,1.093,12.414,1,1,3.226,0.0,22,5,800,5,5294
6,base,461x490,recorded,47,-1,13094.903,0.43,0.812,9.458,1,1,3.291,0.003,23,5,5297,5,5306
6,base,461x490,recorded,48,-1,13245.557,0.451,0.868,9.853,1,1,3.087,0.0,22,5,800,5,5300
6,base,461x490,recorded,49,-1,13395.318,0.618,0.86,12.473,1,1,3.226,0.0,23,5,800,5,5300
6,base,461x490,recorded,50,-1,13545.348,0.448,0.912,7.63,1,1,3.399,0.0,23,5,5147,5,5266
6,base,461x490,recorded,51,-1,13694.859,0.476,0.895,11.002,1,1,3.818,0.004,23,5,800,5,5194
6,base,461x490,recorded,52,-1,13845.524,0.545,0.94,11.989,1,1,3.921,0.004,22,5,800,5,5301
6,base,461x490,recorded,53,-1,13995.461,0.465,0.845,6.479,1,1,3.426,0.002,23,5,800,5,5300
6,base,461x490,recorded,54,-1,14145.312,0.424,0.8,8.842,2,2,5.88,0.004,25,5,5037,5,5300
6,base,461x490,recorded,55,-1,14294.888,0.436,0.829,11.999,1,1,3.567,0.0,22,5,800,5,5298
6,base,461x490,recorded,56,-1,14444.91,0.399,0.752,6.442,1,1,3.409,0.002,23,5,800,5,5116
6,base,461x490,recorded,57,-1,14595.569,0.471,0.896,8.701,1,1,3.461,0.0,23,5,800,5,5305
6,base,461x490,recorded,58,-1,14745.793,0.495,0.856,10.568,1,1,3.474,0.0,22,5,5223,5,5233
6,base,461x490,recorded,59,-1,14894.922,0.469,0.826,5.589,1,1,3.426,0.0,23,5,800,5,5300
6,base,461x490,recorded,60,1,15044.909,0.436,0.8,8.064,1,1,3.317,0.0,23,5,800,5,5300
6,base,461x490,recorded,61,1,15195.467,0.435,0.867,9.594,1,1,3.056,0.003,22,5,5306,5,5300
6,base,461x490,recorded,62,1,15345.614,0.467,0.881,11.411,1,1,3.011,0.0,23,5,800,5,5300
6,base,461x490,recorded,63,1,15495.569,0.438,0.827,6.001,1,1,3.019,0.0,23,5,800,5,5300
6,base,461x490,recorded,64,1,15645.593,0.43,0.887,9.219,1,1,3.266,0.002,22,5,800,5,5300
6,base,461x490,recorded,65,1,15795.137,0.468,0.835,11.745,1,1,3.38,0.016,23,5,5264,5,5300
6,base,461x490,recorded,66,1,15944.907,0.452,0.833,6.936,1,1,3.331,0.002,23,5,800,5,5300
6,base,461x490,recorded,67,1,16094.909,0.432,0.792,9.279,1,1,3.248,0.024,23,5,800,5,5232
6,base,461x490,recorded,68,1,16245.399,0.438,0.866,10.867,1,1,3.17,0.0,22,5,800,5,5300
6,base,461x490,recorded,69,1,16395.555,0.577,0.838,5.271,1,1,2.952,0.0,23,5,800,5,5300
6,base,461x490,recorded,70,1,16545.573,0.461,0.862,7.93,1,1,3.424,0.005,23,5,800,5,5318
6,base,461x490,recorded,71,1,16695.56,0.398,0.883,9.823,1,1,3.09,0.0,22,5,800,5,5300
6,base,461x490,recorded,72,1,16845.593,0.504,0.901,12.286,1,1,3.349,0.0,23,5,800,5,5300
6,base,461x490,recorded,73,1,16994.903,0.431,0.79,7.873,2,2,5.949,0.0,25,5,5296,5,5296
6,base,461x490,recorded,74,1,17145.521,0.445,0.859,9.168,1,1,3.019,0.0,22,5,5112,5,5300
6,base,461x490,recorded,75,1,17294.96,0.483,0.852,12.015,1,1,3.366,0.004,23,5,800,5,5258
6,base,461x490,recorded,76,1,17445.559,0.354,0.826,6.215,1,1,3.325,0.0,23,5,800,5,5300
6,base,461x490,recorded,77,1,17595.611,0.351,0.949,9.016,1,1,3.514,0.0,23,5,800,5,5298
6,base,461x490,recorded,78,1,17745.001,0.467,0.864,11.522,1,1,3.312,0.0,22,5,800,5,5280
6,base,461x490,recorded,79,1,17895.499,0.398,0.774,6.431,1,1,3.461,0.003,23,5,5294,5,5100
6,base,461x490,recorded,80,1,18044.906,0.452,0.835,8.798,1,1,3.226,0.0,23,5,5305,5,5299
6,base,461x490,recorded,81,1,18195.555,0.451,0.874,10.384,1,1,3.236,0.0,22,5,5306,5,5300
6,base,461x490,recorded,82,1,18345.584,0.402,0.894,12.979,1,1,3.477,0.0,23,5,5305,5,5099
6,base,461x490,recorded,83,1,18495.151,0.443,0.819,7.641,1,1,3.386,0.0,23,5,5299,5,5250
6,base,461x490,recorded,84,1,18644.975,0.472,0.848,10.496,2,2,6.584,0.006,24,5,800,5,5301
6,base,461x490,recorded,85,1,18794.917,0.379,0.806,5.192,1,1,3.354,0.0,23,5,800,5,5095
6,base,461x490,recorded,86,1,18945.564,0.355,0.835,6.876,1,1,3.29,0.0,23,5,800,5,5303
6,base,461x490,recorded,87,1,19095.596,0.462,0.857,9.208,1,1,3.428,0.0,22,5,5295,5,5300
6,base,461x490,recorded,88,1,19244.961,0.382,0.761,11.732,1,1,3.319,0.004,23,5,800,0,5300
6,base,461x490,recorded,89,1,19395.553,0.346,0.8,6.202,1,1,3.273,0.001,23,5,5264,5,5300
6,base,461x490,recorded,90,-1,19545.564,0.37,0.831,8.123,1,1,3.386,0.0,23,5,800,5,5300
6,base,461x490,recorded,91,-1,19694.921,0.514,0.803,11.55,1,1,3.279,0.003,22,5,800,5,5317
6,base,461x490,recorded,92,-1,19845.433,0.43,0.825,5.283,1,1,3.403,0.003,23,5,800,5,5300
6,base,461x490,recorded,93,-1,19995.566,0.427,0.818,8.351,1,1,3.349,0.003,23,5,800,5,5300
6,base,461x490,recorded,94,-1,20145.559,0.428,0.752,9.842,1,1,3.22,0.004,22,5,5217,5,5297
6,base,461x490,recorded,95,-1,20295.286,0.413,0.88,5.542,1,1,3.513,0.003,22,5,800,5,5292
6,base,461x490,recorded,96,-1,20444.913,0.438,0.769,7.888,1,1,3.287,0.003,23,5,800,5,5100
6,base,461x490,recorded,97,-1,20595.575,0.449,0.818,9.363,1,1,3.201,0.0,22,5,800,5,5300
6,base,461x490,recorded,98,-1,20744.912,0.333,0.779,12.622,1,1,3.513,0.006,23,5,800,5,5296
6,base,461x490,recorded,99,-1,20895.579,0.437,0.866,7.325,1,1,3.557,0.003,23,5,5261,5,5300
6,base,461x490,recorded,100,-1,21045.563,0.354,0.8,9.363,1,1,3.285,0.004,23,5,800,5,5300
6,base,461x490,recorded,101,-1,21195.56,0.424,0.767,11.861,1,1,3.31,0.0,22,5,5231,5,5313
6,base,461x490,recorded,102,-1,21345.595,0.364,0.84,6.532,1,1,3.202,0.003,23,5,800,5,5268
6,base,461x490,recorded,103,-1,21495.563,0.395,0.811,9.235,2,2,7.117,0.0,25,5,800,5,5300
6,base,461x490,recorded,104,-1,21645.133,0.471,0.808,10.921,1,1,3.316,0.0,22,5,5000,5,5300
6,base,461x490,recorded,105,-1,21795.703,0.25,0.803,12.794,1,1,3.902,0.004,24,5,800,5,5208
6,base,461x490,recorded,106,-1,21945.469,0.411,0.909,8.397,1,1,3.589,0.003,23,5,800,5,5000
6,base,461x490,recorded,107,-1,22095.383,0.448,0.777,10.555,1,1,3.24,0.006,22,5,800,5,5300
6,base,461x490,recorded,108,-1,22245.043,0.428,0.753,5.121,1,1,3.221,0.012,22,0,5328,5,5237
6,base,461x490,recorded,109,-1,22395.559,0.42,0.771,7.1,1,1,3.362,0.007,23,0,5304,0,5301
6,base,461x490,recorded,110,-1,22545.615,0.44,0.808,9.039,1,1,3.377,0.008,22,0,800,0,5300
6,base,461x490,recorded,111,-1,22694.908,0.439,0.778,12.478,1,1,3.264,0.003,23,0,5300,0,5300
6,base,461x490,recorded,112,-1,22845.573,0.45,0.813,6.247,1,1,3.592,0.0,23,0,800,0,5300
6,base,461x490,recorded,113,-1,22995.195,0.494,0.842,8.881,1,1,3.269,0.0,23,0,800,0,5300
6,base,461x490,recorded,114,-1,23145.079,0.447,0.798,11.913,2,2,6.15,0.018,24,0,5118,0,5249
6,base,461x490,recorded,115,-1,23294.966,0.484,0.833,6.962,1,1,3.589,0.003,23,0,800,0,5300
6,base,461x490,recorded,116,-1,23444.969,0.414,0.765,8.838,1,1,3.582,0.009,23,0,800,0,5100
6,base,461x490,recorded,117,-1,23595.948,0.452,0.802,9.969,1,1,3.555,0.007,22,0,5287,0,5300
6,base,461x490,recorded,118,-1,23745.294,0.454,0.834,5.665,1,1,3.671,0.023,23,0,800,0,5231
6,base,461x490,recorded,119,-1,23895.586,0.452,0.813,7.107,1,1,3.528,0.002,23,5,800,0,5300
6,base,461x490,idle-after,0,0,24068.253,0.0,,,0,0,0.274,0.0,21,5,800,,
6,base,461x490,idle-after,1,0,24218.231,0.0,,,0,0,0.287,0.004,20,5,5299,,
6,base,461x490,idle-after,2,0,24368.81,0.0,,,0,0,0.28,0.0,21,5,800,,
6,base,461x490,idle-after,3,0,24518.799,0.0,,,0,0,0.292,0.003,21,5,800,,
6,base,461x490,idle-after,4,0,24668.555,0.0,,,0,0,0.294,0.0,20,5,800,,
6,base,461x490,idle-after,5,0,24818.398,0.0,,,0,0,0.272,0.003,21,5,800,,
6,base,461x490,idle-after,6,0,24968.795,0.0,,,0,0,0.279,0.0,21,5,800,,
6,base,461x490,idle-after,7,0,25118.799,0.0,,,0,0,0.285,0.003,21,5,5256,,
6,base,461x490,idle-after,8,0,25268.587,0.0,,,0,0,0.293,0.0,20,5,800,,
6,base,461x490,idle-after,9,0,25418.338,0.0,,,0,0,0.272,0.0,21,5,800,,
6,base,461x490,idle-after,10,0,25568.795,0.0,,,0,0,0.303,0.0,21,5,5302,,
6,base,461x490,idle-after,11,0,25718.278,0.0,,,0,0,0.295,0.004,20,5,800,,
6,base,461x490,idle-after,12,0,25868.82,0.0,,,0,0,0.275,0.0,21,5,800,,
6,base,461x490,idle-after,13,0,26018.136,0.0,,,0,0,0.247,0.0,21,5,800,,
6,base,461x490,idle-after,14,0,26168.677,0.0,,,0,0,0.294,0.004,20,5,800,,
6,base,461x490,idle-after,15,0,26318.27,0.0,,,0,0,0.278,0.0,21,5,800,,
6,base,461x490,idle-after,16,0,26468.799,0.0,,,0,0,0.272,0.049,21,1,5151,,
6,base,461x490,idle-after,17,0,26618.804,0.0,,,0,0,0.267,0.002,20,1,800,,
6,base,461x490,idle-after,18,0,26768.146,0.0,,,0,0,0.25,0.007,21,1,800,,
6,base,461x490,idle-after,19,0,26918.806,0.0,,,0,0,0.307,0.004,21,1,800,,
7,cand,461x490,warmup,0,1,0.0,0.364,0.769,,0,0,0.367,0.006,22,7,800,,
7,cand,461x490,warmup,1,1,149.511,0.565,1.049,11.135,1,1,6.086,0.007,23,0,800,0,5000
7,cand,461x490,warmup,2,1,299.572,0.473,0.9,11.865,1,1,3.708,0.003,22,0,800,0,5299
7,cand,461x490,warmup,3,1,450.115,0.491,0.873,5.636,1,1,3.412,0.003,23,0,5014,0,5300
7,cand,461x490,warmup,4,1,599.523,0.502,0.846,8.689,1,1,3.614,0.005,23,0,800,0,5270
7,cand,461x490,warmup,5,1,750.018,0.402,0.742,10.488,1,1,3.272,0.0,22,0,800,0,5100
7,cand,461x490,warmup,6,1,900.116,0.474,0.862,12.146,1,1,3.301,0.004,23,0,800,0,5254
7,cand,461x490,warmup,7,1,1050.087,0.439,0.821,6.939,1,1,3.065,0.003,23,0,5301,0,5300
7,cand,461x490,warmup,8,1,1199.418,0.492,0.825,10.281,1,1,3.44,0.005,22,0,800,0,5298
7,cand,461x490,warmup,9,1,1349.528,0.58,0.897,12.919,1,1,3.531,0.0,23,0,800,0,5300
7,cand,461x490,warmup,10,-1,1500.098,0.475,0.854,6.887,1,1,3.425,0.005,23,0,800,0,5281
7,cand,461x490,warmup,11,-1,1649.52,0.577,0.993,9.905,1,1,3.607,0.004,23,0,800,0,5300
7,cand,461x490,warmup,12,-1,1799.947,0.453,0.824,11.613,1,1,3.078,0.0,22,0,5298,0,5300
7,cand,461x490,warmup,13,-1,1950.097,0.477,0.872,6.404,1,1,3.313,0.007,23,0,5292,0,5300
7,cand,461x490,warmup,14,-1,2100.161,0.443,0.767,8.241,2,2,6.104,0.005,25,7,800,0,5300
7,cand,461x490,warmup,15,-1,2249.561,0.448,0.776,10.964,1,1,3.566,0.005,22,7,5295,7,5300
7,cand,461x490,warmup,16,-1,2399.465,0.471,0.83,6.452,1,1,3.601,0.005,23,7,800,7,5300
7,cand,461x490,warmup,17,-1,2549.49,0.417,0.732,8.021,1,1,3.164,0.0,23,7,800,7,5300
7,cand,461x490,warmup,18,-1,2700.134,0.464,0.79,10.355,1,1,3.486,0.0,22,7,800,7,5300
7,cand,461x490,warmup,19,-1,2849.444,0.427,0.742,5.122,1,1,3.061,0.003,23,7,800,7,5281
7,cand,461x490,idle-before,0,0,3022.654,0.0,,,0,0,0.332,0.008,21,7,800,,
7,cand,461x490,idle-before,1,0,3172.816,0.0,,,0,0,0.285,0.0,21,7,5245,,
7,cand,461x490,idle-before,2,0,3322.199,0.0,,,0,0,0.271,0.0,20,7,800,,
7,cand,461x490,idle-before,3,0,3472.795,0.0,,,0,0,0.337,0.004,21,7,800,,
7,cand,461x490,idle-before,4,0,3622.803,0.0,,,0,0,0.274,0.0,21,7,800,,
7,cand,461x490,idle-before,5,0,3772.774,0.0,,,0,0,0.239,0.003,20,7,800,,
7,cand,461x490,idle-before,6,0,3922.429,0.0,,,0,0,0.276,0.0,21,7,800,,
7,cand,461x490,idle-before,7,0,4072.775,0.0,,43.622,1,1,3.477,0.006,23,7,800,,
7,cand,461x490,idle-before,8,0,4222.164,0.0,,,0,0,0.27,0.0,21,7,800,,
7,cand,461x490,idle-before,9,0,4373.177,0.0,,,0,0,0.284,0.0,20,7,800,,
7,cand,461x490,idle-before,10,0,4522.776,0.0,,,0,0,0.292,0.0,21,7,800,,
7,cand,461x490,idle-before,11,0,4672.146,0.0,,45.454,1,1,3.292,0.0,23,7,800,,
7,cand,461x490,idle-before,12,0,4822.18,0.0,,,0,0,0.239,0.0,20,7,800,,
7,cand,461x490,idle-before,13,0,4972.842,0.0,,,0,0,0.279,0.0,21,7,800,,
7,cand,461x490,idle-before,14,0,5122.407,0.0,,,0,0,0.295,0.0,21,7,800,,
7,cand,461x490,idle-before,15,0,5272.389,0.0,,,0,0,0.237,0.002,20,7,5012,,
7,cand,461x490,idle-before,16,0,5422.522,0.0,,,0,0,0.354,0.0,21,7,800,,
7,cand,461x490,idle-before,17,0,5572.447,0.0,,,0,0,0.251,0.003,21,7,800,,
7,cand,461x490,idle-before,18,0,5722.194,0.0,,,0,0,0.283,0.0,20,7,800,,
7,cand,461x490,idle-before,19,0,5872.489,0.0,,,0,0,0.272,0.0,21,7,800,,
7,cand,461x490,recorded,0,1,6045.42,0.467,1.112,6.097,1,1,3.583,0.006,23,7,5024,7,5300
7,cand,461x490,recorded,1,1,6195.521,0.413,0.769,8.634,1,1,3.641,0.0,23,7,800,7,5100
7,cand,461x490,recorded,2,1,6345.453,0.466,0.879,10.292,1,1,3.563,0.009,23,7,800,7,5122
7,cand,461x490,recorded,3,1,6495.346,0.476,0.864,13.246,1,1,3.418,0.0,23,7,5162,7,5306
7,cand,461x490,recorded,4,1,6645.488,0.519,0.902,7.047,1,1,3.455,0.0,23,7,800,7,5282
7,cand,461x490,recorded,5,1,6795.433,0.453,0.817,10.283,1,1,3.287,0.0,23,7,5292,7,5274
7,cand,461x490,recorded,6,1,6945.606,0.47,0.847,11.946,1,1,3.299,0.0,22,7,5304,7,5280
7,cand,461x490,recorded,7,1,7095.435,0.464,0.841,7.231,1,1,3.322,0.002,23,7,800,7,5300
7,cand,461x490,recorded,8,1,7244.81,0.431,0.733,9.662,1,1,3.251,0.003,23,7,5239,7,5300
7,cand,461x490,recorded,9,1,7395.573,0.481,0.893,11.647,1,1,3.315,0.006,22,7,800,7,5092
7,cand,461x490,recorded,10,1,7545.601,0.474,0.835,5.707,1,1,3.215,0.002,23,7,800,7,5300
7,cand,461x490,recorded,11,1,7695.09,0.476,0.879,9.303,1,1,3.445,0.006,23,7,800,7,5300
7,cand,461x490,recorded,12,1,7844.956,0.426,0.797,11.427,1,1,3.073,0.0,22,7,800,7,5300
7,cand,461x490,recorded,13,1,7995.595,0.524,0.873,5.379,2,2,6.0,0.008,24,7,800,7,5300
7,cand,461x490,recorded,14,1,8145.34,0.48,0.894,7.705,1,1,3.269,0.002,23,7,800,7,5284
7,cand,461x490,recorded,15,1,8295.583,0.438,0.807,10.052,1,1,3.324,0.004,22,1,5116,7,5300
7,cand,461x490,recorded,16,1,8445.009,0.458,0.831,13.302,1,1,3.545,0.0,22,1,5301,1,5300
7,cand,461x490,recorded,17,1,8595.192,0.824,1.177,7.458,1,1,3.42,0.0,23,1,5292,1,5282
7,cand,461x490,recorded,18,1,8745.426,0.44,0.812,9.688,1,1,3.223,0.004,23,1,800,1,5304
7,cand,461x490,recorded,19,1,8895.584,0.444,0.826,11.897,1,1,3.289,0.0,22,1,800,1,5300
7,cand,461x490,recorded,20,1,9045.57,0.469,0.814,6.799,1,1,3.316,0.064,23,1,800,1,5285
7,cand,461x490,recorded,21,1,9195.515,0.394,0.751,8.9,1,1,3.531,0.003,23,1,800,1,5100
7,cand,461x490,recorded,22,1,9345.243,0.453,0.841,10.788,1,1,3.586,0.023,22,1,5301,1,5272
7,cand,461x490,recorded,23,1,9495.619,0.469,0.856,5.637,1,1,3.347,0.082,23,1,5300,1,5299
7,cand,461x490,recorded,24,1,9645.228,0.475,0.874,9.473,2,2,6.288,0.036,25,1,5302,1,5257
7,cand,461x490,recorded,25,1,9795.541,0.457,0.823,9.942,1,1,2.982,0.043,22,1,5297,1,5300
7,cand,461x490,recorded,26,1,9945.237,0.499,0.911,13.354,1,1,3.369,0.039,22,1,5305,1,5300
7,cand,461x490,recorded,27,1,10095.005,17.711,18.156,29.866,1,1,3.462,0.003,23,1,800,1,5299
7,cand,461x490,recorded,28,1,10245.44,0.457,0.824,9.459,1,1,3.153,0.014,22,1,800,1,5300
7,cand,461x490,recorded,29,1,10395.353,0.526,0.902,12.638,1,1,3.489,0.038,23,1,5187,1,5294
7,cand,461x490,recorded,30,-1,10545.246,0.478,1.005,7.499,1,1,3.573,0.005,23,1,800,1,5299
7,cand,461x490,recorded,31,-1,10695.02,0.448,0.852,9.907,1,1,3.529,0.0,23,1,800,1,5239
7,cand,461x490,recorded,32,-1,10845.57,0.451,0.837,11.573,1,1,3.211,0.0,22,1,800,1,5292
7,cand,461x490,recorded,33,-1,10995.638,0.422,0.784,5.7,1,1,3.131,0.003,23,1,5110,1,5300
7,cand,461x490,recorded,34,-1,11144.847,0.435,0.788,9.029,1,1,3.358,0.003,23,1,800,1,5286
7,cand,461x490,recorded,35,-1,11295.336,0.47,0.922,11.19,1,1,3.382,0.0,22,1,800,1,5300
7,cand,461x490,recorded,36,-1,11445.534,0.465,0.855,5.201,1,1,3.249,0.006,23,1,800,1,5300
7,cand,461x490,recorded,37,-1,11594.986,0.514,0.957,7.51,1,1,3.923,0.0,23,1,5282,1,5285
7,cand,461x490,recorded,38,-1,11745.317,0.657,0.877,10.995,1,1,3.648,0.0,22,1,5255,1,5172
7,cand,461x490,recorded,39,-1,11895.023,0.444,0.808,5.565,1,1,3.42,0.0,22,1,800,1,5300
7,cand,461x490,recorded,40,-1,12045.579,0.424,0.779,7.259,1,1,3.39,0.017,23,1,5105,1,5300
7,cand,461x490,recorded,41,-1,12195.364,0.411,0.806,9.756,1,1,3.62,0.0,23,1,5239,1,5110
7,cand,461x490,recorded,42,-1,12345.433,0.469,0.843,11.989,1,1,3.505,0.003,22,1,800,1,5300
7,cand,461x490,recorded,43,-1,12495.578,0.422,0.804,7.075,2,2,6.363,0.015,25,1,5297,1,5300
7,cand,461x490,recorded,44,-1,12645.269,0.496,0.89,9.3,1,1,3.538,0.003,23,1,800,1,5220
7,cand,461x490,recorded,45,-1,12795.283,0.445,0.833,11.585,1,1,3.323,0.0,22,1,800,1,5308
7,cand,461x490,recorded,46,-1,12945.591,0.443,0.893,5.666,1,1,3.35,0.005,23,1,5270,1,5299
7,cand,461x490,recorded,47,-1,13095.41,0.433,0.793,8.115,1,1,3.123,0.0,23,1,800,1,5300
7,cand,461x490,recorded,48,-1,13245.025,0.431,0.814,10.82,1,1,3.378,0.003,22,1,800,1,5300
7,cand,461x490,recorded,49,-1,13395.109,0.489,0.849,5.346,1,1,3.513,0.003,23,1,800,1,5300
7,cand,461x490,recorded,50,-1,13545.58,0.444,0.815,7.9,1,1,3.41,0.84,23,1,5000,1,5300
7,cand,461x490,recorded,51,-1,13695.39,0.434,0.963,10.603,1,1,3.678,0.024,22,1,5299,1,5002
7,cand,461x490,recorded,52,-1,13845.107,0.481,0.868,12.715,1,1,3.377,0.025,23,1,5298,1,5305
7,cand,461x490,recorded,53,-1,13995.575,0.452,0.8,6.775,1,1,3.128,0.016,23,1,5233,1,5215
7,cand,461x490,recorded,54,-1,14145.32,0.44,0.827,9.261,2,2,5.812,0.007,25,1,800,1,5300
7,cand,461x490,recorded,55,-1,14295.221,0.468,0.837,11.729,1,1,3.321,0.005,22,1,800,1,5300
7,cand,461x490,recorded,56,-1,14445.461,0.454,0.849,6.418,1,1,3.583,0.002,23,1,800,1,5300
7,cand,461x490,recorded,57,-1,14595.025,0.467,0.976,8.961,1,1,3.663,0.0,23,1,800,1,5279
7,cand,461x490,recorded,58,-1,14744.986,0.538,0.88,11.21,1,1,3.347,0.0,22,1,5286,1,5300
7,cand,461x490,recorded,59,-1,14894.952,0.432,0.758,6.612,1,1,3.308,0.002,22,1,800,1,5300
7,cand,461x490,recorded,60,1,15045.405,0.447,0.837,8.47,1,1,3.554,0.002,23,1,800,1,5300
7,cand,461x490,recorded,61,1,15195.408,0.421,0.783,10.723,1,1,3.661,0.016,22,1,5303,1,5055
7,cand,461x490,recorded,62,1,15345.099,0.423,0.906,12.893,1,1,3.481,0.033,23,1,5301,1,5302
7,cand,461x490,recorded,63,1,15495.58,0.462,0.816,6.977,1,1,3.487,0.047,23,1,800,1,5284
7,cand,461x490,recorded,64,1,15645.207,0.471,0.932,9.973,1,1,3.629,0.003,23,1,800,1,5206
7,cand,461x490,recorded,65,1,15795.449,0.434,0.797,11.797,1,1,3.225,0.0,22,1,800,1,5101
7,cand,461x490,recorded,66,1,15945.606,0.447,0.814,6.975,1,1,3.394,0.005,23,1,800,1,5300
7,cand,461x490,recorded,67,1,16095.004,0.463,0.755,9.102,1,1,3.171,0.002,23,1,800,1,5310
7,cand,461x490,recorded,68,1,16245.329,0.425,0.803,11.192,1,1,3.352,0.012,22,1,800,1,5297
7,cand,461x490,recorded,69,1,16395.221,0.441,0.816,6.662,1,1,3.493,0.0,23,1,800,1,5243
7,cand,461x490,recorded,70,1,16545.332,0.392,0.778,8.246,1,1,3.076,0.004,23,1,5301,1,5300
7,cand,461x490,recorded,71,1,16695.569,0.488,0.887,10.417,1,1,3.429,0.0,22,1,800,1,5300
7,cand,461x490,recorded,72,1,16844.994,0.434,0.836,5.782,1,1,3.385,0.017,23,1,5154,1,5282
7,cand,461x490,recorded,73,1,16994.981,0.427,0.772,7.679,2,2,6.167,0.111,25,1,5296,1,5232
7,cand,461x490,recorded,74,1,17145.538,0.434,0.816,9.513,1,1,3.203,0.022,22,1,5300,1,5289
7,cand,461x490,recorded,75,1,17295.257,0.435,0.847,12.293,1,1,3.046,0.023,23,1,5296,1,5300
7,cand,461x490,recorded,76,1,17445.588,0.514,0.866,7.189,1,1,3.28,0.009,23,1,5300,1,5296
7,cand,461x490,recorded,77,1,17595.015,0.603,0.907,9.437,1,1,3.375,0.026,23,1,5300,1,5299
7,cand,461x490,recorded,78,1,17745.2,0.455,0.873,12.155,1,1,3.267,0.003,22,1,800,1,5300
7,cand,461x490,recorded,79,1,17895.595,0.435,0.808,5.661,1,1,3.234,0.003,23,1,5287,1,5300
7,cand,461x490,recorded,80,1,18045.585,0.421,0.786,8.329,1,1,3.352,0.009,23,1,800,1,5295
7,cand,461x490,recorded,81,1,18195.023,0.401,0.702,11.503,1,1,3.417,0.0,22,1,800,1,5100
7,cand,461x490,recorded,82,1,18345.3,0.575,0.893,5.815,1,1,3.564,0.002,23,1,800,1,5154
7,cand,461x490,recorded,83,1,18495.584,0.443,0.805,8.029,1,1,3.118,0.0,23,1,800,1,5300
7,cand,461x490,recorded,84,1,18645.304,0.493,0.887,9.806,2,2,6.112,0.021,24,1,5301,1,5300
7,cand,461x490,recorded,85,1,18795.067,0.432,0.843,5.433,1,1,3.337,0.013,22,1,5279,1,5217
7,cand,461x490,recorded,86,1,18945.626,0.456,0.825,6.731,1,1,3.254,0.0,23,1,800,1,5300
7,cand,461x490,recorded,87,1,19095.432,0.563,0.839,9.39,1,1,3.302,0.0,23,1,800,1,5282
7,cand,461x490,recorded,88,1,19245.586,0.45,0.823,12.08,1,1,3.282,0.002,22,1,5298,1,5246
7,cand,461x490,recorded,89,1,19395.175,0.473,0.935,6.994,1,1,3.493,0.009,23,1,5254,1,5297
7,cand,461x490,recorded,90,-1,19545.148,0.447,0.841,9.53,1,1,3.274,0.002,23,1,5290,1,5300
7,cand,461x490,recorded,91,-1,19695.135,0.463,0.87,12.129,1,1,3.499,0.0,22,1,800,1,5300
7,cand,461x490,recorded,92,-1,19845.505,0.449,0.818,5.858,1,1,3.091,0.002,23,1,800,1,5300
7,cand,461x490,recorded,93,-1,19995.588,0.441,0.823,8.424,1,1,3.429,0.014,23,1,5312,1,5300
7,cand,461x490,recorded,94,-1,20145.012,0.524,0.991,11.299,1,1,3.732,0.0,22,1,800,1,5270
7,cand,461x490,recorded,95,-1,20294.926,0.437,0.805,5.827,1,1,3.348,0.004,23,1,800,1,5300
7,cand,461x490,recorded,96,-1,20445.588,0.465,0.857,7.48,1,1,3.479,0.003,23,1,800,1,5300
7,cand,461x490,recorded,97,-1,20595.285,0.543,1.016,9.727,1,1,3.526,0.0,22,1,800,1,5300
7,cand,461x490,recorded,98,-1,20745.297,0.565,0.861,12.886,1,1,3.448,0.002,23,1,800,1,5158
7,cand,461x490,recorded,99,-1,20895.041,0.431,0.773,7.359,1,1,3.232,0.002,23,1,5213,1,5300
7,cand,461x490,recorded,100,-1,21045.429,0.423,0.818,9.795,1,1,3.405,0.002,23,1,800,1,5300
7,cand,461x490,recorded,101,-1,21195.265,0.371,0.769,12.32,1,1,3.769,0.0,22,1,800,1,5100
7,cand,461x490,recorded,102,-1,21345.676,0.488,0.913,7.273,1,1,4.589,0.002,23,1,5007,1,5219
7,cand,461x490,recorded,103,-1,21495.422,0.47,0.818,8.883,2,2,6.587,0.0,25,1,800,1,5000
7,cand,461x490,recorded,104,-1,21645.195,0.405,0.775,11.549,1,1,3.738,0.0,22,1,800,1,5099
7,cand,461x490,recorded,105,-1,21795.172,0.461,0.855,6.413,1,1,3.163,0.004,23,1,800,1,5300
7,cand,461x490,recorded,106,-1,21945.584,0.443,0.809,7.786,1,1,3.244,0.0,23,1,800,1,5300
7,cand,461x490,recorded,107,-1,22095.343,0.566,0.84,10.334,1,1,3.121,0.002,22,1,800,1,5300
7,cand,461x490,recorded,108,-1,22244.924,0.428,0.793,5.51,1,1,3.36,0.01,23,1,5148,1,5300
7,cand,461x490,recorded,109,-1,22395.194,0.485,0.859,7.636,1,1,3.402,0.0,23,1,5289,1,5300
7,cand,461x490,recorded,110,-1,22545.438,0.436,0.815,9.97,1,1,3.581,0.004,23,1,800,1,5300
7,cand,461x490,recorded,111,-1,22695.465,0.522,0.805,12.919,1,1,3.664,0.0,22,1,800,1,5205
7,cand,461x490,recorded,112,-1,22845.601,0.585,0.866,6.899,1,1,3.38,0.003,23,1,800,1,5300
7,cand,461x490,recorded,113,-1,22995.297,0.446,0.856,9.108,1,1,3.262,0.006,23,1,5192,1,5300
7,cand,461x490,recorded,114,-1,23145.36,0.442,0.857,11.122,2,2,6.144,0.005,24,1,800,1,5300
7,cand,461x490,recorded,115,-1,23295.407,0.45,0.823,5.916,1,1,3.119,0.002,23,1,800,1,5300
7,cand,461x490,recorded,116,-1,23445.456,0.473,0.872,8.453,1,1,3.487,0.0,23,1,800,1,5090
7,cand,461x490,recorded,117,-1,23595.065,0.431,0.822,10.31,1,1,3.436,0.003,22,1,800,1,5265
7,cand,461x490,recorded,118,-1,23745.01,0.45,0.781,6.015,1,1,3.464,0.003,23,1,800,1,5298
7,cand,461x490,recorded,119,-1,23895.445,0.433,0.761,6.982,1,1,3.199,0.0,23,1,800,1,5300
7,cand,461x490,idle-after,0,0,24069.056,0.0,,,0,0,0.289,0.0,21,1,800,,
7,cand,461x490,idle-after,1,0,24219.319,0.0,,,0,0,0.268,0.0,20,1,5310,,
7,cand,461x490,idle-after,2,0,24369.376,0.0,,,0,0,0.274,0.0,21,1,800,,
7,cand,461x490,idle-after,3,0,24519.407,0.0,,,0,0,0.288,0.0,21,1,800,,
7,cand,461x490,idle-after,4,0,24669.38,0.0,,,0,0,0.284,0.0,21,1,800,,
7,cand,461x490,idle-after,5,0,24819.367,0.0,,,0,0,0.245,0.0,20,1,5299,,
7,cand,461x490,idle-after,6,0,24969.351,0.0,,,0,0,0.273,0.0,21,1,800,,
7,cand,461x490,idle-after,7,0,25119.362,0.0,,,0,0,0.257,0.0,21,1,800,,
7,cand,461x490,idle-after,8,0,25269.003,0.0,,,0,0,0.246,0.0,20,1,800,,
7,cand,461x490,idle-after,9,0,25418.949,0.0,,,0,0,0.255,0.01,21,1,5293,,
7,cand,461x490,idle-after,10,0,25569.14,0.0,,,0,0,0.286,0.004,21,1,5308,,
7,cand,461x490,idle-after,11,0,25719.339,0.0,,,0,0,0.269,0.0,20,1,800,,
7,cand,461x490,idle-after,12,0,25869.168,0.0,,,0,0,0.278,0.005,21,1,800,,
7,cand,461x490,idle-after,13,0,26019.295,0.0,,,0,0,0.253,0.041,21,1,5260,,
7,cand,461x490,idle-after,14,0,26169.362,0.0,,,0,0,0.241,0.003,20,1,800,,
7,cand,461x490,idle-after,15,0,26319.363,0.0,,,0,0,0.253,0.0,21,1,800,,
7,cand,461x490,idle-after,16,0,26469.381,0.0,,,0,0,0.255,0.003,21,1,800,,
7,cand,461x490,idle-after,17,0,26619.243,0.0,,,0,0,0.27,0.003,21,1,800,,
7,cand,461x490,idle-after,18,0,26769.363,0.0,,,0,0,0.245,0.0,20,1,800,,
7,cand,461x490,idle-after,19,0,26919.245,0.0,,,0,0,0.279,0.0,21,1,5294,,
8,cand,1480x800,warmup,0,1,0.0,0.416,0.773,,0,0,0.277,0.0,21,1,5294,,
8,cand,1480x800,warmup,1,1,149.782,0.435,0.767,8.898,1,1,5.148,0.007,23,1,5299,1,5300
8,cand,1480x800,warmup,2,1,299.785,0.465,0.794,10.878,1,1,5.099,0.0,23,1,5304,1,5299
8,cand,1480x800,warmup,3,1,450.397,0.609,0.863,13.203,1,1,5.415,0.0,22,1,800,1,5298
8,cand,1480x800,warmup,4,1,599.786,0.552,0.812,7.875,1,1,5.067,0.0,23,1,800,1,5290
8,cand,1480x800,warmup,5,1,749.788,0.466,0.818,10.247,1,1,5.106,0.003,23,1,5299,1,5280
8,cand,1480x800,warmup,6,1,900.462,0.476,0.905,12.19,1,1,5.54,0.021,23,1,5107,1,5291
8,cand,1480x800,warmup,7,1,1050.377,0.376,0.792,15.187,1,1,5.408,0.003,22,1,800,1,5095
8,cand,1480x800,warmup,8,1,1200.438,0.523,0.868,9.053,1,1,5.302,0.0,23,3,5301,1,5218
8,cand,1480x800,warmup,9,1,1349.853,0.405,0.8,11.77,1,1,5.15,0.0,23,3,5171,3,5300
8,cand,1480x800,warmup,10,-1,1499.863,0.516,0.861,14.808,1,1,5.494,0.0,22,3,5309,3,5295
8,cand,1480x800,warmup,11,-1,1650.428,0.518,0.85,9.215,1,1,5.236,0.0,23,1,5208,3,5298
8,cand,1480x800,warmup,12,-1,1800.199,0.415,0.776,11.07,1,1,5.007,0.0,23,1,5245,1,5323
8,cand,1480x800,warmup,13,-1,1949.912,0.448,0.918,13.878,1,1,5.852,0.0,22,1,800,1,5300
8,cand,1480x800,warmup,14,-1,2099.913,0.433,0.77,8.497,1,1,5.042,0.039,23,1,800,1,5091
8,cand,1480x800,warmup,15,-1,2249.894,0.415,0.86,10.824,1,1,5.465,0.005,23,1,800,1,5306
8,cand,1480x800,warmup,16,-1,2400.169,0.467,1.06,12.682,1,1,5.588,0.003,22,1,5269,1,5296
8,cand,1480x800,warmup,17,-1,2550.423,0.477,0.828,13.787,1,1,4.829,0.0,23,1,5305,1,5293
8,cand,1480x800,warmup,18,-1,2700.47,0.471,0.887,9.577,1,1,5.078,0.0,23,1,800,1,5295
8,cand,1480x800,warmup,19,-1,2850.493,0.412,0.774,10.943,1,1,4.72,0.129,22,1,5261,1,5230
8,cand,1480x800,idle-before,0,0,3022.927,0.0,,,0,0,0.243,0.0,20,1,800,,
8,cand,1480x800,idle-before,1,0,3172.891,0.0,,,0,0,0.277,0.0,21,1,800,,
8,cand,1480x800,idle-before,2,0,3322.617,0.0,,,0,0,0.259,0.0,21,1,800,,
8,cand,1480x800,idle-before,3,0,3473.127,0.0,,,0,0,0.293,0.0,20,1,5291,,
8,cand,1480x800,idle-before,4,0,3622.783,0.0,,,0,0,0.247,0.006,21,3,800,,
8,cand,1480x800,idle-before,5,0,3773.031,0.0,,,0,0,0.326,0.0,21,3,5103,,
8,cand,1480x800,idle-before,6,0,3923.308,0.0,,,0,0,0.251,0.0,21,3,5102,,
8,cand,1480x800,idle-before,7,0,4073.193,0.0,,,0,0,0.258,0.006,20,3,5203,,
8,cand,1480x800,idle-before,8,0,4222.911,0.0,,,0,0,0.248,0.0,21,3,5299,,
8,cand,1480x800,idle-before,9,0,4373.281,0.0,,,0,0,0.271,0.002,21,3,5298,,
8,cand,1480x800,idle-before,10,0,4523.237,0.0,,,0,0,0.234,0.003,20,3,5169,,
8,cand,1480x800,idle-before,11,0,4673.266,0.0,,,0,0,0.276,0.0,21,3,5302,,
8,cand,1480x800,idle-before,12,0,4822.803,0.0,,,0,0,0.294,0.0,21,3,5322,,
8,cand,1480x800,idle-before,13,0,4973.312,0.0,,,0,0,0.239,0.0,20,3,5302,,
8,cand,1480x800,idle-before,14,0,5122.682,0.0,,,0,0,0.27,0.0,21,3,5297,,
8,cand,1480x800,idle-before,15,0,5273.147,0.0,,,0,0,0.279,0.997,21,3,4987,,
8,cand,1480x800,idle-before,16,0,5423.286,0.0,,,0,0,0.328,0.005,21,3,5000,,
8,cand,1480x800,idle-before,17,0,5573.152,0.0,,,0,0,0.258,0.003,20,3,5305,,
8,cand,1480x800,idle-before,18,0,5723.093,0.0,,,0,0,0.274,0.0,21,3,5312,,
8,cand,1480x800,idle-before,19,0,5873.043,0.0,,,0,0,0.246,0.0,21,3,5222,,
8,cand,1480x800,recorded,0,1,6044.953,0.355,0.91,13.69,1,1,5.146,0.0,22,3,800,3,5302
8,cand,1480x800,recorded,1,1,6194.855,0.409,0.868,9.176,1,1,5.396,0.003,23,3,800,3,5300
8,cand,1480x800,recorded,2,1,6344.973,0.39,0.785,10.99,1,1,5.089,0.002,23,3,800,3,5306
8,cand,1480x800,recorded,3,1,6495.72,0.415,0.838,13.123,1,1,5.428,0.0,22,3,800,3,5293
8,cand,1480x800,recorded,4,1,6645.612,0.398,0.801,14.589,1,1,5.165,0.0,23,3,800,3,5305
8,cand,1480x800,recorded,5,1,6795.632,0.394,0.829,10.049,1,1,5.412,0.003,23,3,5297,3,5294
8,cand,1480x800,recorded,6,1,6945.218,0.402,0.82,12.955,1,1,5.488,0.016,23,3,800,3,5279
8,cand,1480x800,recorded,7,1,7095.655,0.393,0.801,14.232,1,1,5.246,0.0,22,3,800,3,5300
8,cand,1480x800,recorded,8,1,7245.626,0.396,0.841,9.783,1,1,5.543,0.006,23,3,5181,3,5300
8,cand,1480x800,recorded,9,1,7395.364,0.357,0.852,13.436,1,1,6.066,0.003,23,3,5165,3,5001
8,cand,1480x800,recorded,10,1,7545.114,0.402,0.802,14.475,1,1,5.435,0.0,22,3,5210,3,5088
8,cand,1480x800,recorded,11,1,7695.61,0.378,0.792,8.117,1,1,5.38,0.0,23,3,800,3,5192
8,cand,1480x800,recorded,12,1,7845.542,0.375,0.794,11.125,1,1,5.155,0.0,23,3,800,3,5229
8,cand,1480x800,recorded,13,1,7995.617,0.384,0.803,13.191,1,1,5.387,0.0,22,3,5253,3,5308
8,cand,1480x800,recorded,14,1,8145.533,0.482,0.889,15.166,1,1,5.484,0.003,23,3,800,3,5301
8,cand,1480x800,recorded,15,1,8295.584,0.395,0.796,10.083,1,1,5.352,0.0,23,3,800,3,5302
8,cand,1480x800,recorded,16,1,8445.528,0.58,0.889,12.151,1,1,5.564,0.0,23,3,800,3,5302
8,cand,1480x800,recorded,17,1,8595.614,0.463,0.859,15.048,1,1,5.409,0.002,22,3,5298,3,5313
8,cand,1480x800,recorded,18,1,8745.282,0.449,0.845,9.422,1,1,5.275,0.0,23,3,5297,3,5300
8,cand,1480x800,recorded,19,1,8894.835,0.445,0.855,12.835,1,1,5.273,0.0,23,3,800,3,5304
8,cand,1480x800,recorded,20,1,9045.508,0.453,0.845,14.139,1,1,5.316,0.0,22,3,800,3,5299
8,cand,1480x800,recorded,21,1,9195.478,0.503,0.905,8.648,1,1,5.434,0.004,23,3,5267,3,5311
8,cand,1480x800,recorded,22,1,9345.069,0.454,0.895,10.802,1,1,5.081,0.005,23,3,5296,3,5228
8,cand,1480x800,recorded,23,1,9495.062,0.549,0.955,13.976,1,1,5.432,0.0,22,3,5316,3,5300
8,cand,1480x800,recorded,24,1,9645.616,0.577,0.906,15.762,1,1,5.388,0.0,23,3,5299,3,5303
8,cand,1480x800,recorded,25,1,9795.062,0.456,0.862,10.603,1,1,5.238,0.0,23,3,5312,3,5289
8,cand,1480x800,recorded,26,1,9945.63,0.478,0.835,12.866,1,1,5.36,0.003,22,3,5184,3,5308
8,cand,1480x800,recorded,27,1,10095.489,0.479,0.802,15.162,1,1,5.349,0.004,23,3,5096,3,5196
8,cand,1480x800,recorded,28,1,10244.845,0.464,0.86,10.583,1,1,5.318,0.0,23,3,5296,3,5251
8,cand,1480x800,recorded,29,1,10395.459,0.642,0.869,14.159,1,1,5.6,0.003,23,3,5174,3,5222
8,cand,1480x800,recorded,30,-1,10545.534,0.407,0.736,14.818,1,1,5.562,0.0,22,3,800,3,5100
8,cand,1480x800,recorded,31,-1,10695.379,0.598,0.874,8.854,1,1,5.22,0.0,23,3,800,3,5302
8,cand,1480x800,recorded,32,-1,10844.842,0.475,0.844,11.781,1,1,5.194,0.0,23,3,5329,3,5308
8,cand,1480x800,recorded,33,-1,10995.225,0.504,0.928,14.442,1,1,5.42,0.0,22,3,5301,3,5296
8,cand,1480x800,recorded,34,-1,11145.154,0.483,0.944,9.55,1,1,5.224,0.003,23,3,800,3,5305
8,cand,1480x800,recorded,35,-1,11294.848,0.459,0.829,11.794,1,1,5.263,0.004,23,3,800,3,5302
8,cand,1480x800,recorded,36,-1,11445.241,0.481,0.894,13.44,1,1,5.354,0.002,22,3,800,3,5300
8,cand,1480x800,recorded,37,-1,11595.619,0.486,0.816,15.055,1,1,5.242,0.0,23,3,800,3,5291
8,cand,1480x800,recorded,38,-1,11745.619,0.473,0.846,10.021,1,1,5.138,0.0,23,3,5275,3,5297
8,cand,1480x800,recorded,39,-1,11895.059,9.198,9.656,20.667,1,1,5.538,0.005,23,3,800,3,5293
8,cand,1480x800,recorded,40,-1,12045.612,0.472,0.857,15.089,1,1,5.414,0.0,22,3,800,3,5297
8,cand,1480x800,recorded,41,-1,12195.551,0.486,0.895,10.167,1,1,5.543,0.002,23,3,800,3,5289
8,cand,1480x800,recorded,42,-1,12345.633,0.428,0.826,11.83,1,1,5.161,0.002,23,3,800,3,5297
8,cand,1480x800,recorded,43,-1,12495.535,0.484,0.886,14.681,1,1,6.283,0.005,22,3,800,3,5297
8,cand,1480x800,recorded,44,-1,12645.614,0.503,0.879,8.815,1,1,5.284,0.0,23,3,5278,3,5292
8,cand,1480x800,recorded,45,-1,12795.132,0.457,0.864,11.51,1,1,5.214,0.0,23,3,800,3,5301
8,cand,1480x800,recorded,46,-1,12945.654,0.495,0.903,13.704,1,1,5.414,0.0,22,3,5129,3,5300
8,cand,1480x800,recorded,47,-1,13095.1,0.47,0.871,8.587,1,1,5.265,0.0,23,3,5111,3,5315
8,cand,1480x800,recorded,48,-1,13245.072,0.514,1.265,11.6,1,1,6.159,0.002,23,3,5051,3,840
8,cand,1480x800,recorded,49,-1,13395.016,0.601,0.947,15.438,1,1,5.906,0.0,22,3,800,3,5216
8,cand,1480x800,recorded,50,-1,13545.615,0.485,0.904,15.02,1,1,5.366,0.0,23,3,5209,3,5300
8,cand,1480x800,recorded,51,-1,13695.61,0.46,0.834,9.842,1,1,5.146,0.0,23,3,800,3,5289
8,cand,1480x800,recorded,52,-1,13845.632,0.451,0.845,12.012,1,1,5.16,0.0,23,3,800,3,5315
8,cand,1480x800,recorded,53,-1,13995.611,0.446,0.799,14.088,1,1,5.073,0.0,22,3,800,3,5297
8,cand,1480x800,recorded,54,-1,14145.128,0.477,0.923,9.354,1,1,5.254,0.002,23,3,800,3,5301
8,cand,1480x800,recorded,55,-1,14295.476,0.487,0.852,12.011,1,1,5.153,0.002,23,3,800,3,5309
8,cand,1480x800,recorded,56,-1,14445.156,0.497,0.909,14.532,1,1,5.377,0.0,22,3,5266,3,5297
8,cand,1480x800,recorded,57,-1,14595.611,0.468,0.924,7.904,1,1,4.868,0.0,23,3,800,3,5299
8,cand,1480x800,recorded,58,-1,14745.195,0.468,0.904,10.4,1,1,5.146,0.05,23,3,5073,3,5299
8,cand,1480x800,recorded,59,-1,14895.197,0.477,0.878,13.451,1,1,4.861,0.003,22,3,800,3,5306
8,cand,1480x800,recorded,60,1,15045.622,0.45,0.848,15.069,1,1,4.814,0.0,23,3,800,3,5314
8,cand,1480x800,recorded,61,1,15195.503,0.5,0.907,9.886,1,1,5.304,0.003,23,3,5285,3,5295
8,cand,1480x800,recorded,62,1,15345.008,0.469,0.941,12.975,1,1,5.117,0.0,23,3,800,3,5307
8,cand,1480x800,recorded,63,1,15495.633,0.474,0.862,15.026,1,1,5.292,0.0,22,3,800,3,5292
8,cand,1480x800,recorded,64,1,15645.611,0.463,0.838,9.535,1,1,5.109,0.003,23,3,5033,3,5301
8,cand,1480x800,recorded,65,1,15795.297,0.527,0.88,12.369,1,1,5.143,0.0,23,3,5281,3,5301
8,cand,1480x800,recorded,66,1,15945.635,0.489,0.86,14.06,1,1,5.452,0.0,22,3,800,3,5295
8,cand,1480x800,recorded,67,1,16095.505,0.426,0.798,8.977,1,1,5.228,0.002,23,3,5302,3,5086
8,cand,1480x800,recorded,68,1,16245.098,0.472,0.867,11.674,1,1,5.439,0.0,23,3,5149,3,5300
8,cand,1480x800,recorded,69,1,16395.087,0.508,0.942,15.311,1,1,5.614,0.006,22,3,800,3,5308
8,cand,1480x800,recorded,70,1,16545.25,0.51,0.905,8.389,1,1,5.426,0.0,23,3,800,3,5299
8,cand,1480x800,recorded,71,1,16695.552,0.474,0.857,10.096,1,1,5.371,0.0,23,3,800,3,5290
8,cand,1480x800,recorded,72,1,16845.141,0.487,0.901,13.543,1,1,5.319,0.003,22,3,800,3,5314
8,cand,1480x800,recorded,73,1,16995.354,0.435,0.827,15.294,1,1,5.193,0.01,24,4,5306,3,5305
8,cand,1480x800,recorded,74,1,17145.63,0.485,0.898,10.061,1,1,5.585,0.0,23,4,800,4,5292
8,cand,1480x800,recorded,75,1,17295.678,0.455,0.76,11.995,1,1,5.395,0.0,23,4,800,4,5164
8,cand,1480x800,recorded,76,1,17445.536,0.481,0.895,15.061,1,1,5.585,0.003,22,4,800,4,5309
8,cand,1480x800,recorded,77,1,17595.613,0.481,0.863,9.735,1,1,5.437,0.002,23,4,5296,4,5300
8,cand,1480x800,recorded,78,1,17744.833,0.465,0.808,12.738,1,1,5.355,0.0,23,4,5300,4,5248
8,cand,1480x800,recorded,79,1,17894.834,0.467,0.837,14.675,1,1,5.239,0.004,23,4,5299,4,5302
8,cand,1480x800,recorded,80,1,18045.612,0.46,0.842,8.003,1,1,5.156,0.008,23,4,800,4,5294
8,cand,1480x800,recorded,81,1,18196.037,0.354,0.752,9.841,1,1,5.165,0.008,23,4,5282,4,5287
8,cand,1480x800,recorded,82,1,18345.171,0.445,0.87,13.457,1,1,5.236,0.0,22,4,800,4,5299
8,cand,1480x800,recorded,83,1,18495.636,0.441,0.828,15.344,1,1,5.451,0.0,23,4,800,4,5300
8,cand,1480x800,recorded,84,1,18645.326,0.426,0.806,10.328,1,1,5.19,0.004,23,4,5300,4,5303
8,cand,1480x800,recorded,85,1,18795.492,0.419,0.813,12.533,1,1,5.215,0.0,23,4,5301,4,5296
8,cand,1480x800,recorded,86,1,18945.671,0.428,0.817,14.987,1,1,5.388,0.0,22,4,5300,4,5292
8,cand,1480x800,recorded,87,1,19095.612,0.43,0.816,10.009,1,1,5.325,0.003,23,4,5225,4,5307
8,cand,1480x800,recorded,88,1,19245.626,0.441,0.84,12.087,1,1,5.463,0.0,23,4,800,4,5308
8,cand,1480x800,recorded,89,1,19395.079,0.444,0.918,16.649,1,1,5.839,0.006,22,4,800,4,5295
8,cand,1480x800,recorded,90,-1,19545.611,0.444,0.821,9.006,1,1,5.497,0.0,23,4,800,4,5292
8,cand,1480x800,recorded,91,-1,19695.188,0.428,0.817,11.454,1,1,5.271,0.002,23,4,5307,4,5308
8,cand,1480x800,recorded,92,-1,19845.626,0.453,0.847,13.024,1,1,5.214,0.0,22,4,800,4,5293
8,cand,1480x800,recorded,93,-1,19995.61,0.465,0.863,8.034,1,1,5.215,0.009,23,4,5114,4,5301
8,cand,1480x800,recorded,94,-1,20145.335,0.442,0.924,10.966,1,1,5.621,0.006,23,4,800,4,5296
8,cand,1480x800,recorded,95,-1,20295.622,0.395,0.744,13.013,1,1,4.992,0.004,22,4,800,4,5301
8,cand,1480x800,recorded,96,-1,20444.853,0.444,0.831,7.773,1,1,5.167,0.002,23,3,5270,4,5304
8,cand,1480x800,recorded,97,-1,20595.063,0.448,0.797,10.08,1,1,5.187,0.0,23,3,800,3,5304
8,cand,1480x800,recorded,98,-1,20745.359,0.379,0.757,12.358,1,1,5.242,0.0,23,3,800,3,5300
8,cand,1480x800,recorded,99,-1,20895.612,0.431,0.809,14.049,1,1,5.199,0.0,22,3,5302,3,5316
8,cand,1480x800,recorded,100,-1,21045.147,0.411,0.871,9.459,1,1,5.38,0.0,23,3,800,3,5308
8,cand,1480x800,recorded,101,-1,21194.972,0.45,0.821,11.887,1,1,5.434,0.0,23,3,800,3,5301
8,cand,1480x800,recorded,102,-1,21345.356,0.457,0.908,14.351,1,1,5.378,0.0,22,3,800,3,5283
8,cand,1480x800,recorded,103,-1,21495.646,0.462,0.867,8.481,1,1,5.638,0.0,23,3,800,3,5305
8,cand,1480x800,recorded,104,-1,21644.975,0.457,0.887,11.715,1,1,5.473,0.0,23,3,800,3,5293
8,cand,1480x800,recorded,105,-1,21795.342,0.39,0.82,13.464,1,1,5.314,0.0,22,3,800,3,5114
8,cand,1480x800,recorded,106,-1,21945.642,0.456,0.835,15.086,1,1,5.458,0.0,23,3,800,3,5297
8,cand,1480x800,recorded,107,-1,22095.632,0.46,0.866,10.031,1,1,5.491,0.0,23,3,800,3,5296
8,cand,1480x800,recorded,108,-1,22245.644,0.458,0.863,12.938,1,1,5.296,0.008,23,3,800,3,5304
8,cand,1480x800,recorded,109,-1,22395.016,0.481,1.028,15.079,1,1,5.715,0.0,23,3,800,3,5076
8,cand,1480x800,recorded,110,-1,22545.543,0.439,0.804,10.042,1,1,5.457,0.0,23,3,5310,3,5101
8,cand,1480x800,recorded,111,-1,22695.534,0.445,0.793,12.284,1,1,5.239,0.0,23,3,800,3,5299
8,cand,1480x800,recorded,112,-1,22845.216,0.448,0.858,15.889,1,1,6.142,0.008,23,3,800,3,5293
8,cand,1480x800,recorded,113,-1,22995.019,0.553,0.893,9.593,1,1,5.506,0.0,23,3,800,3,5207
8,cand,1480x800,recorded,114,-1,23144.975,0.442,0.792,11.764,1,1,5.317,0.0,23,3,5282,3,5292
8,cand,1480x800,recorded,115,-1,23295.105,0.437,0.863,14.348,1,1,5.12,0.0,22,3,800,3,5298
8,cand,1480x800,recorded,116,-1,23444.853,0.431,0.821,9.755,1,1,5.192,0.005,23,3,800,3,5296
8,cand,1480x800,recorded,117,-1,23595.617,0.432,0.804,10.033,1,1,5.103,0.003,23,3,5298,3,5297
8,cand,1480x800,recorded,118,-1,23745.608,0.408,0.794,12.587,1,1,4.918,0.0,22,3,5298,3,5300
8,cand,1480x800,recorded,119,-1,23895.838,0.414,0.792,14.028,1,1,4.691,0.005,23,3,5292,3,5251
8,cand,1480x800,idle-after,0,0,24069.1,0.0,,,0,0,0.303,0.0,21,3,800,,
8,cand,1480x800,idle-after,1,0,24219.236,0.0,,,0,0,0.242,0.003,21,3,800,,
8,cand,1480x800,idle-after,2,0,24369.24,0.0,,,0,0,0.26,0.003,20,3,800,,
8,cand,1480x800,idle-after,3,0,24519.226,0.0,,,0,0,0.284,0.003,21,3,5302,,
8,cand,1480x800,idle-after,4,0,24668.594,0.0,,,0,0,0.272,0.0,21,3,5301,,
8,cand,1480x800,idle-after,5,0,24818.57,0.0,,,0,0,0.246,0.002,21,3,5126,,
8,cand,1480x800,idle-after,6,0,24969.239,0.0,,,0,0,0.241,0.0,20,3,5237,,
8,cand,1480x800,idle-after,7,0,25119.277,0.0,,,0,0,0.31,0.0,21,4,5306,,
8,cand,1480x800,idle-after,8,0,25268.577,0.0,,,0,0,0.269,0.003,21,4,5301,,
8,cand,1480x800,idle-after,9,0,25418.608,0.0,,,0,0,0.269,0.0,20,4,5303,,
8,cand,1480x800,idle-after,10,0,25569.222,0.0,,,0,0,0.316,0.003,21,4,5323,,
8,cand,1480x800,idle-after,11,0,25719.225,0.0,,,0,0,0.292,0.003,21,4,800,,
8,cand,1480x800,idle-after,12,0,25869.237,0.001,,,0,0,0.263,0.0,20,4,800,,
8,cand,1480x800,idle-after,13,0,26019.217,0.0,,,0,0,0.289,0.0,21,4,800,,
8,cand,1480x800,idle-after,14,0,26168.576,0.0,,,0,0,0.267,0.039,21,4,800,,
8,cand,1480x800,idle-after,15,0,26319.247,0.0,,,0,0,0.243,0.0,21,4,800,,
8,cand,1480x800,idle-after,16,0,26469.229,0.0,,,0,0,0.259,0.0,20,4,800,,
8,cand,1480x800,idle-after,17,0,26618.49,0.0,,,0,0,0.243,0.0,21,4,800,,
8,cand,1480x800,idle-after,18,0,26768.509,0.0,,,0,0,0.247,0.0,21,4,800,,
8,cand,1480x800,idle-after,19,0,26919.08,0.0,,,0,0,0.274,0.003,20,4,800,,
9,base,1480x800,warmup,0,1,0.0,0.38,0.788,,0,0,0.301,0.004,22,0,5284,,
9,base,1480x800,warmup,1,1,150.348,0.341,0.719,12.081,1,1,5.206,0.002,22,0,5182,0,5273
9,base,1480x800,warmup,2,1,299.944,0.396,0.839,15.261,1,1,5.286,0.01,23,0,800,0,5305
9,base,1480x800,warmup,3,1,450.363,0.375,0.765,9.872,1,1,5.225,0.0,23,0,5307,0,5290
9,base,1480x800,warmup,4,1,600.375,0.384,0.75,11.475,1,1,5.225,0.013,23,0,5164,0,5304
9,base,1480x800,warmup,5,1,750.369,0.374,0.761,14.541,1,1,5.26,0.002,22,0,800,0,5294
9,base,1480x800,warmup,6,1,900.362,0.368,0.755,9.233,1,1,5.279,0.003,23,0,800,0,5300
9,base,1480x800,warmup,7,1,1050.18,0.37,0.759,11.594,1,1,5.277,0.007,23,0,800,0,5300
9,base,1480x800,warmup,8,1,1199.922,0.385,0.793,18.314,1,1,5.71,0.004,21,0,800,0,5300
9,base,1480x800,warmup,9,1,1350.362,0.399,0.78,8.64,1,1,5.472,0.0,23,0,800,0,5305
9,base,1480x800,warmup,10,-1,1499.936,0.342,0.808,11.111,1,1,5.123,0.0,23,0,800,0,5300
9,base,1480x800,warmup,11,-1,1650.343,0.388,0.757,13.616,1,1,5.934,0.009,23,0,5006,0,5046
9,base,1480x800,warmup,12,-1,1799.776,0.362,0.784,8.304,1,1,5.361,0.008,23,0,5307,0,5102
9,base,1480x800,warmup,13,-1,1950.37,0.373,0.761,9.836,1,1,5.367,0.002,23,0,5226,0,5282
9,base,1480x800,warmup,14,-1,2100.365,0.416,0.793,12.196,1,1,5.166,0.002,23,4,5219,0,5292
9,base,1480x800,warmup,15,-1,2250.388,0.388,0.793,14.825,1,1,5.346,0.0,22,4,800,4,5306
9,base,1480x800,warmup,16,-1,2400.366,0.382,0.772,9.665,1,1,5.105,0.0,23,4,5269,4,5313
9,base,1480x800,warmup,17,-1,2550.374,0.378,0.787,11.136,1,1,5.098,0.0,23,4,5300,4,5294
9,base,1480x800,warmup,18,-1,2700.276,0.375,0.776,13.879,1,1,4.97,0.0,22,4,800,4,5296
9,base,1480x800,warmup,19,-1,2850.365,0.366,0.752,7.874,1,1,4.794,0.005,23,4,800,4,5295
9,base,1480x800,idle-before,0,0,3022.382,0.0,,,0,0,0.327,0.004,21,4,800,,
9,base,1480x800,idle-before,1,0,3172.676,0.0,,,0,0,0.285,0.0,20,4,800,,
9,base,1480x800,idle-before,2,0,3322.687,0.0,,,0,0,0.299,0.0,21,4,800,,
9,base,1480x800,idle-before,3,0,3472.677,0.0,,,0,0,0.319,0.0,21,4,800,,
9,base,1480x800,idle-before,4,0,3622.056,0.0,,,0,0,0.264,0.0,21,4,5325,,
9,base,1480x800,idle-before,5,0,3772.798,0.0,,,0,0,0.233,0.0,20,4,800,,
9,base,1480x800,idle-before,6,0,3922.689,0.0,,,0,0,0.306,0.0,21,4,5291,,
9,base,1480x800,idle-before,7,0,4072.05,0.0,,,0,0,0.275,0.0,21,4,800,,
9,base,1480x800,idle-before,8,0,4222.336,0.0,,,0,0,0.286,0.0,20,4,800,,
9,base,1480x800,idle-before,9,0,4372.68,0.0,,,0,0,0.273,0.0,21,4,800,,
9,base,1480x800,idle-before,10,0,4522.109,0.0,,,0,0,0.322,0.0,21,4,5280,,
9,base,1480x800,idle-before,11,0,4672.09,0.0,,,0,0,0.275,0.0,20,4,800,,
9,base,1480x800,idle-before,12,0,4822.603,0.0,,,0,0,0.303,0.0,21,4,5183,,
9,base,1480x800,idle-before,13,0,4972.69,0.0,,,0,0,0.278,0.005,21,4,5000,,
9,base,1480x800,idle-before,14,0,5122.54,0.0,,,0,0,0.301,0.003,21,4,800,,
9,base,1480x800,idle-before,15,0,5272.705,0.0,,,0,0,0.265,0.003,20,4,5262,,
9,base,1480x800,idle-before,16,0,5422.162,0.0,,,0,0,0.296,0.0,21,4,800,,
9,base,1480x800,idle-before,17,0,5572.683,0.0,,,0,0,0.287,0.003,21,4,800,,
9,base,1480x800,idle-before,18,0,5722.68,0.0,,,0,0,0.3,0.003,20,4,5263,,
9,base,1480x800,idle-before,19,0,5872.071,0.0,,,0,0,0.245,0.0,21,4,800,,
9,base,1480x800,recorded,0,1,6045.0,0.41,0.905,9.804,1,1,5.309,0.003,23,4,5257,4,5296
9,base,1480x800,recorded,1,1,6195.164,0.401,0.785,12.046,1,1,4.977,0.0,22,4,800,4,5273
9,base,1480x800,recorded,2,1,6345.183,0.397,0.803,15.025,1,1,5.35,0.004,23,4,5297,4,5304
9,base,1480x800,recorded,3,1,6494.553,0.374,0.77,10.651,1,1,5.056,0.003,23,4,5301,4,5315
9,base,1480x800,recorded,4,1,6645.17,0.43,0.831,12.126,1,1,5.344,0.003,23,0,800,4,5300
9,base,1480x800,recorded,5,1,6795.17,0.375,0.75,14.375,1,1,5.172,0.063,22,0,800,0,5100
9,base,1480x800,recorded,6,1,6945.161,0.382,0.77,9.382,1,1,5.377,0.003,23,0,5251,0,5300
9,base,1480x800,recorded,7,1,7094.67,0.368,0.761,11.95,1,1,5.278,0.01,23,0,5296,0,5291
9,base,1480x800,recorded,8,1,7244.79,0.391,0.867,14.043,1,1,5.444,0.003,22,0,800,0,5161
9,base,1480x800,recorded,9,1,7395.164,0.378,0.768,8.027,1,1,5.173,0.002,23,0,5303,0,5250
9,base,1480x800,recorded,10,1,7544.557,0.382,0.796,11.643,1,1,5.326,0.004,23,0,5314,0,5301
9,base,1480x800,recorded,11,1,7695.342,0.444,0.854,12.8,1,1,5.636,0.005,22,0,800,0,5292
9,base,1480x800,recorded,12,1,7845.095,0.354,0.732,15.313,1,1,5.416,0.0,23,0,5233,0,5095
9,base,1480x800,recorded,13,1,7995.159,0.371,0.76,9.986,1,1,5.294,0.005,23,0,5304,0,5299
9,base,1480x800,recorded,14,1,8145.163,0.343,0.74,11.993,1,1,5.319,0.014,22,0,5309,0,5308
9,base,1480x800,recorded,15,1,8295.002,0.39,0.767,14.633,1,1,5.52,0.002,23,0,800,0,5301
9,base,1480x800,recorded,16,1,8445.159,0.378,0.767,9.673,1,1,5.417,0.017,23,0,5116,0,5309
9,base,1480x800,recorded,17,1,8594.705,0.417,0.948,12.423,1,1,5.696,0.002,23,0,800,0,5098
9,base,1480x800,recorded,18,1,8745.101,0.511,0.795,14.268,1,1,5.38,0.002,22,0,800,0,5303
9,base,1480x800,recorded,19,1,8895.16,0.373,0.76,8.178,1,1,5.111,0.006,23,0,800,0,5312
9,base,1480x800,recorded,20,1,9044.758,0.367,0.758,11.494,1,1,5.295,0.004,23,0,800,0,5300
9,base,1480x800,recorded,21,1,9194.532,0.396,0.809,13.801,1,1,5.365,0.007,22,0,5303,0,5298
9,base,1480x800,recorded,22,1,9345.187,0.406,0.798,8.034,1,1,5.471,0.0,22,0,5292,0,5299
9,base,1480x800,recorded,23,1,9495.072,0.368,0.758,10.139,1,1,5.13,0.005,23,0,5314,0,5296
9,base,1480x800,recorded,24,1,9644.994,0.443,0.849,12.833,1,1,5.45,0.0,22,0,800,0,5295
9,base,1480x800,recorded,25,1,9795.168,0.375,0.765,15.03,1,1,5.381,0.04,23,5,5258,0,5322
9,base,1480x800,recorded,26,1,9945.198,0.411,0.794,9.619,1,1,4.92,0.003,23,5,5284,5,5286
9,base,1480x800,recorded,27,1,10095.167,0.371,0.771,12.202,1,1,5.294,0.0,23,5,5305,5,5300
9,base,1480x800,recorded,28,1,10245.176,0.389,0.781,14.562,1,1,5.348,0.004,22,5,800,5,5300
9,base,1480x800,recorded,29,1,10394.829,0.367,0.764,9.198,1,1,5.065,0.005,23,5,5213,5,5289
9,base,1480x800,recorded,30,-1,10545.04,0.393,0.793,11.329,1,1,5.539,0.0,23,4,800,5,5245
9,base,1480x800,recorded,31,-1,10694.595,0.367,0.746,14.467,1,1,5.24,0.003,22,5,5099,4,5305
9,base,1480x800,recorded,32,-1,10845.082,0.338,0.717,8.887,1,1,5.245,0.004,23,5,800,5,5111
9,base,1480x800,recorded,33,-1,10995.165,0.386,0.761,10.851,1,1,5.26,0.06,23,5,800,5,5314
9,base,1480x800,recorded,34,-1,11144.976,0.401,0.794,13.304,1,1,5.277,0.0,22,5,800,5,5318
9,base,1480x800,recorded,35,-1,11295.192,0.395,0.792,15.211,1,1,5.364,0.0,23,5,800,5,5300
9,base,1480x800,recorded,36,-1,11445.16,0.419,0.799,9.979,1,1,5.206,0.0,23,5,800,5,5295
9,base,1480x800,recorded,37,-1,11594.844,0.36,0.809,12.39,1,1,5.078,0.002,23,5,5287,5,5265
9,base,1480x800,recorded,38,-1,11745.231,0.393,0.789,14.811,1,1,5.148,0.01,23,5,5297,5,5296
9,base,1480x800,recorded,39,-1,11894.696,0.384,0.81,9.646,1,1,5.275,0.002,23,5,5285,5,5300
9,base,1480x800,recorded,40,-1,12044.819,0.385,0.763,11.92,1,1,5.32,0.003,23,5,800,5,5315
9,base,1480x800,recorded,41,-1,12195.141,0.374,0.765,14.041,1,1,5.111,0.002,22,5,800,5,5296
9,base,1480x800,recorded,42,-1,12345.185,0.395,0.772,8.534,1,1,5.376,0.0,23,5,800,5,5306
9,base,1480x800,recorded,43,-1,12494.928,0.353,0.831,10.733,1,1,5.131,0.003,23,5,800,5,5298
9,base,1480x800,recorded,44,-1,12644.581,0.387,0.79,14.117,1,1,5.303,0.003,22,5,5153,5,5301
9,base,1480x800,recorded,45,-1,12795.163,0.37,0.76,7.99,1,1,5.981,0.0,23,5,5293,5,5172
9,base,1480x800,recorded,46,-1,12945.055,0.401,0.811,10.745,1,1,5.253,0.006,23,5,800,5,5171
9,base,1480x800,recorded,47,-1,13095.171,0.372,0.768,11.989,1,1,4.995,0.0,22,5,800,5,5300
9,base,1480x800,recorded,48,-1,13244.547,0.399,0.791,7.667,1,1,5.502,0.0,23,5,800,5,5300
9,base,1480x800,recorded,49,-1,13394.693,0.381,0.77,9.841,1,1,5.278,0.0,23,5,800,5,5252
9,base,1480x800,recorded,50,-1,13545.011,0.496,0.822,12.581,1,1,5.862,0.0,22,5,5283,5,5089
9,base,1480x800,recorded,51,-1,13694.641,5.762,6.318,14.835,1,1,5.728,0.002,23,4,5099,5,5283
9,base,1480x800,recorded,52,-1,13845.107,0.371,0.781,9.012,1,1,5.367,0.0,23,4,5293,4,5091
9,base,1480x800,recorded,53,-1,13994.764,0.379,0.779,11.429,1,1,5.081,0.039,23,7,5312,4,5302
9,base,1480x800,recorded,54,-1,14144.571,0.506,0.896,14.447,1,1,5.026,0.0,22,7,5299,7,5291
9,base,1480x800,recorded,55,-1,14294.705,0.407,0.778,9.573,1,1,5.484,0.002,23,7,800,7,5301
9,base,1480x800,recorded,56,-1,14445.17,0.388,0.742,10.144,1,1,5.163,0.0,23,7,800,7,5311
9,base,1480x800,recorded,57,-1,14594.796,0.348,0.96,13.554,1,1,5.098,0.009,22,7,5204,7,5295
9,base,1480x800,recorded,58,-1,14744.999,0.405,0.792,14.386,1,1,4.862,0.006,23,7,800,7,5275
9,base,1480x800,recorded,59,-1,14895.163,0.378,0.749,9.062,1,1,4.938,0.003,23,7,800,7,5304
9,base,1480x800,recorded,60,1,15045.209,0.42,0.833,11.755,1,1,4.805,0.005,22,7,5287,7,5204
9,base,1480x800,recorded,61,1,15195.167,0.373,0.726,14.403,1,1,4.95,0.0,23,7,800,7,5293
9,base,1480x800,recorded,62,1,15345.209,0.39,0.766,10.07,1,1,5.47,0.005,23,7,800,7,5299
9,base,1480x800,recorded,63,1,15494.775,0.331,0.917,12.43,1,1,5.085,0.0,22,7,800,7,5302
9,base,1480x800,recorded,64,1,15645.183,0.391,0.775,14.164,1,1,5.249,0.002,23,7,5198,7,5212
9,base,1480x800,recorded,65,1,15795.165,0.379,0.734,8.539,1,1,5.414,0.002,23,7,800,7,5295
9,base,1480x800,recorded,66,1,15944.887,0.329,0.766,11.163,1,1,5.248,0.0,23,7,5226,7,5302
9,base,1480x800,recorded,67,1,16095.115,0.374,0.728,13.953,1,1,5.374,0.008,23,7,800,7,5297
9,base,1480x800,recorded,68,1,16245.178,0.421,0.786,8.022,1,1,5.335,0.003,23,7,800,7,5188
9,base,1480x800,recorded,69,1,16395.171,0.374,0.733,10.01,1,1,5.008,0.0,23,7,800,7,5309
9,base,1480x800,recorded,70,1,16544.621,0.45,0.858,13.625,1,1,5.31,0.0,22,7,5297,7,5280
9,base,1480x800,recorded,71,1,16694.732,0.388,0.762,15.509,1,1,5.463,0.0,22,7,800,7,5287
9,base,1480x800,recorded,72,1,16845.089,0.362,0.727,9.99,1,1,5.317,0.0,23,7,5279,7,5093
9,base,1480x800,recorded,73,1,16995.042,0.473,0.783,12.351,1,1,5.344,0.038,23,0,5309,7,5230
9,base,1480x800,recorded,74,1,17145.163,0.379,0.765,13.763,1,1,5.119,0.011,22,0,5296,0,5292
9,base,1480x800,recorded,75,1,17295.191,0.402,0.787,9.255,1,1,5.538,0.012,23,0,5296,0,5111
9,base,1480x800,recorded,76,1,17444.706,0.376,0.77,11.663,1,1,5.39,0.007,23,0,5308,0,5302
9,base,1480x800,recorded,77,1,17594.964,0.349,0.84,14.273,1,1,5.505,0.009,22,0,5299,0,5304
9,base,1480x800,recorded,78,1,17745.031,0.397,0.809,8.444,1,1,5.414,0.009,23,0,5330,0,5303
9,base,1480x800,recorded,79,1,17894.801,0.373,0.768,11.184,1,1,5.054,0.009,23,0,5302,0,5310
9,base,1480x800,recorded,80,1,18044.876,0.456,0.866,12.965,1,1,5.403,0.017,22,0,5296,0,5297
9,base,1480x800,recorded,81,1,18195.17,0.378,0.761,14.818,1,1,5.105,0.013,23,0,5314,0,5292
9,base,1480x800,recorded,82,1,18345.053,0.395,0.791,10.158,1,1,5.308,0.016,23,0,5304,0,5152
9,base,1480x800,recorded,83,1,18495.168,0.374,0.764,12.99,1,1,5.364,0.01,22,0,5295,0,5300
9,base,1480x800,recorded,84,1,18644.657,0.448,0.956,15.095,1,1,5.52,0.005,23,0,5271,0,5288
9,base,1480x800,recorded,85,1,18794.716,0.368,0.76,9.74,1,1,5.345,0.002,23,0,800,0,5249
9,base,1480x800,recorded,86,1,18944.626,0.364,0.756,12.32,1,1,5.225,0.009,23,0,5290,0,5292
9,base,1480x800,recorded,87,1,19094.962,0.325,0.798,13.869,1,1,5.158,0.01,22,0,5305,0,5303
9,base,1480x800,recorded,88,1,19244.711,0.387,0.848,9.498,1,1,5.492,0.011,23,0,5294,0,5231
9,base,1480x800,recorded,89,1,19395.112,0.373,0.758,11.106,1,1,5.359,0.005,23,0,5311,0,5301
9,base,1480x800,recorded,90,-1,19544.626,0.394,0.771,13.716,1,1,5.39,0.007,22,0,5294,0,5238
9,base,1480x800,recorded,91,-1,19695.193,0.397,0.806,8.085,1,1,5.494,0.0,23,0,800,0,5255
9,base,1480x800,recorded,92,-1,19845.003,0.342,0.716,11.004,1,1,5.239,0.002,23,0,800,0,5099
9,base,1480x800,recorded,93,-1,19995.168,0.364,0.753,12.916,1,1,5.213,0.018,22,0,800,0,5303
9,base,1480x800,recorded,94,-1,20145.165,0.401,0.802,14.724,1,1,5.36,0.013,23,0,800,0,5295
9,base,1480x800,recorded,95,-1,20294.612,0.386,0.749,12.722,1,1,5.323,0.002,23,0,800,0,5305
9,base,1480x800,recorded,96,-1,20444.854,0.375,0.765,12.33,1,1,5.318,0.01,23,0,5301,0,5309
9,base,1480x800,recorded,97,-1,20594.924,0.385,0.798,14.176,1,1,5.374,0.0,22,0,5320,0,5176
9,base,1480x800,recorded,98,-1,20745.227,0.37,0.771,9.725,1,1,5.205,0.003,23,0,5232,0,5300
9,base,1480x800,recorded,99,-1,20894.732,0.377,0.791,12.063,1,1,5.256,0.009,23,0,5303,0,5300
9,base,1480x800,recorded,100,-1,21044.966,0.433,0.898,14.277,1,1,5.48,0.002,22,0,5294,0,5287
9,base,1480x800,recorded,101,-1,21195.884,0.451,1.039,14.998,1,1,5.732,0.005,23,0,5105,0,5310
9,base,1480x800,recorded,102,-1,21345.118,0.379,0.776,10.895,1,1,5.682,0.007,23,0,5296,0,5115
9,base,1480x800,recorded,103,-1,21495.168,0.377,0.732,13.038,1,1,5.371,0.039,22,6,5320,0,5303
9,base,1480x800,recorded,104,-1,21644.962,0.43,0.844,8.346,1,1,5.666,0.0,22,6,800,6,5291
9,base,1480x800,recorded,105,-1,21795.171,0.372,0.727,10.065,1,1,5.414,0.0,23,6,4998,6,5288
9,base,1480x800,recorded,106,-1,21945.131,0.405,0.818,12.459,1,1,5.112,0.0,22,6,800,6,5306
9,base,1480x800,recorded,107,-1,22095.174,0.39,0.816,14.28,1,1,5.244,0.0,23,6,800,6,5299
9,base,1480x800,recorded,108,-1,22245.185,0.395,0.796,9.954,1,1,5.302,0.007,24,6,5254,6,5312
9,base,1480x800,recorded,109,-1,22394.961,0.38,0.811,11.285,1,1,5.227,0.002,22,6,800,6,5259
9,base,1480x800,recorded,110,-1,22545.179,0.398,0.864,14.082,1,1,5.383,0.0,23,6,800,6,5289
9,base,1480x800,recorded,111,-1,22695.01,0.566,0.856,9.129,1,1,5.658,0.003,23,6,5001,6,5224
9,base,1480x800,recorded,112,-1,22845.053,0.351,0.723,10.993,1,1,5.319,0.006,23,6,5244,6,5001
9,base,1480x800,recorded,113,-1,22994.947,0.486,0.82,13.475,1,1,5.059,0.0,22,6,800,6,5298
9,base,1480x800,recorded,114,-1,23145.173,0.42,0.805,8.982,1,1,6.18,0.006,23,6,5099,6,5308
9,base,1480x800,recorded,115,-1,23295.118,0.38,0.748,11.007,1,1,5.573,0.0,23,6,800,6,5116
9,base,1480x800,recorded,116,-1,23445.123,0.393,0.792,13.123,1,1,5.054,0.006,22,6,5301,6,5293
9,base,1480x800,recorded,117,-1,23594.694,0.404,1.023,15.406,1,1,5.204,0.0,23,6,800,6,5301
9,base,1480x800,recorded,118,-1,23745.174,0.387,0.779,9.177,1,1,5.019,0.007,23,6,800,6,5103
9,base,1480x800,recorded,119,-1,23894.741,0.375,0.847,12.503,1,1,4.658,0.0,22,6,800,6,5303
9,base,1480x800,idle-after,0,0,24068.718,0.0,,,0,0,0.269,0.0,20,6,5300,,
9,base,1480x800,idle-after,1,0,24218.563,0.0,,,0,0,0.319,0.0,21,6,5255,,
9,base,1480x800,idle-after,2,0,24368.53,0.0,,,0,0,0.248,0.0,21,6,800,,
9,base,1480x800,idle-after,3,0,24518.468,0.0,,,0,0,0.316,0.03,20,6,800,,
9,base,1480x800,idle-after,4,0,24668.89,0.0,,,0,0,0.248,0.0,21,6,5251,,
9,base,1480x800,idle-after,5,0,24818.888,0.0,,,0,0,0.275,0.0,21,6,800,,
9,base,1480x800,idle-after,6,0,24968.463,0.0,,,0,0,0.279,0.003,21,6,5300,,
9,base,1480x800,idle-after,7,0,25118.366,0.0,,,0,0,0.266,0.0,20,6,5182,,
9,base,1480x800,idle-after,8,0,25268.26,0.0,,,0,0,0.247,0.026,21,6,800,,
9,base,1480x800,idle-after,9,0,25418.894,0.0,,,0,0,0.246,0.0,21,6,800,,
9,base,1480x800,idle-after,10,0,25568.756,0.0,,,0,0,0.285,0.0,20,6,800,,
9,base,1480x800,idle-after,11,0,25718.59,0.0,,,0,0,0.296,0.002,21,6,800,,
9,base,1480x800,idle-after,12,0,25868.626,0.0,,,0,0,0.271,0.0,21,6,800,,
9,base,1480x800,idle-after,13,0,26018.24,0.0,,,0,0,0.264,0.0,21,5,5296,,
9,base,1480x800,idle-after,14,0,26168.836,0.0,,,0,0,0.271,0.008,20,5,5300,,
9,base,1480x800,idle-after,15,0,26319.183,0.0,,,0,0,0.27,0.0,21,5,800,,
9,base,1480x800,idle-after,16,0,26468.79,0.0,,,0,0,0.247,0.0,21,5,5285,,
9,base,1480x800,idle-after,17,0,26618.655,0.0,,,0,0,0.254,0.011,20,5,800,,
9,base,1480x800,idle-after,18,0,26768.891,0.0,,,0,0,0.251,0.003,21,5,800,,
9,base,1480x800,idle-after,19,0,26918.65,0.0,,,0,0,0.246,0.0,21,5,800,,
10,base,1480x800,warmup,0,1,0.0,0.433,0.832,,0,0,0.365,0.0,22,2,800,,
10,base,1480x800,warmup,1,1,150.039,0.473,0.863,11.053,1,1,5.265,0.0,23,2,800,2,5316
10,base,1480x800,warmup,2,1,299.386,0.47,0.868,13.949,1,1,5.059,0.0,22,2,800,2,5108
10,base,1480x800,warmup,3,1,449.903,0.523,1.048,8.575,1,1,5.419,0.003,24,2,800,2,5297
10,base,1480x800,warmup,4,1,600.041,0.475,0.861,10.344,1,1,5.117,0.0,23,2,800,2,5199
10,base,1480x800,warmup,5,1,749.463,0.435,0.815,12.998,1,1,5.074,0.0,22,2,800,2,5243
10,base,1480x800,warmup,6,1,899.995,0.485,0.843,14.352,1,1,4.887,0.0,23,2,800,2,5300
10,base,1480x800,warmup,7,1,1050.063,0.542,0.955,10.075,1,1,5.362,0.0,23,2,800,2,5245
10,base,1480x800,warmup,8,1,1199.714,0.447,0.802,12.19,1,1,5.111,0.0,22,2,800,2,5289
10,base,1480x800,warmup,9,1,1349.471,0.506,0.856,15.1,1,1,5.376,0.0,23,2,800,2,5304
10,base,1480x800,warmup,10,-1,1499.456,0.46,0.824,9.813,1,1,5.046,0.0,23,2,800,2,5310
10,base,1480x800,warmup,11,-1,1650.039,0.529,0.837,11.4,1,1,5.224,0.0,23,2,800,2,5221
10,base,1480x800,warmup,12,-1,1799.505,0.456,0.854,13.896,1,1,5.088,0.0,22,2,800,2,5233
10,base,1480x800,warmup,13,-1,1950.033,0.44,0.831,8.308,1,1,5.215,0.0,23,2,800,2,5312
10,base,1480x800,warmup,14,-1,2100.066,0.511,0.894,10.53,1,1,5.243,0.0,23,2,800,2,5306
10,base,1480x800,warmup,15,-1,2250.179,0.455,0.818,13.053,1,1,5.109,0.0,22,2,800,2,5296
10,base,1480x800,warmup,16,-1,2399.515,0.469,0.946,8.546,1,1,5.155,0.004,23,2,800,2,5205
10,base,1480x800,warmup,17,-1,2550.068,0.431,0.841,10.064,1,1,5.335,0.0,23,2,5108,2,5106
10,base,1480x800,warmup,18,-1,2700.078,0.442,0.822,12.008,1,1,4.769,0.003,22,2,5185,2,5169
10,base,1480x800,warmup,19,-1,2849.466,0.545,0.844,14.839,1,1,4.885,0.027,24,2,800,2,5305
10,base,1480x800,idle-before,0,0,3022.38,0.0,,,0,0,0.252,0.0,21,2,800,,
10,base,1480x800,idle-before,1,0,3172.762,0.0,,,0,0,0.262,0.0,21,2,800,,
10,base,1480x800,idle-before,2,0,3323.159,0.0,,,0,0,0.257,0.0,20,2,800,,
10,base,1480x800,idle-before,3,0,3473.178,0.0,,,0,0,0.252,0.0,21,2,5293,,
10,base,1480x800,idle-before,4,0,3622.955,0.0,,,0,0,0.247,0.003,21,2,800,,
10,base,1480x800,idle-before,5,0,3773.148,0.0,,,0,0,0.266,0.0,21,2,800,,
10,base,1480x800,idle-before,6,0,3922.936,0.0,,,0,0,0.24,0.0,20,2,800,,
10,base,1480x800,idle-before,7,0,4072.569,0.0,,,0,0,0.244,0.0,21,2,5287,,
10,base,1480x800,idle-before,8,0,4223.162,0.0,,,0,0,0.245,0.0,21,2,800,,
10,base,1480x800,idle-before,9,0,4372.686,0.0,,,0,0,0.234,0.0,20,2,800,,
10,base,1480x800,idle-before,10,0,4523.252,0.0,,,0,0,0.278,0.0,21,2,4189,,
10,base,1480x800,idle-before,11,0,4673.154,0.0,,,0,0,0.243,0.003,21,2,800,,
10,base,1480x800,idle-before,12,0,4823.155,0.0,,,0,0,0.231,0.0,20,2,800,,
10,base,1480x800,idle-before,13,0,4973.178,0.0,,,0,0,0.246,0.0,21,2,800,,
10,base,1480x800,idle-before,14,0,5123.184,0.0,,,0,0,0.246,0.0,21,2,800,,
10,base,1480x800,idle-before,15,0,5273.153,0.0,,,0,0,0.29,0.0,20,2,800,,
10,base,1480x800,idle-before,16,0,5422.965,0.0,,,0,0,0.293,0.006,21,2,800,,
10,base,1480x800,idle-before,17,0,5573.135,0.0,,,0,0,0.268,0.0,21,2,800,,
10,base,1480x800,idle-before,18,0,5722.999,0.0,,,0,0,0.261,0.0,20,2,800,,
10,base,1480x800,idle-before,19,0,5872.557,0.0,,,0,0,0.24,0.0,21,2,5313,,
10,base,1480x800,recorded,0,1,6046.721,0.466,0.962,14.506,1,1,5.284,0.019,23,2,5319,2,5297
10,base,1480x800,recorded,1,1,6197.381,0.48,0.859,8.396,1,1,5.345,0.0,23,2,800,2,5294
10,base,1480x800,recorded,2,1,6347.379,0.459,0.853,11.107,1,1,5.187,0.005,23,2,800,2,5299
10,base,1480x800,recorded,3,1,6497.042,0.488,0.861,13.401,1,1,5.184,0.004,23,2,800,2,5307
10,base,1480x800,recorded,4,1,6647.393,0.505,0.938,16.032,1,1,5.626,0.0,23,2,800,2,4995
10,base,1480x800,recorded,5,1,6797.363,0.441,0.811,10.02,1,1,5.126,0.0,23,2,800,2,5229
10,base,1480x800,recorded,6,1,6947.175,0.44,0.812,12.287,1,1,5.133,0.003,22,2,5157,2,5244
10,base,1480x800,recorded,7,1,7097.383,0.471,0.85,14.673,1,1,5.182,0.004,23,2,5295,2,5226
10,base,1480x800,recorded,8,1,7247.348,0.459,0.853,9.147,1,1,5.22,0.0,23,2,5265,2,5314
10,base,1480x800,recorded,9,1,7396.986,0.336,0.826,11.828,1,1,5.49,0.023,23,2,800,2,5297
10,base,1480x800,recorded,10,1,7546.833,0.448,0.8,14.54,1,1,5.221,0.0,23,2,800,2,5296
10,base,1480x800,recorded,11,1,7696.946,0.471,0.868,9.326,1,1,5.27,0.0,23,2,800,2,5301
10,base,1480x800,recorded,12,1,7847.363,0.452,0.799,10.999,1,1,5.022,0.003,23,2,5294,2,5298
10,base,1480x800,recorded,13,1,7996.882,0.457,0.863,13.88,1,1,5.297,0.0,22,2,800,2,5233
10,base,1480x800,recorded,14,1,8147.382,0.455,0.888,8.12,1,1,5.393,0.008,23,2,800,2,5251
10,base,1480x800,recorded,15,1,8297.37,0.593,0.856,10.342,1,1,5.351,0.004,23,2,5307,2,5308
10,base,1480x800,recorded,16,1,8446.955,0.482,0.886,14.11,1,1,6.354,0.031,23,2,800,2,5126
10,base,1480x800,recorded,17,1,8596.794,0.408,0.77,8.508,1,1,5.589,0.0,23,2,800,2,5112
10,base,1480x800,recorded,18,1,8747.394,0.472,0.887,9.756,1,1,5.45,0.0,23,2,800,2,5190
10,base,1480x800,recorded,19,1,8897.22,0.478,0.852,12.094,1,1,5.06,0.0,22,2,800,2,5295
10,base,1480x800,recorded,20,1,9047.038,0.626,0.882,14.346,1,1,5.284,0.0,23,2,800,2,5300
10,base,1480x800,recorded,21,1,9197.377,0.504,0.873,9.039,1,1,5.346,0.0,23,2,800,2,5243
10,base,1480x800,recorded,22,1,9346.913,0.493,0.889,11.503,1,1,5.225,0.0,23,2,800,2,5242
10,base,1480x800,recorded,23,1,9496.72,0.474,0.877,14.001,1,1,5.238,0.003,23,2,800,2,5292
10,base,1480x800,recorded,24,1,9646.968,0.525,0.978,8.685,1,1,5.206,0.0,23,2,800,2,5240
10,base,1480x800,recorded,25,1,9797.126,0.481,0.868,10.925,1,1,5.027,0.0,23,2,800,2,5237
10,base,1480x800,recorded,26,1,9946.902,0.488,0.875,13.34,1,1,4.823,0.0,22,2,5287,2,5298
10,base,1480x800,recorded,27,1,10097.381,0.489,0.867,7.972,1,1,5.391,0.0,22,2,800,2,5204
10,base,1480x800,recorded,28,1,10247.378,0.521,0.933,10.059,1,1,5.524,0.0,23,2,800,2,5248
10,base,1480x800,recorded,29,1,10397.106,0.649,1.035,12.897,1,1,5.665,0.002,22,2,800,2,5102
10,base,1480x800,recorded,30,-1,10547.103,0.409,0.768,15.015,1,1,5.317,0.0,23,2,800,2,5200
10,base,1480x800,recorded,31,-1,10697.039,0.596,0.934,9.974,1,1,5.379,0.0,23,2,5298,2,5298
10,base,1480x800,recorded,32,-1,10847.415,0.474,0.852,11.862,1,1,5.083,0.0,22,2,5069,2,5106
10,base,1480x800,recorded,33,-1,10996.731,0.585,0.972,15.108,1,1,5.952,0.003,23,2,800,2,5233
10,base,1480x800,recorded,34,-1,11146.846,0.411,0.808,9.619,1,1,5.533,0.0,23,2,800,2,5241
10,base,1480x800,recorded,35,-1,11297.111,0.617,0.91,11.581,1,1,5.288,0.006,23,2,5196,2,5264
10,base,1480x800,recorded,36,-1,11447.008,0.536,0.944,14.107,1,1,6.049,0.004,22,2,800,2,5229
10,base,1480x800,recorded,37,-1,11597.285,0.39,0.769,8.001,1,1,5.434,0.0,23,2,800,2,5100
10,base,1480x800,recorded,38,-1,11747.368,0.453,0.835,10.146,1,1,5.278,0.013,24,2,800,2,5242
10,base,1480x800,recorded,39,-1,11897.379,0.52,0.973,12.687,1,1,5.303,0.004,22,2,800,2,5294
10,base,1480x800,recorded,40,-1,12046.809,0.55,0.964,8.317,1,1,5.419,0.003,23,2,800,2,5311
10,base,1480x800,recorded,41,-1,12197.375,0.476,0.858,9.665,1,1,5.241,0.003,23,1,5297,2,5314
10,base,1480x800,recorded,42,-1,12347.173,0.483,0.875,12.757,1,1,5.41,0.011,22,1,5297,1,5302
10,base,1480x800,recorded,43,-1,12496.915,0.487,0.853,14.403,1,1,5.219,0.005,23,1,5319,1,5299
10,base,1480x800,recorded,44,-1,12647.409,0.474,0.867,9.936,1,1,5.423,0.019,24,1,5304,1,5312
10,base,1480x800,recorded,45,-1,12797.375,0.494,0.882,11.621,1,1,6.182,0.007,23,1,5297,1,5237
10,base,1480x800,recorded,46,-1,12946.832,0.513,0.938,15.507,1,1,5.304,0.005,22,1,800,1,5301
10,base,1480x800,recorded,47,-1,13097.07,0.52,0.904,9.015,1,1,5.636,0.005,23,1,5303,1,5294
10,base,1480x800,recorded,48,-1,13247.368,0.5,0.857,10.373,1,1,5.155,0.006,23,1,800,1,5308
10,base,1480x800,recorded,49,-1,13397.068,0.503,0.894,12.977,1,1,5.197,0.003,22,1,5271,1,5292
10,base,1480x800,recorded,50,-1,13547.1,0.374,0.881,8.213,1,1,5.226,0.0,23,1,800,1,5229
10,base,1480x800,recorded,51,-1,13697.071,0.547,1.002,10.235,1,1,5.237,0.0,23,1,800,1,5301
10,base,1480x800,recorded,52,-1,13847.079,0.503,0.898,12.808,1,1,5.235,0.0,22,1,800,1,5302
10,base,1480x800,recorded,53,-1,13997.202,0.472,0.846,15.099,1,1,5.086,0.0,23,1,800,1,5298
10,base,1480x800,recorded,54,-1,14147.438,0.489,0.877,10.013,1,1,5.324,0.0,23,1,800,1,5307
10,base,1480x800,recorded,55,-1,14297.366,0.486,0.876,12.346,1,1,5.05,0.006,22,1,5302,1,5180
10,base,1480x800,recorded,56,-1,14446.759,0.508,0.877,15.119,1,1,5.994,0.025,24,2,800,1,5067
10,base,1480x800,recorded,57,-1,14597.081,0.374,1.117,10.137,1,1,5.358,0.005,23,2,800,2,5001
10,base,1480x800,recorded,58,-1,14746.75,0.474,0.971,11.634,1,1,5.561,0.0,23,2,5298,2,1087
10,base,1480x800,recorded,59,-1,14896.841,0.492,0.904,13.456,1,1,4.836,0.0,22,2,800,2,5300
10,base,1480x800,recorded,60,1,15047.408,0.483,0.846,8.036,1,1,5.409,0.0,23,2,5308,2,5257
10,base,1480x800,recorded,61,1,15196.85,0.485,0.901,10.885,1,1,5.025,0.0,23,2,5195,2,5299
10,base,1480x800,recorded,62,1,15347.04,0.581,0.953,14.016,1,1,5.439,0.003,22,2,800,2,5295
10,base,1480x800,recorded,63,1,15497.199,0.518,0.979,16.139,1,1,5.508,0.005,23,2,5283,2,5306
10,base,1480x800,recorded,64,1,15646.996,0.558,0.929,10.387,1,1,5.174,0.0,23,2,5261,2,5302
10,base,1480x800,recorded,65,1,15797.381,0.462,0.844,12.282,1,1,4.949,0.003,22,2,800,2,5104
10,base,1480x800,recorded,66,1,15946.808,0.48,0.837,15.086,1,1,5.14,0.0,23,2,800,2,5296
10,base,1480x800,recorded,67,1,16097.382,0.471,0.873,9.981,1,1,5.346,0.032,23,4,5286,4,5278
10,base,1480x800,recorded,68,1,16246.887,0.478,0.857,12.203,1,1,5.43,0.031,23,4,5299,4,5188
10,base,1480x800,recorded,69,1,16396.771,0.53,0.93,13.794,1,1,5.232,0.023,22,4,5239,4,5282
10,base,1480x800,recorded,70,1,16547.465,0.563,0.999,8.302,1,1,5.462,0.031,23,4,5301,4,5145
10,base,1480x800,recorded,71,1,16697.373,0.516,0.921,11.84,1,1,5.325,0.04,23,4,5272,4,5301
10,base,1480x800,recorded,72,1,16846.765,0.489,0.884,13.271,1,1,5.012,0.031,22,4,5310,4,5209
10,base,1480x800,recorded,73,1,16997.361,0.476,0.838,7.786,1,1,5.067,0.034,23,4,5222,4,5300
10,base,1480x800,recorded,74,1,17147.192,0.537,0.92,11.082,1,1,5.247,0.037,23,4,5307,4,5216
10,base,1480x800,recorded,75,1,17297.004,0.635,0.882,12.578,1,1,4.927,0.039,22,4,5292,4,5301
10,base,1480x800,recorded,76,1,17447.073,0.654,0.955,16.114,1,1,6.295,0.043,23,4,5101,4,5205
10,base,1480x800,recorded,77,1,17597.292,0.417,0.776,9.99,1,1,5.532,0.038,23,4,5300,4,5108
10,base,1480x800,recorded,78,1,17747.367,0.501,0.892,12.806,1,1,5.176,0.042,22,4,5305,4,5307
10,base,1480x800,recorded,79,1,17896.965,0.502,0.921,14.973,1,1,4.923,0.03,23,4,5307,4,5307
10,base,1480x800,recorded,80,1,18047.39,0.564,0.987,9.932,1,1,5.401,0.015,23,4,800,4,5300
10,base,1480x800,recorded,81,1,18197.373,0.489,0.857,11.465,1,1,5.17,0.007,23,4,800,4,5175
10,base,1480x800,recorded,82,1,18347.119,0.615,0.97,14.051,1,1,5.167,0.005,22,4,5233,4,5295
10,base,1480x800,recorded,83,1,18497.357,0.475,0.855,8.309,1,1,5.291,0.0,23,4,800,4,5303
10,base,1480x800,recorded,84,1,18646.979,0.476,0.879,10.973,1,1,5.25,0.0,23,4,5264,4,5300
10,base,1480x800,recorded,85,1,18797.367,0.496,0.827,13.657,1,1,5.266,0.005,22,4,5292,4,5182
10,base,1480x800,recorded,86,1,18947.322,0.667,0.949,15.643,1,1,5.97,0.006,23,4,800,4,5001
10,base,1480x800,recorded,87,1,19097.083,0.438,0.825,10.928,1,1,5.544,0.009,23,4,5202,4,5003
10,base,1480x800,recorded,88,1,19247.161,0.444,0.809,13.307,1,1,5.084,0.003,22,4,800,4,5300
10,base,1480x800,recorded,89,1,19396.823,0.493,0.891,15.426,1,1,5.164,0.01,23,4,5303,4,5303
10,base,1480x800,recorded,90,-1,19547.366,0.483,0.857,9.925,1,1,5.189,0.0,23,4,800,4,5172
10,base,1480x800,recorded,91,-1,19697.434,0.436,0.781,11.621,1,1,5.006,0.035,23,4,800,4,5089
10,base,1480x800,recorded,92,-1,19847.368,0.451,0.795,13.63,1,1,5.122,0.0,22,4,800,4,5299
10,base,1480x800,recorded,93,-1,19997.364,0.406,0.797,9.686,1,1,5.396,0.002,23,4,800,4,5168
10,base,1480x800,recorded,94,-1,20146.965,0.386,0.824,11.869,1,1,5.593,0.002,23,4,800,4,5296
10,base,1480x800,recorded,95,-1,20296.809,0.442,0.847,14.471,1,1,5.349,0.0,22,4,5210,4,5299
10,base,1480x800,recorded,96,-1,20446.951,0.449,1.054,8.573,1,1,5.827,0.003,23,4,800,4,4988
10,base,1480x800,recorded,97,-1,20597.31,0.396,0.79,10.975,1,1,5.397,0.0,23,4,800,4,5106
10,base,1480x800,recorded,98,-1,20746.745,0.444,0.831,13.541,1,1,5.298,0.0,22,4,800,4,5107
10,base,1480x800,recorded,99,-1,20896.929,0.359,0.843,15.599,1,1,5.241,0.007,24,4,800,4,5304
10,base,1480x800,recorded,100,-1,21047.385,0.451,0.874,9.918,1,1,5.61,0.0,23,4,800,4,5306
10,base,1480x800,recorded,101,-1,21196.836,0.491,0.85,13.305,1,1,5.293,0.003,22,4,5284,4,5202
10,base,1480x800,recorded,102,-1,21347.079,0.517,0.889,14.559,1,1,5.387,0.003,23,4,5301,4,5303
10,base,1480x800,recorded,103,-1,21497.378,0.481,0.929,9.005,1,1,5.281,0.0,23,4,800,4,5055
10,base,1480x800,recorded,104,-1,21647.371,0.565,0.931,12.425,1,1,5.359,0.0,23,4,800,4,5300
10,base,1480x800,recorded,105,-1,21797.145,0.439,0.818,13.903,1,1,5.072,0.0,22,4,5307,4,5295
10,base,1480x800,recorded,106,-1,21947.177,0.485,0.881,8.706,1,1,5.111,0.002,23,4,800,4,5283
10,base,1480x800,recorded,107,-1,22096.956,0.516,0.961,10.758,1,1,5.109,0.004,23,4,800,4,5311
10,base,1480x800,recorded,108,-1,22247.188,0.457,0.83,12.996,1,1,4.95,0.002,22,4,5311,4,5296
10,base,1480x800,recorded,109,-1,22396.72,0.512,0.92,8.277,1,1,5.36,0.01,23,4,800,4,5280
10,base,1480x800,recorded,110,-1,22547.369,0.517,0.883,10.832,1,1,5.071,0.005,23,4,800,4,5290
10,base,1480x800,recorded,111,-1,22697.367,0.479,0.858,13.083,1,1,5.028,0.0,22,4,800,4,5302
10,base,1480x800,recorded,112,-1,22847.16,0.579,0.924,14.98,1,1,4.945,0.009,24,4,800,4,5304
10,base,1480x800,recorded,113,-1,22997.368,0.487,0.901,9.937,1,1,5.249,0.0,23,4,800,4,5175
10,base,1480x800,recorded,114,-1,23147.383,0.508,0.881,12.775,1,1,6.141,0.002,23,4,800,4,5176
10,base,1480x800,recorded,115,-1,23297.362,0.623,0.905,13.241,1,1,4.876,0.002,22,4,5163,4,5284
10,base,1480x800,recorded,116,-1,23446.747,0.557,0.963,9.829,1,1,5.552,0.004,23,4,800,4,5005
10,base,1480x800,recorded,117,-1,23597.088,0.375,0.788,11.623,1,1,5.412,0.005,23,4,800,4,5102
10,base,1480x800,recorded,118,-1,23746.895,0.64,0.972,13.952,1,1,5.001,0.0,22,4,800,4,5145
10,base,1480x800,recorded,119,-1,23897.173,0.5,0.885,7.721,1,1,4.706,0.0,23,4,800,4,5248
10,base,1480x800,idle-after,0,0,24071.118,0.0,,,0,0,0.27,0.003,21,4,5293,,
10,base,1480x800,idle-after,1,0,24220.992,0.0,,,0,0,0.27,0.003,21,4,5071,,
10,base,1480x800,idle-after,2,0,24371.105,0.0,,,0,0,0.339,0.006,20,4,800,,
10,base,1480x800,idle-after,3,0,24520.601,0.0,,,0,0,0.242,0.0,21,4,800,,
10,base,1480x800,idle-after,4,0,24671.211,0.0,,,0,0,0.27,0.0,21,4,800,,
10,base,1480x800,idle-after,5,0,24821.216,0.0,,,0,0,0.228,0.003,20,4,800,,
10,base,1480x800,idle-after,6,0,24970.708,0.0,,,0,0,0.242,0.0,21,4,800,,
10,base,1480x800,idle-after,7,0,25121.16,0.0,,,0,0,0.291,0.0,21,4,800,,
10,base,1480x800,idle-after,8,0,25271.145,0.001,,,0,0,0.344,0.005,21,4,5185,,
10,base,1480x800,idle-after,9,0,25421.189,0.0,,,0,0,0.227,0.003,20,4,5292,,
10,base,1480x800,idle-after,10,0,25571.236,0.0,,,0,0,0.241,0.008,21,4,5205,,
10,base,1480x800,idle-after,11,0,25720.957,0.0,,,0,0,0.242,0.0,21,4,5296,,
10,base,1480x800,idle-after,12,0,25870.496,0.0,,,0,0,0.243,0.017,20,4,800,,
10,base,1480x800,idle-after,13,0,26020.731,0.0,,,0,0,0.266,0.0,21,4,800,,
10,base,1480x800,idle-after,14,0,26171.225,0.0,,,0,0,0.265,0.0,21,4,5288,,
10,base,1480x800,idle-after,15,0,26321.221,0.0,,,0,0,0.322,0.003,20,4,5180,,
10,base,1480x800,idle-after,16,0,26470.661,0.0,,,0,0,0.253,0.0,21,4,800,,
10,base,1480x800,idle-after,17,0,26621.131,0.0,,,0,0,0.243,0.005,21,4,800,,
10,base,1480x800,idle-after,18,0,26771.227,0.0,,,0,0,0.346,0.005,21,4,800,,
10,base,1480x800,idle-after,19,0,26920.895,0.0,,,0,0,0.3,0.003,20,4,800,,
11,cand,1480x800,warmup,0,1,0.0,0.464,0.85,,0,0,0.299,0.0,21,5,800,,
11,cand,1480x800,warmup,1,1,150.073,0.429,0.839,9.901,1,1,5.058,0.003,23,5,800,5,5303
11,cand,1480x800,warmup,2,1,299.474,0.431,0.806,16.01,1,1,5.378,0.0,22,5,800,5,5087
11,cand,1480x800,warmup,3,1,450.089,0.471,0.838,14.843,1,1,5.125,0.0,23,5,800,5,5306
11,cand,1480x800,warmup,4,1,599.842,0.419,0.797,9.782,1,1,4.956,0.0,23,5,5269,5,5308
11,cand,1480x800,warmup,5,1,749.734,0.53,0.915,12.273,1,1,5.178,0.0,23,5,800,5,5303
11,cand,1480x800,warmup,6,1,900.124,0.441,0.861,14.186,1,1,5.268,0.002,22,5,800,5,5300
11,cand,1480x800,warmup,7,1,1050.095,0.476,0.868,9.201,1,1,5.072,0.011,23,5,5300,5,5255
11,cand,1480x800,warmup,8,1,1199.881,0.502,0.91,11.987,1,1,5.352,0.003,23,5,5237,5,5287
11,cand,1480x800,warmup,9,1,1349.625,0.506,0.898,13.964,1,1,5.231,0.003,22,5,800,5,5292
11,cand,1480x800,warmup,10,-1,1499.517,0.516,0.911,9.458,1,1,5.222,0.002,23,5,800,5,5305
11,cand,1480x800,warmup,11,-1,1649.712,0.537,0.876,10.608,1,1,5.499,0.003,23,5,800,5,5304
11,cand,1480x800,warmup,12,-1,1799.778,0.491,0.909,13.311,1,1,5.293,0.003,22,5,5284,5,5300
11,cand,1480x800,warmup,13,-1,1950.099,0.479,0.897,15.168,1,1,5.371,0.005,23,5,800,5,5299
11,cand,1480x800,warmup,14,-1,2100.107,0.498,0.931,9.909,1,1,5.281,0.0,23,5,800,5,5290
11,cand,1480x800,warmup,15,-1,2249.793,0.44,0.887,13.076,1,1,5.464,0.002,22,7,800,7,5109
11,cand,1480x800,warmup,16,-1,2399.518,0.517,0.958,14.395,1,1,5.267,0.0,23,7,800,7,5311
11,cand,1480x800,warmup,17,-1,2549.432,0.479,0.886,8.736,1,1,4.805,0.002,23,7,800,7,5264
11,cand,1480x800,warmup,18,-1,2700.097,0.444,0.781,10.237,1,1,4.615,0.0,23,7,800,7,5275
11,cand,1480x800,warmup,19,-1,2849.539,0.546,1.041,13.489,1,1,5.102,0.0,22,7,5302,7,5309
11,cand,1480x800,idle-before,0,0,3022.694,0.0,,,0,0,0.565,0.002,21,7,800,,
11,cand,1480x800,idle-before,1,0,3172.949,0.0,,,0,0,0.464,0.0,21,7,5156,,
11,cand,1480x800,idle-before,2,0,3322.779,0.0,,,0,0,0.287,0.0,20,7,800,,
11,cand,1480x800,idle-before,3,0,3472.965,0.0,,,0,0,0.303,0.0,21,7,800,,
11,cand,1480x800,idle-before,4,0,3622.961,0.0,,,0,0,0.281,0.0,21,7,800,,
11,cand,1480x800,idle-before,5,0,3772.963,0.0,,,0,0,0.315,0.0,21,7,5331,,
11,cand,1480x800,idle-before,6,0,3922.179,0.0,,,0,0,0.301,0.0,20,5,800,,
11,cand,1480x800,idle-before,7,0,4072.5,0.0,,,0,0,0.278,0.0,21,5,5158,,
11,cand,1480x800,idle-before,8,0,4222.794,0.0,,,0,0,0.297,0.043,21,5,800,,
11,cand,1480x800,idle-before,9,0,4372.694,0.0,,,0,0,0.286,0.0,20,5,800,,
11,cand,1480x800,idle-before,10,0,4522.221,0.0,,,0,0,0.248,0.0,21,5,800,,
11,cand,1480x800,idle-before,11,0,4672.957,0.0,,,0,0,0.367,0.003,21,5,800,,
11,cand,1480x800,idle-before,12,0,4822.923,0.0,,,0,0,0.238,0.0,21,5,800,,
11,cand,1480x800,idle-before,13,0,4972.964,0.0,,,0,0,0.343,0.003,20,5,5028,,
11,cand,1480x800,idle-before,14,0,5122.962,0.0,,,0,0,0.289,0.0,21,5,800,,
11,cand,1480x800,idle-before,15,0,5272.992,0.0,,,0,0,0.287,0.0,21,5,800,,
11,cand,1480x800,idle-before,16,0,5422.975,0.0,,,0,0,0.313,0.0,20,5,800,,
11,cand,1480x800,idle-before,17,0,5572.96,0.0,,,0,0,0.369,0.003,21,5,800,,
11,cand,1480x800,idle-before,18,0,5722.956,0.0,,,0,0,0.331,0.003,21,5,5284,,
11,cand,1480x800,idle-before,19,0,5872.318,0.0,,,0,0,0.257,0.0,20,5,800,,
11,cand,1480x800,recorded,0,1,6045.975,0.419,1.003,14.18,1,1,5.142,0.0,22,5,5002,5,5239
11,cand,1480x800,recorded,1,1,6195.758,0.684,1.113,9.203,1,1,5.432,0.002,23,5,800,5,5298
11,cand,1480x800,recorded,2,1,6346.015,0.425,0.783,10.864,1,1,5.049,0.0,23,5,800,5,5106
11,cand,1480x800,recorded,3,1,6495.458,0.445,0.801,13.563,1,1,5.139,0.0,22,5,5263,5,5300
11,cand,1480x800,recorded,4,1,6646.101,0.45,0.815,7.872,1,1,4.978,0.0,23,5,800,5,5291
11,cand,1480x800,recorded,5,1,6795.766,0.529,0.924,11.166,1,1,5.64,0.003,23,5,800,5,5297
11,cand,1480x800,recorded,6,1,6946.543,0.463,0.868,11.869,1,1,5.392,0.0,22,5,800,5,5306
11,cand,1480x800,recorded,7,1,7095.855,0.493,0.912,15.64,1,1,5.588,0.0,23,5,800,5,5300
11,cand,1480x800,recorded,8,1,7246.13,0.527,1.021,9.867,1,1,5.833,0.0,23,5,800,5,5285
11,cand,1480x800,recorded,9,1,7395.765,0.43,0.787,12.787,1,1,5.413,0.0,23,5,800,5,5012
11,cand,1480x800,recorded,10,1,7546.097,0.501,0.869,13.806,1,1,5.205,0.0,22,5,800,5,5293
11,cand,1480x800,recorded,11,1,7696.101,0.465,0.86,8.862,1,1,5.272,0.0,23,5,800,5,5302
11,cand,1480x800,recorded,12,1,7845.88,0.509,0.905,12.172,1,1,5.206,0.0,23,5,800,5,5313
11,cand,1480x800,recorded,13,1,7996.085,0.466,0.852,14.118,1,1,5.372,0.0,22,5,800,5,5300
11,cand,1480x800,recorded,14,1,8146.103,0.487,0.895,8.46,1,1,5.413,0.0,23,5,800,5,5292
11,cand,1480x800,recorded,15,1,8296.117,0.471,0.846,11.231,1,1,5.394,0.016,24,5,800,5,5300
11,cand,1480x800,recorded,16,1,8445.495,0.447,0.84,13.729,1,1,5.237,0.0,22,5,800,5,5268
11,cand,1480x800,recorded,17,1,8596.103,0.446,0.834,8.353,1,1,5.496,0.0,22,5,800,5,5162
11,cand,1480x800,recorded,18,1,8745.884,0.454,0.836,9.947,1,1,5.261,0.005,24,5,800,5,5296
11,cand,1480x800,recorded,19,1,8896.134,0.49,0.911,12.741,1,1,5.253,0.0,22,5,800,5,5297
11,cand,1480x800,recorded,20,1,9046.1,0.461,0.958,14.857,1,1,5.311,0.0,23,5,5187,5,5298
11,cand,1480x800,recorded,21,1,9195.474,31.547,32.024,39.33,1,1,5.647,0.01,22,5,5103,5,5230
11,cand,1480x800,recorded,22,1,9345.755,0.433,0.786,12.161,1,1,5.435,0.0,23,5,800,5,5100
11,cand,1480x800,recorded,23,1,9496.164,0.447,0.835,13.83,1,1,5.26,0.0,22,5,800,5,5295
11,cand,1480x800,recorded,24,1,9646.181,0.438,0.781,9.202,1,1,5.48,0.003,23,5,800,5,5305
11,cand,1480x800,recorded,25,1,9795.859,0.508,0.912,12.296,1,1,5.944,0.002,23,5,800,5,5294
11,cand,1480x800,recorded,26,1,9945.793,0.464,0.858,13.959,1,1,5.49,0.0,22,5,800,5,5239
11,cand,1480x800,recorded,27,1,10096.124,0.494,0.935,8.852,1,1,5.67,0.0,23,5,800,5,5168
11,cand,1480x800,recorded,28,1,10245.751,0.531,0.888,10.897,1,1,5.344,0.0,23,5,800,5,5167
11,cand,1480x800,recorded,29,1,10395.76,0.445,0.813,13.218,1,1,5.388,0.0,22,5,800,5,5309
11,cand,1480x800,recorded,30,-1,10546.095,0.463,0.829,15.222,1,1,5.375,0.0,23,5,5296,5,5296
11,cand,1480x800,recorded,31,-1,10695.509,0.482,1.067,11.524,1,1,6.196,0.667,25,6,800,5,5080
11,cand,1480x800,recorded,32,-1,10845.759,0.442,0.828,13.196,1,1,5.618,0.004,22,6,5293,6,5001
11,cand,1480x800,recorded,33,-1,10996.101,0.444,0.814,14.315,1,1,5.172,0.004,23,6,800,6,5304
11,cand,1480x800,recorded,34,-1,11145.761,0.472,0.88,10.433,1,1,5.374,0.0,23,6,5282,6,5294
11,cand,1480x800,recorded,35,-1,11296.111,0.471,0.866,11.975,1,1,5.348,0.0,23,6,800,6,5300
11,cand,1480x800,recorded,36,-1,11446.167,0.463,0.813,13.659,1,1,5.32,0.006,22,6,800,6,5296
11,cand,1480x800,recorded,37,-1,11595.482,0.48,0.905,9.279,1,1,5.367,0.003,23,6,800,6,5182
11,cand,1480x800,recorded,38,-1,11746.095,0.467,0.853,11.023,1,1,5.341,0.009,23,6,5280,6,5300
11,cand,1480x800,recorded,39,-1,11895.553,0.478,0.887,15.766,1,1,5.65,0.002,22,6,800,6,5317
11,cand,1480x800,recorded,40,-1,12045.743,0.719,0.92,8.596,1,1,5.917,0.003,23,6,5107,6,5121
11,cand,1480x800,recorded,41,-1,12195.525,0.476,1.231,11.693,1,1,5.921,0.003,23,6,800,6,5215
11,cand,1480x800,recorded,42,-1,12346.013,0.427,0.79,12.657,1,1,5.517,0.005,22,6,800,6,5092
11,cand,1480x800,recorded,43,-1,12495.717,0.484,0.834,15.675,1,1,5.565,0.002,23,6,800,6,5255
11,cand,1480x800,recorded,44,-1,12646.096,0.454,0.817,9.999,1,1,6.147,0.003,23,6,800,6,5141
11,cand,1480x800,recorded,45,-1,12796.12,0.465,0.82,11.667,1,1,5.69,0.0,22,6,800,6,5227
11,cand,1480x800,recorded,46,-1,12945.459,0.587,0.87,14.855,1,1,5.318,0.003,24,5,800,5,5297
11,cand,1480x800,recorded,47,-1,13096.114,0.48,0.868,9.804,1,1,5.396,0.008,24,5,5269,5,5306
11,cand,1480x800,recorded,48,-1,13246.108,0.475,0.872,11.347,1,1,5.14,0.05,23,0,800,5,5294
11,cand,1480x800,recorded,49,-1,13395.874,0.438,0.778,14.187,1,1,5.224,0.0,22,6,800,0,5303
11,cand,1480x800,recorded,50,-1,13546.099,0.447,0.82,8.051,1,1,5.23,0.0,23,6,5262,6,5166
11,cand,1480x800,recorded,51,-1,13696.1,0.463,0.828,9.913,1,1,5.014,0.003,23,6,800,6,5276
11,cand,1480x800,recorded,52,-1,13845.474,0.462,0.93,13.865,1,1,5.479,0.003,22,6,5300,6,5269
11,cand,1480x800,recorded,53,-1,13995.831,0.471,0.82,7.451,1,1,5.051,0.012,23,6,5254,6,5309
11,cand,1480x800,recorded,54,-1,14146.114,0.445,0.837,9.791,1,1,5.158,0.0,23,6,5233,6,5301
11,cand,1480x800,recorded,55,-1,14296.108,0.468,0.858,13.181,1,1,4.902,0.004,22,6,800,6,5291
11,cand,1480x800,recorded,56,-1,14446.145,0.505,0.9,14.847,1,1,5.307,0.0,23,6,800,6,5311
11,cand,1480x800,recorded,57,-1,14596.095,0.46,2.689,9.016,1,1,5.222,0.0,23,6,800,6,5256
11,cand,1480x800,recorded,58,-1,14746.107,0.485,0.871,10.912,1,1,4.962,0.003,22,6,800,6,5251
11,cand,1480x800,recorded,59,-1,14895.478,0.444,0.824,14.648,1,1,4.921,0.0,23,6,800,6,5317
11,cand,1480x800,recorded,60,1,15046.099,0.475,0.851,8.555,1,1,5.197,0.003,23,6,800,6,5213
11,cand,1480x800,recorded,61,1,15195.516,0.442,0.878,11.583,1,1,5.33,0.023,23,6,5091,6,5037
11,cand,1480x800,recorded,62,1,15345.904,0.444,0.825,13.968,1,1,5.544,0.003,22,6,800,6,5098
11,cand,1480x800,recorded,63,1,15496.102,0.457,0.861,7.944,1,1,5.279,0.0,23,6,800,6,5289
11,cand,1480x800,recorded,64,1,15645.599,0.49,0.902,10.363,1,1,5.22,0.0,23,6,5152,6,5296
11,cand,1480x800,recorded,65,1,15795.491,0.478,0.888,13.519,1,1,5.291,0.004,22,6,800,6,5306
11,cand,1480x800,recorded,66,1,15946.1,0.456,0.801,14.953,1,1,5.289,0.002,23,6,800,0,5306
11,cand,1480x800,recorded,67,1,16095.823,0.501,0.916,10.237,1,1,5.505,0.0,23,6,5292,6,5305
11,cand,1480x800,recorded,68,1,16245.54,0.49,0.839,12.468,1,1,5.532,0.0,22,6,800,6,5299
11,cand,1480x800,recorded,69,1,16395.733,0.461,0.812,14.847,1,1,5.357,0.0,23,6,800,6,5307
11,cand,1480x800,recorded,70,1,16546.023,0.488,0.811,9.16,1,1,5.266,0.003,23,6,800,6,5311
11,cand,1480x800,recorded,71,1,16696.103,0.539,0.882,11.163,1,1,5.183,0.004,22,6,5185,6,5311
11,cand,1480x800,recorded,72,1,16845.804,0.508,0.858,14.163,1,1,5.6,0.004,23,6,800,6,5143
11,cand,1480x800,recorded,73,1,16996.095,0.494,0.829,8.011,1,1,5.214,0.0,23,6,800,6,5270
11,cand,1480x800,recorded,74,1,17146.175,0.494,0.846,10.3,1,1,5.283,0.0,23,6,800,6,5283
11,cand,1480x800,recorded,75,1,17295.822,0.59,1.079,13.236,1,1,5.363,0.0,22,6,800,6,5301
11,cand,1480x800,recorded,76,1,17446.17,0.473,0.844,14.946,1,1,5.224,0.02,24,6,800,6,5324
11,cand,1480x800,recorded,77,1,17596.167,0.477,0.811,9.958,1,1,5.271,0.0,23,6,800,6,5267
11,cand,1480x800,recorded,78,1,17746.1,0.469,0.799,12.285,1,1,5.257,0.002,22,6,800,6,5292
11,cand,1480x800,recorded,79,1,17896.191,0.473,0.816,14.214,1,1,5.207,0.0,23,6,5097,6,5306
11,cand,1480x800,recorded,80,1,18046.098,0.471,0.819,9.945,1,1,5.216,0.0,23,6,800,6,5168
11,cand,1480x800,recorded,81,1,18195.469,0.424,0.89,14.064,1,1,5.338,0.002,22,6,5159,6,5309
11,cand,1480x800,recorded,82,1,18345.419,0.42,0.849,14.76,1,1,5.278,0.006,23,6,800,6,5096
11,cand,1480x800,recorded,83,1,18495.51,0.4,0.888,9.004,1,1,5.188,0.011,23,6,4997,6,5302
11,cand,1480x800,recorded,84,1,18646.028,0.487,1.068,11.173,1,1,5.596,0.003,23,6,5100,6,5007
11,cand,1480x800,recorded,85,1,18795.534,0.418,0.84,14.33,1,1,5.475,0.0,22,6,5254,6,5110
11,cand,1480x800,recorded,86,1,18945.697,0.335,0.768,8.545,1,1,5.332,0.003,23,6,800,6,5292
11,cand,1480x800,recorded,87,1,19095.778,0.455,0.883,10.567,1,1,5.462,0.0,23,6,800,6,5278
11,cand,1480x800,recorded,88,1,19245.631,0.485,0.998,13.572,1,1,5.739,0.002,22,6,800,6,5300
11,cand,1480x800,recorded,89,1,19395.96,0.451,0.825,15.144,1,1,5.321,0.009,23,6,800,6,5302
11,cand,1480x800,recorded,90,-1,19546.096,0.465,0.822,9.851,1,1,5.225,0.0,23,6,800,6,5295
11,cand,1480x800,recorded,91,-1,19696.107,0.453,0.8,11.979,1,1,5.051,0.0,23,6,800,6,5297
11,cand,1480x800,recorded,92,-1,19846.174,0.437,0.809,14.3,1,1,5.496,0.0,22,6,800,6,5296
11,cand,1480x800,recorded,93,-1,19996.103,0.47,0.832,9.22,1,1,5.298,0.006,23,6,5107,6,5271
11,cand,1480x800,recorded,94,-1,20145.722,0.513,0.9,12.169,1,1,5.346,0.0,23,6,800,6,5112
11,cand,1480x800,recorded,95,-1,20295.691,0.461,0.833,14.319,1,1,5.249,0.0,22,6,5199,6,5299
11,cand,1480x800,recorded,96,-1,20445.505,0.514,0.895,8.53,1,1,5.209,0.0,23,6,5149,6,5276
11,cand,1480x800,recorded,97,-1,20596.116,0.483,0.872,9.983,1,1,5.055,0.0,23,6,800,6,5297
11,cand,1480x800,recorded,98,-1,20745.767,0.466,0.869,13.322,1,1,5.162,0.0,22,6,800,6,5218
11,cand,1480x800,recorded,99,-1,20895.513,0.477,0.856,8.204,1,1,5.235,0.0,23,6,5101,6,5298
11,cand,1480x800,recorded,100,-1,21045.837,0.435,0.839,10.305,1,1,5.233,0.0,23,6,5101,6,5241
11,cand,1480x800,recorded,101,-1,21195.508,1.624,2.365,13.322,1,1,5.545,0.0,22,6,800,6,5184
11,cand,1480x800,recorded,102,-1,21345.768,0.404,0.819,15.154,1,1,5.211,0.0,23,6,5302,6,5091
11,cand,1480x800,recorded,103,-1,21496.106,0.469,0.823,9.971,1,1,5.044,0.0,23,6,800,6,5232
11,cand,1480x800,recorded,104,-1,21646.104,0.466,0.815,11.797,1,1,5.112,0.0,23,6,800,6,5312
11,cand,1480x800,recorded,105,-1,21795.854,0.439,0.82,14.3,1,1,5.221,0.0,22,6,5297,6,5310
11,cand,1480x800,recorded,106,-1,21945.734,0.502,0.918,9.196,1,1,5.295,0.0,23,6,800,6,5304
11,cand,1480x800,recorded,107,-1,22095.835,0.538,0.956,11.719,1,1,5.395,0.0,23,6,800,6,5306
11,cand,1480x800,recorded,108,-1,22245.471,0.49,1.005,13.589,1,1,5.329,0.0,22,6,5176,6,5307
11,cand,1480x800,recorded,109,-1,22396.113,0.458,0.804,7.923,1,1,5.262,0.0,23,6,800,6,5261
11,cand,1480x800,recorded,110,-1,22545.829,0.463,0.827,10.465,1,1,5.147,0.0,23,6,800,6,5303
11,cand,1480x800,recorded,111,-1,22696.1,0.447,0.823,12.92,1,1,5.227,0.005,23,6,800,6,5299
11,cand,1480x800,recorded,112,-1,22845.854,0.49,0.885,15.232,1,1,5.427,0.0,23,6,800,6,5296
11,cand,1480x800,recorded,113,-1,22996.104,0.461,0.789,10.385,1,1,5.981,0.0,23,6,800,6,5299
11,cand,1480x800,recorded,114,-1,23145.449,0.449,0.864,12.661,1,1,5.313,0.005,24,6,5244,6,5262
11,cand,1480x800,recorded,115,-1,23296.16,0.441,0.83,13.886,1,1,5.099,0.0,22,6,800,6,5290
11,cand,1480x800,recorded,116,-1,23445.839,0.464,0.835,9.296,1,1,4.998,0.003,23,6,800,6,5268
11,cand,1480x800,recorded,117,-1,23595.699,0.478,0.866,11.344,1,1,5.019,0.0,23,6,5306,6,5274
11,cand,1480x800,recorded,118,-1,23745.455,0.572,0.854,13.578,1,1,4.963,0.0,22,6,5201,6,5263
11,cand,1480x800,recorded,119,-1,23896.116,0.477,0.844,7.92,1,1,4.949,0.003,23,6,800,6,5248
11,cand,1480x800,idle-after,0,0,24069.363,0.0,,,0,0,0.365,0.008,21,6,5303,,
11,cand,1480x800,idle-after,1,0,24218.899,0.0,,,0,0,0.257,0.003,21,6,5086,,
11,cand,1480x800,idle-after,2,0,24368.835,0.0,,,0,0,0.35,0.0,20,6,800,,
11,cand,1480x800,idle-after,3,0,24519.479,0.0,,,0,0,0.425,0.004,21,6,800,,
11,cand,1480x800,idle-after,4,0,24669.482,0.0,,,0,0,0.408,0.0,21,6,5210,,
11,cand,1480x800,idle-after,5,0,24819.488,0.0,,,0,0,0.474,0.0,20,6,5229,,
11,cand,1480x800,idle-after,6,0,24969.028,0.0,,,0,0,0.425,0.0,21,6,800,,
11,cand,1480x800,idle-after,7,0,25119.149,0.001,,,0,0,0.39,0.0,21,6,5077,,
11,cand,1480x800,idle-after,8,0,25269.485,0.0,,,0,0,0.425,0.002,20,6,800,,
11,cand,1480x800,idle-after,9,0,25419.496,0.0,,,0,0,0.384,0.0,21,6,800,,
11,cand,1480x800,idle-after,10,0,25568.972,0.0,,,0,0,0.453,0.0,21,6,5197,,
11,cand,1480x800,idle-after,11,0,25719.48,0.0,,,0,0,0.492,0.0,21,6,800,,
11,cand,1480x800,idle-after,12,0,25869.123,0.0,,,0,0,0.471,0.0,20,6,800,,
11,cand,1480x800,idle-after,13,0,26019.48,0.0,,,0,0,0.443,0.0,21,6,5214,,
11,cand,1480x800,idle-after,14,0,26169.479,0.0,,,0,0,0.412,0.0,21,6,800,,
11,cand,1480x800,idle-after,15,0,26319.129,0.0,,,0,0,0.341,0.0,20,6,800,,
11,cand,1480x800,idle-after,16,0,26469.482,0.0,,,0,0,0.333,0.0,21,6,5233,,
11,cand,1480x800,idle-after,17,0,26619.477,0.0,,,0,0,0.402,0.0,21,0,800,,
11,cand,1480x800,idle-after,18,0,26769.525,0.0,,,0,0,0.256,0.007,20,6,5279,,
11,cand,1480x800,idle-after,19,0,26919.501,0.0,,,0,0,0.418,0.0,21,6,5251,,
12,base,461x490,warmup,0,1,0.0,0.322,0.873,,0,0,0.3,0.0,22,6,800,,
12,base,461x490,warmup,1,1,150.203,0.319,0.801,12.205,1,1,3.696,0.0,22,6,5310,6,5292
12,base,461x490,warmup,2,1,299.734,0.394,0.831,7.108,1,1,3.475,0.005,23,6,800,6,5289
12,base,461x490,warmup,3,1,450.369,0.37,0.745,8.588,1,1,3.295,0.043,23,6,800,6,5300
12,base,461x490,warmup,4,1,599.865,0.362,0.836,11.378,1,1,3.404,0.005,22,6,5249,6,5300
12,base,461x490,warmup,5,1,750.41,0.382,0.765,12.707,1,1,3.309,0.003,23,6,800,6,5300
12,base,461x490,warmup,6,1,899.7,0.399,0.811,8.794,1,1,3.461,0.006,22,6,5308,6,5304
12,base,461x490,warmup,7,1,1049.76,0.408,0.872,11.341,1,1,3.659,0.004,22,6,5077,6,5300
12,base,461x490,warmup,8,1,1200.356,0.363,0.744,12.656,1,1,3.345,0.003,22,6,800,6,5300
12,base,461x490,warmup,9,1,1350.355,0.37,0.764,7.057,1,1,3.158,0.0,23,1,800,6,5300
12,base,461x490,warmup,10,-1,1499.9,0.374,0.77,10.103,1,1,3.29,0.003,23,1,800,1,5256
12,base,461x490,warmup,11,-1,1650.375,0.383,0.771,11.81,1,1,3.477,0.002,22,1,800,1,5300
12,base,461x490,warmup,12,-1,1800.356,0.373,0.841,6.608,1,1,3.214,0.003,23,1,800,1,5300
12,base,461x490,warmup,13,-1,1950.389,0.397,0.8,8.595,1,1,3.605,0.005,23,1,5290,1,5298
12,base,461x490,warmup,14,-1,2099.864,0.347,0.856,11.52,2,2,6.083,0.002,24,1,800,1,5300
12,base,461x490,warmup,15,-1,2249.704,0.328,0.733,6.756,1,1,3.321,0.004,23,1,5280,1,5300
12,base,461x490,warmup,16,-1,2400.358,0.346,0.734,7.838,1,1,3.39,0.0,23,1,800,1,5300
12,base,461x490,warmup,17,-1,2550.122,0.433,0.992,11.149,1,1,3.788,0.0,22,1,800,1,5106
12,base,461x490,warmup,18,-1,2699.829,0.372,0.775,5.658,1,1,3.422,0.003,23,1,5174,1,5300
12,base,461x490,warmup,19,-1,2850.36,0.346,0.732,6.678,1,1,3.214,0.0,23,1,800,1,5300
12,base,461x490,idle-before,0,0,3023.081,0.0,,,0,0,0.279,0.039,21,5,800,,
12,base,461x490,idle-before,1,0,3172.919,0.0,,,0,0,0.283,0.003,20,5,5276,,
12,base,461x490,idle-before,2,0,3323.175,0.0,,,0,0,0.25,0.0,21,5,5293,,
12,base,461x490,idle-before,3,0,3473.177,0.0,,,0,0,0.277,0.004,21,5,5256,,
12,base,461x490,idle-before,4,0,3622.622,0.0,,,0,0,0.255,0.002,20,5,5306,,
12,base,461x490,idle-before,5,0,3773.075,0.0,,,0,0,0.311,0.0,21,5,800,,
12,base,461x490,idle-before,6,0,3923.174,0.0,,,0,0,0.298,0.0,21,5,5248,,
12,base,461x490,idle-before,7,0,4073.08,0.0,,45.802,1,1,3.514,0.002,23,5,800,,
12,base,461x490,idle-before,8,0,4223.148,0.0,,,0,0,0.231,0.0,20,5,5300,,
12,base,461x490,idle-before,9,0,4372.998,0.0,,,0,0,0.267,0.003,21,5,5202,,
12,base,461x490,idle-before,10,0,4523.041,0.0,,,0,0,0.296,0.0,21,5,800,,
12,base,461x490,idle-before,11,0,4672.603,0.0,,40.989,1,1,3.326,0.0,22,5,800,,
12,base,461x490,idle-before,12,0,4823.152,0.0,,,0,0,0.245,0.0,21,5,5290,,
12,base,461x490,idle-before,13,0,4973.178,0.0,,,0,0,0.26,0.006,21,5,800,,
12,base,461x490,idle-before,14,0,5122.798,0.0,,,0,0,0.281,0.0,20,5,800,,
12,base,461x490,idle-before,15,0,5272.621,0.0,,,0,0,0.275,0.0,21,6,800,,
12,base,461x490,idle-before,16,0,5422.889,0.0,,,0,0,0.306,0.0,21,6,800,,
12,base,461x490,idle-before,17,0,5573.174,0.0,,,0,0,0.243,0.0,20,6,5259,,
12,base,461x490,idle-before,18,0,5723.075,0.0,,,0,0,0.272,0.002,21,6,800,,
12,base,461x490,idle-before,19,0,5873.176,0.0,,,0,0,0.268,0.008,21,6,800,,
12,base,461x490,recorded,0,1,6046.03,0.335,0.946,8.259,1,1,3.732,0.002,23,6,800,6,5300
12,base,461x490,recorded,1,1,6195.785,0.352,0.755,10.612,1,1,3.173,0.003,22,6,5211,6,5300
12,base,461x490,recorded,2,1,6345.793,0.348,0.746,5.37,1,1,3.318,0.002,21,6,5299,6,5283
12,base,461x490,recorded,3,1,6496.163,0.304,0.722,7.41,1,1,3.421,0.0,22,6,5285,6,5096
12,base,461x490,recorded,4,1,6646.161,0.373,0.771,10.014,1,1,3.336,0.0,22,6,800,6,5300
12,base,461x490,recorded,5,1,6796.149,0.331,0.713,12.262,1,1,3.218,0.0,23,6,5291,6,5257
12,base,461x490,recorded,6,1,6946.14,0.362,0.761,6.3,1,1,3.372,0.011,23,6,5086,6,5295
12,base,461x490,recorded,7,1,7096.092,0.37,0.775,9.197,1,1,3.514,0.005,23,6,5218,6,5111
12,base,461x490,recorded,8,1,7245.85,0.326,0.827,11.818,1,1,3.287,0.003,22,6,5188,6,5302
12,base,461x490,recorded,9,1,7396.139,0.349,0.73,6.05,1,1,3.273,0.007,23,6,800,6,5190
12,base,461x490,recorded,10,1,7546.146,0.345,0.733,7.951,1,1,3.294,0.004,23,6,5216,6,5300
12,base,461x490,recorded,11,1,7695.553,0.373,0.771,11.181,1,1,3.402,0.0,22,6,800,6,5293
12,base,461x490,recorded,12,1,7846.079,0.365,0.746,5.199,1,1,3.237,0.0,22,6,5021,6,5225
12,base,461x490,recorded,13,1,7996.165,0.358,0.766,7.642,2,2,6.404,0.009,25,6,800,6,5300
12,base,461x490,recorded,14,1,8146.083,0.36,0.752,10.111,1,1,3.302,0.003,22,6,800,6,5275
12,base,461x490,recorded,15,1,8296.33,0.404,0.807,12.181,1,1,3.289,0.004,23,6,800,6,5193
12,base,461x490,recorded,16,1,8446.14,0.304,0.674,7.129,1,1,3.423,0.0,23,6,800,6,5300
12,base,461x490,recorded,17,1,8596.164,0.447,0.843,9.104,1,1,3.443,0.0,22,6,800,6,5300
12,base,461x490,recorded,18,1,8746.195,0.391,0.797,11.839,1,1,3.431,0.0,23,6,800,6,5300
12,base,461x490,recorded,19,1,8896.152,0.372,0.788,6.0,1,1,3.669,0.004,23,6,800,6,5247
12,base,461x490,recorded,20,1,9046.063,0.419,0.972,9.21,1,1,3.459,0.002,22,6,5238,6,5271
12,base,461x490,recorded,21,1,9195.569,0.354,0.813,11.565,1,1,3.573,0.0,22,6,5232,6,5300
12,base,461x490,recorded,22,1,9346.144,0.334,0.727,4.862,1,1,3.429,0.0,23,6,800,6,5300
12,base,461x490,recorded,23,1,9496.147,0.285,0.672,8.224,1,1,3.402,0.003,23,6,5267,6,5300
12,base,461x490,recorded,24,1,9645.684,0.375,0.764,11.214,2,2,6.293,0.002,24,6,800,6,5301
12,base,461x490,recorded,25,1,9796.094,0.311,0.734,12.823,1,1,3.238,0.0,23,6,800,6,5226
12,base,461x490,recorded,26,1,9946.15,0.305,0.735,7.524,1,1,3.583,0.002,23,6,5174,6,5300
12,base,461x490,recorded,27,1,10096.012,0.36,0.769,10.158,1,1,3.618,0.003,22,6,800,6,5100
12,base,461x490,recorded,28,1,10245.986,0.291,0.736,12.275,1,1,3.452,0.003,23,6,4997,6,5304
12,base,461x490,recorded,29,1,10395.999,0.351,0.82,7.149,1,1,3.536,0.009,23,6,5100,6,5000
12,base,461x490,recorded,30,-1,10545.838,0.379,0.732,9.082,1,1,3.748,0.009,23,6,5294,6,5100
12,base,461x490,recorded,31,-1,10696.1,0.395,0.793,11.695,1,1,3.641,0.0,22,6,800,6,5292
12,base,461x490,recorded,32,-1,10845.521,0.376,0.734,6.597,1,1,3.587,0.0,23,6,800,6,5275
12,base,461x490,recorded,33,-1,10995.604,8.931,9.389,16.302,1,1,3.635,0.0,23,6,800,6,5282
12,base,461x490,recorded,34,-1,11145.492,0.381,0.769,11.708,1,1,3.709,0.005,21,6,800,6,5300
12,base,461x490,recorded,35,-1,11296.148,0.347,0.729,4.775,1,1,3.672,0.0,22,6,5264,6,5300
12,base,461x490,recorded,36,-1,11446.147,0.336,0.719,6.872,1,1,3.51,0.0,23,6,800,6,5300
12,base,461x490,recorded,37,-1,11595.823,0.398,0.836,9.864,1,1,3.448,0.0,22,6,800,6,5300
12,base,461x490,recorded,38,-1,11746.141,0.36,0.736,11.522,1,1,4.251,0.0,23,6,800,6,5127
12,base,461x490,recorded,39,-1,11896.155,0.395,0.785,7.715,1,1,3.515,0.0,22,6,800,6,5321
12,base,461x490,recorded,40,-1,12046.074,0.401,0.797,9.319,1,1,3.456,0.003,22,6,800,6,5300
12,base,461x490,recorded,41,-1,12195.571,0.369,0.833,12.318,1,1,3.864,0.004,23,6,800,6,5308
12,base,461x490,recorded,42,-1,12346.142,0.37,0.752,5.873,1,1,3.65,0.002,23,6,800,6,5300
12,base,461x490,recorded,43,-1,12496.149,0.365,0.749,8.352,2,2,6.136,0.007,25,6,800,6,5300
12,base,461x490,recorded,44,-1,12646.477,0.4,0.792,10.652,1,1,3.358,0.0,22,6,800,6,5300
12,base,461x490,recorded,45,-1,12796.143,0.371,0.763,5.146,1,1,3.467,0.038,23,6,5157,6,5300
12,base,461x490,recorded,46,-1,12946.147,0.387,0.785,7.882,1,1,3.564,0.002,23,6,5152,6,5300
12,base,461x490,recorded,47,-1,13095.562,0.387,0.789,11.42,1,1,3.827,0.0,22,6,800,6,5100
12,base,461x490,recorded,48,-1,13245.56,0.392,0.785,5.648,1,1,3.633,0.005,23,6,5298,6,5300
12,base,461x490,recorded,49,-1,13395.841,0.374,0.758,7.277,1,1,3.566,0.003,23,6,800,6,5300
12,base,461x490,recorded,50,-1,13546.091,0.442,0.794,9.978,1,1,3.626,0.003,22,6,800,6,5300
12,base,461x490,recorded,51,-1,13696.167,0.457,0.862,11.973,1,1,3.705,0.0,23,6,800,6,5300
12,base,461x490,recorded,52,-1,13846.036,0.428,0.799,6.024,1,1,3.464,0.0,23,6,5228,6,5300
12,base,461x490,recorded,53,-1,13995.644,0.397,0.82,10.025,1,1,3.833,0.003,23,6,800,6,5173
12,base,461x490,recorded,54,-1,14145.606,0.368,0.76,12.064,2,2,6.458,0.0,24,6,800,6,5097
12,base,461x490,recorded,55,-1,14295.962,0.387,0.776,6.15,1,1,3.419,0.004,23,6,800,6,5300
12,base,461x490,recorded,56,-1,14446.148,0.371,0.744,8.26,1,1,3.526,0.002,23,6,800,6,5300
12,base,461x490,recorded,57,-1,14595.547,0.56,1.028,11.682,1,1,3.695,0.0,22,6,800,6,5300
12,base,461x490,recorded,58,-1,14745.536,0.435,0.796,6.381,1,1,3.835,0.0,23,6,800,6,5300
12,base,461x490,recorded,59,-1,14896.154,0.41,0.822,7.448,1,1,3.438,0.001,23,6,800,6,5261
12,base,461x490,recorded,60,1,15046.078,0.376,0.758,10.07,1,1,3.71,0.003,23,6,800,6,5300
12,base,461x490,recorded,61,1,15196.143,0.385,0.764,12.039,1,1,3.425,0.0,23,6,800,6,5300
12,base,461x490,recorded,62,1,15346.151,0.37,0.739,7.106,1,1,3.384,0.005,23,6,800,6,5300
12,base,461x490,recorded,63,1,15496.146,0.361,0.743,9.718,1,1,3.628,0.0,23,6,800,6,5028
12,base,461x490,recorded,64,1,15646.241,0.419,0.815,11.986,1,1,3.768,0.0,22,6,800,6,5300
12,base,461x490,recorded,65,1,15796.142,0.367,0.748,5.956,1,1,3.657,0.002,23,6,800,6,5300
12,base,461x490,recorded,66,1,15946.154,0.344,0.684,9.003,1,1,3.387,0.003,23,6,800,6,5300
12,base,461x490,recorded,67,1,16095.742,0.382,0.777,11.303,1,1,3.642,0.0,22,6,800,6,5100
12,base,461x490,recorded,68,1,16245.935,0.329,0.806,6.286,1,1,3.554,0.006,23,6,800,6,5300
12,base,461x490,recorded,69,1,16396.1,0.393,0.766,8.086,1,1,3.432,0.0,23,6,800,6,5300
12,base,461x490,recorded,70,1,16545.799,0.374,0.791,10.5,1,1,3.582,0.003,22,6,800,6,5300
12,base,461x490,recorded,71,1,16696.16,0.388,0.806,12.547,1,1,3.463,0.0,23,6,800,6,5301
12,base,461x490,recorded,72,1,16845.559,0.376,0.754,7.067,1,1,3.474,0.0,23,6,800,6,5300
12,base,461x490,recorded,73,1,16995.952,0.391,0.872,9.429,2,2,6.714,0.015,24,6,800,6,5291
12,base,461x490,recorded,74,1,17145.527,0.62,1.108,13.409,1,1,3.771,0.0,23,6,800,6,5186
12,base,461x490,recorded,75,1,17296.141,0.374,0.761,6.366,1,1,3.373,0.002,23,6,5317,6,5288
12,base,461x490,recorded,76,1,17446.142,0.395,0.868,9.247,1,1,3.34,0.034,23,6,800,6,5300
12,base,461x490,recorded,77,1,17596.095,0.392,0.786,11.759,1,1,3.616,0.0,22,6,800,6,5301
12,base,461x490,recorded,78,1,17746.146,0.377,0.777,6.087,1,1,3.448,0.002,23,6,800,6,5286
12,base,461x490,recorded,79,1,17895.596,0.386,0.793,8.63,1,1,3.669,0.004,23,6,800,6,5300
12,base,461x490,recorded,80,1,18045.558,0.378,0.769,11.543,1,1,3.422,0.0,22,6,800,6,5300
12,base,461x490,recorded,81,1,18196.144,0.365,0.75,4.866,1,1,3.567,0.0,23,6,5203,6,5300
12,base,461x490,recorded,82,1,18346.094,0.383,0.783,7.616,1,1,3.593,0.0,23,6,800,6,5300
12,base,461x490,recorded,83,1,18496.142,0.383,0.79,9.941,1,1,3.494,0.0,22,6,5178,6,5300
12,base,461x490,recorded,84,1,18646.167,0.396,0.86,12.172,2,2,6.258,0.0,25,6,800,6,5238
12,base,461x490,recorded,85,1,18795.738,0.398,0.779,7.276,1,1,3.424,0.0,23,6,5113,6,5300
12,base,461x490,recorded,86,1,18946.15,0.39,0.804,9.222,1,1,3.543,0.003,23,6,800,6,5300
12,base,461x490,recorded,87,1,19096.15,0.4,0.821,11.608,1,1,3.56,0.0,22,6,4998,6,5103
12,base,461x490,recorded,88,1,19245.422,0.397,0.774,6.946,1,1,3.679,0.003,23,6,800,6,5100
12,base,461x490,recorded,89,1,19396.147,0.373,0.75,8.537,1,1,3.639,0.0,23,6,800,6,5300
12,base,461x490,recorded,90,-1,19545.889,0.336,0.788,11.264,1,1,3.392,0.051,22,4,5278,6,5300
12,base,461x490,recorded,91,-1,19696.158,0.484,0.889,5.63,1,1,3.351,0.002,23,4,800,4,5300
12,base,461x490,recorded,92,-1,19845.814,0.375,0.778,8.378,1,1,3.287,0.0,23,4,800,4,5300
12,base,461x490,recorded,93,-1,19995.816,0.386,0.811,10.686,1,1,3.478,0.003,23,4,800,4,5300
12,base,461x490,recorded,94,-1,20146.144,0.373,0.75,12.356,1,1,3.594,0.004,23,4,800,4,5300
12,base,461x490,recorded,95,-1,20295.675,0.366,0.762,8.252,1,1,3.284,0.003,23,5,5309,4,5300
12,base,461x490,recorded,96,-1,20446.142,0.321,0.72,9.41,1,1,3.578,0.004,22,5,800,5,5300
12,base,461x490,recorded,97,-1,20596.077,0.327,0.836,12.159,1,1,3.671,0.002,23,5,800,5,5300
12,base,461x490,recorded,98,-1,20746.15,0.368,0.767,6.751,1,1,3.66,0.037,23,5,800,5,5266
12,base,461x490,recorded,99,-1,20895.845,0.362,0.764,9.403,1,1,3.341,0.003,23,5,4996,5,5300
12,base,461x490,recorded,100,-1,21046.112,0.398,0.868,11.805,1,1,3.874,0.0,22,5,800,5,5300
12,base,461x490,recorded,101,-1,21195.94,0.35,0.755,6.867,1,1,3.693,0.006,23,5,800,5,5300
12,base,461x490,recorded,102,-1,21346.026,0.346,0.783,8.452,1,1,3.455,0.006,23,5,5301,5,5300
12,base,461x490,recorded,103,-1,21495.559,0.414,0.786,12.709,2,2,7.296,0.003,24,5,800,5,5297
12,base,461x490,recorded,104,-1,21646.118,0.372,0.774,5.68,1,1,3.846,0.003,23,5,5174,5,5284
12,base,461x490,recorded,105,-1,21796.056,0.374,0.764,7.759,1,1,3.475,0.0,23,5,5301,5,5300
12,base,461x490,recorded,106,-1,21946.155,0.367,0.777,10.061,1,1,3.153,0.002,22,5,800,5,5300
12,base,461x490,recorded,107,-1,22096.025,0.275,0.72,12.659,1,1,3.605,0.0,23,5,5157,5,5100
12,base,461x490,recorded,108,-1,22246.143,0.299,0.72,6.95,1,1,3.517,0.002,23,4,800,5,5300
12,base,461x490,recorded,109,-1,22396.08,0.501,0.783,9.838,1,1,3.453,0.003,22,5,800,4,5309
12,base,461x490,recorded,110,-1,22545.417,0.365,0.816,12.866,1,1,3.493,0.0,23,5,800,5,5289
12,base,461x490,recorded,111,-1,22696.08,0.367,0.762,6.619,1,1,3.348,0.004,23,5,5300,5,5300
12,base,461x490,recorded,112,-1,22846.147,0.358,0.753,8.539,1,1,3.293,0.002,23,5,800,5,5284
12,base,461x490,recorded,113,-1,22995.443,0.375,0.795,11.675,1,1,3.241,0.004,22,5,5212,5,5300
12,base,461x490,recorded,114,-1,23146.077,0.401,0.773,6.164,2,2,5.81,0.006,25,5,5300,5,5300
12,base,461x490,recorded,115,-1,23296.099,0.403,0.784,7.976,1,1,3.233,0.0,23,5,800,5,5300
12,base,461x490,recorded,116,-1,23446.056,0.397,0.789,10.848,1,1,3.26,0.0,22,5,5066,5,5307
12,base,461x490,recorded,117,-1,23595.993,0.354,0.833,12.848,1,1,3.516,0.004,23,5,5315,5,5237
12,base,461x490,recorded,118,-1,23746.057,0.396,0.788,7.836,1,1,3.173,0.006,23,5,800,5,5300
12,base,461x490,recorded,119,-1,23896.006,0.382,0.793,9.546,1,1,3.144,0.002,22,5,800,5,5300
12,base,461x490,idle-after,0,0,24068.481,0.0,,,0,0,0.299,0.0,20,5,800,,
12,base,461x490,idle-after,1,0,24218.726,0.0,,,0,0,0.259,0.003,21,5,5083,,
12,base,461x490,idle-after,2,0,24369.208,0.0,,,0,0,0.253,0.0,21,5,800,,
12,base,461x490,idle-after,3,0,24519.074,0.0,,,0,0,0.25,0.0,20,5,5157,,
12,base,461x490,idle-after,4,0,24669.233,0.0,,,0,0,0.29,0.0,21,5,5274,,
12,base,461x490,idle-after,5,0,24819.213,0.0,,,0,0,0.303,0.0,21,5,800,,
12,base,461x490,idle-after,6,0,24969.017,0.0,,,0,0,0.28,0.0,21,5,800,,
12,base,461x490,idle-after,7,0,25119.156,0.0,,,0,0,0.24,0.0,20,5,800,,
12,base,461x490,idle-after,8,0,25269.215,0.0,,,0,0,0.269,0.0,21,5,800,,
12,base,461x490,idle-after,9,0,25418.899,0.0,,,0,0,0.285,0.0,21,5,800,,
12,base,461x490,idle-after,10,0,25568.774,0.0,,,0,0,0.274,0.0,20,5,800,,
12,base,461x490,idle-after,11,0,25718.717,0.0,,,0,0,0.268,0.0,21,5,800,,
12,base,461x490,idle-after,12,0,25868.613,0.0,,,0,0,0.284,0.0,21,5,800,,
12,base,461x490,idle-after,13,0,26018.816,0.0,,,0,0,0.236,0.004,20,5,5268,,
12,base,461x490,idle-after,14,0,26168.794,0.0,,,0,0,0.248,0.0,21,5,5302,,
12,base,461x490,idle-after,15,0,26319.088,0.0,,,0,0,0.249,0.0,21,5,800,,
12,base,461x490,idle-after,16,0,26469.22,0.0,,,0,0,0.239,0.0,20,5,5258,,
12,base,461x490,idle-after,17,0,26618.734,0.0,,,0,0,0.246,0.0,21,5,5187,,
12,base,461x490,idle-after,18,0,26768.793,0.0,,,0,0,0.278,0.002,21,5,800,,
12,base,461x490,idle-after,19,0,26919.071,0.0,,,0,0,0.25,0.0,21,5,5160,,
13,cand,461x490,warmup,0,1,0.0,0.489,0.83,,0,0,0.278,0.003,22,7,800,,
13,cand,461x490,warmup,1,1,150.662,0.466,0.793,7.716,1,1,3.802,0.006,24,7,800,7,5284
13,cand,461x490,warmup,2,1,300.139,0.513,0.833,10.727,1,1,3.387,0.0,22,7,5285,7,5142
13,cand,461x490,warmup,3,1,450.241,0.541,0.862,12.492,1,1,3.509,0.005,23,7,5116,7,5300
13,cand,461x490,warmup,4,1,600.253,0.491,0.797,6.987,1,1,3.444,0.0,23,7,800,7,5299
13,cand,461x490,warmup,5,1,750.176,0.52,0.858,10.038,1,1,3.39,0.005,24,7,5285,7,5300
13,cand,461x490,warmup,6,1,900.124,0.52,0.875,11.811,1,1,3.619,0.003,21,7,800,7,5300
13,cand,461x490,warmup,7,1,1050.687,0.512,0.829,5.328,1,1,3.169,0.0,23,7,800,7,5300
13,cand,461x490,warmup,8,1,1200.689,0.515,0.784,8.745,1,1,3.342,0.003,22,7,5287,7,5300
13,cand,461x490,warmup,9,1,1350.185,0.679,1.119,11.349,1,1,3.393,0.0,22,7,800,7,5290
13,cand,461x490,warmup,10,-1,1500.684,0.452,0.791,5.076,1,1,3.194,0.007,22,4,5130,7,5298
13,cand,461x490,warmup,11,-1,1650.072,0.49,0.874,8.418,1,1,3.29,0.005,23,4,5290,4,5298
13,cand,461x490,warmup,12,-1,1800.754,0.515,0.831,9.418,1,1,3.294,0.002,22,4,5219,4,5300
13,cand,461x490,warmup,13,-1,1950.536,0.463,0.759,12.645,1,1,3.365,0.003,23,4,1017,4,5300
13,cand,461x490,warmup,14,-1,2100.11,0.6,1.052,7.941,2,2,6.414,0.0,25,4,800,4,5056
13,cand,461x490,warmup,15,-1,2250.38,0.443,0.78,9.735,1,1,3.355,0.0,23,4,5312,4,5100
13,cand,461x490,warmup,16,-1,2400.703,0.508,0.808,11.652,1,1,3.33,0.0,22,4,800,4,5300
13,cand,461x490,warmup,17,-1,2550.688,0.537,0.841,6.275,1,1,3.187,0.004,23,4,800,4,5300
13,cand,461x490,warmup,18,-1,2700.443,0.514,0.835,8.825,1,1,3.386,0.0,23,4,800,4,5300
13,cand,461x490,warmup,19,-1,2850.312,0.531,0.847,11.909,1,1,3.481,0.0,22,4,800,4,5299
13,cand,461x490,idle-before,0,0,3022.836,0.0,,,0,0,0.25,0.003,21,4,800,,
13,cand,461x490,idle-before,1,0,3173.478,0.0,,,0,0,0.25,0.0,21,4,800,,
13,cand,461x490,idle-before,2,0,3323.065,0.0,,,0,0,0.333,0.002,21,4,800,,
13,cand,461x490,idle-before,3,0,3472.97,0.0,,,0,0,0.234,0.0,20,4,800,,
13,cand,461x490,idle-before,4,0,3622.827,0.0,,,0,0,0.272,0.0,21,4,800,,
13,cand,461x490,idle-before,5,0,3773.219,0.0,,,0,0,0.269,0.0,21,4,800,,
13,cand,461x490,idle-before,6,0,3922.963,0.0,,,0,0,0.412,0.0,20,4,800,,
13,cand,461x490,idle-before,7,0,4073.479,0.0,,42.249,1,1,3.483,0.046,23,4,5287,,
13,cand,461x490,idle-before,8,0,4223.452,0.0,,,0,0,0.279,0.002,21,7,5207,,
13,cand,461x490,idle-before,9,0,4373.285,0.0,,,0,0,0.239,0.003,20,7,5174,,
13,cand,461x490,idle-before,10,0,4523.474,0.0,,,0,0,0.302,0.0,21,7,5294,,
13,cand,461x490,idle-before,11,0,4673.093,0.0,,44.307,1,1,4.252,0.0,23,7,800,,
13,cand,461x490,idle-before,12,0,4823.304,0.0,,,0,0,0.264,0.003,20,7,800,,
13,cand,461x490,idle-before,13,0,4973.48,0.0,,,0,0,0.305,0.003,21,7,800,,
13,cand,461x490,idle-before,14,0,5123.473,0.0,,,0,0,0.374,0.0,21,7,800,,
13,cand,461x490,idle-before,15,0,5272.823,0.0,,,0,0,0.278,0.003,21,7,800,,
13,cand,461x490,idle-before,16,0,5423.342,0.0,,,0,0,0.236,0.006,20,7,5309,,
13,cand,461x490,idle-before,17,0,5573.053,0.0,,,0,0,0.28,0.0,21,7,5262,,
13,cand,461x490,idle-before,18,0,5722.881,0.0,,,0,0,0.311,0.0,21,7,5311,,
13,cand,461x490,idle-before,19,0,5872.947,0.0,,,0,0,0.247,0.0,20,7,800,,
13,cand,461x490,recorded,0,1,6045.617,0.51,1.1,12.782,1,1,3.788,0.003,23,7,800,7,5283
13,cand,461x490,recorded,1,1,6195.155,0.563,0.957,7.684,1,1,3.451,0.003,23,7,5301,7,5300
13,cand,461x490,recorded,2,1,6345.156,0.509,0.84,10.735,1,1,3.733,0.009,23,7,800,7,5299
13,cand,461x490,recorded,3,1,6495.538,0.501,0.778,12.102,1,1,3.123,0.0,22,7,5314,7,5230
13,cand,461x490,recorded,4,1,6645.732,0.504,0.828,6.75,1,1,3.312,0.008,23,7,5330,7,5300
13,cand,461x490,recorded,5,1,6795.993,0.524,0.841,7.995,1,1,3.111,0.003,23,7,5299,7,5300
13,cand,461x490,recorded,6,1,6945.454,0.505,0.834,11.455,1,1,3.121,0.005,22,7,800,7,5302
13,cand,461x490,recorded,7,1,7095.187,0.493,0.761,5.971,1,1,3.293,0.003,23,7,800,7,5300
13,cand,461x490,recorded,8,1,7245.778,0.412,0.858,8.199,1,1,3.547,0.034,23,7,5271,7,5278
13,cand,461x490,recorded,9,1,7395.094,0.495,0.839,10.956,1,1,3.286,0.0,22,7,800,7,5300
13,cand,461x490,recorded,10,1,7545.732,0.545,0.88,12.312,1,1,3.11,0.003,23,7,800,7,5300
13,cand,461x490,recorded,11,1,7695.731,0.633,0.859,7.318,1,1,3.434,0.002,23,7,800,7,5300
13,cand,461x490,recorded,12,1,7845.061,0.443,0.786,10.727,1,1,3.679,0.002,22,7,800,7,5093
13,cand,461x490,recorded,13,1,7995.732,0.491,0.826,12.297,2,2,6.046,0.002,25,7,800,7,5300
13,cand,461x490,recorded,14,1,8145.681,0.494,0.819,6.586,1,1,3.099,0.011,23,7,800,7,5300
13,cand,461x490,recorded,15,1,8295.083,0.483,0.824,9.222,1,1,3.306,0.002,23,7,5277,7,5300
13,cand,461x490,recorded,16,1,8445.774,0.528,0.853,11.681,1,1,3.468,0.0,22,4,800,7,5188
13,cand,461x490,recorded,17,1,8595.731,0.554,0.862,6.598,1,1,3.27,0.012,23,4,5286,4,5300
13,cand,461x490,recorded,18,1,8745.769,0.511,0.834,9.002,1,1,3.486,0.008,22,7,5219,4,5294
13,cand,461x490,recorded,19,1,8895.133,0.409,0.876,11.493,1,1,3.312,0.03,21,7,800,7,5201
13,cand,461x490,recorded,20,1,9045.089,0.529,0.791,6.03,1,1,3.269,0.0,23,7,800,7,5300
13,cand,461x490,recorded,21,1,9195.088,0.535,0.78,7.913,1,1,3.246,0.0,23,7,800,7,5300
13,cand,461x490,recorded,22,1,9345.188,0.569,0.861,10.438,1,1,3.467,0.006,22,7,800,7,5248
13,cand,461x490,recorded,23,1,9495.446,0.46,0.87,12.75,1,1,3.186,0.0,23,7,5307,7,5300
13,cand,461x490,recorded,24,1,9645.733,0.533,0.863,6.95,2,2,6.061,0.002,25,7,800,7,5170
13,cand,461x490,recorded,25,1,9795.243,0.497,0.799,9.499,1,1,3.175,0.003,22,7,800,7,5300
13,cand,461x490,recorded,26,1,9945.732,0.484,0.825,11.519,1,1,3.312,0.0,23,7,800,7,5036
13,cand,461x490,recorded,27,1,10095.748,0.485,0.821,6.631,1,1,3.365,0.004,23,7,800,7,5293
13,cand,461x490,recorded,28,1,10245.585,0.531,0.994,9.312,1,1,3.579,0.0,23,7,800,7,5294
13,cand,461x490,recorded,29,1,10395.487,0.514,0.778,11.719,1,1,3.532,0.005,22,7,800,7,5300
13,cand,461x490,recorded,30,-1,10545.093,0.515,0.808,5.884,1,1,3.353,0.0,23,7,5210,7,5300
13,cand,461x490,recorded,31,-1,10695.741,0.632,0.917,8.328,1,1,3.34,0.006,23,7,5211,7,5300
13,cand,461x490,recorded,32,-1,10845.77,0.458,0.943,10.457,1,1,3.676,0.0,22,7,800,7,5099
13,cand,461x490,recorded,33,-1,10995.156,0.537,0.842,5.65,1,1,3.308,0.0,23,7,800,7,5300
13,cand,461x490,recorded,34,-1,11145.089,0.503,0.796,7.959,1,1,3.371,0.0,23,7,800,7,5300
13,cand,461x490,recorded,35,-1,11295.489,0.489,0.825,9.713,1,1,3.359,0.003,22,7,800,7,5300
13,cand,461x490,recorded,36,-1,11445.377,0.419,0.776,12.856,1,1,3.493,0.0,23,7,800,7,5300
13,cand,461x490,recorded,37,-1,11595.727,0.487,0.876,6.763,1,1,3.294,0.043,23,6,5300,7,5298
13,cand,461x490,recorded,38,-1,11745.106,0.523,0.854,9.679,1,1,3.457,0.0,22,6,5266,6,5300
13,cand,461x490,recorded,39,-1,11895.739,0.502,0.829,12.022,1,1,4.262,0.003,23,6,800,6,5075
13,cand,461x490,recorded,40,-1,12045.727,0.551,0.851,7.108,1,1,3.446,0.006,23,4,800,6,5300
13,cand,461x490,recorded,41,-1,12195.734,0.498,0.793,8.955,1,1,3.298,0.0,23,4,800,4,5288
13,cand,461x490,recorded,42,-1,12345.144,0.476,0.778,12.028,1,1,3.398,0.003,22,6,5316,6,5220
13,cand,461x490,recorded,43,-1,12495.617,0.541,0.848,5.693,2,2,6.166,0.009,25,4,800,6,5270
13,cand,461x490,recorded,44,-1,12645.697,0.542,0.911,7.412,1,1,3.482,0.0,23,4,800,4,5300
13,cand,461x490,recorded,45,-1,12795.144,0.676,1.078,11.062,1,1,3.63,0.003,22,4,5067,4,5300
13,cand,461x490,recorded,46,-1,12945.731,0.503,0.842,12.034,1,1,3.258,0.002,23,4,800,4,5300
13,cand,461x490,recorded,47,-1,13095.771,0.486,0.788,6.744,1,1,3.14,0.006,23,4,5266,4,5300
13,cand,461x490,recorded,48,-1,13245.114,0.497,0.787,9.972,1,1,3.082,0.003,23,4,800,4,5226
13,cand,461x490,recorded,49,-1,13395.756,0.654,0.965,12.214,1,1,3.543,0.003,22,4,800,4,5302
13,cand,461x490,recorded,50,-1,13545.775,0.494,0.792,7.087,1,1,3.382,0.005,23,4,5308,4,5300
13,cand,461x490,recorded,51,-1,13695.741,0.526,0.827,9.123,1,1,3.338,0.002,23,4,5101,4,5300
13,cand,461x490,recorded,52,-1,13845.436,0.455,0.801,11.733,1,1,3.684,0.006,22,6,800,4,5100
13,cand,461x490,recorded,53,-1,13995.097,0.518,0.806,6.505,1,1,3.296,0.004,23,6,5315,6,5300
13,cand,461x490,recorded,54,-1,14145.221,0.49,0.799,9.095,2,2,5.967,0.014,24,6,5298,6,5300
13,cand,461x490,recorded,55,-1,14295.064,0.559,0.883,11.395,1,1,3.244,0.0,22,6,800,6,5302
13,cand,461x490,recorded,56,-1,14445.18,0.517,0.836,6.041,1,1,3.687,0.0,22,6,800,6,5085
13,cand,461x490,recorded,57,-1,14595.738,0.496,0.868,7.429,1,1,3.386,0.002,23,4,5308,6,5300
13,cand,461x490,recorded,58,-1,14745.096,0.523,0.828,11.214,1,1,3.563,0.0,22,4,800,4,5278
13,cand,461x490,recorded,59,-1,14895.732,0.49,0.834,12.141,1,1,3.012,0.003,23,4,5292,4,5293
13,cand,461x490,recorded,60,1,15045.699,0.486,0.797,7.019,1,1,3.484,0.003,23,4,800,4,5300
13,cand,461x490,recorded,61,1,15195.54,0.516,0.744,9.67,1,1,3.349,0.0,22,4,800,4,5300
13,cand,461x490,recorded,62,1,15345.811,0.588,0.959,11.546,1,1,3.501,0.006,22,6,5031,6,5285
13,cand,461x490,recorded,63,1,15495.743,0.558,0.866,6.797,1,1,3.452,0.007,23,6,5235,6,5267
13,cand,461x490,recorded,64,1,15645.769,0.462,0.914,9.042,1,1,3.477,0.0,23,6,5030,6,5300
13,cand,461x490,recorded,65,1,15795.633,0.579,1.112,11.286,1,1,3.652,0.0,22,6,800,6,5295
13,cand,461x490,recorded,66,1,15945.741,0.534,0.868,5.689,1,1,3.534,0.004,23,6,800,6,5270
13,cand,461x490,recorded,67,1,16095.733,0.524,0.838,8.441,1,1,3.433,0.006,22,6,5295,6,5300
13,cand,461x490,recorded,68,1,16244.968,0.488,0.845,11.302,1,1,3.368,0.003,22,6,800,6,5298
13,cand,461x490,recorded,69,1,16395.75,0.512,0.916,12.736,1,1,3.466,0.005,23,6,800,6,5290
13,cand,461x490,recorded,70,1,16545.732,0.532,0.853,7.539,1,1,3.158,0.005,23,6,5231,6,5300
13,cand,461x490,recorded,71,1,16695.572,0.505,0.854,10.027,1,1,3.436,0.0,23,6,800,6,5290
13,cand,461x490,recorded,72,1,16845.686,0.427,0.788,11.365,1,1,3.615,0.0,22,6,4996,6,5100
13,cand,461x490,recorded,73,1,16995.732,0.495,0.82,6.504,2,2,5.852,0.007,25,6,800,6,5300
13,cand,461x490,recorded,74,1,17145.694,0.49,0.913,8.597,1,1,3.347,0.002,23,6,800,6,5300
13,cand,461x490,recorded,75,1,17295.164,0.53,0.883,13.907,1,1,3.353,0.0,22,6,5313,6,5145
13,cand,461x490,recorded,76,1,17445.752,0.491,0.908,6.138,1,1,3.688,0.0,23,6,800,6,5300
13,cand,461x490,recorded,77,1,17595.735,0.491,0.81,8.301,1,1,3.477,0.007,23,6,5291,6,5300
13,cand,461x490,recorded,78,1,17745.264,0.523,0.879,11.563,1,1,3.493,0.0,22,6,800,6,5316
13,cand,461x490,recorded,79,1,17895.09,0.498,0.815,6.021,1,1,3.128,0.002,23,6,800,6,5300
13,cand,461x490,recorded,80,1,18044.973,0.533,0.831,7.348,1,1,3.132,0.0,23,6,800,6,5300
13,cand,461x490,recorded,81,1,18195.194,0.524,0.841,10.924,1,1,3.237,0.0,22,6,800,6,5159
13,cand,461x490,recorded,82,1,18345.522,0.515,0.845,11.722,1,1,3.551,0.003,23,6,5264,6,5281
13,cand,461x490,recorded,83,1,18495.734,0.506,0.824,6.345,1,1,3.129,0.002,23,6,5191,6,5300
13,cand,461x490,recorded,84,1,18645.742,0.473,0.902,8.902,2,2,6.084,0.006,24,6,800,6,5300
13,cand,461x490,recorded,85,1,18795.687,0.492,0.816,11.508,1,1,3.141,0.0,23,6,5297,6,5298
13,cand,461x490,recorded,86,1,18945.093,0.427,0.811,7.011,1,1,3.229,0.002,23,6,800,6,5300
13,cand,461x490,recorded,87,1,19095.093,0.494,0.797,9.489,1,1,3.439,0.0,23,6,800,6,5300
13,cand,461x490,recorded,88,1,19245.308,0.534,0.846,10.696,1,1,3.312,0.0,22,6,800,6,5300
13,cand,461x490,recorded,89,1,19395.749,0.511,0.822,5.287,1,1,3.594,0.008,23,6,800,6,5300
13,cand,461x490,recorded,90,-1,19545.735,0.494,0.837,8.317,1,1,3.29,0.003,23,6,800,6,5300
13,cand,461x490,recorded,91,-1,19695.086,0.504,0.814,11.269,1,1,3.239,0.008,22,6,800,6,5291
13,cand,461x490,recorded,92,-1,19845.666,0.463,0.835,12.424,1,1,3.686,0.004,23,6,800,6,5100
13,cand,461x490,recorded,93,-1,19995.747,0.497,0.919,6.853,1,1,3.368,0.002,23,6,800,6,5300
13,cand,461x490,recorded,94,-1,20145.581,0.616,0.925,9.559,1,1,3.381,0.005,22,6,5301,6,5300
13,cand,461x490,recorded,95,-1,20295.732,0.506,0.792,11.796,1,1,3.389,0.0,23,6,800,6,5300
13,cand,461x490,recorded,96,-1,20445.753,0.638,0.895,6.454,1,1,3.315,0.003,23,6,800,6,5300
13,cand,461x490,recorded,97,-1,20595.09,0.501,0.804,10.037,1,1,3.375,0.004,23,6,5168,6,5300
13,cand,461x490,recorded,98,-1,20745.467,0.508,0.851,11.79,1,1,3.677,0.005,22,6,800,6,5300
13,cand,461x490,recorded,99,-1,20895.825,0.541,0.893,6.354,1,1,3.722,0.0,23,6,5167,6,5300
13,cand,461x490,recorded,100,-1,21045.089,0.529,0.839,9.768,1,1,3.509,0.003,23,6,5306,6,5284
13,cand,461x490,recorded,101,-1,21195.163,0.495,0.789,12.498,1,1,3.151,0.002,22,6,800,6,5300
13,cand,461x490,recorded,102,-1,21345.727,0.487,0.845,4.926,1,1,3.356,0.003,22,6,5262,6,5300
13,cand,461x490,recorded,103,-1,21495.178,0.514,0.802,7.889,2,2,7.0,0.002,25,4,800,6,5300
13,cand,461x490,recorded,104,-1,21645.043,0.533,0.887,11.158,1,1,3.504,0.0,22,4,800,4,5300
13,cand,461x490,recorded,105,-1,21795.73,0.462,0.864,12.481,1,1,3.332,0.003,23,4,5155,4,5300
13,cand,461x490,recorded,106,-1,21945.774,0.52,0.867,7.497,1,1,3.361,0.003,23,4,800,4,5300
13,cand,461x490,recorded,107,-1,22095.673,0.493,0.81,9.308,1,1,3.066,0.002,23,4,800,4,5300
13,cand,461x490,recorded,108,-1,22245.734,0.454,0.859,11.24,1,1,3.247,0.002,22,4,800,4,5300
13,cand,461x490,recorded,109,-1,22395.741,0.476,0.875,7.304,1,1,3.71,0.002,23,4,800,4,5300
13,cand,461x490,recorded,110,-1,22545.084,0.653,0.904,9.771,1,1,3.564,0.0,23,4,800,4,5300
13,cand,461x490,recorded,111,-1,22695.094,0.479,0.849,12.194,1,1,3.514,0.0,22,4,5202,4,5278
13,cand,461x490,recorded,112,-1,22845.702,0.469,0.8,5.864,1,1,3.625,0.0,23,4,800,4,5100
13,cand,461x490,recorded,113,-1,22995.083,0.55,0.802,8.952,1,1,3.301,0.003,23,4,800,4,5300
13,cand,461x490,recorded,114,-1,23145.316,0.524,0.841,10.872,2,2,6.174,0.0,24,4,800,4,5300
13,cand,461x490,recorded,115,-1,23295.684,0.521,0.962,12.534,1,1,3.074,0.052,23,1,800,4,5300
13,cand,461x490,recorded,116,-1,23445.808,0.541,0.904,7.73,1,1,3.37,0.005,23,6,800,6,5234
13,cand,461x490,recorded,117,-1,23595.735,0.511,0.839,9.394,1,1,3.434,0.002,23,6,800,6,5268
13,cand,461x490,recorded,118,-1,23745.754,0.462,0.964,12.12,1,1,3.506,0.002,22,6,800,6,5295
13,cand,461x490,recorded,119,-1,23895.731,0.515,0.925,6.44,1,1,3.338,0.006,23,6,800,6,5300
13,cand,461x490,idle-after,0,0,24068.897,0.0,,,0,0,0.556,0.003,21,6,5247,,
13,cand,461x490,idle-after,1,0,24218.453,0.0,,,0,0,0.306,0.772,21,6,800,,
13,cand,461x490,idle-after,2,0,24368.957,0.0,,,0,0,0.354,0.0,20,6,800,,
13,cand,461x490,idle-after,3,0,24519.019,0.0,,,0,0,0.249,0.0,21,6,800,,
13,cand,461x490,idle-after,4,0,24669.017,0.0,,,0,0,0.306,0.0,21,6,800,,
13,cand,461x490,idle-after,5,0,24819.017,0.0,,,0,0,0.253,0.003,20,6,800,,
13,cand,461x490,idle-after,6,0,24969.027,0.0,,,0,0,0.331,0.0,21,6,800,,
13,cand,461x490,idle-after,7,0,25119.018,0.0,,,0,0,0.293,0.0,21,6,800,,
13,cand,461x490,idle-after,8,0,25268.393,0.0,,,0,0,0.316,0.0,20,6,800,,
13,cand,461x490,idle-after,9,0,25419.098,0.0,,,0,0,0.284,0.0,21,6,800,,
13,cand,461x490,idle-after,10,0,25569.014,0.0,,,0,0,0.314,0.009,21,6,800,,
13,cand,461x490,idle-after,11,0,25718.507,0.0,,,0,0,0.269,0.0,20,7,800,,
13,cand,461x490,idle-after,12,0,25868.978,0.0,,,0,0,0.289,0.0,21,7,800,,
13,cand,461x490,idle-after,13,0,26019.015,0.0,,,0,0,0.272,0.0,21,6,5233,,
13,cand,461x490,idle-after,14,0,26168.785,0.0,,,0,0,0.325,0.0,20,6,800,,
13,cand,461x490,idle-after,15,0,26319.017,0.0,,,0,0,0.251,0.0,21,6,800,,
13,cand,461x490,idle-after,16,0,26469.023,0.0,,,0,0,0.305,0.0,21,6,800,,
13,cand,461x490,idle-after,17,0,26619.013,0.0,,,0,0,0.33,0.0,21,6,800,,
13,cand,461x490,idle-after,18,0,26768.735,0.0,,,0,0,0.271,0.0,20,6,800,,
13,cand,461x490,idle-after,19,0,26918.441,0.0,,,0,0,0.309,0.004,21,6,800,,
14,cand,461x490,warmup,0,1,0.0,0.418,0.795,,0,0,0.385,0.0,22,6,800,,
14,cand,461x490,warmup,1,1,149.539,0.522,0.807,7.45,1,1,3.686,0.002,23,6,800,6,5300
14,cand,461x490,warmup,2,1,300.204,0.448,0.805,8.847,1,1,3.323,0.0,23,6,800,6,5300
14,cand,461x490,warmup,3,1,449.619,0.484,0.792,12.097,1,1,3.401,0.006,22,6,800,6,5303
14,cand,461x490,warmup,4,1,600.172,0.647,0.903,6.04,1,1,3.359,0.0,23,6,800,6,5300
14,cand,461x490,warmup,5,1,750.211,0.453,0.854,8.261,1,1,3.437,0.0,23,6,800,6,5300
14,cand,461x490,warmup,6,1,899.543,0.483,0.781,10.839,1,1,3.079,0.0,22,6,800,6,5300
14,cand,461x490,warmup,7,1,1050.198,0.456,0.76,5.268,1,1,3.188,0.002,22,6,5240,6,5300
14,cand,461x490,warmup,8,1,1200.239,0.469,0.828,7.737,1,1,3.529,0.005,23,6,800,6,5300
14,cand,461x490,warmup,9,1,1350.203,0.516,0.812,9.655,1,1,3.363,0.003,22,6,800,6,5300
14,cand,461x490,warmup,10,-1,1500.199,0.615,0.899,12.258,1,1,3.333,0.003,23,6,5299,6,5299
14,cand,461x490,warmup,11,-1,1649.902,0.509,0.817,6.86,1,1,3.32,0.004,23,6,800,6,5300
14,cand,461x490,warmup,12,-1,1800.201,0.545,0.853,9.02,1,1,3.144,0.002,22,6,5300,6,5300
14,cand,461x490,warmup,13,-1,1949.748,0.493,0.737,11.468,1,1,3.092,0.005,23,6,5214,6,5300
14,cand,461x490,warmup,14,-1,2100.171,0.538,1.069,6.502,2,2,6.822,0.006,25,6,800,6,5100
14,cand,461x490,warmup,15,-1,2250.186,0.542,0.866,8.365,1,1,3.139,0.006,23,6,5299,6,5299
14,cand,461x490,warmup,16,-1,2399.881,0.52,0.828,11.502,1,1,3.461,0.007,22,7,5275,6,5192
14,cand,461x490,warmup,17,-1,2550.244,0.515,0.872,5.577,1,1,3.677,0.004,23,7,800,7,5300
14,cand,461x490,warmup,18,-1,2700.158,0.427,0.944,8.053,1,1,3.685,0.002,22,7,800,7,5100
14,cand,461x490,warmup,19,-1,2849.92,0.506,0.85,10.464,1,1,3.318,0.006,22,6,5308,7,5298
14,cand,461x490,idle-before,0,0,3022.754,0.0,,,0,0,0.294,0.0,20,6,800,,
14,cand,461x490,idle-before,1,0,3173.481,0.0,,,0,0,0.38,0.003,21,6,800,,
14,cand,461x490,idle-before,2,0,3323.488,0.0,,,0,0,0.307,0.003,21,6,800,,
14,cand,461x490,idle-before,3,0,3472.82,0.0,,,0,0,0.233,0.0,20,6,800,,
14,cand,461x490,idle-before,4,0,3623.489,0.0,,,0,0,0.279,0.003,21,6,5064,,
14,cand,461x490,idle-before,5,0,3773.426,0.0,,,0,0,0.273,0.003,21,6,800,,
14,cand,461x490,idle-before,6,0,3923.472,0.0,,,0,0,0.236,0.0,20,6,800,,
14,cand,461x490,idle-before,7,0,4073.058,0.0,,41.266,1,1,3.319,0.003,22,6,5250,,
14,cand,461x490,idle-before,8,0,4222.815,0.0,,,0,0,0.283,0.0,21,6,800,,
14,cand,461x490,idle-before,9,0,4373.472,0.0,,,0,0,0.303,0.0,21,6,5234,,
14,cand,461x490,idle-before,10,0,4522.943,0.0,,,0,0,0.233,0.0,20,6,800,,
14,cand,461x490,idle-before,11,0,4673.276,0.0,,42.447,1,1,3.516,0.002,23,7,800,,
14,cand,461x490,idle-before,12,0,4823.452,0.0,,,0,0,0.302,0.0,21,7,5256,,
14,cand,461x490,idle-before,13,0,4972.934,0.0,,,0,0,0.24,0.003,20,7,800,,
14,cand,461x490,idle-before,14,0,5123.471,0.0,,,0,0,0.271,0.0,21,7,800,,
14,cand,461x490,idle-before,15,0,5273.051,0.0,,,0,0,0.268,0.0,21,7,800,,
14,cand,461x490,idle-before,16,0,5422.819,0.0,,,0,0,0.242,0.0,20,7,800,,
14,cand,461x490,idle-before,17,0,5573.081,0.0,,,0,0,0.254,0.0,21,7,800,,
14,cand,461x490,idle-before,18,0,5723.103,0.0,,,0,0,0.276,0.002,21,7,5285,,
14,cand,461x490,idle-before,19,0,5873.194,0.0,,,0,0,0.259,0.0,20,7,800,,
14,cand,461x490,recorded,0,1,6046.554,0.459,0.867,10.895,1,1,3.712,0.01,23,7,800,7,5300
14,cand,461x490,recorded,1,1,6197.19,0.466,0.812,12.162,1,1,3.464,0.0,22,7,800,7,5300
14,cand,461x490,recorded,2,1,6346.623,0.449,0.778,6.964,1,1,3.359,0.004,23,7,800,7,5300
14,cand,461x490,recorded,3,1,6496.863,0.456,0.742,9.56,1,1,3.266,0.006,23,6,5288,6,5300
14,cand,461x490,recorded,4,1,6647.202,0.414,0.873,11.65,1,1,3.169,0.0,22,6,800,6,5296
14,cand,461x490,recorded,5,1,6797.358,0.448,0.775,5.702,1,1,3.026,0.007,23,6,800,6,5300
14,cand,461x490,recorded,6,1,6947.34,0.531,0.838,8.035,1,1,3.386,0.003,23,6,800,6,5287
14,cand,461x490,recorded,7,1,7096.813,0.443,0.773,11.492,1,1,3.414,0.003,22,6,800,6,5264
14,cand,461x490,recorded,8,1,7246.715,0.464,0.748,5.593,1,1,3.618,0.003,23,6,800,6,5286
14,cand,461x490,recorded,9,1,7397.283,0.497,0.921,7.31,1,1,3.072,0.0,23,6,800,6,5300
14,cand,461x490,recorded,10,1,7547.332,0.466,0.81,9.77,1,1,3.472,0.0,22,6,800,6,5287
14,cand,461x490,recorded,11,1,7697.193,0.474,0.863,12.73,1,1,3.305,0.023,23,6,5129,6,5315
14,cand,461x490,recorded,12,1,7846.704,0.447,0.778,6.781,1,1,3.17,0.016,23,6,5305,6,5221
14,cand,461x490,recorded,13,1,7997.33,0.464,0.845,8.735,2,2,6.106,0.008,24,7,800,6,5299
14,cand,461x490,recorded,14,1,8146.719,0.358,0.828,12.696,1,1,3.528,0.003,23,7,800,7,5228
14,cand,461x490,recorded,15,1,8296.782,0.465,0.742,6.537,1,1,3.458,0.004,23,7,800,7,5277
14,cand,461x490,recorded,16,1,8446.718,0.427,0.835,8.646,1,1,3.586,0.002,23,7,5107,7,5300
14,cand,461x490,recorded,17,1,8597.284,0.4,0.797,10.356,1,1,3.494,0.0,22,7,800,7,5099
14,cand,461x490,recorded,18,1,8747.289,0.533,0.952,5.506,1,1,3.212,0.0,23,7,800,7,5300
14,cand,461x490,recorded,19,1,8896.674,0.444,0.774,8.454,1,1,3.115,0.009,23,7,800,7,5300
14,cand,461x490,recorded,20,1,9047.139,0.443,0.772,10.493,1,1,3.255,0.0,22,7,5286,7,5216
14,cand,461x490,recorded,21,1,9196.794,0.437,0.73,5.267,1,1,3.32,0.002,23,7,800,7,5300
14,cand,461x490,recorded,22,1,9346.908,0.439,0.75,7.205,1,1,3.446,0.044,23,7,800,7,5211
14,cand,461x490,recorded,23,1,9497.338,0.465,0.813,10.249,1,1,3.355,0.004,23,7,5080,7,5275
14,cand,461x490,recorded,24,1,9647.306,0.637,0.922,12.147,2,2,6.264,0.0,24,7,800,7,5280
14,cand,461x490,recorded,25,1,9797.001,0.452,0.769,6.582,1,1,3.029,0.043,23,7,5304,7,5300
14,cand,461x490,recorded,26,1,9947.312,0.43,0.781,9.135,1,1,3.383,0.006,23,7,800,7,5271
14,cand,461x490,recorded,27,1,10097.252,0.43,0.789,11.767,1,1,3.225,0.003,22,7,800,7,5100
14,cand,461x490,recorded,28,1,10247.355,0.475,0.826,5.522,1,1,3.629,0.0,23,7,800,7,5300
14,cand,461x490,recorded,29,1,10396.805,0.388,0.903,8.093,1,1,3.093,0.0,23,7,5301,7,5300
14,cand,461x490,recorded,30,-1,10546.712,0.459,0.792,11.134,1,1,3.509,0.002,22,7,800,7,5320
14,cand,461x490,recorded,31,-1,10696.669,0.384,0.843,5.58,1,1,3.311,0.0,23,7,800,7,5300
14,cand,461x490,recorded,32,-1,10847.203,0.326,0.768,6.866,1,1,3.185,0.005,23,7,5290,7,5300
14,cand,461x490,recorded,33,-1,10997.302,0.487,0.814,10.099,1,1,3.089,0.004,22,7,800,7,5277
14,cand,461x490,recorded,34,-1,11147.157,0.537,0.859,13.12,1,1,3.471,0.003,23,7,800,7,5178
14,cand,461x490,recorded,35,-1,11296.666,0.469,0.806,7.594,1,1,3.327,0.003,23,7,5279,7,5286
14,cand,461x490,recorded,36,-1,11447.321,0.468,0.82,8.614,1,1,3.356,0.002,23,7,800,7,5300
14,cand,461x490,recorded,37,-1,11597.213,0.359,0.774,12.069,1,1,3.581,0.0,22,7,800,7,5100
14,cand,461x490,recorded,38,-1,11747.318,0.458,0.878,6.088,1,1,4.225,0.003,23,7,5280,7,5161
14,cand,461x490,recorded,39,-1,11897.405,0.5,0.798,7.894,1,1,3.318,0.005,23,7,800,7,5300
14,cand,461x490,recorded,40,-1,12046.937,0.447,0.778,11.345,1,1,3.27,0.0,22,7,800,7,5280
14,cand,461x490,recorded,41,-1,12197.292,0.412,0.8,5.465,1,1,3.473,0.002,23,7,800,7,5300
14,cand,461x490,recorded,42,-1,12347.346,0.468,0.776,7.232,1,1,3.394,0.002,23,7,800,7,5300
14,cand,461x490,recorded,43,-1,12497.088,0.461,0.836,11.198,2,2,6.663,0.002,24,7,800,7,5290
14,cand,461x490,recorded,44,-1,12647.102,0.374,0.962,13.321,1,1,3.589,0.0,23,7,5100,7,5303
14,cand,461x490,recorded,45,-1,12796.814,0.463,0.756,7.193,1,1,3.356,0.0,23,7,800,7,5300
14,cand,461x490,recorded,46,-1,12947.322,0.436,0.792,10.097,1,1,3.254,0.003,22,7,800,7,5280
14,cand,461x490,recorded,47,-1,13097.324,0.451,0.81,11.521,1,1,3.233,0.002,23,6,800,7,5300
14,cand,461x490,recorded,48,-1,13247.178,0.468,0.804,6.834,1,1,3.522,0.0,23,6,800,6,5300
14,cand,461x490,recorded,49,-1,13397.329,0.388,0.855,9.651,1,1,3.432,0.008,23,6,800,6,5300
14,cand,461x490,recorded,50,-1,13547.273,0.468,1.017,12.194,1,1,3.415,0.003,22,6,800,6,5263
14,cand,461x490,recorded,51,-1,13697.318,0.444,0.836,6.043,1,1,3.333,0.002,23,6,800,6,5300
14,cand,461x490,recorded,52,-1,13847.34,0.527,0.825,7.762,1,1,3.33,0.003,23,6,5273,6,5287
14,cand,461x490,recorded,53,-1,13997.021,0.529,0.843,10.683,1,1,3.032,0.006,22,6,800,6,5300
14,cand,461x490,recorded,54,-1,14147.318,0.46,0.748,5.099,2,2,6.173,0.0,24,7,800,6,5300
14,cand,461x490,recorded,55,-1,14297.071,0.398,0.863,8.487,1,1,3.189,0.005,23,7,5221,7,5277
14,cand,461x490,recorded,56,-1,14447.331,0.497,0.859,9.495,1,1,3.4,0.002,22,7,800,7,5287
14,cand,461x490,recorded,57,-1,14597.297,0.398,0.834,12.872,1,1,3.614,0.0,23,7,800,7,5105
14,cand,461x490,recorded,58,-1,14747.082,0.322,0.811,7.361,1,1,3.433,0.0,23,7,800,7,5297
14,cand,461x490,recorded,59,-1,14897.323,0.452,0.749,8.971,1,1,3.329,0.009,23,7,5312,7,5282
14,cand,461x490,recorded,60,1,15047.196,0.488,0.869,11.835,1,1,3.49,0.004,22,7,800,7,5189
14,cand,461x490,recorded,61,1,15197.332,0.48,0.798,6.585,1,1,3.524,0.0,23,7,800,7,5216
14,cand,461x490,recorded,62,1,15347.341,0.444,0.766,7.763,1,1,3.265,0.005,23,7,5137,7,5300
14,cand,461x490,recorded,63,1,15497.058,0.462,0.828,11.513,1,1,3.386,0.003,22,7,800,7,5304
14,cand,461x490,recorded,64,1,15646.961,0.448,0.727,6.518,1,1,3.028,0.003,23,7,800,7,5045
14,cand,461x490,recorded,65,1,15797.301,0.488,0.786,8.159,1,1,3.237,0.0,23,7,800,7,5264
14,cand,461x490,recorded,66,1,15947.01,0.447,0.783,11.135,1,1,3.197,0.002,22,6,800,7,5316
14,cand,461x490,recorded,67,1,16097.251,0.473,1.02,13.119,1,1,3.751,0.01,23,6,800,6,5000
14,cand,461x490,recorded,68,1,16246.685,0.469,0.815,8.289,1,1,3.515,0.0,22,6,800,6,5300
14,cand,461x490,recorded,69,1,16396.75,0.45,0.776,10.695,1,1,3.049,0.0,22,6,800,6,5300
14,cand,461x490,recorded,70,1,16547.326,0.532,0.853,12.278,1,1,3.156,0.0,23,6,5214,6,5262
14,cand,461x490,recorded,71,1,16697.279,0.399,0.781,7.125,1,1,3.071,0.005,23,6,800,6,5300
14,cand,461x490,recorded,72,1,16847.328,0.48,0.761,9.402,1,1,3.152,0.0,22,6,5309,6,5259
14,cand,461x490,recorded,73,1,16996.664,0.435,0.732,11.94,2,2,6.111,0.0,24,6,5276,6,5300
14,cand,461x490,recorded,74,1,17146.696,0.446,0.749,6.266,1,1,3.413,0.0,23,6,800,6,5300
14,cand,461x490,recorded,75,1,17297.381,0.463,0.771,7.798,1,1,3.59,0.005,23,6,800,6,5298
14,cand,461x490,recorded,76,1,17446.739,0.479,0.819,11.499,1,1,3.413,0.0,22,6,5255,6,5300
14,cand,461x490,recorded,77,1,17597.274,0.395,0.764,5.647,1,1,3.452,0.0,23,6,800,6,5100
14,cand,461x490,recorded,78,1,17746.947,0.476,0.853,8.677,1,1,3.246,0.003,23,6,800,6,5300
14,cand,461x490,recorded,79,1,17896.729,0.455,0.775,10.607,1,1,3.1,0.002,22,6,5185,6,5300
14,cand,461x490,recorded,80,1,18047.318,0.485,0.75,11.911,1,1,3.08,0.0,23,6,800,6,5300
14,cand,461x490,recorded,81,1,18197.105,0.337,0.82,7.249,1,1,3.434,0.0,23,6,800,6,5300
14,cand,461x490,recorded,82,1,18347.321,0.445,0.748,9.756,1,1,3.092,0.0,22,6,5131,6,5300
14,cand,461x490,recorded,83,1,18496.716,0.377,0.817,12.703,1,1,3.354,0.0,23,6,800,6,5258
14,cand,461x490,recorded,84,1,18647.326,0.479,0.822,6.57,2,2,6.12,0.006,25,7,800,6,5300
14,cand,461x490,recorded,85,1,18797.292,0.398,0.765,7.701,1,1,3.075,0.01,23,7,5300,7,5287
14,cand,461x490,recorded,86,1,18947.059,0.434,0.743,11.433,1,1,3.008,0.0,22,7,800,7,5275
14,cand,461x490,recorded,87,1,19097.312,0.475,0.741,4.887,1,1,3.061,0.041,23,3,5136,7,5300
14,cand,461x490,recorded,88,1,19246.919,0.466,0.784,8.34,1,1,3.344,0.0,23,3,800,3,5300
14,cand,461x490,recorded,89,1,19397.138,0.321,0.785,10.826,1,1,3.068,0.0,22,3,800,3,5300
14,cand,461x490,recorded,90,-1,19546.791,0.476,0.799,6.013,1,1,3.514,0.003,22,3,5165,3,5300
14,cand,461x490,recorded,91,-1,19696.674,0.452,0.745,7.559,1,1,3.348,0.0,23,3,800,3,5284
14,cand,461x490,recorded,92,-1,19846.961,0.443,0.748,10.423,1,1,2.979,0.0,23,3,5293,3,5296
14,cand,461x490,recorded,93,-1,19997.313,0.502,0.789,12.104,1,1,3.014,0.0,22,3,800,3,5290
14,cand,461x490,recorded,94,-1,20147.279,0.452,0.774,6.699,1,1,3.242,0.003,23,3,800,3,5296
14,cand,461x490,recorded,95,-1,20297.336,0.508,0.851,9.455,1,1,3.378,0.0,23,3,800,3,5288
14,cand,461x490,recorded,96,-1,20446.814,0.459,0.776,11.583,1,1,3.172,0.0,22,3,5302,3,5300
14,cand,461x490,recorded,97,-1,20597.318,0.393,0.769,6.497,1,1,3.372,0.002,23,3,800,3,5100
14,cand,461x490,recorded,98,-1,20746.718,0.485,0.834,8.709,1,1,3.331,0.0,23,3,800,3,5300
14,cand,461x490,recorded,99,-1,20896.742,0.451,0.764,11.77,1,1,3.253,0.0,22,3,5155,3,5300
14,cand,461x490,recorded,100,-1,21046.776,0.452,0.834,6.636,1,1,3.232,0.004,23,3,800,3,5300
14,cand,461x490,recorded,101,-1,21197.007,0.462,0.783,8.344,1,1,3.402,0.0,23,3,800,3,5261
14,cand,461x490,recorded,102,-1,21347.32,0.456,0.76,10.038,1,1,3.205,0.0,22,3,5307,3,5278
14,cand,461x490,recorded,103,-1,21497.317,0.499,0.826,13.608,2,2,7.078,0.0,24,6,800,3,5306
14,cand,461x490,recorded,104,-1,21647.141,0.341,0.813,7.62,1,1,3.49,0.0,22,6,800,6,5300
14,cand,461x490,recorded,105,-1,21797.319,0.434,0.745,9.836,1,1,3.212,0.0,22,6,800,6,5300
14,cand,461x490,recorded,106,-1,21947.319,0.45,0.747,11.954,1,1,3.042,0.0,23,6,5306,6,5300
14,cand,461x490,recorded,107,-1,22097.22,0.443,0.743,6.668,1,1,3.226,0.002,23,6,5298,6,5300
14,cand,461x490,recorded,108,-1,22247.363,0.537,0.828,9.325,1,1,3.307,0.003,23,6,800,6,5300
14,cand,461x490,recorded,109,-1,22397.074,0.491,0.812,11.132,1,1,3.215,0.009,22,6,5299,6,5300
14,cand,461x490,recorded,110,-1,22547.325,0.467,0.791,6.145,1,1,3.428,0.0,23,6,5294,6,5300
14,cand,461x490,recorded,111,-1,22696.75,0.483,0.845,9.204,1,1,3.493,0.0,22,6,5245,6,5300
14,cand,461x490,recorded,112,-1,22847.252,0.439,0.785,10.929,1,1,3.26,0.003,22,6,5295,6,5137
14,cand,461x490,recorded,113,-1,22997.317,0.47,0.734,4.542,1,1,3.078,0.033,22,6,800,6,5282
14,cand,461x490,recorded,114,-1,23147.293,0.501,0.831,7.065,2,2,5.958,0.0,25,3,800,6,5300
14,cand,461x490,recorded,115,-1,23297.284,0.491,0.771,9.597,1,1,3.162,0.002,22,3,800,3,5300
14,cand,461x490,recorded,116,-1,23447.327,0.469,0.777,12.062,1,1,3.268,0.0,23,6,5312,3,5299
14,cand,461x490,recorded,117,-1,23597.227,0.436,0.838,7.457,1,1,3.519,0.003,23,6,800,6,5100
14,cand,461x490,recorded,118,-1,23747.339,0.469,0.805,8.95,1,1,3.342,0.0,23,3,1341,6,5300
14,cand,461x490,recorded,119,-1,23897.328,0.422,1.009,11.088,1,1,3.367,0.007,22,3,800,3,5000
14,cand,461x490,idle-after,0,0,24070.713,0.0,,,0,0,0.262,0.0,20,3,800,,
14,cand,461x490,idle-after,1,0,24220.285,0.0,,,0,0,0.337,0.0,21,3,800,,
14,cand,461x490,idle-after,2,0,24370.853,0.0,,,0,0,0.275,0.0,21,3,800,,
14,cand,461x490,idle-after,3,0,24520.325,0.0,,,0,0,0.235,0.002,20,4,800,,
14,cand,461x490,idle-after,4,0,24670.289,0.0,,,0,0,0.268,0.0,21,4,5167,,
14,cand,461x490,idle-after,5,0,24820.67,0.0,,,0,0,0.247,0.0,21,4,800,,
14,cand,461x490,idle-after,6,0,24970.25,0.0,,,0,0,0.235,0.0,20,4,5280,,
14,cand,461x490,idle-after,7,0,25120.835,0.0,,,0,0,0.244,0.0,21,4,800,,
14,cand,461x490,idle-after,8,0,25270.871,0.0,,,0,0,0.271,0.0,21,4,800,,
14,cand,461x490,idle-after,9,0,25420.837,0.0,,,0,0,0.283,0.0,20,4,800,,
14,cand,461x490,idle-after,10,0,25570.832,0.0,,,0,0,0.306,0.01,21,4,5301,,
14,cand,461x490,idle-after,11,0,25720.833,0.0,,,0,0,0.269,0.0,21,4,800,,
14,cand,461x490,idle-after,12,0,25870.769,0.0,,,0,0,0.297,0.0,21,4,800,,
14,cand,461x490,idle-after,13,0,26020.613,0.0,,,0,0,0.245,0.0,20,4,800,,
14,cand,461x490,idle-after,14,0,26170.839,0.0,,,0,0,0.29,0.0,21,4,800,,
14,cand,461x490,idle-after,15,0,26320.856,0.0,,,0,0,0.285,0.0,21,4,800,,
14,cand,461x490,idle-after,16,0,26470.413,0.0,,,0,0,0.236,0.0,20,4,5062,,
14,cand,461x490,idle-after,17,0,26620.161,0.0,,,0,0,0.272,0.0,21,4,5293,,
14,cand,461x490,idle-after,18,0,26770.176,0.0,,,0,0,0.241,0.003,21,4,800,,
14,cand,461x490,idle-after,19,0,26920.714,0.0,,,0,0,0.255,0.0,20,4,5243,,
15,base,461x490,warmup,0,1,0.0,0.424,0.775,,0,0,0.299,0.003,22,7,800,,
15,base,461x490,warmup,1,1,149.541,0.394,0.714,9.25,1,1,3.487,0.003,23,7,5300,7,5300
15,base,461x490,warmup,2,1,299.585,0.566,0.956,11.475,1,1,3.475,0.003,22,7,5287,7,5306
15,base,461x490,warmup,3,1,449.817,0.403,0.764,5.579,1,1,3.433,0.005,23,7,800,7,5300
15,base,461x490,warmup,4,1,599.439,0.461,0.836,8.771,1,1,3.323,0.008,22,0,5043,7,5300
15,base,461x490,warmup,5,1,749.433,0.478,0.867,11.0,1,1,3.283,0.007,22,7,800,0,5296
15,base,461x490,warmup,6,1,900.078,0.519,0.824,12.728,1,1,3.299,0.002,23,7,800,7,5300
15,base,461x490,warmup,7,1,1049.769,0.415,0.784,7.323,1,1,3.482,0.003,23,7,800,7,5300
15,base,461x490,warmup,8,1,1199.89,0.487,0.851,9.684,1,1,3.611,0.004,22,7,800,7,5287
15,base,461x490,warmup,9,1,1350.095,0.502,0.844,11.743,1,1,3.502,0.0,23,7,800,7,5300
15,base,461x490,warmup,10,-1,1499.75,0.465,0.821,7.165,1,1,3.604,0.002,23,7,800,7,5300
15,base,461x490,warmup,11,-1,1649.736,0.467,0.822,8.371,1,1,3.471,0.002,23,7,800,7,5300
15,base,461x490,warmup,12,-1,1800.217,0.495,0.863,11.228,1,1,3.435,0.008,22,7,800,7,5296
15,base,461x490,warmup,13,-1,1950.1,0.488,0.877,5.855,1,1,3.74,0.003,23,7,800,7,5300
15,base,461x490,warmup,14,-1,2100.091,0.471,0.837,7.89,2,2,6.75,0.006,25,7,800,7,5300
15,base,461x490,warmup,15,-1,2249.433,0.48,0.838,11.312,1,1,3.422,0.0,22,7,800,7,5298
15,base,461x490,warmup,16,-1,2400.094,0.469,0.836,12.859,1,1,3.269,0.0,23,7,5296,7,5262
15,base,461x490,warmup,17,-1,2549.429,0.458,0.846,8.648,1,1,3.241,0.003,23,7,800,7,5283
15,base,461x490,warmup,18,-1,2699.771,0.462,0.828,10.016,1,1,3.235,0.0,22,7,800,7,5300
15,base,461x490,warmup,19,-1,2850.09,0.49,0.857,12.184,1,1,3.417,0.0,23,7,800,7,5300
15,base,461x490,idle-before,0,0,3023.046,0.0,,,0,0,0.649,0.0,21,7,800,,
15,base,461x490,idle-before,1,0,3173.164,0.0,,,0,0,0.383,0.0,21,7,5102,,
15,base,461x490,idle-before,2,0,3322.529,0.0,,,0,0,0.302,0.0,20,7,5179,,
15,base,461x490,idle-before,3,0,3473.241,0.0,,,0,0,0.28,0.003,21,7,800,,
15,base,461x490,idle-before,4,0,3622.768,0.0,,,0,0,0.287,0.003,21,7,800,,
15,base,461x490,idle-before,5,0,3773.157,0.0,,,0,0,0.311,0.0,21,7,800,,
15,base,461x490,idle-before,6,0,3923.085,0.0,,,0,0,0.241,0.0,20,7,800,,
15,base,461x490,idle-before,7,0,4073.104,0.0,,43.476,1,1,3.499,0.008,23,0,5300,,
15,base,461x490,idle-before,8,0,4222.792,0.0,,,0,0,0.333,0.003,21,0,5204,,
15,base,461x490,idle-before,9,0,4372.597,0.0,,,0,0,0.314,0.0,20,0,5102,,
15,base,461x490,idle-before,10,0,4523.235,0.0,,,0,0,0.301,0.0,21,0,800,,
15,base,461x490,idle-before,11,0,4672.509,0.0,,45.165,1,1,3.5,0.003,23,0,800,,
15,base,461x490,idle-before,12,0,4822.479,0.0,,,0,0,0.302,0.041,20,4,5238,,
15,base,461x490,idle-before,13,0,4973.225,0.0,,,0,0,0.258,0.0,21,4,800,,
15,base,461x490,idle-before,14,0,5122.761,0.0,,,0,0,0.251,0.0,21,4,800,,
15,base,461x490,idle-before,15,0,5272.909,0.0,,,0,0,0.288,0.002,21,4,5142,,
15,base,461x490,idle-before,16,0,5423.163,0.0,,,0,0,0.278,0.003,20,4,800,,
15,base,461x490,idle-before,17,0,5573.214,0.0,,,0,0,0.243,0.0,21,4,5253,,
15,base,461x490,idle-before,18,0,5722.593,0.0,,,0,0,0.333,0.03,21,4,5271,,
15,base,461x490,idle-before,19,0,5873.177,0.0,,,0,0,0.286,0.0,20,4,800,,
15,base,461x490,recorded,0,1,6045.637,0.358,0.861,5.702,1,1,3.513,0.008,22,4,800,4,5300
15,base,461x490,recorded,1,1,6195.357,0.43,0.741,8.537,1,1,3.258,0.002,22,4,800,4,5300
15,base,461x490,recorded,2,1,6345.748,0.435,0.85,10.127,1,1,3.632,0.0,21,4,5220,4,5100
15,base,461x490,recorded,3,1,6495.732,0.347,0.797,12.227,1,1,3.203,0.033,23,4,800,4,5300
15,base,461x490,recorded,4,1,6646.004,0.408,0.744,6.637,1,1,2.981,0.005,23,4,800,4,5300
15,base,461x490,recorded,5,1,6796.004,0.425,0.762,9.06,1,1,3.092,0.0,23,4,800,4,5300
15,base,461x490,recorded,6,1,6945.953,0.431,0.781,11.497,1,1,3.273,0.031,22,4,800,4,5300
15,base,461x490,recorded,7,1,7095.723,0.413,0.749,6.458,1,1,3.377,0.003,23,4,800,4,5300
15,base,461x490,recorded,8,1,7246.007,0.429,0.779,8.449,1,1,3.362,0.005,23,4,5217,4,5300
15,base,461x490,recorded,9,1,7395.647,0.409,0.761,11.245,1,1,3.474,0.004,22,7,800,4,5300
15,base,461x490,recorded,10,1,7545.681,0.416,0.758,5.656,1,1,3.78,0.004,23,7,800,7,5292
15,base,461x490,recorded,11,1,7695.793,0.409,0.746,8.046,1,1,3.174,0.015,22,7,5000,7,5300
15,base,461x490,recorded,12,1,7845.934,0.479,1.001,9.875,1,1,3.537,0.005,22,7,800,7,5000
15,base,461x490,recorded,13,1,7996.03,0.431,0.872,12.713,2,2,6.307,0.0,24,7,800,7,5300
15,base,461x490,recorded,14,1,8145.961,0.409,0.748,6.858,1,1,3.092,0.003,23,7,800,7,5300
15,base,461x490,recorded,15,1,8295.72,0.475,0.869,9.603,1,1,3.344,0.037,23,7,800,7,5300
15,base,461x490,recorded,16,1,8445.806,0.435,0.78,11.695,1,1,3.31,0.003,22,7,800,7,5300
15,base,461x490,recorded,17,1,8595.997,0.416,0.746,6.721,1,1,3.222,0.002,23,7,5265,7,5300
15,base,461x490,recorded,18,1,8745.347,0.403,0.758,8.945,1,1,3.184,0.002,23,7,800,7,5282
15,base,461x490,recorded,19,1,8895.72,0.435,0.778,11.096,1,1,3.3,0.0,22,7,5223,7,5300
15,base,461x490,recorded,20,1,9045.704,0.413,0.754,6.142,1,1,3.172,0.0,23,7,800,7,5300
15,base,461x490,recorded,21,1,9195.677,0.427,0.78,7.927,1,1,3.599,0.002,23,4,800,7,5300
15,base,461x490,recorded,22,1,9345.813,0.43,0.804,10.871,1,1,3.625,0.005,23,4,800,4,5100
15,base,461x490,recorded,23,1,9495.804,0.432,0.818,13.153,1,1,3.648,0.0,23,4,800,4,5300
15,base,461x490,recorded,24,1,9645.78,0.407,0.762,7.407,2,2,6.162,0.004,25,4,800,4,5278
15,base,461x490,recorded,25,1,9795.972,0.415,0.796,9.762,1,1,3.265,0.0,22,4,800,4,5300
15,base,461x490,recorded,26,1,9945.802,0.366,0.838,12.028,1,1,3.247,0.002,23,4,800,4,5300
15,base,461x490,recorded,27,1,10095.345,0.376,0.692,7.263,1,1,3.294,0.0,23,4,800,4,5300
15,base,461x490,recorded,28,1,10245.773,0.389,0.789,9.36,1,1,3.353,0.032,23,4,5302,4,5231
15,base,461x490,recorded,29,1,10395.782,0.372,0.84,11.214,1,1,3.212,0.0,22,7,800,4,5278
15,base,461x490,recorded,30,-1,10545.997,0.392,0.778,6.001,1,1,3.587,0.005,23,7,800,7,5300
15,base,461x490,recorded,31,-1,10695.924,0.444,0.78,8.807,1,1,3.507,0.002,23,7,800,7,5300
15,base,461x490,recorded,32,-1,10845.42,0.431,0.815,10.804,1,1,3.292,0.002,22,7,5157,7,5300
15,base,461x490,recorded,33,-1,10995.802,0.45,0.809,5.668,1,1,3.615,0.002,23,7,800,7,5300
15,base,461x490,recorded,34,-1,11145.396,0.44,0.834,8.873,1,1,3.527,0.003,23,0,800,7,5300
15,base,461x490,recorded,35,-1,11296.01,0.467,0.825,10.166,1,1,3.621,0.0,22,7,800,7,5302
15,base,461x490,recorded,36,-1,11445.776,0.437,0.824,12.414,1,1,3.11,0.0,23,7,800,7,5309
15,base,461x490,recorded,37,-1,11595.994,0.447,0.8,6.53,1,1,3.885,0.0,23,7,800,7,5197
15,base,461x490,recorded,38,-1,11745.707,0.453,0.829,10.065,1,1,3.392,0.0,22,7,5168,7,5282
15,base,461x490,recorded,39,-1,11895.442,0.519,0.904,12.425,1,1,3.711,0.0,23,7,800,7,5300
15,base,461x490,recorded,40,-1,12045.779,0.453,0.783,6.882,1,1,3.705,0.0,23,7,5304,7,5283
15,base,461x490,recorded,41,-1,12195.627,0.692,1.019,9.299,1,1,3.538,0.0,23,7,800,7,5300
15,base,461x490,recorded,42,-1,12345.545,0.403,0.833,11.465,1,1,3.689,0.003,22,0,5200,7,5100
15,base,461x490,recorded,43,-1,12495.998,0.431,0.787,5.833,2,2,6.415,0.0,25,7,800,7,5300
15,base,461x490,recorded,44,-1,12645.375,0.373,0.833,9.057,1,1,3.605,0.003,23,7,800,7,5300
15,base,461x490,recorded,45,-1,12795.559,0.426,0.837,11.179,1,1,3.349,0.0,22,7,800,7,5300
15,base,461x490,recorded,46,-1,12946.022,0.437,0.792,12.945,1,1,3.435,0.0,22,7,800,7,5267
15,base,461x490,recorded,47,-1,13095.403,0.38,0.795,8.457,1,1,3.212,0.002,23,7,800,7,5300
15,base,461x490,recorded,48,-1,13246.024,0.418,0.787,9.861,1,1,3.447,0.0,22,7,800,7,5300
15,base,461x490,recorded,49,-1,13395.601,0.387,0.781,13.192,1,1,3.813,0.0,23,7,5307,7,5300
15,base,461x490,recorded,50,-1,13545.708,0.424,0.812,7.353,1,1,3.592,0.0,23,7,800,7,5245
15,base,461x490,recorded,51,-1,13696.005,0.439,0.802,8.759,1,1,3.358,0.0,23,7,800,7,5298
15,base,461x490,recorded,52,-1,13845.844,0.382,0.875,11.429,1,1,3.297,0.002,22,7,800,7,5300
15,base,461x490,recorded,53,-1,13995.664,0.462,0.897,6.508,1,1,3.414,0.003,23,7,800,7,5300
15,base,461x490,recorded,54,-1,14146.006,0.432,0.792,8.224,2,2,6.264,0.007,25,7,800,7,5300
15,base,461x490,recorded,55,-1,14295.446,0.458,0.808,10.396,1,1,3.217,0.003,22,7,5078,7,5300
15,base,461x490,recorded,56,-1,14446.037,0.468,0.921,5.743,1,1,3.53,0.0,22,7,800,7,5300
15,base,461x490,recorded,57,-1,14595.85,0.439,0.77,7.414,1,1,3.212,0.0,23,7,800,7,5300
15,base,461x490,recorded,58,-1,14745.76,0.453,0.826,10.662,1,1,3.369,0.0,22,7,800,7,5304
15,base,461x490,recorded,59,-1,14895.626,0.464,0.907,12.458,1,1,3.302,0.0,23,7,800,7,5300
15,base,461x490,recorded,60,1,15045.346,0.489,0.869,7.839,1,1,3.454,0.0,23,7,800,7,5300
15,base,461x490,recorded,61,1,15196.007,0.456,0.798,8.978,1,1,3.359,0.004,22,1,800,7,5300
15,base,461x490,recorded,62,1,15345.463,0.437,0.89,12.291,1,1,3.639,0.0,23,7,800,7,5100
15,base,461x490,recorded,63,1,15496.028,0.45,0.809,6.725,1,1,3.554,0.013,23,1,5002,7,5300
15,base,461x490,recorded,64,1,15645.416,0.451,0.847,9.399,1,1,3.418,0.003,23,1,800,1,5000
15,base,461x490,recorded,65,1,15795.634,0.425,0.776,11.094,1,1,3.097,0.005,22,1,800,1,5300
15,base,461x490,recorded,66,1,15945.485,0.46,0.901,6.198,1,1,3.299,0.0,23,1,800,1,5300
15,base,461x490,recorded,67,1,16095.999,0.429,0.774,7.65,1,1,3.425,0.0,23,1,5295,1,5284
15,base,461x490,recorded,68,1,16245.5,3.088,3.572,10.655,1,1,3.429,0.0,22,1,800,1,5306
15,base,461x490,recorded,69,1,16395.68,0.451,0.79,5.363,1,1,3.264,0.0,23,1,800,1,5300
15,base,461x490,recorded,70,1,16546.004,0.499,0.823,7.177,1,1,3.261,0.013,23,7,5186,1,5300
15,base,461x490,recorded,71,1,16695.773,0.407,0.802,9.827,1,1,3.163,0.0,22,7,800,7,5300
15,base,461x490,recorded,72,1,16846.025,0.43,0.776,11.335,1,1,3.021,0.007,23,1,800,7,5300
15,base,461x490,recorded,73,1,16995.629,0.395,0.849,7.129,2,2,6.019,0.004,26,1,5027,1,5300
15,base,461x490,recorded,74,1,17145.353,0.442,0.776,8.767,1,1,3.032,0.003,23,1,5314,1,5300
15,base,461x490,recorded,75,1,17295.871,0.5,0.9,10.883,1,1,3.329,0.006,22,7,800,1,5300
15,base,461x490,recorded,76,1,17446.008,0.443,0.786,6.168,1,1,3.3,0.0,23,7,5158,7,5300
15,base,461x490,recorded,77,1,17596.003,0.415,0.76,8.524,1,1,3.115,0.003,23,7,800,7,5300
15,base,461x490,recorded,78,1,17745.365,0.416,0.761,11.247,1,1,3.027,0.003,22,7,5227,7,5300
15,base,461x490,recorded,79,1,17895.353,0.422,0.891,7.309,1,1,3.293,0.0,23,7,5166,7,5300
15,base,461x490,recorded,80,1,18045.776,0.411,0.781,7.707,1,1,3.202,0.0,23,7,800,7,5300
15,base,461x490,recorded,81,1,18195.541,0.418,0.796,10.269,1,1,3.232,0.005,22,1,800,7,5300
15,base,461x490,recorded,82,1,18345.719,0.385,0.82,12.528,1,1,3.669,0.002,23,2,800,1,5100
15,base,461x490,recorded,83,1,18495.787,0.44,0.795,7.298,1,1,3.342,0.008,23,2,5310,2,5300
15,base,461x490,recorded,84,1,18645.784,0.476,0.843,8.978,2,2,6.063,0.005,24,2,800,2,5300
15,base,461x490,recorded,85,1,18795.465,0.468,0.803,12.137,1,1,3.05,0.0,23,2,800,2,5299
15,base,461x490,recorded,86,1,18945.384,0.473,0.85,7.289,1,1,3.572,0.002,23,2,800,2,5300
15,base,461x490,recorded,87,1,19095.348,0.454,0.79,9.083,1,1,3.149,0.005,23,2,800,2,5300
15,base,461x490,recorded,88,1,19245.525,0.517,0.879,11.274,1,1,3.178,0.029,22,2,800,2,5300
15,base,461x490,recorded,89,1,19395.595,0.598,1.064,6.409,1,1,3.596,0.0,23,2,800,2,5291
15,base,461x490,recorded,90,-1,19546.004,0.459,0.799,7.901,1,1,3.275,0.0,23,2,5133,2,5300
15,base,461x490,recorded,91,-1,19695.434,0.451,0.783,10.432,1,1,3.072,0.0,22,2,800,2,5300
15,base,461x490,recorded,92,-1,19845.563,0.518,0.919,5.37,1,1,3.113,0.003,23,2,800,2,5300
15,base,461x490,recorded,93,-1,19995.788,0.433,0.775,7.608,1,1,3.291,0.003,23,2,800,2,5300
15,base,461x490,recorded,94,-1,20145.775,0.448,0.786,9.647,1,1,3.098,0.002,22,2,800,2,5300
15,base,461x490,recorded,95,-1,20296.033,0.479,0.844,12.007,1,1,3.416,0.0,23,2,800,2,5314
15,base,461x490,recorded,96,-1,20446.001,0.486,0.838,6.544,1,1,3.209,0.003,23,2,5207,2,5300
15,base,461x490,recorded,97,-1,20595.773,0.461,0.799,9.116,1,1,3.057,0.0,23,2,800,2,5300
15,base,461x490,recorded,98,-1,20745.693,0.513,0.834,11.065,1,1,3.205,0.0,22,2,800,2,5300
15,base,461x490,recorded,99,-1,20895.956,0.538,0.774,6.376,1,1,3.835,0.0,23,2,5294,2,5275
15,base,461x490,recorded,100,-1,21045.964,0.477,0.838,8.543,1,1,3.271,0.004,23,2,800,2,5300
15,base,461x490,recorded,101,-1,21195.357,0.463,0.827,11.48,1,1,3.447,0.012,23,2,800,2,5276
15,base,461x490,recorded,102,-1,21345.954,0.442,0.813,6.934,1,1,4.696,0.0,23,2,800,2,5100
15,base,461x490,recorded,103,-1,21496.012,0.494,0.823,7.462,2,2,5.955,0.002,25,2,800,2,5300
15,base,461x490,recorded,104,-1,21645.771,0.471,0.807,10.254,1,1,3.237,0.003,22,2,800,2,5300
15,base,461x490,recorded,105,-1,21795.472,0.498,0.834,5.262,1,1,3.113,0.005,24,2,800,2,5300
15,base,461x490,recorded,106,-1,21945.799,0.482,0.849,7.673,1,1,3.515,0.0,23,2,800,2,5300
15,base,461x490,recorded,107,-1,22095.773,0.448,0.794,9.446,1,1,3.204,0.0,23,2,800,2,5289
15,base,461x490,recorded,108,-1,22246.078,0.46,0.812,11.834,1,1,3.513,0.009,22,2,5203,2,5300
15,base,461x490,recorded,109,-1,22395.373,0.513,0.925,7.428,1,1,3.588,0.0,23,2,800,2,5300
15,base,461x490,recorded,110,-1,22546.006,0.486,0.815,9.068,1,1,3.507,0.0,23,2,800,2,5300
15,base,461x490,recorded,111,-1,22695.434,0.46,0.942,11.76,1,1,3.407,0.0,22,2,800,2,5233
15,base,461x490,recorded,112,-1,22846.0,0.488,0.815,5.694,1,1,3.144,0.0,23,1,800,2,5300
15,base,461x490,recorded,113,-1,22996.028,0.463,0.854,7.739,1,1,3.269,0.0,23,1,5267,1,5300
15,base,461x490,recorded,114,-1,23145.306,0.456,0.817,11.147,2,2,6.24,0.003,24,1,800,1,5300
15,base,461x490,recorded,115,-1,23295.672,0.543,0.812,5.505,1,1,3.195,0.0,23,1,800,1,5300
15,base,461x490,recorded,116,-1,23445.766,0.449,0.845,7.16,1,1,3.148,0.0,23,1,800,1,5300
15,base,461x490,recorded,117,-1,23595.77,0.454,0.816,9.784,1,1,3.216,0.003,22,1,800,1,5300
15,base,461x490,recorded,118,-1,23745.463,0.461,0.846,12.39,1,1,3.327,0.004,23,1,5234,1,5262
15,base,461x490,recorded,119,-1,23896.008,0.488,0.87,6.424,1,1,3.195,0.0,23,1,800,1,5282
15,base,461x490,idle-after,0,0,24069.426,0.0,,,0,0,0.303,0.0,21,1,800,,
15,base,461x490,idle-after,1,0,24218.934,0.0,,,0,0,0.259,0.0,21,1,5100,,
15,base,461x490,idle-after,2,0,24369.518,0.0,,,0,0,0.279,0.0,20,1,800,,
15,base,461x490,idle-after,3,0,24519.565,0.0,,,0,0,0.259,0.0,21,1,800,,
15,base,461x490,idle-after,4,0,24668.779,0.0,,,0,0,0.261,0.003,21,1,5211,,
15,base,461x490,idle-after,5,0,24818.953,0.0,,,0,0,0.275,0.0,20,1,800,,
15,base,461x490,idle-after,6,0,24969.568,0.0,,,0,0,0.284,0.0,21,1,800,,
15,base,461x490,idle-after,7,0,25119.557,0.0,,,0,0,0.284,0.0,21,1,800,,
15,base,461x490,idle-after,8,0,25269.558,0.0,,,0,0,0.267,0.0,20,1,800,,
15,base,461x490,idle-after,9,0,25419.278,0.0,,,0,0,0.281,0.0,21,1,800,,
15,base,461x490,idle-after,10,0,25569.544,0.0,,,0,0,0.281,0.0,21,1,800,,
15,base,461x490,idle-after,11,0,25718.951,0.0,,,0,0,0.275,0.0,20,1,800,,
15,base,461x490,idle-after,12,0,25869.57,0.0,,,0,0,0.285,0.0,21,1,800,,
15,base,461x490,idle-after,13,0,26019.564,0.0,,,0,0,0.307,0.0,21,1,5278,,
15,base,461x490,idle-after,14,0,26169.536,0.0,,,0,0,0.255,0.0,20,1,800,,
15,base,461x490,idle-after,15,0,26319.076,0.0,,,0,0,0.333,0.002,21,1,5288,,
15,base,461x490,idle-after,16,0,26469.317,0.0,,,0,0,0.276,0.006,21,1,5300,,
15,base,461x490,idle-after,17,0,26619.548,0.0,,,0,0,0.318,0.0,21,1,800,,
15,base,461x490,idle-after,18,0,26769.248,0.0,,,0,0,0.279,0.0,20,1,800,,
15,base,461x490,idle-after,19,0,26919.614,0.0,,,0,0,0.265,0.0,21,1,800,,
16,base,1480x800,warmup,0,1,0.0,0.311,0.862,,0,0,0.367,0.0,22,7,5126,,
16,base,1480x800,warmup,1,1,149.976,0.398,0.814,11.315,1,1,5.203,0.0,22,7,800,7,5301
16,base,1480x800,warmup,2,1,299.698,0.435,0.771,13.824,1,1,5.201,0.003,23,7,800,7,5268
16,base,1480x800,warmup,3,1,450.154,0.419,0.82,8.314,1,1,5.293,0.0,23,7,800,7,5280
16,base,1480x800,warmup,4,1,599.574,0.443,0.805,11.342,1,1,5.134,0.0,23,7,800,7,5310
16,base,1480x800,warmup,5,1,749.926,0.439,0.845,13.435,1,1,5.215,0.0,22,7,800,7,5291
16,base,1480x800,warmup,6,1,899.509,0.459,0.855,8.476,1,1,5.35,0.0,23,2,5243,7,5270
16,base,1480x800,warmup,7,1,1050.207,0.47,0.872,10.247,1,1,5.39,0.006,23,2,5108,2,5300
16,base,1480x800,warmup,8,1,1200.214,0.601,1.028,12.755,1,1,5.561,0.003,22,2,800,2,5113
16,base,1480x800,warmup,9,1,1350.055,0.455,0.9,14.933,1,1,5.281,0.002,23,2,5176,2,5291
16,base,1480x800,warmup,10,-1,1499.929,0.425,0.857,9.476,1,1,5.159,0.0,23,2,800,2,5124
16,base,1480x800,warmup,11,-1,1650.155,0.441,0.889,11.58,1,1,5.192,0.002,22,2,5243,2,5271
16,base,1480x800,warmup,12,-1,1799.692,0.445,0.848,14.582,1,1,5.046,0.0,23,2,5212,2,5318
16,base,1480x800,warmup,13,-1,1949.533,0.453,0.827,9.882,1,1,5.319,0.002,23,2,800,2,5300
16,base,1480x800,warmup,14,-1,2100.165,0.407,0.869,11.259,1,1,5.195,0.004,23,2,800,2,5304
16,base,1480x800,warmup,15,-1,2249.508,0.418,0.813,13.949,1,1,4.972,0.0,22,2,800,2,5006
16,base,1480x800,warmup,16,-1,2400.156,0.391,0.804,8.22,1,1,4.936,0.0,23,2,5304,2,5024
16,base,1480x800,warmup,17,-1,2550.154,0.429,0.816,10.068,1,1,4.803,0.0,23,2,800,2,5296
16,base,1480x800,warmup,18,-1,2700.128,0.457,0.894,12.237,1,1,4.736,0.0,22,2,5229,2,5229
16,base,1480x800,warmup,19,-1,2849.808,0.471,0.882,7.539,1,1,4.751,0.011,22,2,5210,2,5230
16,base,1480x800,idle-before,0,0,3022.832,0.0,,,0,0,0.301,0.004,21,2,800,,
16,base,1480x800,idle-before,1,0,3172.84,0.0,,,0,0,0.252,0.0,21,2,800,,
16,base,1480x800,idle-before,2,0,3322.499,0.0,,,0,0,0.236,0.003,20,2,800,,
16,base,1480x800,idle-before,3,0,3472.327,0.0,,,0,0,0.265,0.0,21,2,5303,,
16,base,1480x800,idle-before,4,0,3622.925,0.0,,,0,0,0.287,0.0,21,2,800,,
16,base,1480x800,idle-before,5,0,3772.952,0.0,,,0,0,0.285,0.0,20,2,800,,
16,base,1480x800,idle-before,6,0,3922.947,0.0,,,0,0,0.262,0.0,21,2,5314,,
16,base,1480x800,idle-before,7,0,4073.006,0.0,,,0,0,0.249,0.003,21,2,800,,
16,base,1480x800,idle-before,8,0,4222.929,0.0,,,0,0,0.238,0.0,21,2,800,,
16,base,1480x800,idle-before,9,0,4372.77,0.0,,,0,0,0.247,0.0,20,2,5194,,
16,base,1480x800,idle-before,10,0,4522.926,0.0,,,0,0,0.273,0.0,21,2,800,,
16,base,1480x800,idle-before,11,0,4672.317,0.0,,,0,0,0.272,0.0,21,2,800,,
16,base,1480x800,idle-before,12,0,4822.365,0.0,,,0,0,0.246,0.0,20,2,5291,,
16,base,1480x800,idle-before,13,0,4972.611,0.0,,,0,0,0.287,0.0,21,2,800,,
16,base,1480x800,idle-before,14,0,5122.535,0.0,,,0,0,0.248,0.002,21,2,5298,,
16,base,1480x800,idle-before,15,0,5272.973,0.0,,,0,0,0.248,0.001,20,2,5252,,
16,base,1480x800,idle-before,16,0,5422.932,0.0,,,0,0,0.238,0.0,21,2,800,,
16,base,1480x800,idle-before,17,0,5572.973,0.0,,,0,0,0.266,0.0,21,2,5301,,
16,base,1480x800,idle-before,18,0,5722.937,0.0,,,0,0,0.255,0.002,20,2,800,,
16,base,1480x800,idle-before,19,0,5872.945,0.0,,,0,0,0.249,0.0,21,2,800,,
16,base,1480x800,recorded,0,1,6045.134,0.383,0.964,8.511,1,1,5.146,0.0,23,2,800,2,5287
16,base,1480x800,recorded,1,1,6194.634,0.466,1.044,11.957,1,1,5.535,0.0,23,2,800,2,5011
16,base,1480x800,recorded,2,1,6344.963,0.371,0.836,14.108,1,1,5.16,0.013,22,2,800,2,5106
16,base,1480x800,recorded,3,1,6495.009,0.434,0.81,8.267,1,1,5.008,0.0,23,2,5290,2,5219
16,base,1480x800,recorded,4,1,6645.255,0.425,0.81,10.256,1,1,4.961,0.0,23,2,800,2,5213
16,base,1480x800,recorded,5,1,6795.194,0.508,0.858,12.474,1,1,5.238,0.003,22,2,800,2,5110
16,base,1480x800,recorded,6,1,6945.355,0.449,0.857,15.076,1,1,5.49,0.003,23,2,800,2,5315
16,base,1480x800,recorded,7,1,7095.191,0.464,0.827,10.147,1,1,5.384,0.0,23,2,800,2,5115
16,base,1480x800,recorded,8,1,7245.257,0.441,0.821,12.199,1,1,5.217,0.0,22,2,5001,2,5306
16,base,1480x800,recorded,9,1,7395.037,0.409,1.058,14.323,1,1,5.587,0.002,23,2,800,2,5000
16,base,1480x800,recorded,10,1,7545.175,0.486,0.823,9.095,1,1,5.144,0.0,23,2,5309,2,5106
16,base,1480x800,recorded,11,1,7694.542,0.465,0.858,11.931,1,1,5.344,0.0,23,2,5300,2,5238
16,base,1480x800,recorded,12,1,7844.639,0.441,0.821,14.117,1,1,4.895,0.0,22,2,5301,2,5316
16,base,1480x800,recorded,13,1,7995.259,0.456,0.831,8.524,1,1,5.275,0.007,23,2,5291,2,5295
16,base,1480x800,recorded,14,1,8145.171,0.387,0.847,11.041,1,1,5.192,0.009,24,2,800,2,5227
16,base,1480x800,recorded,15,1,8294.938,0.44,0.803,13.486,1,1,5.146,0.0,22,2,800,2,5319
16,base,1480x800,recorded,16,1,8445.178,0.447,0.882,8.237,1,1,5.206,0.0,23,2,5288,2,5305
16,base,1480x800,recorded,17,1,8595.164,0.403,0.868,10.131,1,1,5.17,0.0,23,2,5163,2,5311
16,base,1480x800,recorded,18,1,8745.16,0.44,0.839,12.925,1,1,5.225,0.0,22,2,800,2,5313
16,base,1480x800,recorded,19,1,8895.27,0.458,0.842,14.289,1,1,5.088,0.0,23,2,800,2,5258
16,base,1480x800,recorded,20,1,9045.061,0.498,1.026,10.047,1,1,5.524,0.005,23,2,800,2,5065
16,base,1480x800,recorded,21,1,9195.258,0.428,0.816,11.382,1,1,5.252,0.0,22,2,800,2,5307
16,base,1480x800,recorded,22,1,9344.737,0.425,0.777,14.665,1,1,5.15,0.0,23,2,5297,2,5288
16,base,1480x800,recorded,23,1,9494.668,0.424,0.855,9.062,1,1,5.196,0.003,23,2,800,2,5276
16,base,1480x800,recorded,24,1,9645.256,0.334,0.821,11.144,1,1,5.064,0.003,23,2,800,2,5309
16,base,1480x800,recorded,25,1,9794.805,0.456,0.786,13.977,1,1,5.311,0.009,22,2,5298,2,5066
16,base,1480x800,recorded,26,1,9945.287,0.534,0.922,8.145,1,1,5.169,0.007,24,7,800,2,5255
16,base,1480x800,recorded,27,1,10095.223,0.453,0.82,10.884,1,1,5.596,0.0,23,7,800,7,5108
16,base,1480x800,recorded,28,1,10245.252,0.431,0.812,13.071,1,1,5.06,0.002,22,7,800,7,5202
16,base,1480x800,recorded,29,1,10394.74,0.418,0.909,7.922,1,1,5.207,0.0,23,7,800,7,5314
16,base,1480x800,recorded,30,-1,10545.257,0.427,0.812,9.991,1,1,5.314,0.003,23,2,5304,7,5304
16,base,1480x800,recorded,31,-1,10695.341,0.581,0.971,12.115,1,1,5.07,0.004,22,2,800,2,5308
16,base,1480x800,recorded,32,-1,10844.985,0.444,0.912,14.282,1,1,5.069,0.003,23,2,5296,2,5293
16,base,1480x800,recorded,33,-1,10995.197,0.468,0.899,9.287,1,1,5.155,0.004,23,2,800,2,5147
16,base,1480x800,recorded,34,-1,11145.264,0.435,0.823,11.21,1,1,5.158,0.009,23,2,5186,2,5260
16,base,1480x800,recorded,35,-1,11294.695,0.464,0.91,14.12,1,1,5.355,0.005,22,2,5230,2,5303
16,base,1480x800,recorded,36,-1,11445.248,0.451,0.83,8.126,1,1,5.161,0.009,23,2,5300,2,5282
16,base,1480x800,recorded,37,-1,11594.52,0.401,0.8,11.681,1,1,5.075,0.01,23,2,5306,2,5232
16,base,1480x800,recorded,38,-1,11745.201,0.415,0.825,13.542,1,1,5.249,0.01,22,2,5235,2,5298
16,base,1480x800,recorded,39,-1,11895.272,0.361,0.831,7.956,1,1,4.955,0.005,23,2,5302,2,5242
16,base,1480x800,recorded,40,-1,12044.527,0.417,0.829,12.945,1,1,5.161,0.013,23,2,5302,2,5081
16,base,1480x800,recorded,41,-1,12195.17,0.424,0.848,12.326,1,1,5.205,0.006,22,2,5259,2,5299
16,base,1480x800,recorded,42,-1,12345.269,0.482,0.892,14.329,1,1,5.036,0.006,23,2,5271,2,5304
16,base,1480x800,recorded,43,-1,12495.182,0.422,0.811,9.464,1,1,5.15,0.013,23,2,5241,2,5183
16,base,1480x800,recorded,44,-1,12645.253,0.411,0.831,11.868,1,1,5.891,0.008,22,2,5301,2,5212
16,base,1480x800,recorded,45,-1,12794.638,0.423,0.887,14.704,1,1,5.229,0.005,23,2,5300,2,5246
16,base,1480x800,recorded,46,-1,12945.076,0.384,0.847,10.233,1,1,5.126,0.094,24,2,5174,2,5250
16,base,1480x800,recorded,47,-1,13095.193,0.391,0.801,12.081,1,1,5.56,0.011,23,2,5300,2,5098
16,base,1480x800,recorded,48,-1,13244.946,0.399,0.802,13.023,1,1,4.885,0.003,22,2,5297,2,5214
16,base,1480x800,recorded,49,-1,13394.646,0.411,0.898,9.544,1,1,5.173,0.013,23,2,5246,2,5306
16,base,1480x800,recorded,50,-1,13545.18,0.418,0.834,10.37,1,1,5.087,0.009,23,2,5295,2,5228
16,base,1480x800,recorded,51,-1,13695.285,0.543,1.018,12.554,1,1,5.176,0.007,22,2,5300,2,5306
16,base,1480x800,recorded,52,-1,13844.658,0.422,0.876,7.876,1,1,4.929,0.009,23,2,5296,2,5291
16,base,1480x800,recorded,53,-1,13995.277,0.473,0.894,9.923,1,1,5.363,0.011,23,2,5205,2,5310
16,base,1480x800,recorded,54,-1,14145.259,0.402,0.842,12.563,1,1,5.092,0.008,22,2,5280,2,5122
16,base,1480x800,recorded,55,-1,14294.91,0.49,0.849,14.468,1,1,4.933,0.005,23,2,5300,2,5305
16,base,1480x800,recorded,56,-1,14445.172,0.421,0.804,9.64,1,1,5.004,0.009,23,2,800,2,5228
16,base,1480x800,recorded,57,-1,14594.52,0.422,0.796,11.849,1,1,4.975,0.04,23,2,5206,2,5294
16,base,1480x800,recorded,58,-1,14745.043,0.459,0.84,13.532,1,1,5.012,0.009,22,2,5242,2,5274
16,base,1480x800,recorded,59,-1,14894.649,0.431,0.713,8.764,1,1,4.733,0.0,23,2,5299,2,5197
16,base,1480x800,recorded,60,1,15044.88,0.429,0.887,10.509,1,1,4.829,0.014,23,2,5301,2,5080
16,base,1480x800,recorded,61,1,15195.267,0.459,0.831,13.114,1,1,5.177,0.013,22,2,5299,2,5301
16,base,1480x800,recorded,62,1,15344.682,0.439,0.726,8.671,1,1,5.085,0.006,23,2,5241,2,5171
16,base,1480x800,recorded,63,1,15494.631,0.425,0.913,11.344,1,1,5.105,0.022,23,2,5292,2,5202
16,base,1480x800,recorded,64,1,15645.172,0.384,0.771,12.432,1,1,4.996,0.014,22,2,5292,2,5308
16,base,1480x800,recorded,65,1,15795.17,0.584,0.895,14.867,1,1,5.325,0.011,23,2,5299,2,5300
16,base,1480x800,recorded,66,1,15945.299,0.391,0.829,9.382,1,1,4.943,0.014,23,2,5106,2,5197
16,base,1480x800,recorded,67,1,16094.558,0.433,0.791,13.498,1,1,5.584,0.028,22,7,5247,2,5093
16,base,1480x800,recorded,68,1,16244.635,0.465,0.96,15.947,1,1,5.594,0.037,23,7,5301,7,5285
16,base,1480x800,recorded,69,1,16395.105,0.426,0.898,9.978,1,1,5.246,0.026,23,7,800,7,5300
16,base,1480x800,recorded,70,1,16545.256,0.414,0.784,11.879,1,1,5.203,0.005,23,7,5299,7,5306
16,base,1480x800,recorded,71,1,16694.662,0.408,0.847,13.98,1,1,5.261,0.003,22,7,800,7,5271
16,base,1480x800,recorded,72,1,16845.175,0.452,0.872,8.4,1,1,5.164,0.002,23,7,5211,7,5297
16,base,1480x800,recorded,73,1,16994.528,0.428,0.807,12.264,1,1,5.404,0.003,23,7,800,7,5148
16,base,1480x800,recorded,74,1,17144.537,0.431,0.805,13.954,1,1,5.422,0.004,22,7,800,7,5293
16,base,1480x800,recorded,75,1,17294.874,0.417,0.763,8.017,1,1,5.272,0.007,23,7,5041,7,5308
16,base,1480x800,recorded,76,1,17445.171,0.433,0.846,9.594,1,1,4.996,0.003,23,7,800,7,5127
16,base,1480x800,recorded,77,1,17595.254,0.436,0.791,12.932,1,1,5.078,0.0,22,7,800,7,5294
16,base,1480x800,recorded,78,1,17744.769,0.575,1.07,15.641,1,1,5.507,0.0,23,7,5300,7,5308
16,base,1480x800,recorded,79,1,17894.523,0.432,0.789,10.207,1,1,4.958,0.046,23,7,800,7,5298
16,base,1480x800,recorded,80,1,18045.262,0.436,0.831,11.402,1,1,5.308,0.003,23,7,800,7,5271
16,base,1480x800,recorded,81,1,18195.258,0.498,0.919,14.455,1,1,5.266,0.011,22,7,5314,7,5291
16,base,1480x800,recorded,82,1,18345.249,0.404,0.822,8.224,1,1,5.239,0.018,23,2,5280,7,5305
16,base,1480x800,recorded,83,1,18495.256,0.418,0.784,10.476,1,1,5.148,0.003,23,7,800,2,5273
16,base,1480x800,recorded,84,1,18644.6,0.422,0.792,14.288,1,1,5.043,0.003,22,7,5281,7,5308
16,base,1480x800,recorded,85,1,18795.29,0.513,0.858,8.462,1,1,5.486,0.0,23,7,800,7,5181
16,base,1480x800,recorded,86,1,18945.258,0.453,0.812,11.074,1,1,5.087,0.007,23,7,800,7,5301
16,base,1480x800,recorded,87,1,19094.629,0.431,0.807,13.676,1,1,5.654,0.031,22,2,800,7,5096
16,base,1480x800,recorded,88,1,19244.905,0.457,0.858,16.061,1,1,5.686,0.006,23,2,800,2,5229
16,base,1480x800,recorded,89,1,19395.246,0.437,0.794,9.787,1,1,5.294,0.0,23,2,5257,2,5292
16,base,1480x800,recorded,90,-1,19545.295,0.425,0.797,11.925,1,1,5.209,0.0,22,2,5237,2,5302
16,base,1480x800,recorded,91,-1,19694.66,0.453,0.878,15.617,1,1,5.249,0.0,23,2,800,2,5099
16,base,1480x800,recorded,92,-1,19845.25,0.428,0.822,8.75,1,1,5.008,0.0,23,2,800,2,5297
16,base,1480x800,recorded,93,-1,19995.263,0.446,0.858,12.082,1,1,5.433,0.002,23,2,800,2,5289
16,base,1480x800,recorded,94,-1,20145.089,0.499,0.866,14.241,1,1,5.296,0.0,22,2,800,2,5302
16,base,1480x800,recorded,95,-1,20295.268,0.428,0.807,8.104,1,1,5.199,0.0,23,2,800,2,5299
16,base,1480x800,recorded,96,-1,20445.299,0.415,0.862,10.152,1,1,5.161,0.003,23,2,800,2,5163
16,base,1480x800,recorded,97,-1,20594.702,0.437,0.85,14.386,1,1,5.319,0.003,22,2,5226,2,5160
16,base,1480x800,recorded,98,-1,20745.055,0.422,0.882,8.238,1,1,5.43,0.0,23,2,800,2,5301
16,base,1480x800,recorded,99,-1,20895.283,0.481,0.866,10.062,1,1,5.258,0.0,23,2,800,2,5318
16,base,1480x800,recorded,100,-1,21045.171,0.487,0.872,13.571,1,1,5.518,0.0,22,2,800,2,5296
16,base,1480x800,recorded,101,-1,21194.873,0.425,0.88,16.009,1,1,5.464,0.01,24,2,800,2,5101
16,base,1480x800,recorded,102,-1,21345.277,0.407,0.927,10.29,1,1,5.496,0.0,23,2,800,2,5100
16,base,1480x800,recorded,103,-1,21495.256,0.43,0.807,11.875,1,1,5.031,0.0,23,2,800,2,5311
16,base,1480x800,recorded,104,-1,21644.952,0.422,0.792,14.952,1,1,5.124,0.002,22,2,800,2,5296
16,base,1480x800,recorded,105,-1,21795.278,0.436,0.842,9.79,1,1,5.422,0.005,23,2,800,2,5197
16,base,1480x800,recorded,106,-1,21945.028,0.445,0.857,10.879,1,1,5.074,0.002,23,2,5262,2,5300
16,base,1480x800,recorded,107,-1,22094.783,0.427,0.787,14.113,1,1,5.617,0.0,22,2,5035,2,5076
16,base,1480x800,recorded,108,-1,22245.27,0.443,0.82,7.562,1,1,5.079,0.0,23,2,800,2,5237
16,base,1480x800,recorded,109,-1,22395.058,0.335,0.847,10.176,1,1,5.011,0.0,23,2,800,2,5299
16,base,1480x800,recorded,110,-1,22544.522,0.426,0.794,13.55,1,1,5.203,0.0,22,2,800,2,5295
16,base,1480x800,recorded,111,-1,22694.938,0.406,0.782,16.044,1,1,5.255,0.002,23,2,800,2,5309
16,base,1480x800,recorded,112,-1,22845.247,0.458,0.847,10.11,1,1,5.185,0.003,23,2,800,2,5301
16,base,1480x800,recorded,113,-1,22994.531,0.443,0.833,13.964,1,1,5.703,0.005,23,2,800,2,5296
16,base,1480x800,recorded,114,-1,23145.164,0.396,0.868,15.068,1,1,5.186,0.0,22,2,800,2,5205
16,base,1480x800,recorded,115,-1,23295.118,0.435,0.798,8.974,1,1,5.059,0.0,23,2,5218,2,5293
16,base,1480x800,recorded,116,-1,23444.852,0.42,0.753,12.421,1,1,4.921,0.0,23,2,800,2,5315
16,base,1480x800,recorded,117,-1,23595.126,0.454,0.826,14.166,1,1,5.156,0.003,22,2,800,2,5307
16,base,1480x800,recorded,118,-1,23744.892,0.433,0.835,9.377,1,1,5.102,0.002,23,2,800,2,5303
16,base,1480x800,recorded,119,-1,23895.253,0.499,0.877,10.098,1,1,4.822,0.003,23,7,800,2,5301
16,base,1480x800,idle-after,0,0,24067.912,0.0,,,0,0,0.278,0.0,21,7,5182,,
16,base,1480x800,idle-after,1,0,24218.222,0.0,,,0,0,0.261,0.003,20,7,800,,
16,base,1480x800,idle-after,2,0,24368.169,0.0,,,0,0,0.281,0.0,21,7,800,,
16,base,1480x800,idle-after,3,0,24518.249,0.0,,,0,0,0.279,0.0,21,7,800,,
16,base,1480x800,idle-after,4,0,24667.902,0.0,,,0,0,0.291,0.004,20,2,800,,
16,base,1480x800,idle-after,5,0,24818.276,0.0,,,0,0,0.28,0.0,21,2,800,,
16,base,1480x800,idle-after,6,0,24968.252,0.0,,,0,0,0.345,0.0,21,2,800,,
16,base,1480x800,idle-after,7,0,25118.1,0.0,,,0,0,0.238,0.003,20,2,800,,
16,base,1480x800,idle-after,8,0,25267.52,0.0,,,0,0,0.272,0.0,21,2,800,,
16,base,1480x800,idle-after,9,0,25418.168,0.0,,,0,0,0.247,0.022,21,2,5275,,
16,base,1480x800,idle-after,10,0,25567.914,0.0,,,0,0,0.289,0.005,20,2,800,,
16,base,1480x800,idle-after,11,0,25718.181,0.0,,,0,0,0.249,0.0,21,2,800,,
16,base,1480x800,idle-after,12,0,25868.255,0.0,,,0,0,0.295,0.0,21,2,5027,,
16,base,1480x800,idle-after,13,0,26018.253,0.0,,,0,0,0.273,0.003,21,2,5298,,
16,base,1480x800,idle-after,14,0,26167.701,0.0,,,0,0,0.284,0.0,20,2,800,,
16,base,1480x800,idle-after,15,0,26318.289,0.0,,,0,0,0.275,0.003,21,2,800,,
16,base,1480x800,idle-after,16,0,26468.246,0.0,,,0,0,0.279,0.0,21,2,5275,,
16,base,1480x800,idle-after,17,0,26617.737,0.0,,,0,0,0.24,0.0,20,2,800,,
16,base,1480x800,idle-after,18,0,26767.816,0.0,,,0,0,0.273,0.003,21,2,800,,
16,base,1480x800,idle-after,19,0,26918.285,0.0,,,0,0,0.272,0.003,21,7,5307,,
17,cand,1480x800,warmup,0,1,0.0,0.414,0.752,,0,0,0.625,0.0,22,1,5192,,
17,cand,1480x800,warmup,1,1,149.731,0.425,0.782,12.167,1,1,5.362,0.0,22,1,800,1,5300
17,cand,1480x800,warmup,2,1,299.768,0.459,0.78,14.535,1,1,5.028,0.0,23,1,800,1,5295
17,cand,1480x800,warmup,3,1,450.062,0.443,0.793,9.571,1,1,5.469,0.012,24,1,800,1,5300
17,cand,1480x800,warmup,4,1,599.449,0.444,0.782,12.504,1,1,5.326,0.0,23,0,5280,1,5295
17,cand,1480x800,warmup,5,1,749.503,0.494,0.918,14.291,1,1,5.533,0.0,22,0,5269,0,5300
17,cand,1480x800,warmup,6,1,900.083,0.509,0.827,8.019,1,1,5.55,0.006,23,0,5202,0,5244
17,cand,1480x800,warmup,7,1,1050.089,0.452,0.788,10.765,1,1,5.508,0.002,23,0,5250,0,5303
17,cand,1480x800,warmup,8,1,1199.842,0.429,0.767,12.884,1,1,5.366,0.003,22,1,800,0,5299
17,cand,1480x800,warmup,9,1,1350.083,0.454,0.741,15.68,1,1,5.416,0.0,23,1,800,1,5303
17,cand,1480x800,warmup,10,-1,1499.984,0.453,0.806,9.865,1,1,5.747,0.0,23,1,800,1,5303
17,cand,1480x800,warmup,11,-1,1650.091,0.469,0.875,12.871,1,1,5.48,0.0,23,1,5299,1,5312
17,cand,1480x800,warmup,12,-1,1800.178,0.452,0.824,14.726,1,1,5.68,0.0,22,1,800,1,5093
17,cand,1480x800,warmup,13,-1,1950.088,0.489,0.852,9.816,1,1,5.623,0.0,23,1,800,1,5300
17,cand,1480x800,warmup,14,-1,2100.085,0.441,0.704,11.7,1,1,5.391,0.003,23,1,5295,1,5312
17,cand,1480x800,warmup,15,-1,2249.673,0.466,0.82,14.981,1,1,5.528,0.002,22,1,800,1,5203
17,cand,1480x800,warmup,16,-1,2400.082,0.423,0.754,8.845,1,1,5.171,0.05,23,1,800,1,5296
17,cand,1480x800,warmup,17,-1,2550.103,0.459,0.796,10.569,1,1,5.327,0.003,23,1,800,1,5290
17,cand,1480x800,warmup,18,-1,2699.881,0.443,0.803,12.807,1,1,5.124,0.003,22,1,800,1,5303
17,cand,1480x800,warmup,19,-1,2849.511,0.41,0.739,8.187,1,1,5.131,0.003,23,1,800,1,5313
17,cand,1480x800,idle-before,0,0,3022.543,0.0,,,0,0,0.538,0.0,21,1,800,,
17,cand,1480x800,idle-before,1,0,3173.156,0.0,,,0,0,0.414,0.0,21,1,800,,
17,cand,1480x800,idle-before,2,0,3322.557,0.0,,,0,0,0.333,0.0,20,1,800,,
17,cand,1480x800,idle-before,3,0,3473.077,0.0,,,0,0,0.282,0.003,21,1,800,,
17,cand,1480x800,idle-before,4,0,3623.153,0.0,,,0,0,0.347,0.0,21,1,800,,
17,cand,1480x800,idle-before,5,0,3772.672,0.0,,,0,0,0.245,0.0,20,1,800,,
17,cand,1480x800,idle-before,6,0,3922.56,0.0,,,0,0,0.318,0.003,21,1,800,,
17,cand,1480x800,idle-before,7,0,4072.675,0.0,,,0,0,0.28,0.0,21,1,800,,
17,cand,1480x800,idle-before,8,0,4223.162,0.0,,,0,0,0.308,0.0,21,1,800,,
17,cand,1480x800,idle-before,9,0,4373.271,0.0,,,0,0,0.265,0.0,20,1,800,,
17,cand,1480x800,idle-before,10,0,4523.161,0.0,,,0,0,0.309,0.005,21,1,5263,,
17,cand,1480x800,idle-before,11,0,4673.156,0.0,,,0,0,0.372,0.0,21,1,800,,
17,cand,1480x800,idle-before,12,0,4822.981,0.0,,,0,0,0.301,0.0,20,1,800,,
17,cand,1480x800,idle-before,13,0,4973.164,0.0,,,0,0,0.281,0.0,21,1,800,,
17,cand,1480x800,idle-before,14,0,5122.581,0.0,,,0,0,0.323,0.0,21,1,5269,,
17,cand,1480x800,idle-before,15,0,5272.506,0.0,,,0,0,0.26,0.0,20,1,800,,
17,cand,1480x800,idle-before,16,0,5422.584,0.0,,,0,0,0.293,0.003,21,1,800,,
17,cand,1480x800,idle-before,17,0,5572.733,0.0,,,0,0,0.277,0.0,21,1,800,,
17,cand,1480x800,idle-before,18,0,5723.156,0.0,,,0,0,0.304,0.0,20,1,800,,
17,cand,1480x800,idle-before,19,0,5872.521,0.0,,,0,0,0.319,0.0,21,1,800,,
17,cand,1480x800,recorded,0,1,6044.4,0.425,0.823,9.965,1,1,5.287,0.0,23,1,800,1,5306
17,cand,1480x800,recorded,1,1,6194.688,0.45,0.827,12.273,1,1,5.333,0.0,23,1,5129,1,5302
17,cand,1480x800,recorded,2,1,6345.056,0.43,0.769,13.872,1,1,5.031,0.0,22,1,800,1,5231
17,cand,1480x800,recorded,3,1,6494.712,0.455,0.812,9.114,1,1,5.431,0.0,23,1,800,1,5300
17,cand,1480x800,recorded,4,1,6644.356,0.437,0.779,11.514,1,1,5.281,0.002,23,1,5254,1,5174
17,cand,1480x800,recorded,5,1,6794.396,0.428,0.837,14.137,1,1,5.372,0.0,22,1,800,1,5240
17,cand,1480x800,recorded,6,1,6944.346,0.431,0.819,9.45,1,1,5.278,0.006,23,1,5222,1,5305
17,cand,1480x800,recorded,7,1,7094.703,0.424,0.798,11.117,1,1,5.357,0.0,23,1,800,1,5308
17,cand,1480x800,recorded,8,1,7244.833,0.477,0.872,13.046,1,1,5.463,0.007,22,1,800,1,5315
17,cand,1480x800,recorded,9,1,7394.962,0.456,0.818,14.957,1,1,5.341,0.0,23,1,800,1,5300
17,cand,1480x800,recorded,10,1,7545.029,0.445,0.805,9.887,1,1,5.534,0.002,23,1,800,1,5293
17,cand,1480x800,recorded,11,1,7694.477,0.586,0.877,13.402,1,1,6.084,0.006,23,1,5004,1,5064
17,cand,1480x800,recorded,12,1,7844.595,0.407,0.832,15.231,1,1,5.619,0.006,23,1,800,1,5105
17,cand,1480x800,recorded,13,1,7994.388,0.484,1.008,10.449,1,1,5.612,0.0,23,1,5296,1,5029
17,cand,1480x800,recorded,14,1,8144.353,0.432,0.781,12.539,1,1,5.387,0.0,23,1,800,1,5301
17,cand,1480x800,recorded,15,1,8294.654,0.405,0.791,14.192,1,1,5.287,0.0,22,1,800,1,5238
17,cand,1480x800,recorded,16,1,8444.368,0.443,0.798,9.489,1,1,5.373,0.002,23,1,800,1,5308
17,cand,1480x800,recorded,17,1,8594.359,0.45,0.791,11.498,1,1,5.428,0.005,23,1,5101,1,5311
17,cand,1480x800,recorded,18,1,8745.389,0.45,0.8,12.95,1,1,5.292,0.002,22,1,800,1,5296
17,cand,1480x800,recorded,19,1,8894.719,0.416,0.873,8.103,1,1,5.09,0.0,23,1,5308,1,5235
17,cand,1480x800,recorded,20,1,9044.685,0.431,0.778,10.161,1,1,5.305,0.0,23,1,800,1,5295
17,cand,1480x800,recorded,21,1,9194.696,0.425,0.805,12.158,1,1,5.221,0.0,22,1,800,1,5301
17,cand,1480x800,recorded,22,1,9345.035,0.443,0.8,14.954,1,1,5.402,0.0,23,1,5302,1,5317
17,cand,1480x800,recorded,23,1,9494.363,0.463,0.804,10.599,1,1,5.497,0.0,23,1,800,1,5283
17,cand,1480x800,recorded,24,1,9644.891,0.432,0.77,12.071,1,1,5.314,0.014,23,0,5112,1,5302
17,cand,1480x800,recorded,25,1,9794.972,0.549,0.888,14.266,1,1,5.496,0.003,22,0,5123,0,5300
17,cand,1480x800,recorded,26,1,9944.584,0.439,0.769,8.797,1,1,5.053,0.002,23,0,800,0,5297
17,cand,1480x800,recorded,27,1,10094.353,0.419,0.726,11.418,1,1,5.314,0.0,23,0,800,0,5302
17,cand,1480x800,recorded,28,1,10244.369,0.42,0.752,14.356,1,1,5.401,0.003,22,0,5157,0,5304
17,cand,1480x800,recorded,29,1,10395.011,0.466,0.817,7.786,1,1,5.167,0.002,23,0,5306,0,5294
17,cand,1480x800,recorded,30,-1,10544.709,0.476,0.802,13.47,1,1,5.507,0.0,23,0,800,0,5290
17,cand,1480x800,recorded,31,-1,10694.517,0.453,0.803,13.384,1,1,5.835,0.0,22,0,800,0,5001
17,cand,1480x800,recorded,32,-1,10844.987,0.432,0.854,15.2,1,1,5.613,0.0,23,0,800,0,5100
17,cand,1480x800,recorded,33,-1,10995.013,0.443,0.776,9.877,1,1,5.538,0.005,23,0,5219,0,5297
17,cand,1480x800,recorded,34,-1,11145.012,0.436,0.778,12.709,1,1,5.413,0.004,23,0,800,0,5244
17,cand,1480x800,recorded,35,-1,11295.075,0.44,0.766,14.685,1,1,5.163,0.005,22,0,5303,0,5071
17,cand,1480x800,recorded,36,-1,11445.024,0.437,0.753,9.077,1,1,5.296,0.003,23,0,800,0,5293
17,cand,1480x800,recorded,37,-1,11595.016,0.426,0.769,11.423,1,1,5.36,0.032,23,1,800,0,5295
17,cand,1480x800,recorded,38,-1,11744.577,0.468,0.881,14.329,1,1,5.413,0.0,22,1,800,1,5293
17,cand,1480x800,recorded,39,-1,11894.47,0.431,0.795,9.482,1,1,5.483,0.002,23,1,5162,1,5297
17,cand,1480x800,recorded,40,-1,12045.013,0.43,0.755,13.277,1,1,5.184,0.0,23,1,800,1,5296
17,cand,1480x800,recorded,41,-1,12194.694,0.592,0.972,13.638,1,1,5.452,0.0,22,1,800,1,5279
17,cand,1480x800,recorded,42,-1,12345.012,0.391,0.768,7.976,1,1,5.439,0.0,22,0,5285,1,5252
17,cand,1480x800,recorded,43,-1,12495.031,0.443,0.796,10.432,1,1,5.65,0.002,23,1,800,0,5297
17,cand,1480x800,recorded,44,-1,12644.443,0.472,0.869,13.207,1,1,6.504,0.0,22,1,5147,1,5172
17,cand,1480x800,recorded,45,-1,12794.628,0.482,0.901,15.352,1,1,5.391,0.007,24,1,800,1,5297
17,cand,1480x800,recorded,46,-1,12945.008,0.421,0.735,9.788,1,1,5.031,0.0,23,1,800,1,5295
17,cand,1480x800,recorded,47,-1,13094.856,0.437,0.828,12.107,1,1,5.545,0.0,23,1,800,1,5306
17,cand,1480x800,recorded,48,-1,13244.834,0.433,0.773,14.115,1,1,5.203,0.011,23,1,800,1,5264
17,cand,1480x800,recorded,49,-1,13395.007,0.443,0.76,8.895,1,1,5.301,0.0,23,1,800,1,5297
17,cand,1480x800,recorded,50,-1,13545.033,0.444,0.792,12.55,1,1,5.423,0.002,23,1,800,1,5300
17,cand,1480x800,recorded,51,-1,13694.357,0.459,0.864,14.66,1,1,5.91,0.003,22,1,5093,1,5054
17,cand,1480x800,recorded,52,-1,13844.941,0.479,0.818,8.752,1,1,5.615,0.0,23,1,800,1,5108
17,cand,1480x800,recorded,53,-1,13994.686,0.441,0.778,10.18,1,1,5.027,0.0,23,1,5197,1,5301
17,cand,1480x800,recorded,54,-1,14144.684,0.458,0.773,13.146,1,1,5.061,0.002,22,1,800,1,5302
17,cand,1480x800,recorded,55,-1,14294.651,0.522,0.858,7.982,1,1,4.987,0.0,22,1,5304,1,5301
17,cand,1480x800,recorded,56,-1,14444.633,0.547,0.841,10.355,1,1,5.394,0.0,23,1,800,1,5196
17,cand,1480x800,recorded,57,-1,14594.69,0.492,0.857,12.191,1,1,5.101,0.0,22,1,5293,1,5295
17,cand,1480x800,recorded,58,-1,14744.608,0.516,0.866,14.299,1,1,5.134,0.002,23,1,800,1,5295
17,cand,1480x800,recorded,59,-1,14895.01,0.441,0.721,8.782,1,1,4.952,0.0,23,1,800,1,5291
17,cand,1480x800,recorded,60,1,15044.754,0.439,0.761,11.06,1,1,4.77,0.0,23,1,800,1,5179
17,cand,1480x800,recorded,61,1,15194.453,0.402,0.81,14.279,1,1,4.995,0.0,22,1,800,1,5223
17,cand,1480x800,recorded,62,1,15344.835,0.477,0.866,8.877,1,1,5.397,0.009,23,1,5306,1,5092
17,cand,1480x800,recorded,63,1,15494.528,0.433,0.831,11.462,1,1,5.367,0.002,23,1,800,1,5306
17,cand,1480x800,recorded,64,1,15644.805,0.406,0.867,13.101,1,1,5.202,0.0,22,1,5309,1,5296
17,cand,1480x800,recorded,65,1,15794.703,0.471,0.835,8.22,1,1,5.387,0.0,23,1,5295,1,5308
17,cand,1480x800,recorded,66,1,15944.699,0.457,0.801,12.276,1,1,5.229,0.0,23,1,800,1,5305
17,cand,1480x800,recorded,67,1,16094.704,0.47,0.799,12.643,1,1,5.346,0.0,22,1,800,1,5295
17,cand,1480x800,recorded,68,1,16245.097,0.472,0.8,14.337,1,1,5.199,0.005,23,1,5122,1,5305
17,cand,1480x800,recorded,69,1,16395.006,0.438,0.772,9.033,1,1,5.102,0.0,23,1,800,1,5295
17,cand,1480x800,recorded,70,1,16544.629,0.382,0.845,12.307,1,1,5.284,0.0,23,1,800,1,5301
17,cand,1480x800,recorded,71,1,16694.723,0.455,0.796,15.15,1,1,6.553,0.0,22,1,800,1,5015
17,cand,1480x800,recorded,72,1,16844.998,0.443,0.802,8.713,1,1,5.379,0.0,23,1,800,1,5098
17,cand,1480x800,recorded,73,1,16995.014,0.423,0.758,11.344,1,1,5.36,0.006,23,1,800,1,5299
17,cand,1480x800,recorded,74,1,17144.631,0.437,0.808,13.343,1,1,5.217,0.0,22,1,800,1,5268
17,cand,1480x800,recorded,75,1,17295.057,0.46,0.777,8.059,1,1,5.323,0.0,23,1,800,1,5270
17,cand,1480x800,recorded,76,1,17445.03,0.445,0.791,11.382,1,1,5.366,0.0,23,1,800,1,5306
17,cand,1480x800,recorded,77,1,17595.016,0.437,0.778,12.723,1,1,5.239,0.0,22,1,5270,1,5018
17,cand,1480x800,recorded,78,1,17745.035,0.485,0.864,14.946,1,1,5.436,0.005,23,1,800,1,5313
17,cand,1480x800,recorded,79,1,17894.698,0.426,0.786,10.025,1,1,5.211,0.003,23,1,5254,1,5299
17,cand,1480x800,recorded,80,1,18045.034,0.474,0.87,11.978,1,1,5.425,0.006,23,1,5219,1,5317
17,cand,1480x800,recorded,81,1,18194.381,0.496,0.872,14.587,1,1,5.138,0.002,23,1,5216,1,5265
17,cand,1480x800,recorded,82,1,18345.016,0.434,0.775,8.726,1,1,5.158,0.0,23,1,800,1,5228
17,cand,1480x800,recorded,83,1,18494.774,0.465,0.811,11.876,1,1,5.595,0.004,23,1,800,1,5206
17,cand,1480x800,recorded,84,1,18644.369,0.457,0.849,14.632,1,1,5.452,0.004,22,1,5147,1,5295
17,cand,1480x800,recorded,85,1,18795.017,0.455,0.819,8.986,1,1,5.354,0.005,23,1,800,1,5304
17,cand,1480x800,recorded,86,1,18945.016,0.43,0.774,10.785,1,1,5.195,0.007,24,1,5296,1,5293
17,cand,1480x800,recorded,87,1,19095.091,0.451,0.806,12.818,1,1,5.129,0.0,22,1,5308,1,5258
17,cand,1480x800,recorded,88,1,19244.349,0.44,0.776,10.872,1,1,5.149,0.0,23,1,800,1,5298
17,cand,1480x800,recorded,89,1,19395.012,0.44,0.763,9.914,1,1,5.143,0.0,23,1,800,1,5239
17,cand,1480x800,recorded,90,-1,19544.722,0.65,0.902,12.757,1,1,5.508,0.002,22,1,5057,1,5300
17,cand,1480x800,recorded,91,-1,19694.397,0.501,0.977,16.058,1,1,6.256,0.002,23,1,800,1,5090
17,cand,1480x800,recorded,92,-1,19844.95,0.449,0.825,9.792,1,1,5.414,0.004,23,1,5280,1,5117
17,cand,1480x800,recorded,93,-1,19994.374,0.454,0.824,12.55,1,1,5.22,0.0,22,1,5265,1,5296
17,cand,1480x800,recorded,94,-1,20144.561,0.422,0.811,14.233,1,1,5.298,0.0,23,1,5288,1,5122
17,cand,1480x800,recorded,95,-1,20294.696,0.454,0.802,9.298,1,1,5.26,0.0,23,1,800,1,5300
17,cand,1480x800,recorded,96,-1,20445.029,0.47,0.886,11.278,1,1,5.416,0.0,23,1,800,1,5299
17,cand,1480x800,recorded,97,-1,20594.681,0.441,0.821,13.256,1,1,5.255,0.0,22,1,800,1,5277
17,cand,1480x800,recorded,98,-1,20744.879,0.449,0.798,8.18,1,1,5.296,0.003,23,1,5305,1,5267
17,cand,1480x800,recorded,99,-1,20894.533,0.446,0.786,10.949,1,1,5.227,0.0,23,1,800,1,5287
17,cand,1480x800,recorded,100,-1,21045.022,0.427,0.81,12.506,1,1,5.173,0.0,22,1,800,1,5293
17,cand,1480x800,recorded,101,-1,21195.024,0.534,0.849,15.332,1,1,5.88,0.391,23,0,800,1,5000
17,cand,1480x800,recorded,102,-1,21344.936,0.513,1.021,10.777,1,1,5.94,0.003,23,0,5277,0,5004
17,cand,1480x800,recorded,103,-1,21494.716,0.507,0.908,12.773,1,1,5.41,0.0,22,0,5305,0,5307
17,cand,1480x800,recorded,104,-1,21644.358,0.456,0.846,15.134,1,1,5.655,0.006,23,0,800,0,5310
17,cand,1480x800,recorded,105,-1,21795.019,0.454,0.814,9.286,1,1,5.534,0.007,23,0,5296,0,5305
17,cand,1480x800,recorded,106,-1,21944.369,0.434,0.81,12.239,1,1,5.017,0.0,23,1,800,0,5293
17,cand,1480x800,recorded,107,-1,22094.519,0.444,0.777,14.441,1,1,5.259,0.003,22,1,800,1,5295
17,cand,1480x800,recorded,108,-1,22245.005,0.43,0.765,8.657,1,1,5.042,0.002,23,1,800,1,5249
17,cand,1480x800,recorded,109,-1,22395.054,0.46,0.777,10.881,1,1,5.25,0.009,23,1,5216,1,5287
17,cand,1480x800,recorded,110,-1,22544.485,0.452,0.801,13.859,1,1,5.274,0.0,22,1,5305,1,5304
17,cand,1480x800,recorded,111,-1,22694.892,0.493,0.821,8.105,1,1,5.465,0.002,23,1,800,1,5303
17,cand,1480x800,recorded,112,-1,22844.281,0.427,0.83,11.328,1,1,5.472,0.0,23,1,5008,1,5104
17,cand,1480x800,recorded,113,-1,22994.756,0.53,0.934,13.989,1,1,6.164,0.005,22,1,800,1,5282
17,cand,1480x800,recorded,114,-1,23144.347,0.436,0.881,7.71,1,1,5.138,0.003,23,1,800,1,5277
17,cand,1480x800,recorded,115,-1,23295.012,0.444,0.763,9.716,1,1,5.167,0.003,23,1,800,1,5233
17,cand,1480x800,recorded,116,-1,23445.032,0.451,0.79,11.864,1,1,5.323,0.0,22,1,800,1,5298
17,cand,1480x800,recorded,117,-1,23594.417,0.441,0.774,14.602,1,1,4.974,0.009,23,1,800,1,5313
17,cand,1480x800,recorded,118,-1,23744.995,0.446,0.783,8.866,1,1,5.149,0.006,24,1,800,1,5270
17,cand,1480x800,recorded,119,-1,23895.013,0.435,0.759,10.897,1,1,4.904,0.0,23,1,800,1,5297
17,cand,1480x800,idle-after,0,0,24067.89,0.0,,,0,0,0.251,0.0,21,1,800,,
17,cand,1480x800,idle-after,1,0,24218.24,0.0,,,0,0,0.274,0.0,20,1,5282,,
17,cand,1480x800,idle-after,2,0,24368.673,0.0,,,0,0,0.268,0.0,21,1,800,,
17,cand,1480x800,idle-after,3,0,24518.661,0.0,,,0,0,0.276,0.0,21,1,800,,
17,cand,1480x800,idle-after,4,0,24668.033,0.0,,,0,0,0.237,0.003,20,1,5225,,
17,cand,1480x800,idle-after,5,0,24818.636,0.0,,,0,0,0.278,0.0,21,1,800,,
17,cand,1480x800,idle-after,6,0,24968.635,0.0,,,0,0,0.252,0.0,21,1,800,,
17,cand,1480x800,idle-after,7,0,25118.635,0.0,,,0,0,0.239,0.0,20,1,5304,,
17,cand,1480x800,idle-after,8,0,25268.021,0.0,,,0,0,0.28,0.0,21,1,800,,
17,cand,1480x800,idle-after,9,0,25418.068,0.0,,,0,0,0.254,0.005,21,1,5209,,
17,cand,1480x800,idle-after,10,0,25568.004,0.0,,,0,0,0.229,0.003,20,1,5296,,
17,cand,1480x800,idle-after,11,0,25718.097,0.0,,,0,0,0.282,0.006,21,1,5091,,
17,cand,1480x800,idle-after,12,0,25868.557,0.0,,,0,0,0.257,0.0,21,1,800,,
17,cand,1480x800,idle-after,13,0,26018.398,0.0,,,0,0,0.247,0.003,21,1,5117,,
17,cand,1480x800,idle-after,14,0,26168.1,0.0,,,0,0,0.231,0.011,20,1,5298,,
17,cand,1480x800,idle-after,15,0,26318.643,0.0,,,0,0,0.298,0.0,21,1,800,,
17,cand,1480x800,idle-after,16,0,26467.995,0.0,,,0,0,0.251,0.0,21,1,800,,
17,cand,1480x800,idle-after,17,0,26618.636,0.0,,,0,0,0.262,0.003,20,1,800,,
17,cand,1480x800,idle-after,18,0,26768.654,0.0,,,0,0,0.249,0.008,21,1,800,,
17,cand,1480x800,idle-after,19,0,26918.639,0.0,,,0,0,0.277,0.0,21,1,800,,
18,cand,1480x800,warmup,0,1,0.0,0.442,0.911,,0,0,0.317,0.0,22,0,800,,
18,cand,1480x800,warmup,1,1,150.327,0.339,0.824,12.435,1,1,5.317,0.004,22,0,5164,0,5316
18,cand,1480x800,warmup,2,1,300.369,0.373,0.886,14.146,1,1,5.146,0.007,23,0,5302,0,5186
18,cand,1480x800,warmup,3,1,449.88,0.595,0.863,9.64,1,1,5.109,0.054,23,2,5289,0,5294
18,cand,1480x800,warmup,4,1,599.708,0.501,0.986,13.042,1,1,5.258,0.0,23,2,800,2,5301
18,cand,1480x800,warmup,5,1,750.365,0.467,0.889,14.36,1,1,5.146,0.002,22,1,5299,2,5300
18,cand,1480x800,warmup,6,1,900.267,0.426,0.863,9.345,1,1,5.239,0.037,23,1,800,1,5308
18,cand,1480x800,warmup,7,1,1049.707,0.406,0.835,12.316,1,1,5.334,0.0,23,1,800,1,5300
18,cand,1480x800,warmup,8,1,1199.98,0.437,0.89,16.864,1,1,5.57,0.0,22,1,800,1,5248
18,cand,1480x800,warmup,9,1,1350.135,0.428,0.838,8.873,1,1,5.382,0.004,23,1,800,1,5300
18,cand,1480x800,warmup,10,-1,1499.827,0.416,0.841,10.88,1,1,5.35,0.0,23,1,800,1,5300
18,cand,1480x800,warmup,11,-1,1650.13,0.401,0.815,13.269,1,1,5.261,0.014,22,1,800,1,5288
18,cand,1480x800,warmup,12,-1,1800.348,0.41,0.824,15.327,1,1,4.912,0.0,23,1,800,1,5297
18,cand,1480x800,warmup,13,-1,1950.345,0.402,0.807,9.403,1,1,5.01,0.0,23,1,800,1,5295
18,cand,1480x800,warmup,14,-1,2100.346,0.432,0.841,11.589,1,1,5.033,0.0,23,1,800,1,5273
18,cand,1480x800,warmup,15,-1,2250.369,0.42,0.861,14.616,1,1,5.343,0.004,22,1,5300,1,5300
18,cand,1480x800,warmup,16,-1,2399.988,0.418,0.814,9.598,1,1,5.106,0.003,23,1,800,1,5300
18,cand,1480x800,warmup,17,-1,2550.132,0.426,0.856,11.685,1,1,5.265,0.002,23,1,800,1,5255
18,cand,1480x800,warmup,18,-1,2700.144,0.436,0.846,13.795,1,1,4.978,0.0,22,1,800,1,5298
18,cand,1480x800,warmup,19,-1,2850.361,0.424,0.883,8.344,1,1,4.888,0.003,23,1,800,1,5300
18,cand,1480x800,idle-before,0,0,3022.497,0.0,,,0,0,0.254,0.003,21,1,5267,,
18,cand,1480x800,idle-before,1,0,3173.235,0.0,,,0,0,0.283,0.0,21,1,800,,
18,cand,1480x800,idle-before,2,0,3323.248,0.0,,,0,0,0.244,0.0,20,1,800,,
18,cand,1480x800,idle-before,3,0,3472.591,0.0,,,0,0,0.329,0.004,21,1,800,,
18,cand,1480x800,idle-before,4,0,3622.618,0.0,,,0,0,0.299,0.003,21,1,5307,,
18,cand,1480x800,idle-before,5,0,3773.011,0.0,,,0,0,0.266,0.0,20,1,800,,
18,cand,1480x800,idle-before,6,0,3923.235,0.0,,,0,0,0.285,0.0,21,1,800,,
18,cand,1480x800,idle-before,7,0,4073.238,0.0,,,0,0,0.331,0.006,21,1,5305,,
18,cand,1480x800,idle-before,8,0,4222.678,0.0,,,0,0,0.364,0.0,20,1,800,,
18,cand,1480x800,idle-before,9,0,4373.242,0.0,,,0,0,0.32,0.002,21,1,800,,
18,cand,1480x800,idle-before,10,0,4523.24,0.0,,,0,0,0.312,0.0,21,1,800,,
18,cand,1480x800,idle-before,11,0,4673.241,0.0,,,0,0,0.385,0.003,20,1,800,,
18,cand,1480x800,idle-before,12,0,4823.125,0.0,,,0,0,0.255,0.0,21,1,800,,
18,cand,1480x800,idle-before,13,0,4973.236,0.0,,,0,0,0.282,0.003,21,1,5274,,
18,cand,1480x800,idle-before,14,0,5123.234,0.0,,,0,0,0.283,0.0,21,1,800,,
18,cand,1480x800,idle-before,15,0,5273.253,0.0,,,0,0,0.274,0.0,20,1,800,,
18,cand,1480x800,idle-before,16,0,5423.239,0.0,,,0,0,0.282,0.003,21,1,5135,,
18,cand,1480x800,idle-before,17,0,5572.627,0.0,,,0,0,0.263,0.0,21,1,800,,
18,cand,1480x800,idle-before,18,0,5722.739,0.0,,,0,0,0.334,0.0,20,1,800,,
18,cand,1480x800,idle-before,19,0,5872.609,0.0,,,0,0,0.326,0.006,21,1,5302,,
18,cand,1480x800,recorded,0,1,6045.772,0.445,0.988,9.529,1,1,5.421,0.0,23,1,800,1,5295
18,cand,1480x800,recorded,1,1,6195.824,0.463,0.878,11.41,1,1,5.161,0.003,23,1,5184,1,5303
18,cand,1480x800,recorded,2,1,6345.927,0.438,0.851,14.463,1,1,5.326,0.0,22,1,800,1,5299
18,cand,1480x800,recorded,3,1,6496.402,0.401,0.829,8.352,1,1,5.272,0.0,23,1,800,1,5168
18,cand,1480x800,recorded,4,1,6646.122,0.411,0.816,10.579,1,1,5.198,0.003,23,1,800,1,5306
18,cand,1480x800,recorded,5,1,6795.945,0.404,0.879,13.742,1,1,5.268,0.0,22,1,800,1,5297
18,cand,1480x800,recorded,6,1,6946.395,0.328,0.856,15.306,1,1,5.179,0.0,23,1,5272,1,5292
18,cand,1480x800,recorded,7,1,7096.397,0.45,0.91,10.002,1,1,5.314,0.0,23,1,800,1,5299
18,cand,1480x800,recorded,8,1,7246.108,0.464,0.999,12.948,1,1,5.619,0.0,23,1,800,1,5300
18,cand,1480x800,recorded,9,1,7396.398,0.394,0.826,14.373,1,1,5.279,0.0,22,1,5296,1,5304
18,cand,1480x800,recorded,10,1,7545.811,0.387,0.818,9.974,1,1,5.303,0.0,23,1,800,1,5304
18,cand,1480x800,recorded,11,1,7696.318,0.38,0.826,11.423,1,1,5.306,0.034,23,1,800,1,5221
18,cand,1480x800,recorded,12,1,7846.411,0.377,0.813,13.894,1,1,5.186,0.002,22,1,800,1,5313
18,cand,1480x800,recorded,13,1,7996.389,0.371,0.792,9.249,1,1,5.3,0.005,23,1,800,1,5304
18,cand,1480x800,recorded,14,1,8145.823,0.391,0.796,11.777,1,1,5.219,0.016,23,1,5303,1,5293
18,cand,1480x800,recorded,15,1,8296.441,0.349,0.892,13.848,1,1,5.552,0.01,23,1,800,1,5300
18,cand,1480x800,recorded,16,1,8446.394,0.338,0.853,8.195,1,1,5.379,0.008,23,1,800,1,5289
18,cand,1480x800,recorded,17,1,8596.353,0.437,0.838,10.376,1,1,5.624,0.0,23,1,800,1,5100
18,cand,1480x800,recorded,18,1,8746.397,0.437,0.86,12.441,1,1,5.241,0.012,23,1,5267,1,5312
18,cand,1480x800,recorded,19,1,8896.393,0.413,0.828,14.627,1,1,5.014,0.0,23,1,5103,1,5287
18,cand,1480x800,recorded,20,1,9046.395,0.374,0.748,9.33,1,1,5.252,0.002,23,1,5117,1,5239
18,cand,1480x800,recorded,21,1,9195.742,0.424,0.789,12.331,1,1,5.149,0.003,23,1,5041,1,5297
18,cand,1480x800,recorded,22,1,9346.417,0.43,0.852,14.288,1,1,5.386,0.005,22,1,5182,1,5300
18,cand,1480x800,recorded,23,1,9496.437,0.447,0.869,9.204,1,1,5.32,0.0,23,1,800,1,5305
18,cand,1480x800,recorded,24,1,9645.94,0.443,0.847,11.746,1,1,5.294,0.0,23,1,5039,1,5300
18,cand,1480x800,recorded,25,1,9796.065,0.453,0.98,14.633,1,1,5.522,0.0,22,1,800,1,5098
18,cand,1480x800,recorded,26,1,9945.804,0.437,0.873,8.887,1,1,5.454,0.0,23,1,800,1,5314
18,cand,1480x800,recorded,27,1,10096.216,0.407,0.817,10.991,1,1,5.295,0.005,23,1,800,1,5311
18,cand,1480x800,recorded,28,1,10246.423,0.36,0.892,13.313,1,1,5.498,0.0,22,1,5263,1,5299
18,cand,1480x800,recorded,29,1,10396.393,0.409,0.941,15.465,1,1,5.357,0.003,23,1,5212,1,5298
18,cand,1480x800,recorded,30,-1,10546.346,0.46,0.913,10.283,1,1,5.411,0.004,23,1,5292,1,5166
18,cand,1480x800,recorded,31,-1,10696.402,0.367,0.916,12.384,1,1,5.427,0.0,22,1,800,1,5300
18,cand,1480x800,recorded,32,-1,10845.832,0.402,0.815,15.219,1,1,5.235,0.0,23,1,800,1,5300
18,cand,1480x800,recorded,33,-1,10996.396,0.412,0.807,9.071,1,1,5.273,0.003,23,1,800,1,5313
18,cand,1480x800,recorded,34,-1,11146.177,0.34,0.964,12.135,1,1,5.197,0.003,23,1,5253,1,5304
18,cand,1480x800,recorded,35,-1,11296.132,0.426,0.854,14.588,1,1,5.344,0.0,22,1,800,1,5305
18,cand,1480x800,recorded,36,-1,11446.393,0.424,0.83,9.446,1,1,5.205,0.005,24,1,800,1,5312
18,cand,1480x800,recorded,37,-1,11596.088,0.435,0.823,11.359,1,1,5.667,0.0,23,1,800,1,5104
18,cand,1480x800,recorded,38,-1,11745.758,0.419,0.818,14.073,1,1,5.267,0.003,22,1,5284,1,5301
18,cand,1480x800,recorded,39,-1,11896.401,0.426,0.862,8.353,1,1,5.474,0.002,23,1,800,1,5294
18,cand,1480x800,recorded,40,-1,12046.342,0.509,0.91,10.565,1,1,5.358,0.003,23,1,5290,1,5302
18,cand,1480x800,recorded,41,-1,12196.392,0.422,0.828,12.406,1,1,5.259,0.011,22,1,5123,1,5253
18,cand,1480x800,recorded,42,-1,12346.413,0.401,0.848,14.835,1,1,5.509,0.007,23,1,5293,1,5304
18,cand,1480x800,recorded,43,-1,12495.905,11.442,11.914,24.852,1,1,5.547,0.002,23,1,800,1,5296
18,cand,1480x800,recorded,44,-1,12645.819,0.321,0.835,12.879,1,1,6.232,0.002,23,1,5299,1,5257
18,cand,1480x800,recorded,45,-1,12796.411,0.346,0.884,14.378,1,1,5.366,0.0,22,1,800,1,5299
18,cand,1480x800,recorded,46,-1,12946.209,0.414,0.82,9.439,1,1,5.289,1.022,23,1,800,1,5310
18,cand,1480x800,recorded,47,-1,13095.839,0.499,1.05,11.881,1,1,5.734,0.013,23,3,4264,1,5000
18,cand,1480x800,recorded,48,-1,13246.188,0.426,0.852,13.95,1,1,5.182,0.0,22,3,800,3,5298
18,cand,1480x800,recorded,49,-1,13396.395,0.41,0.815,8.364,1,1,5.174,0.007,23,3,5300,3,5300
18,cand,1480x800,recorded,50,-1,13546.403,0.425,0.843,11.378,1,1,5.394,0.01,24,3,800,3,5301
18,cand,1480x800,recorded,51,-1,13696.104,0.414,0.794,13.72,1,1,5.141,0.003,22,3,800,3,5301
18,cand,1480x800,recorded,52,-1,13846.431,0.492,0.891,15.36,1,1,5.021,0.005,24,3,800,3,5291
18,cand,1480x800,recorded,53,-1,13996.391,0.412,0.805,9.984,1,1,5.08,0.011,24,3,800,3,5312
18,cand,1480x800,recorded,54,-1,14146.403,0.512,0.927,12.366,1,1,5.208,0.0,22,3,800,3,5301
18,cand,1480x800,recorded,55,-1,14296.415,0.42,0.831,14.68,1,1,5.277,0.0,23,3,800,3,5302
18,cand,1480x800,recorded,56,-1,14446.435,0.381,0.828,9.701,1,1,5.136,0.012,24,3,5097,3,5098
18,cand,1480x800,recorded,57,-1,14596.042,0.432,0.831,12.595,1,1,5.275,0.0,23,3,5302,3,5097
18,cand,1480x800,recorded,58,-1,14746.395,0.319,0.885,13.687,1,1,4.84,0.0,22,3,800,3,5298
18,cand,1480x800,recorded,59,-1,14895.762,0.446,0.901,9.589,1,1,4.921,0.003,23,3,5292,3,5304
18,cand,1480x800,recorded,60,1,15046.053,0.51,0.831,10.706,1,1,4.991,0.003,23,3,800,3,5282
18,cand,1480x800,recorded,61,1,15195.885,0.391,0.894,13.803,1,1,4.885,0.0,22,1,800,1,5290
18,cand,1480x800,recorded,62,1,15346.412,0.343,0.869,8.245,1,1,5.291,0.014,23,1,5300,1,5157
18,cand,1480x800,recorded,63,1,15495.896,0.42,0.837,10.812,1,1,5.292,0.003,23,1,800,1,5175
18,cand,1480x800,recorded,64,1,15646.4,0.324,0.856,13.16,1,1,4.962,0.01,22,1,5299,1,5289
18,cand,1480x800,recorded,65,1,15796.395,0.329,0.85,15.145,1,1,5.033,0.0,23,1,800,1,5309
18,cand,1480x800,recorded,66,1,15946.392,0.409,0.812,10.294,1,1,5.373,0.0,23,1,5301,1,5299
18,cand,1480x800,recorded,67,1,16095.946,0.421,0.816,12.792,1,1,4.983,0.0,23,1,5162,1,5300
18,cand,1480x800,recorded,68,1,16246.332,0.343,0.908,14.635,1,1,5.407,0.002,22,1,800,1,5300
18,cand,1480x800,recorded,69,1,16396.393,0.418,0.862,9.15,1,1,5.277,0.0,23,1,800,1,5292
18,cand,1480x800,recorded,70,1,16545.696,0.431,0.877,12.095,1,1,5.478,0.005,23,1,5260,1,5312
18,cand,1480x800,recorded,71,1,16695.744,0.411,0.817,14.109,1,1,5.193,0.003,22,1,800,1,5277
18,cand,1480x800,recorded,72,1,16846.392,0.411,0.82,8.595,1,1,5.112,0.008,23,1,800,1,5287
18,cand,1480x800,recorded,73,1,16996.406,0.394,0.819,10.803,1,1,5.407,0.003,23,1,800,1,5305
18,cand,1480x800,recorded,74,1,17146.058,0.405,0.878,13.65,1,1,5.117,0.0,22,1,5282,1,5178
18,cand,1480x800,recorded,75,1,17295.92,0.416,0.834,8.65,1,1,5.434,0.0,23,1,800,1,5300
18,cand,1480x800,recorded,76,1,17446.4,0.416,0.813,10.135,1,1,5.197,0.0,23,1,5105,1,5293
18,cand,1480x800,recorded,77,1,17596.361,0.396,0.836,12.642,1,1,5.56,0.0,22,1,800,1,5100
18,cand,1480x800,recorded,78,1,17745.83,0.344,0.869,15.182,1,1,5.349,0.0,23,1,800,1,5288
18,cand,1480x800,recorded,79,1,17896.393,0.327,0.868,9.341,1,1,5.209,0.005,23,1,800,1,5268
18,cand,1480x800,recorded,80,1,18045.824,0.432,0.839,11.907,1,1,5.134,0.002,23,1,800,1,5299
18,cand,1480x800,recorded,81,1,18196.395,0.408,0.811,13.405,1,1,5.096,0.003,22,1,800,1,5283
18,cand,1480x800,recorded,82,1,18346.016,0.425,0.848,9.734,1,1,5.383,0.002,23,1,5305,1,5091
18,cand,1480x800,recorded,83,1,18496.295,0.359,0.947,11.471,1,1,5.459,0.0,23,1,800,1,5297
18,cand,1480x800,recorded,84,1,18645.903,0.43,0.833,13.968,1,1,5.321,0.0,22,1,800,1,5296
18,cand,1480x800,recorded,85,1,18796.406,0.517,0.97,8.415,1,1,5.431,0.0,22,1,5188,1,5295
18,cand,1480x800,recorded,86,1,18945.826,0.398,0.797,10.548,1,1,5.086,0.003,23,1,800,1,5211
18,cand,1480x800,recorded,87,1,19096.396,0.366,0.875,13.282,1,1,5.273,0.003,22,1,5294,1,5296
18,cand,1480x800,recorded,88,1,19246.43,0.349,0.885,15.671,1,1,5.865,0.0,23,1,800,1,5295
18,cand,1480x800,recorded,89,1,19396.046,0.414,0.841,10.233,1,1,5.338,0.003,23,1,5303,1,5304
18,cand,1480x800,recorded,90,-1,19546.257,0.46,0.909,12.596,1,1,5.361,0.002,22,1,5299,1,5299
18,cand,1480x800,recorded,91,-1,19696.059,0.419,0.785,14.738,1,1,5.18,0.005,23,1,800,1,5299
18,cand,1480x800,recorded,92,-1,19846.414,0.446,0.906,9.362,1,1,5.445,0.012,23,1,5305,1,5292
18,cand,1480x800,recorded,93,-1,19995.841,0.413,0.831,11.902,1,1,5.225,0.016,23,1,5211,1,5114
18,cand,1480x800,recorded,94,-1,20146.339,0.329,0.879,14.357,1,1,5.204,0.0,22,1,800,1,5297
18,cand,1480x800,recorded,95,-1,20296.406,0.426,0.84,8.597,1,1,5.247,0.009,23,1,5298,1,5285
18,cand,1480x800,recorded,96,-1,20446.398,0.414,0.867,10.324,1,1,5.023,0.007,23,1,5100,1,5261
18,cand,1480x800,recorded,97,-1,20596.67,0.444,0.814,12.961,1,1,5.635,0.005,22,1,800,1,5116
18,cand,1480x800,recorded,98,-1,20746.109,0.41,0.754,7.719,1,1,5.326,0.023,23,1,800,1,5240
18,cand,1480x800,recorded,99,-1,20895.813,0.452,0.812,11.012,1,1,5.455,0.0,23,1,5113,1,5000
18,cand,1480x800,recorded,100,-1,21046.14,0.43,0.772,12.804,1,1,5.258,0.002,22,1,800,1,5100
18,cand,1480x800,recorded,101,-1,21196.394,0.426,0.863,14.506,1,1,5.036,0.0,23,1,800,1,5288
18,cand,1480x800,recorded,102,-1,21346.413,0.467,0.882,9.459,1,1,5.455,0.0,23,1,5292,1,5204
18,cand,1480x800,recorded,103,-1,21495.873,0.476,0.91,12.941,1,1,5.466,0.002,23,1,800,1,5312
18,cand,1480x800,recorded,104,-1,21646.396,0.432,0.84,14.448,1,1,5.381,0.003,22,3,5305,1,5305
18,cand,1480x800,recorded,105,-1,21796.394,0.428,0.834,9.295,1,1,5.048,0.002,23,3,5238,3,5293
18,cand,1480x800,recorded,106,-1,21946.262,0.437,0.829,11.332,1,1,5.114,0.0,23,3,800,3,5315
18,cand,1480x800,recorded,107,-1,22095.984,0.454,0.916,13.979,1,1,5.37,0.0,22,3,800,3,5300
18,cand,1480x800,recorded,108,-1,22246.412,0.376,0.875,8.326,1,1,5.462,0.0,23,3,800,3,5306
18,cand,1480x800,recorded,109,-1,22396.437,0.49,0.976,10.291,1,1,5.389,0.01,23,3,800,3,5312
18,cand,1480x800,recorded,110,-1,22546.234,0.606,1.018,13.666,1,1,5.388,0.004,22,3,5113,3,5297
18,cand,1480x800,recorded,111,-1,22696.089,0.443,0.838,15.046,1,1,4.988,0.038,23,1,5305,3,5317
18,cand,1480x800,recorded,112,-1,22846.393,0.442,0.834,9.633,1,1,5.145,0.0,23,1,800,1,5298
18,cand,1480x800,recorded,113,-1,22996.913,0.447,0.842,12.165,1,1,5.987,0.003,23,1,800,1,5300
18,cand,1480x800,recorded,114,-1,23146.691,0.425,0.788,14.022,1,1,5.086,0.0,22,1,800,1,5293
18,cand,1480x800,recorded,115,-1,23296.079,0.441,0.851,9.744,1,1,5.215,0.0,23,1,800,1,5291
18,cand,1480x800,recorded,116,-1,23445.747,0.433,0.794,11.991,1,1,4.949,0.039,23,4,5094,1,5254
18,cand,1480x800,recorded,117,-1,23596.269,0.421,0.817,14.11,1,1,5.39,0.004,22,4,5225,4,5097
18,cand,1480x800,recorded,118,-1,23746.393,0.392,0.862,8.308,1,1,4.804,0.005,23,4,800,4,5303
18,cand,1480x800,recorded,119,-1,23896.399,0.487,0.858,9.667,1,1,4.541,0.014,23,4,800,4,5306
18,cand,1480x800,idle-after,0,0,24068.836,0.0,,,0,0,0.287,0.0,21,4,5298,,
18,cand,1480x800,idle-after,1,0,24218.973,0.0,,,0,0,0.242,0.0,20,4,800,,
18,cand,1480x800,idle-after,2,0,24368.896,0.0,,,0,0,0.272,0.0,21,4,800,,
18,cand,1480x800,idle-after,3,0,24519.531,0.0,,,0,0,0.289,0.002,21,4,800,,
18,cand,1480x800,idle-after,4,0,24669.192,0.0,,,0,0,0.301,0.005,20,4,800,,
18,cand,1480x800,idle-after,5,0,24818.995,0.0,,,0,0,0.244,0.0,21,4,5265,,
18,cand,1480x800,idle-after,6,0,24969.567,0.0,,,0,0,0.24,0.0,21,4,800,,
18,cand,1480x800,idle-after,7,0,25118.991,0.0,,,0,0,0.254,0.0,20,4,800,,
18,cand,1480x800,idle-after,8,0,25269.586,0.0,,,0,0,0.303,0.0,21,4,800,,
18,cand,1480x800,idle-after,9,0,25418.987,0.0,,,0,0,0.241,0.004,21,4,800,,
18,cand,1480x800,idle-after,10,0,25569.005,0.0,,,0,0,0.267,0.0,21,4,5288,,
18,cand,1480x800,idle-after,11,0,25719.386,0.0,,,0,0,0.296,0.007,20,4,5276,,
18,cand,1480x800,idle-after,12,0,25869.563,0.0,,,0,0,0.246,0.0,21,4,800,,
18,cand,1480x800,idle-after,13,0,26019.552,0.0,,,0,0,0.312,0.0,21,4,800,,
18,cand,1480x800,idle-after,14,0,26169.329,0.0,,,0,0,0.287,0.006,20,4,800,,
18,cand,1480x800,idle-after,15,0,26319.578,0.0,,,0,0,0.277,0.0,21,4,800,,
18,cand,1480x800,idle-after,16,0,26469.563,0.0,,,0,0,0.251,0.0,21,4,800,,
18,cand,1480x800,idle-after,17,0,26619.512,0.0,,,0,0,0.229,0.0,20,4,800,,
18,cand,1480x800,idle-after,18,0,26769.571,0.0,,,0,0,0.291,0.005,21,4,5309,,
18,cand,1480x800,idle-after,19,0,26918.949,0.0,,,0,0,0.31,0.0,21,1,800,,
19,base,1480x800,warmup,0,1,0.0,0.397,0.782,,0,0,0.315,0.0,22,1,800,,
19,base,1480x800,warmup,1,1,150.625,0.458,0.836,11.527,1,1,5.289,0.005,23,1,5225,1,5295
19,base,1480x800,warmup,2,1,300.095,0.391,0.751,14.504,1,1,5.61,0.0,22,1,800,1,5112
19,base,1480x800,warmup,3,1,450.648,0.428,0.821,8.875,1,1,5.125,0.004,23,1,800,1,5297
19,base,1480x800,warmup,4,1,600.517,0.335,0.796,10.635,1,1,5.148,0.0,23,1,800,1,5291
19,base,1480x800,warmup,5,1,750.545,0.433,0.774,12.856,1,1,5.241,0.0,22,1,800,1,5270
19,base,1480x800,warmup,6,1,900.645,0.502,0.813,8.672,1,1,5.16,0.002,23,1,800,1,5252
19,base,1480x800,warmup,7,1,1050.669,0.394,0.857,10.35,1,1,5.251,0.002,23,7,5297,1,5234
19,base,1480x800,warmup,8,1,1200.06,0.46,0.785,13.209,1,1,5.64,0.0,22,7,800,7,5287
19,base,1480x800,warmup,9,1,1350.65,0.49,0.906,14.649,1,1,5.392,0.0,23,7,800,7,5277
19,base,1480x800,warmup,10,-1,1500.65,0.397,0.897,9.657,1,1,5.327,0.0,23,7,5260,7,5294
19,base,1480x800,warmup,11,-1,1650.076,0.446,0.899,12.378,1,1,5.534,0.0,22,7,5326,7,5304
19,base,1480x800,warmup,12,-1,1800.284,0.475,0.828,14.484,1,1,5.036,0.002,23,7,800,7,5181
19,base,1480x800,warmup,13,-1,1950.005,0.483,0.847,9.593,1,1,5.225,0.0,23,7,800,7,5027
19,base,1480x800,warmup,14,-1,2100.674,0.488,0.939,10.866,1,1,5.351,0.0,23,7,800,7,5304
19,base,1480x800,warmup,15,-1,2250.086,0.49,0.898,14.088,1,1,5.205,0.0,22,7,800,7,5316
19,base,1480x800,warmup,16,-1,2400.646,0.473,0.811,7.904,1,1,5.096,0.003,23,7,5024,7,5302
19,base,1480x800,warmup,17,-1,2550.078,0.47,0.773,10.636,1,1,4.998,0.003,23,7,800,7,5189
19,base,1480x800,warmup,18,-1,2699.997,0.451,0.831,13.204,1,1,4.842,0.0,22,7,800,7,5242
19,base,1480x800,warmup,19,-1,2850.646,0.386,0.864,14.558,1,1,4.938,0.0,23,7,800,7,5258
19,base,1480x800,idle-before,0,0,3023.589,0.0,,,0,0,0.25,0.0,21,7,800,,
19,base,1480x800,idle-before,1,0,3173.71,0.0,,,0,0,0.231,0.0,21,7,5118,,
19,base,1480x800,idle-before,2,0,3323.656,0.0,,,0,0,0.22,0.002,20,7,5254,,
19,base,1480x800,idle-before,3,0,3473.31,0.0,,,0,0,0.252,0.0,21,7,800,,
19,base,1480x800,idle-before,4,0,3623.705,0.0,,,0,0,0.343,0.004,21,7,5238,,
19,base,1480x800,idle-before,5,0,3773.701,0.0,,,0,0,0.239,0.0,20,7,800,,
19,base,1480x800,idle-before,6,0,3923.709,0.0,,,0,0,0.249,0.003,21,7,800,,
19,base,1480x800,idle-before,7,0,4073.711,0.0,,,0,0,0.259,0.0,21,7,5295,,
19,base,1480x800,idle-before,8,0,4223.197,0.0,,,0,0,0.248,0.0,20,7,5301,,
19,base,1480x800,idle-before,9,0,4373.177,0.0,,,0,0,0.254,0.0,21,7,800,,
19,base,1480x800,idle-before,10,0,4523.798,0.0,,,0,0,0.275,0.0,21,7,800,,
19,base,1480x800,idle-before,11,0,4673.71,0.0,,,0,0,0.302,0.0,21,1,800,,
19,base,1480x800,idle-before,12,0,4823.292,0.0,,,0,0,0.253,0.0,20,1,800,,
19,base,1480x800,idle-before,13,0,4973.728,0.0,,,0,0,0.255,0.004,21,1,800,,
19,base,1480x800,idle-before,14,0,5123.054,0.0,,,0,0,0.298,0.005,21,1,800,,
19,base,1480x800,idle-before,15,0,5273.058,0.0,,,0,0,0.246,0.0,20,1,5188,,
19,base,1480x800,idle-before,16,0,5423.709,0.0,,,0,0,0.257,0.0,21,1,800,,
19,base,1480x800,idle-before,17,0,5572.995,0.0,,,0,0,0.258,0.0,21,1,800,,
19,base,1480x800,idle-before,18,0,5723.704,0.0,,,0,0,0.246,0.0,20,1,800,,
19,base,1480x800,idle-before,19,0,5872.985,0.0,,,0,0,0.256,0.003,21,1,5298,,
19,base,1480x800,recorded,0,1,6046.869,0.461,0.924,15.182,1,1,5.414,0.006,23,1,800,1,5307
19,base,1480x800,recorded,1,1,6196.946,1.94,9.682,17.679,1,1,5.674,0.0,23,1,800,1,5100
19,base,1480x800,recorded,2,1,6346.847,0.489,0.798,12.474,1,1,5.293,0.003,22,1,5311,1,5101
19,base,1480x800,recorded,3,1,6496.764,0.471,0.833,14.423,1,1,5.265,0.0,23,1,800,1,5272
19,base,1480x800,recorded,4,1,6646.964,0.533,0.957,10.07,1,1,5.522,0.009,23,1,5305,1,5297
19,base,1480x800,recorded,5,1,6796.285,0.459,0.738,12.031,1,1,5.023,0.01,23,1,800,1,5308
19,base,1480x800,recorded,6,1,6946.594,0.408,0.892,14.149,1,1,5.272,0.0,22,1,5287,1,5312
19,base,1480x800,recorded,7,1,7096.317,0.492,0.822,9.246,1,1,5.315,0.0,23,1,800,1,5297
19,base,1480x800,recorded,8,1,7247.003,0.5,0.836,11.069,1,1,5.681,0.0,23,1,800,1,5293
19,base,1480x800,recorded,9,1,7396.352,0.461,0.812,13.703,1,1,5.294,0.036,22,1,800,1,5300
19,base,1480x800,recorded,10,1,7546.825,0.576,0.89,7.828,1,1,5.354,0.006,23,1,800,1,5306
19,base,1480x800,recorded,11,1,7696.94,0.484,0.798,10.236,1,1,5.393,0.003,23,1,800,1,5299
19,base,1480x800,recorded,12,1,7846.918,0.498,0.845,12.668,1,1,5.179,0.006,22,1,5306,1,5308
19,base,1480x800,recorded,13,1,7996.95,0.526,0.874,15.438,1,1,5.42,0.0,23,1,800,1,5182
19,base,1480x800,recorded,14,1,8146.686,0.452,0.776,10.465,1,1,5.36,0.12,23,7,5304,1,5175
19,base,1480x800,recorded,15,1,8296.871,0.533,0.829,13.006,1,1,5.467,0.008,22,7,5246,7,5304
19,base,1480x800,recorded,16,1,8446.367,0.525,0.793,14.346,1,1,5.111,0.005,23,7,5232,7,5311
19,base,1480x800,recorded,17,1,8596.677,0.45,0.804,9.885,1,1,5.268,0.011,23,7,5271,7,5300
19,base,1480x800,recorded,18,1,8746.534,0.452,0.801,11.685,1,1,5.262,0.0,23,7,800,7,5182
19,base,1480x800,recorded,19,1,8896.517,0.452,0.759,13.75,1,1,5.077,0.001,22,7,5263,7,5248
19,base,1480x800,recorded,20,1,9046.318,0.48,0.807,9.872,1,1,5.604,0.01,23,7,5279,7,5304
19,base,1480x800,recorded,21,1,9196.937,1.331,8.079,18.216,1,1,6.046,0.008,23,7,800,7,5131
19,base,1480x800,recorded,22,1,9346.554,0.49,0.792,14.112,1,1,5.454,0.005,22,7,800,7,5058
19,base,1480x800,recorded,23,1,9496.934,0.399,0.847,8.116,1,1,5.36,0.0,22,7,800,7,5304
19,base,1480x800,recorded,24,1,9646.937,0.51,0.814,9.854,1,1,5.277,0.0,23,7,800,7,5310
19,base,1480x800,recorded,25,1,9796.935,0.444,0.772,12.689,1,1,5.331,0.005,22,7,800,7,5154
19,base,1480x800,recorded,26,1,9946.593,0.467,0.745,14.884,1,1,5.313,0.013,23,7,5284,7,5301
19,base,1480x800,recorded,27,1,10096.939,0.53,0.827,10.163,1,1,5.349,0.003,23,7,800,7,5310
19,base,1480x800,recorded,28,1,10247.013,0.48,0.779,12.108,1,1,5.603,0.004,22,7,5301,7,5309
19,base,1480x800,recorded,29,1,10396.315,0.439,0.717,14.341,1,1,5.276,0.013,23,7,5306,7,5307
19,base,1480x800,recorded,30,-1,10546.935,0.448,0.78,9.535,1,1,5.411,0.0,23,7,800,7,5296
19,base,1480x800,recorded,31,-1,10696.724,0.464,0.746,10.784,1,1,5.158,0.006,23,7,800,7,5294
19,base,1480x800,recorded,32,-1,10846.369,0.462,0.831,14.754,1,1,5.377,0.003,22,7,800,7,5154
19,base,1480x800,recorded,33,-1,10996.96,0.529,0.812,8.587,1,1,5.656,0.003,23,7,800,7,5301
19,base,1480x800,recorded,34,-1,11146.923,0.46,0.785,11.258,1,1,5.364,0.017,23,7,800,7,5169
19,base,1480x800,recorded,35,-1,11296.726,0.464,0.864,13.506,1,1,5.441,0.0,22,7,800,7,5304
19,base,1480x800,recorded,36,-1,11446.858,0.491,0.842,14.805,1,1,5.258,0.0,23,7,800,7,5226
19,base,1480x800,recorded,37,-1,11596.819,0.568,0.896,9.51,1,1,5.351,0.0,23,7,800,7,5297
19,base,1480x800,recorded,38,-1,11746.992,0.46,0.75,12.972,1,1,5.372,0.011,23,1,5299,7,5301
19,base,1480x800,recorded,39,-1,11896.33,0.464,0.794,14.645,1,1,5.183,0.0,23,1,800,1,5299
19,base,1480x800,recorded,40,-1,12046.547,0.487,0.8,9.616,1,1,5.457,0.01,23,1,5300,1,5222
19,base,1480x800,recorded,41,-1,12196.937,1.419,2.164,15.995,1,1,5.945,0.036,24,1,5099,1,5102
19,base,1480x800,recorded,42,-1,12346.734,0.455,0.803,14.393,1,1,5.424,0.006,22,1,5299,1,5106
19,base,1480x800,recorded,43,-1,12496.934,0.506,0.909,9.021,1,1,5.412,0.008,23,1,800,1,5291
19,base,1480x800,recorded,44,-1,12646.865,0.529,1.044,11.684,1,1,6.726,0.004,23,1,800,1,5000
19,base,1480x800,recorded,45,-1,12796.468,0.474,0.833,14.38,1,1,5.419,0.005,22,1,5268,1,5295
19,base,1480x800,recorded,46,-1,12946.494,0.488,0.804,10.554,1,1,5.668,0.003,23,1,800,1,5293
19,base,1480x800,recorded,47,-1,13096.975,0.441,0.765,10.983,1,1,5.523,0.008,23,1,5257,1,5143
19,base,1480x800,recorded,48,-1,13246.961,0.497,0.811,12.417,1,1,5.58,0.003,22,1,800,1,5302
19,base,1480x800,recorded,49,-1,13396.488,0.479,0.719,15.512,1,1,5.215,0.003,23,1,800,1,5299
19,base,1480x800,recorded,50,-1,13546.822,0.473,0.843,10.25,1,1,5.429,0.003,23,1,800,1,5298
19,base,1480x800,recorded,51,-1,13696.936,0.441,0.793,11.83,1,1,5.191,0.006,23,1,800,1,5292
19,base,1480x800,recorded,52,-1,13846.76,0.403,0.791,13.453,1,1,5.075,0.006,22,1,5151,1,5285
19,base,1480x800,recorded,53,-1,13996.296,0.476,0.768,9.285,1,1,5.165,0.003,23,1,800,1,5301
19,base,1480x800,recorded,54,-1,14146.936,0.411,0.746,11.66,1,1,5.208,0.003,23,1,800,1,5164
19,base,1480x800,recorded,55,-1,14296.593,0.483,0.844,14.605,1,1,5.276,0.004,22,1,800,1,5292
19,base,1480x800,recorded,56,-1,14446.354,0.514,0.731,9.752,1,1,5.272,0.013,23,1,800,1,5296
19,base,1480x800,recorded,57,-1,14596.693,0.45,0.774,11.25,1,1,5.019,0.003,23,1,800,1,5294
19,base,1480x800,recorded,58,-1,14746.869,0.457,0.777,12.461,1,1,4.957,0.0,22,1,800,1,5280
19,base,1480x800,recorded,59,-1,14896.701,0.448,0.782,14.627,1,1,4.944,0.0,23,1,800,1,5303
19,base,1480x800,recorded,60,1,15046.964,0.5,0.809,9.333,1,1,5.267,0.003,23,1,800,1,5272
19,base,1480x800,recorded,61,1,15196.937,1.158,7.691,19.565,1,1,5.824,0.004,22,1,5097,1,5112
19,base,1480x800,recorded,62,1,15346.595,0.485,0.827,15.549,1,1,5.645,0.003,23,1,800,1,5107
19,base,1480x800,recorded,63,1,15496.933,0.455,0.778,9.623,1,1,5.189,0.008,23,1,800,1,5235
19,base,1480x800,recorded,64,1,15646.848,0.401,0.785,12.348,1,1,5.052,0.007,23,1,5294,1,5286
19,base,1480x800,recorded,65,1,15796.391,0.462,0.776,14.378,1,1,5.037,0.003,22,1,800,1,5101
19,base,1480x800,recorded,66,1,15946.935,0.457,0.786,8.916,1,1,5.286,0.0,23,1,800,1,5157
19,base,1480x800,recorded,67,1,16096.922,0.464,0.808,11.069,1,1,5.486,0.01,23,1,800,1,5223
19,base,1480x800,recorded,68,1,16246.481,0.495,0.822,14.446,1,1,5.464,0.006,22,1,800,1,5205
19,base,1480x800,recorded,69,1,16396.932,0.463,0.79,7.409,1,1,5.22,0.003,22,1,800,1,5296
19,base,1480x800,recorded,70,1,16546.952,0.46,0.822,11.147,1,1,6.087,0.003,23,1,800,1,5155
19,base,1480x800,recorded,71,1,16696.377,0.492,0.785,13.831,1,1,5.378,0.0,22,1,800,1,5291
19,base,1480x800,recorded,72,1,16846.355,0.459,0.735,7.772,1,1,5.173,0.014,22,7,5299,1,5312
19,base,1480x800,recorded,73,1,16996.603,0.474,0.781,10.58,1,1,5.524,0.014,23,7,800,7,5134
19,base,1480x800,recorded,74,1,17146.512,0.466,0.749,12.667,1,1,5.325,0.004,22,7,800,7,5310
19,base,1480x800,recorded,75,1,17296.927,0.564,0.919,14.261,1,1,5.497,0.004,23,7,800,7,5257
19,base,1480x800,recorded,76,1,17446.928,0.506,0.782,9.379,1,1,5.542,0.062,24,2,5104,7,5308
19,base,1480x800,recorded,77,1,17596.937,0.503,0.793,12.084,1,1,5.302,0.008,23,2,5296,2,5071
19,base,1480x800,recorded,78,1,17746.587,0.465,0.765,14.514,1,1,5.103,0.0,22,2,5152,2,5292
19,base,1480x800,recorded,79,1,17896.931,0.545,0.781,8.08,1,1,5.147,0.003,23,2,5296,2,5302
19,base,1480x800,recorded,80,1,18046.559,0.477,0.791,11.724,1,1,5.379,0.006,23,2,800,2,5315
19,base,1480x800,recorded,81,1,18196.78,1.876,9.528,20.233,1,1,5.673,0.0,22,2,800,2,5310
19,base,1480x800,recorded,82,1,18346.288,0.54,0.86,8.398,1,1,5.447,0.0,23,2,800,2,5099
19,base,1480x800,recorded,83,1,18496.939,0.439,0.766,10.215,1,1,5.316,0.0,23,2,800,2,5157
19,base,1480x800,recorded,84,1,18646.936,0.464,0.78,12.745,1,1,5.077,0.006,22,2,5283,2,5300
19,base,1480x800,recorded,85,1,18796.548,0.445,0.754,15.573,1,1,5.136,0.003,23,2,800,2,5310
19,base,1480x800,recorded,86,1,18946.574,0.445,0.701,9.837,1,1,5.059,0.005,23,2,800,2,5180
19,base,1480x800,recorded,87,1,19096.289,0.476,0.771,13.473,1,1,5.541,0.003,23,2,5306,2,5306
19,base,1480x800,recorded,88,1,19246.703,0.446,0.798,15.519,1,1,5.617,0.003,22,2,5257,2,5300
19,base,1480x800,recorded,89,1,19396.949,0.487,0.836,9.178,1,1,5.285,0.0,23,2,800,2,5167
19,base,1480x800,recorded,90,-1,19546.941,0.448,0.777,10.96,1,1,5.259,0.0,23,2,800,2,5164
19,base,1480x800,recorded,91,-1,19696.612,0.539,0.769,13.532,1,1,5.273,0.0,22,2,800,2,5310
19,base,1480x800,recorded,92,-1,19846.882,0.46,0.783,7.982,1,1,5.422,0.0,23,2,800,2,5307
19,base,1480x800,recorded,93,-1,19996.958,0.484,0.804,11.109,1,1,5.561,0.005,23,2,800,2,5298
19,base,1480x800,recorded,94,-1,20146.94,0.529,0.949,13.201,1,1,5.079,0.003,22,2,800,2,5310
19,base,1480x800,recorded,95,-1,20296.361,0.458,0.821,8.22,1,1,5.337,0.003,22,2,800,2,5195
19,base,1480x800,recorded,96,-1,20446.938,0.457,0.83,9.769,1,1,5.095,0.003,23,2,5278,2,5239
19,base,1480x800,recorded,97,-1,20596.974,0.5,0.829,12.174,1,1,5.196,0.0,23,2,800,2,5184
19,base,1480x800,recorded,98,-1,20746.956,0.496,0.911,14.408,1,1,5.378,0.005,22,2,5095,2,5293
19,base,1480x800,recorded,99,-1,20896.933,0.57,0.939,8.801,1,1,5.331,0.0,23,2,5262,2,5297
19,base,1480x800,recorded,100,-1,21046.954,0.485,0.861,12.061,1,1,5.53,0.006,23,2,800,2,5300
19,base,1480x800,recorded,101,-1,21197.028,1.576,8.56,21.174,1,1,5.697,0.0,22,2,5105,2,5296
19,base,1480x800,recorded,102,-1,21346.862,0.411,0.825,8.749,1,1,5.504,0.014,23,2,5233,2,5113
19,base,1480x800,recorded,103,-1,21496.805,0.452,0.853,11.376,1,1,5.421,0.0,23,2,800,2,5301
19,base,1480x800,recorded,104,-1,21646.829,0.459,0.864,13.269,1,1,5.553,0.0,22,2,800,2,5107
19,base,1480x800,recorded,105,-1,21796.678,0.465,0.817,8.065,1,1,5.094,0.0,22,2,800,2,5013
19,base,1480x800,recorded,106,-1,21946.937,0.51,0.884,9.845,1,1,5.168,0.0,23,2,800,2,5192
19,base,1480x800,recorded,107,-1,22097.006,0.47,0.839,13.327,1,1,5.5,0.0,22,2,800,2,5300
19,base,1480x800,recorded,108,-1,22246.743,0.586,0.888,14.636,1,1,5.358,0.0,23,2,800,2,5292
19,base,1480x800,recorded,109,-1,22396.938,0.581,0.953,9.106,1,1,5.4,0.0,23,2,800,2,5294
19,base,1480x800,recorded,110,-1,22546.941,0.475,0.873,12.336,1,1,5.538,0.0,23,2,5270,2,5293
19,base,1480x800,recorded,111,-1,22696.347,0.599,0.864,14.565,1,1,4.991,0.0,22,2,5268,2,5301
19,base,1480x800,recorded,112,-1,22846.696,0.443,0.814,9.055,1,1,5.198,0.002,23,2,800,2,5237
19,base,1480x800,recorded,113,-1,22996.303,0.464,0.826,12.764,1,1,6.145,0.0,23,2,800,2,5262
19,base,1480x800,recorded,114,-1,23146.717,0.449,0.825,13.791,1,1,4.938,0.005,22,3,5294,2,5206
19,base,1480x800,recorded,115,-1,23296.791,0.51,0.907,8.083,1,1,5.233,0.003,23,3,800,3,5287
19,base,1480x800,recorded,116,-1,23446.945,0.49,0.89,10.801,1,1,5.01,0.003,23,3,800,3,5299
19,base,1480x800,recorded,117,-1,23596.731,0.443,0.785,12.837,1,1,4.903,0.004,22,3,800,3,5213
19,base,1480x800,recorded,118,-1,23746.423,0.431,0.769,7.024,1,1,4.938,0.003,22,3,5297,3,5307
19,base,1480x800,recorded,119,-1,23896.944,0.489,0.899,8.84,1,1,4.627,0.0,23,3,5268,3,5225
19,base,1480x800,idle-after,0,0,24070.002,0.0,,,0,0,0.252,0.0,21,3,5262,,
19,base,1480x800,idle-after,1,0,24220.151,0.0,,,0,0,0.264,0.003,20,3,5103,,
19,base,1480x800,idle-after,2,0,24369.721,0.0,,,0,0,0.275,0.003,21,3,800,,
19,base,1480x800,idle-after,3,0,24520.122,0.0,,,0,0,0.271,0.004,21,3,800,,
19,base,1480x800,idle-after,4,0,24670.132,0.0,,,0,0,0.274,0.003,21,3,5289,,
19,base,1480x800,idle-after,5,0,24820.125,0.0,,,0,0,0.259,0.008,20,2,5317,,
19,base,1480x800,idle-after,6,0,24970.016,0.0,,,0,0,0.239,0.04,21,2,800,,
19,base,1480x800,idle-after,7,0,25119.79,0.0,,,0,0,0.259,0.003,21,2,5237,,
19,base,1480x800,idle-after,8,0,25270.055,0.0,,,0,0,0.347,0.003,20,2,800,,
19,base,1480x800,idle-after,9,0,25419.889,0.0,,,0,0,0.258,0.003,21,2,800,,
19,base,1480x800,idle-after,10,0,25570.126,0.0,,,0,0,0.254,0.0,21,2,800,,
19,base,1480x800,idle-after,11,0,25719.693,0.0,,,0,0,0.269,0.0,20,2,800,,
19,base,1480x800,idle-after,12,0,25869.668,0.0,,,0,0,0.339,0.0,21,2,800,,
19,base,1480x800,idle-after,13,0,26019.636,0.0,,,0,0,0.251,0.0,21,2,800,,
19,base,1480x800,idle-after,14,0,26169.364,0.0,,,0,0,0.27,0.0,20,2,800,,
19,base,1480x800,idle-after,15,0,26319.987,0.0,,,0,0,0.256,0.0,21,2,800,,
19,base,1480x800,idle-after,16,0,26469.99,0.0,,,0,0,0.278,0.004,21,2,800,,
19,base,1480x800,idle-after,17,0,26619.854,0.0,,,0,0,0.286,0.0,20,2,800,,
19,base,1480x800,idle-after,18,0,26769.348,0.0,,,0,0,0.279,0.0,21,2,800,,
19,base,1480x800,idle-after,19,0,26920.087,0.0,,,0,0,0.282,0.0,21,2,800,,
20,cand,461x490,warmup,0,1,0.0,0.433,0.795,,0,0,0.279,0.006,21,0,5299,,
20,cand,461x490,warmup,1,1,149.793,0.473,0.794,7.959,1,1,3.645,0.0,23,0,800,0,5300
20,cand,461x490,warmup,2,1,300.084,0.438,0.769,9.109,1,1,3.493,0.0,23,0,5272,0,5287
20,cand,461x490,warmup,3,1,449.712,0.473,0.811,11.163,1,1,3.447,0.009,22,0,5279,0,5300
20,cand,461x490,warmup,4,1,599.757,0.495,0.817,6.116,1,1,3.172,0.01,23,0,5303,0,5300
20,cand,461x490,warmup,5,1,749.619,0.635,0.863,8.113,1,1,3.458,0.002,23,0,5280,0,5282
20,cand,461x490,warmup,6,1,899.478,0.435,0.768,11.33,1,1,3.286,0.0,22,0,5303,0,5300
20,cand,461x490,warmup,7,1,1049.764,0.469,0.825,5.218,1,1,3.423,0.0,23,5,5246,0,5300
20,cand,461x490,warmup,8,1,1199.992,0.46,0.825,7.137,1,1,3.431,0.0,23,5,5303,5,5279
20,cand,461x490,warmup,9,1,1349.916,0.434,0.853,9.485,1,1,3.08,0.018,22,5,5240,5,5299
20,cand,461x490,warmup,10,-1,1500.079,0.446,0.803,11.688,1,1,3.228,0.0,23,5,800,5,5300
20,cand,461x490,warmup,11,-1,1649.466,0.386,0.897,7.107,1,1,3.305,0.002,23,5,800,5,5300
20,cand,461x490,warmup,12,-1,1799.925,0.495,0.836,9.844,1,1,3.552,0.009,24,5,800,5,5099
20,cand,461x490,warmup,13,-1,1950.078,0.483,0.797,10.568,1,1,3.238,0.003,23,5,5308,5,5300
20,cand,461x490,warmup,14,-1,2100.09,0.498,0.827,7.064,2,2,5.949,0.003,25,5,800,5,5300
20,cand,461x490,warmup,15,-1,2249.646,0.435,0.819,8.895,1,1,3.076,0.022,23,5,5252,5,5282
20,cand,461x490,warmup,16,-1,2399.702,0.506,0.805,11.952,1,1,3.36,0.0,21,5,800,5,5300
20,cand,461x490,warmup,17,-1,2550.076,0.488,0.783,5.112,1,1,3.304,0.007,23,5,800,5,5282
20,cand,461x490,warmup,18,-1,2700.096,0.489,0.847,7.449,1,1,3.176,0.004,23,5,800,5,5300
20,cand,461x490,warmup,19,-1,2850.087,0.499,0.837,10.689,1,1,3.509,0.0,22,5,800,5,5244
20,cand,461x490,idle-before,0,0,3022.659,0.0,,,0,0,0.256,0.0,20,5,800,,
20,cand,461x490,idle-before,1,0,3172.708,0.0,,,0,0,0.273,0.0,21,5,800,,
20,cand,461x490,idle-before,2,0,3322.57,0.0,,,0,0,0.28,0.0,21,5,800,,
20,cand,461x490,idle-before,3,0,3472.405,0.0,,,0,0,0.267,0.0,20,5,800,,
20,cand,461x490,idle-before,4,0,3623.053,0.0,,,0,0,0.251,0.003,21,5,5313,,
20,cand,461x490,idle-before,5,0,3772.964,0.0,,,0,0,0.26,0.004,21,5,5300,,
20,cand,461x490,idle-before,6,0,3922.528,0.0,,,0,0,0.285,0.0,20,5,5087,,
20,cand,461x490,idle-before,7,0,4072.968,0.0,,41.929,1,1,3.404,0.003,23,5,800,,
20,cand,461x490,idle-before,8,0,4222.433,0.0,,,0,0,0.307,0.027,21,5,800,,
20,cand,461x490,idle-before,9,0,4372.72,0.0,,,0,0,0.323,0.0,21,5,800,,
20,cand,461x490,idle-before,10,0,4522.965,0.0,,,0,0,0.244,0.0,20,5,800,,
20,cand,461x490,idle-before,11,0,4673.048,0.0,,43.567,1,1,3.266,0.0,23,5,800,,
20,cand,461x490,idle-before,12,0,4822.818,0.0,,,0,0,0.264,0.0,21,5,800,,
20,cand,461x490,idle-before,13,0,4972.723,0.0,,,0,0,0.262,0.0,20,5,800,,
20,cand,461x490,idle-before,14,0,5123.051,0.0,,,0,0,0.25,0.006,21,5,5207,,
20,cand,461x490,idle-before,15,0,5272.399,0.0,,,0,0,0.242,0.0,21,5,5292,,
20,cand,461x490,idle-before,16,0,5422.799,0.0,,,0,0,0.259,0.0,20,5,5311,,
20,cand,461x490,idle-before,17,0,5573.048,0.0,,,0,0,0.263,0.0,21,5,5293,,
20,cand,461x490,idle-before,18,0,5722.54,0.0,,,0,0,0.247,0.003,21,5,5301,,
20,cand,461x490,idle-before,19,0,5872.724,0.0,,,0,0,0.338,0.0,21,5,5291,,
20,cand,461x490,recorded,0,1,6045.707,0.535,0.892,11.736,1,1,3.517,0.0,22,5,800,5,5300
20,cand,461x490,recorded,1,1,6195.455,0.51,0.817,6.437,1,1,3.104,0.003,23,5,800,5,5300
20,cand,461x490,recorded,2,1,6345.834,0.495,0.809,8.11,1,1,3.162,0.0,23,5,5292,5,5300
20,cand,461x490,recorded,3,1,6495.459,0.485,0.808,11.141,1,1,3.16,0.0,22,5,800,5,5291
20,cand,461x490,recorded,4,1,6646.109,0.427,0.864,12.56,1,1,3.009,0.0,23,0,800,0,5312
20,cand,461x490,recorded,5,1,6795.497,0.407,0.828,8.231,1,1,3.318,0.003,23,0,800,0,5300
20,cand,461x490,recorded,6,1,6946.122,0.468,0.818,8.811,1,1,3.341,0.006,23,0,5102,0,5300
20,cand,461x490,recorded,7,1,7096.092,0.407,0.816,11.564,1,1,3.608,0.006,22,0,800,0,5100
20,cand,461x490,recorded,8,1,7245.734,0.545,0.93,6.928,1,1,3.42,0.002,23,0,800,0,5262
20,cand,461x490,recorded,9,1,7396.113,0.468,0.71,8.504,1,1,3.18,0.003,23,0,800,0,5300
20,cand,461x490,recorded,10,1,7545.772,0.491,0.803,11.691,1,1,3.123,0.0,22,0,800,0,5291
20,cand,461x490,recorded,11,1,7696.111,0.464,0.779,5.095,1,1,3.219,0.003,23,0,800,0,5277
20,cand,461x490,recorded,12,1,7846.024,0.502,0.82,8.166,1,1,3.482,0.0,23,0,5284,0,5300
20,cand,461x490,recorded,13,1,7996.313,0.522,0.94,10.594,2,2,6.156,0.004,24,0,5271,0,5209
20,cand,461x490,recorded,14,1,8146.301,0.502,0.793,12.547,1,1,3.187,0.004,23,0,5219,0,5300
20,cand,461x490,recorded,15,1,8295.545,0.52,0.819,7.339,1,1,3.347,0.002,23,0,800,0,5300
20,cand,461x490,recorded,16,1,8446.188,0.533,0.918,10.196,1,1,3.444,0.0,23,0,800,0,5303
20,cand,461x490,recorded,17,1,8596.11,0.471,0.793,11.504,1,1,3.398,0.003,22,0,5301,0,5300
20,cand,461x490,recorded,18,1,8745.934,0.542,0.884,7.524,1,1,3.436,0.0,23,0,800,0,5295
20,cand,461x490,recorded,19,1,8895.46,0.483,0.793,9.238,1,1,3.321,0.01,23,0,5123,0,5300
20,cand,461x490,recorded,20,1,9046.092,0.502,0.816,11.77,1,1,3.239,0.003,22,0,800,0,5300
20,cand,461x490,recorded,21,1,9195.721,0.474,0.806,5.649,1,1,3.156,0.005,23,0,800,0,5300
20,cand,461x490,recorded,22,1,9346.155,0.507,0.85,8.593,1,1,3.542,0.014,23,0,5182,0,5300
20,cand,461x490,recorded,23,1,9495.463,0.476,0.828,11.384,1,1,3.228,0.0,22,0,800,0,5264
20,cand,461x490,recorded,24,1,9646.105,0.467,0.784,4.946,2,2,6.091,0.003,25,0,5314,0,5282
20,cand,461x490,recorded,25,1,9795.769,0.525,0.84,7.985,1,1,3.218,0.0,23,0,5298,0,5300
20,cand,461x490,recorded,26,1,9946.109,0.48,0.791,10.394,1,1,3.113,0.0,22,0,800,0,5300
20,cand,461x490,recorded,27,1,10095.929,0.387,0.805,12.823,1,1,3.571,0.002,23,0,800,0,5100
20,cand,461x490,recorded,28,1,10245.805,0.484,0.8,6.841,1,1,3.316,0.0,23,0,800,0,5300
20,cand,461x490,recorded,29,1,10396.116,0.453,0.829,9.347,1,1,3.398,0.0,22,0,800,0,5300
20,cand,461x490,recorded,30,-1,10545.504,0.559,0.847,12.205,1,1,3.268,0.0,23,0,800,0,5300
20,cand,461x490,recorded,31,-1,10696.107,0.469,0.712,6.97,1,1,3.266,0.002,23,0,5285,0,5279
20,cand,461x490,recorded,32,-1,10845.813,0.478,0.809,8.877,1,1,3.257,0.0,22,0,5170,0,5300
20,cand,461x490,recorded,33,-1,10995.822,0.49,0.844,11.692,1,1,3.262,0.0,22,0,5299,0,5295
20,cand,461x490,recorded,34,-1,11145.915,0.522,0.885,5.864,1,1,3.524,0.0,23,0,5242,0,5251
20,cand,461x490,recorded,35,-1,11295.93,0.487,0.795,8.622,1,1,3.451,0.0,23,0,800,0,5300
20,cand,461x490,recorded,36,-1,11446.113,0.48,0.794,10.665,1,1,3.216,0.0,22,0,800,0,5300
20,cand,461x490,recorded,37,-1,11595.459,0.477,0.905,6.072,1,1,3.461,0.003,23,0,5310,0,5291
20,cand,461x490,recorded,38,-1,11746.043,0.525,0.842,7.277,1,1,4.186,0.002,23,0,800,0,5097
20,cand,461x490,recorded,39,-1,11896.122,0.479,0.84,9.775,1,1,3.378,0.003,23,0,5270,0,5300
20,cand,461x490,recorded,40,-1,12046.156,0.506,0.835,12.385,1,1,3.503,0.0,22,0,800,0,5300
20,cand,461x490,recorded,41,-1,12196.11,0.485,0.796,7.347,1,1,3.349,0.003,23,0,800,0,5300
20,cand,461x490,recorded,42,-1,12346.111,0.472,0.78,8.673,1,1,3.379,0.003,23,0,5247,0,5271
20,cand,461x490,recorded,43,-1,12496.154,0.497,0.805,11.761,2,2,6.001,0.008,24,0,5295,0,5093
20,cand,461x490,recorded,44,-1,12646.087,0.529,0.77,6.65,1,1,3.215,0.006,23,0,5303,0,5300
20,cand,461x490,recorded,45,-1,12796.187,0.527,0.861,7.911,1,1,3.489,0.006,23,0,800,0,5274
20,cand,461x490,recorded,46,-1,12945.539,0.474,0.91,11.296,1,1,3.112,0.004,22,0,5110,0,5300
20,cand,461x490,recorded,47,-1,13095.509,0.468,0.942,6.358,1,1,3.515,0.003,22,0,5084,0,5100
20,cand,461x490,recorded,48,-1,13245.504,0.396,0.848,8.237,1,1,3.348,0.0,23,0,5315,0,5100
20,cand,461x490,recorded,49,-1,13396.142,0.539,0.913,10.7,1,1,3.638,0.0,22,0,5273,0,5300
20,cand,461x490,recorded,50,-1,13546.113,0.522,0.848,12.87,1,1,3.365,0.011,23,0,800,0,5311
20,cand,461x490,recorded,51,-1,13695.868,0.471,0.79,7.852,1,1,3.458,0.005,23,0,800,0,5300
20,cand,461x490,recorded,52,-1,13846.136,0.536,0.877,9.763,1,1,3.482,0.0,23,0,5315,0,5300
20,cand,461x490,recorded,53,-1,13996.12,0.497,0.786,11.604,1,1,3.275,0.003,22,0,800,0,5300
20,cand,461x490,recorded,54,-1,14145.724,0.489,0.799,7.326,2,2,6.09,0.002,25,0,5076,0,5300
20,cand,461x490,recorded,55,-1,14296.08,0.437,0.753,9.154,1,1,3.307,0.0,23,0,800,0,5300
20,cand,461x490,recorded,56,-1,14445.862,0.465,0.782,11.653,1,1,3.211,0.005,22,0,5291,0,5297
20,cand,461x490,recorded,57,-1,14595.816,0.5,0.827,6.077,1,1,3.383,0.007,23,0,5313,0,5300
20,cand,461x490,recorded,58,-1,14745.555,0.484,0.867,8.895,1,1,3.421,0.0,23,0,800,0,5298
20,cand,461x490,recorded,59,-1,14895.764,0.48,0.904,10.801,1,1,3.055,0.002,22,0,800,0,5300
20,cand,461x490,recorded,60,1,15046.113,0.506,0.818,12.767,1,1,3.383,0.0,23,0,5259,0,5300
20,cand,461x490,recorded,61,1,15195.578,0.48,0.861,8.403,1,1,3.158,0.003,23,0,5140,0,5300
20,cand,461x490,recorded,62,1,15346.112,0.469,0.804,9.771,1,1,3.231,0.0,22,0,800,0,5300
20,cand,461x490,recorded,63,1,15496.111,0.49,0.781,12.136,1,1,3.127,0.0,23,0,800,0,5300
20,cand,461x490,recorded,64,1,15646.009,0.495,0.864,6.542,1,1,2.984,0.0,23,0,800,0,5300
20,cand,461x490,recorded,65,1,15796.152,0.55,0.901,9.188,1,1,3.331,0.0,23,0,800,0,5285
20,cand,461x490,recorded,66,1,15946.114,0.464,0.78,11.069,1,1,3.155,0.006,22,0,800,0,5300
20,cand,461x490,recorded,67,1,16096.04,0.508,0.851,6.82,1,1,3.603,0.013,23,0,5228,0,5100
20,cand,461x490,recorded,68,1,16245.529,0.457,0.833,8.688,1,1,3.317,0.002,23,0,800,0,5300
20,cand,461x490,recorded,69,1,16395.571,0.502,0.794,11.005,1,1,3.095,0.002,22,0,5199,0,5300
20,cand,461x490,recorded,70,1,16546.11,0.48,0.794,5.293,1,1,3.106,0.002,23,0,800,0,5300
20,cand,461x490,recorded,71,1,16695.46,0.41,0.821,8.426,1,1,3.007,0.005,23,0,800,0,5300
20,cand,461x490,recorded,72,1,16846.136,0.507,0.839,10.375,1,1,3.302,0.0,22,0,5288,0,5301
20,cand,461x490,recorded,73,1,16996.124,0.545,0.799,12.425,2,2,6.262,0.0,25,0,5300,0,5300
20,cand,461x490,recorded,74,1,17145.414,0.483,0.82,7.341,1,1,3.188,0.011,23,0,800,0,5300
20,cand,461x490,recorded,75,1,17296.117,0.532,0.844,9.396,1,1,3.181,0.0,23,0,800,0,5300
20,cand,461x490,recorded,76,1,17446.116,0.412,0.9,11.588,1,1,3.249,0.0,22,0,800,0,5300
20,cand,461x490,recorded,77,1,17596.108,0.489,0.807,6.747,1,1,3.161,0.0,23,0,5300,0,5300
20,cand,461x490,recorded,78,1,17745.834,0.576,0.898,9.039,1,1,3.178,0.0,23,0,800,0,5300
20,cand,461x490,recorded,79,1,17895.911,0.489,0.758,11.551,1,1,3.166,0.0,22,5,800,0,5178
20,cand,461x490,recorded,80,1,18045.466,0.502,0.804,6.726,1,1,3.221,0.0,23,5,5296,5,5300
20,cand,461x490,recorded,81,1,18195.761,0.443,0.837,8.096,1,1,3.158,0.005,23,5,5296,5,5300
20,cand,461x490,recorded,82,1,18345.584,0.414,0.822,10.871,1,1,3.162,0.015,22,5,800,5,5295
20,cand,461x490,recorded,83,1,18496.136,0.54,0.843,12.748,1,1,3.391,0.0,23,5,5313,5,5265
20,cand,461x490,recorded,84,1,18645.454,0.476,0.798,8.335,2,2,5.827,0.005,25,5,800,5,5300
20,cand,461x490,recorded,85,1,18796.091,0.494,0.766,9.843,1,1,3.181,0.002,22,5,800,5,5300
20,cand,461x490,recorded,86,1,18945.456,0.491,0.811,5.339,1,1,3.077,0.004,22,5,5095,5,5296
20,cand,461x490,recorded,87,1,19096.074,0.519,0.789,7.125,1,1,3.431,0.0,23,5,800,5,5100
20,cand,461x490,recorded,88,1,19245.745,0.599,0.963,9.024,1,1,3.148,0.002,23,5,800,5,5300
20,cand,461x490,recorded,89,1,19396.111,0.508,0.819,11.588,1,1,3.14,0.0,22,5,800,5,5213
20,cand,461x490,recorded,90,-1,19545.752,0.499,0.775,6.531,1,1,3.137,0.017,23,5,800,5,5300
20,cand,461x490,recorded,91,-1,19695.988,0.482,0.786,8.525,1,1,3.073,0.002,23,5,800,5,5300
20,cand,461x490,recorded,92,-1,19845.664,0.564,0.885,11.285,1,1,3.167,0.0,22,5,5291,5,5300
20,cand,461x490,recorded,93,-1,19995.465,0.476,0.863,6.049,1,1,3.24,0.0,23,5,800,5,5300
20,cand,461x490,recorded,94,-1,20145.498,0.45,0.835,8.349,1,1,3.156,0.0,23,5,800,5,5300
20,cand,461x490,recorded,95,-1,20295.602,0.445,0.813,10.77,1,1,3.141,0.009,22,0,5167,5,5300
20,cand,461x490,recorded,96,-1,20445.699,0.429,0.838,5.164,1,1,3.11,0.0,22,0,800,0,5300
20,cand,461x490,recorded,97,-1,20596.115,0.487,0.801,7.201,1,1,3.138,0.0,23,0,5313,0,5285
20,cand,461x490,recorded,98,-1,20745.717,0.608,0.936,10.062,1,1,3.634,0.0,22,0,5312,0,5300
20,cand,461x490,recorded,99,-1,20895.529,0.435,0.811,13.057,1,1,3.448,0.003,23,0,5314,0,5296
20,cand,461x490,recorded,100,-1,21046.12,0.506,0.883,7.196,1,1,3.616,0.002,23,5,800,0,5222
20,cand,461x490,recorded,101,-1,21196.151,0.449,0.765,8.556,1,1,3.229,0.002,23,5,800,5,5300
20,cand,461x490,recorded,102,-1,21345.961,0.485,0.802,11.723,1,1,3.331,0.004,22,5,800,5,5170
20,cand,461x490,recorded,103,-1,21496.103,0.468,0.719,6.457,2,2,6.339,0.0,25,5,5291,5,5300
20,cand,461x490,recorded,104,-1,21645.613,0.351,0.873,8.639,1,1,3.105,0.003,23,5,800,5,5300
20,cand,461x490,recorded,105,-1,21795.696,0.495,0.921,11.229,1,1,3.242,0.0,22,5,800,5,5289
20,cand,461x490,recorded,106,-1,21945.458,0.43,0.849,6.217,1,1,3.049,0.006,23,5,800,5,5300
20,cand,461x490,recorded,107,-1,22095.927,0.548,0.877,7.912,1,1,3.457,0.003,23,5,800,5,5100
20,cand,461x490,recorded,108,-1,22245.535,0.547,0.818,10.134,1,1,3.125,0.0,22,5,5177,5,5300
20,cand,461x490,recorded,109,-1,22395.663,0.506,0.978,12.655,1,1,3.598,0.0,23,5,800,5,5114
20,cand,461x490,recorded,110,-1,22545.711,0.442,0.777,6.947,1,1,3.363,0.0,23,5,800,5,5300
20,cand,461x490,recorded,111,-1,22695.447,0.543,0.866,9.943,1,1,3.154,0.005,21,5,5109,5,5300
20,cand,461x490,recorded,112,-1,22845.527,0.417,0.856,12.315,1,1,3.446,0.0,23,5,5300,5,5101
20,cand,461x490,recorded,113,-1,22995.5,0.492,0.891,6.937,1,1,3.266,0.002,23,5,800,5,5290
20,cand,461x490,recorded,114,-1,23145.465,0.498,0.869,9.061,2,2,5.796,0.01,25,5,5303,5,5300
20,cand,461x490,recorded,115,-1,23295.418,0.496,0.859,11.424,1,1,3.123,0.01,22,5,5297,5,5300
20,cand,461x490,recorded,116,-1,23445.933,0.53,0.888,5.913,1,1,3.341,0.0,23,5,800,5,5300
20,cand,461x490,recorded,117,-1,23595.437,0.491,0.813,8.679,1,1,3.269,0.0,23,5,5216,5,5289
20,cand,461x490,recorded,118,-1,23745.487,0.396,0.963,10.852,1,1,3.515,0.0,22,5,5302,5,5300
20,cand,461x490,recorded,119,-1,23895.455,0.492,0.829,5.12,1,1,2.986,0.0,23,5,800,5,5300
20,cand,461x490,idle-after,0,0,24069.926,0.0,,,0,0,0.276,0.049,21,5,5241,,
20,cand,461x490,idle-after,1,0,24220.047,0.0,,,0,0,0.272,0.003,21,5,5299,,
20,cand,461x490,idle-after,2,0,24369.575,0.0,,,0,0,0.262,0.0,21,5,5301,,
20,cand,461x490,idle-after,3,0,24520.046,0.0,,,0,0,0.238,0.0,20,5,5210,,
20,cand,461x490,idle-after,4,0,24670.047,0.0,,,0,0,0.249,0.0,21,5,800,,
20,cand,461x490,idle-after,5,0,24820.142,0.0,,,0,0,0.274,0.006,21,5,5241,,
20,cand,461x490,idle-after,6,0,24969.405,0.0,,,0,0,0.24,0.002,20,5,5071,,
20,cand,461x490,idle-after,7,0,25119.957,0.0,,,0,0,0.28,0.003,21,5,800,,
20,cand,461x490,idle-after,8,0,25269.394,0.0,,,0,0,0.325,0.0,21,5,5192,,
20,cand,461x490,idle-after,9,0,25419.446,0.0,,,0,0,0.238,0.0,20,5,800,,
20,cand,461x490,idle-after,10,0,25569.457,0.0,,,0,0,0.3,0.0,21,5,800,,
20,cand,461x490,idle-after,11,0,25720.05,0.0,,,0,0,0.308,0.0,21,5,800,,
20,cand,461x490,idle-after,12,0,25869.754,0.0,,,0,0,0.234,0.002,20,5,800,,
20,cand,461x490,idle-after,13,0,26019.492,0.0,,,0,0,0.294,0.0,21,5,800,,
20,cand,461x490,idle-after,14,0,26169.701,0.0,,,0,0,0.247,0.039,21,7,5048,,
20,cand,461x490,idle-after,15,0,26320.048,0.0,,,0,0,0.265,0.003,20,7,5000,,
20,cand,461x490,idle-after,16,0,26469.501,0.0,,,0,0,0.341,0.011,21,7,800,,
20,cand,461x490,idle-after,17,0,26619.986,0.0,,,0,0,0.285,0.0,21,7,5145,,
20,cand,461x490,idle-after,18,0,26769.761,0.0,,,0,0,0.302,0.003,21,7,5220,,
20,cand,461x490,idle-after,19,0,26919.721,0.0,,,0,0,0.28,0.035,20,7,800,,
21,base,461x490,warmup,0,1,0.0,0.431,0.792,,0,0,0.264,0.0,21,2,800,,
21,base,461x490,warmup,1,1,150.362,0.489,0.946,5.804,1,1,3.742,0.004,22,2,800,2,5084
21,base,461x490,warmup,2,1,299.93,0.472,0.782,7.73,1,1,3.184,0.002,23,2,5175,2,5300
21,base,461x490,warmup,3,1,450.499,0.404,0.801,10.135,1,1,3.078,0.0,22,2,800,2,5300
21,base,461x490,warmup,4,1,600.522,0.419,0.794,12.506,1,1,3.258,0.002,23,2,5302,2,5300
21,base,461x490,warmup,5,1,749.912,0.504,0.795,6.687,1,1,3.134,0.0,23,2,800,2,5300
21,base,461x490,warmup,6,1,900.51,0.46,0.818,8.419,1,1,3.335,0.0,23,2,800,2,5300
21,base,461x490,warmup,7,1,1050.006,0.519,0.81,11.994,1,1,3.162,0.0,22,2,5051,2,5300
21,base,461x490,warmup,8,1,1200.104,0.487,0.796,6.817,1,1,3.104,0.003,23,2,800,2,5300
21,base,461x490,warmup,9,1,1350.51,0.469,0.812,8.377,1,1,3.078,0.008,23,2,800,2,5300
21,base,461x490,warmup,10,-1,1499.987,0.459,0.764,11.224,1,1,3.333,0.016,22,2,5303,2,5294
21,base,461x490,warmup,11,-1,1650.069,0.497,0.823,5.372,1,1,3.293,0.002,23,2,5308,2,5300
21,base,461x490,warmup,12,-1,1800.007,0.517,0.883,8.302,1,1,3.321,0.015,22,2,5146,2,5298
21,base,461x490,warmup,13,-1,1950.504,0.472,0.78,10.497,1,1,3.143,0.008,22,2,5189,2,5300
21,base,461x490,warmup,14,-1,2100.498,0.422,0.804,12.434,2,2,5.662,0.008,25,2,5194,2,5300
21,base,461x490,warmup,15,-1,2249.937,0.479,0.792,7.344,1,1,3.251,0.011,23,2,5293,2,5270
21,base,461x490,warmup,16,-1,2400.503,0.399,0.797,9.344,1,1,3.152,0.004,23,2,5288,2,5300
21,base,461x490,warmup,17,-1,2550.518,0.507,0.909,12.186,1,1,3.33,0.0,22,2,800,2,5202
21,base,461x490,warmup,18,-1,2700.507,0.475,0.807,7.071,1,1,3.089,0.002,23,2,800,2,5300
21,base,461x490,warmup,19,-1,2850.521,0.454,0.808,8.216,1,1,3.21,0.0,23,2,5003,2,5300
21,base,461x490,idle-before,0,0,3022.985,0.0,,,0,0,0.24,0.0,20,2,800,,
21,base,461x490,idle-before,1,0,3173.24,0.0,,,0,0,0.281,0.003,21,2,5251,,
21,base,461x490,idle-before,2,0,3322.749,0.0,,,0,0,0.28,0.0,21,2,800,,
21,base,461x490,idle-before,3,0,3473.234,0.0,,,0,0,0.255,0.0,21,2,800,,
21,base,461x490,idle-before,4,0,3623.25,0.0,,,0,0,0.235,0.0,20,2,5305,,
21,base,461x490,idle-before,5,0,3773.24,0.0,,,0,0,0.295,0.0,21,2,800,,
21,base,461x490,idle-before,6,0,3922.834,0.0,,,0,0,0.247,0.003,21,2,800,,
21,base,461x490,idle-before,7,0,4073.039,0.0,,47.609,1,1,3.297,0.0,22,2,5040,,
21,base,461x490,idle-before,8,0,4222.58,0.0,,,0,0,0.25,0.0,21,2,800,,
21,base,461x490,idle-before,9,0,4373.138,0.0,,,0,0,0.25,0.003,21,2,800,,
21,base,461x490,idle-before,10,0,4522.927,0.0,,,0,0,0.264,0.003,20,2,800,,
21,base,461x490,idle-before,11,0,4673.238,0.0,,41.655,1,1,3.265,0.002,23,3,800,,
21,base,461x490,idle-before,12,0,4822.682,0.0,,,0,0,0.249,0.0,21,3,5276,,
21,base,461x490,idle-before,13,0,4972.886,0.0,,,0,0,0.259,0.005,20,3,800,,
21,base,461x490,idle-before,14,0,5123.235,0.0,,,0,0,0.27,0.003,21,3,800,,
21,base,461x490,idle-before,15,0,5272.866,0.0,,,0,0,0.275,0.0,21,2,5307,,
21,base,461x490,idle-before,16,0,5422.887,0.0,,,0,0,0.299,0.003,21,2,5297,,
21,base,461x490,idle-before,17,0,5573.256,0.0,,,0,0,0.278,0.0,20,2,5297,,
21,base,461x490,idle-before,18,0,5722.883,0.0,,,0,0,0.246,0.0,21,2,5295,,
21,base,461x490,idle-before,19,0,5873.026,0.0,,,0,0,0.25,0.0,21,2,800,,
21,base,461x490,recorded,0,1,6045.697,0.44,1.0,10.644,1,1,3.525,0.0,22,2,5310,2,5292
21,base,461x490,recorded,1,1,6195.484,0.488,0.846,12.247,1,1,3.323,0.003,23,2,800,2,5254
21,base,461x490,recorded,2,1,6345.567,0.458,0.778,6.768,1,1,3.116,0.002,23,2,800,2,5300
21,base,461x490,recorded,3,1,6496.211,0.434,0.763,9.141,1,1,3.133,0.0,22,2,800,2,5300
21,base,461x490,recorded,4,1,6645.959,0.497,0.812,11.107,1,1,3.133,0.005,22,2,800,2,5209
21,base,461x490,recorded,5,1,6795.556,0.483,0.84,6.985,1,1,3.16,0.002,23,2,800,2,5300
21,base,461x490,recorded,6,1,6946.195,0.455,0.766,8.616,1,1,3.1,0.006,23,2,5297,2,5300
21,base,461x490,recorded,7,1,7095.578,0.453,0.767,11.516,1,1,3.199,0.003,22,2,800,2,5305
21,base,461x490,recorded,8,1,7245.542,0.447,0.809,6.558,1,1,3.248,0.003,23,3,800,3,5115
21,base,461x490,recorded,9,1,7395.432,0.45,0.696,8.567,1,1,3.057,0.005,23,3,5248,3,5300
21,base,461x490,recorded,10,1,7546.218,0.461,0.777,10.167,1,1,3.27,0.002,22,3,800,3,5271
21,base,461x490,recorded,11,1,7695.544,0.456,0.73,4.982,1,1,3.19,0.002,23,3,5114,3,5300
21,base,461x490,recorded,12,1,7846.198,0.47,0.83,6.755,1,1,3.373,0.004,23,3,5214,3,5100
21,base,461x490,recorded,13,1,7996.206,0.452,0.824,9.156,2,2,6.022,0.002,24,3,800,3,5300
21,base,461x490,recorded,14,1,8145.703,0.515,0.876,12.172,1,1,3.123,0.0,23,3,800,3,5201
21,base,461x490,recorded,15,1,8295.641,0.474,0.823,7.029,1,1,3.302,0.007,23,3,5196,3,5299
21,base,461x490,recorded,16,1,8446.205,0.418,0.799,8.664,1,1,3.048,0.003,23,3,5303,3,5300
21,base,461x490,recorded,17,1,8596.133,0.469,0.785,10.941,1,1,3.303,0.011,22,3,5117,3,5234
21,base,461x490,recorded,18,1,8745.684,5.632,6.06,13.303,1,1,3.283,0.012,23,2,5100,3,5300
21,base,461x490,recorded,19,1,8895.706,0.484,0.831,8.207,1,1,3.29,0.0,23,3,5229,3,5100
21,base,461x490,recorded,20,1,9045.784,0.4,0.771,10.874,1,1,3.13,0.003,22,3,800,3,5300
21,base,461x490,recorded,21,1,9196.051,0.361,0.773,12.533,1,1,3.283,0.005,23,3,5300,3,5300
21,base,461x490,recorded,22,1,9345.922,0.464,0.781,7.563,1,1,3.213,0.003,23,3,800,3,5296
21,base,461x490,recorded,23,1,9496.209,0.439,0.775,9.678,1,1,3.125,0.006,22,3,5301,3,5300
21,base,461x490,recorded,24,1,9645.573,0.426,0.926,12.842,2,2,6.308,0.005,25,3,800,3,5306
21,base,461x490,recorded,25,1,9795.917,0.499,0.815,7.011,1,1,3.072,0.0,23,3,800,3,5282
21,base,461x490,recorded,26,1,9946.223,0.453,0.742,9.075,1,1,3.125,0.043,23,3,5122,3,5297
21,base,461x490,recorded,27,1,10095.957,0.46,0.765,11.601,1,1,3.165,0.0,22,3,5305,3,5301
21,base,461x490,recorded,28,1,10245.655,0.458,0.909,6.306,1,1,3.282,0.0,23,3,800,3,5300
21,base,461x490,recorded,29,1,10395.55,0.5,0.897,8.914,1,1,3.157,0.003,23,3,800,3,5300
21,base,461x490,recorded,30,-1,10546.179,0.463,0.77,10.581,1,1,3.327,0.0,22,3,800,3,5300
21,base,461x490,recorded,31,-1,10695.542,0.452,0.755,6.447,1,1,3.118,0.005,23,3,5102,3,5297
21,base,461x490,recorded,32,-1,10845.834,0.466,0.825,8.07,1,1,3.366,0.0,23,3,5162,3,5100
21,base,461x490,recorded,33,-1,10995.586,0.539,0.884,10.418,1,1,3.115,0.0,22,3,800,3,5300
21,base,461x490,recorded,34,-1,11145.882,0.381,0.8,12.549,1,1,3.064,0.0,23,3,5093,3,5300
21,base,461x490,recorded,35,-1,11296.153,0.442,0.755,6.991,1,1,3.136,0.003,23,3,800,3,5300
21,base,461x490,recorded,36,-1,11446.205,0.446,0.761,8.629,1,1,3.115,0.003,23,3,5302,3,5300
21,base,461x490,recorded,37,-1,11596.275,0.478,0.793,11.746,1,1,3.24,0.0,22,3,5309,3,5261
21,base,461x490,recorded,38,-1,11745.888,0.452,0.754,6.232,1,1,3.163,0.0,23,3,5301,3,5300
21,base,461x490,recorded,39,-1,11896.219,0.47,0.792,9.118,1,1,4.091,0.003,23,3,800,3,5166
21,base,461x490,recorded,40,-1,12045.545,0.454,0.738,12.025,1,1,3.207,0.006,22,3,800,3,5282
21,base,461x490,recorded,41,-1,12195.546,0.444,0.755,6.441,1,1,3.222,0.0,23,3,5282,3,5300
21,base,461x490,recorded,42,-1,12345.658,0.462,0.767,8.264,1,1,3.261,0.003,23,3,800,3,5300
21,base,461x490,recorded,43,-1,12496.062,0.463,0.769,10.37,2,2,6.004,0.011,24,3,800,3,5300
21,base,461x490,recorded,44,-1,12646.005,0.479,0.771,13.175,1,1,3.164,0.039,22,1,5185,1,5101
21,base,461x490,recorded,45,-1,12795.9,0.502,0.862,7.756,1,1,3.263,0.004,23,2,800,2,5300
21,base,461x490,recorded,46,-1,12946.004,0.472,0.784,9.998,1,1,3.033,0.004,23,2,800,2,5300
21,base,461x490,recorded,47,-1,13096.204,0.449,0.77,11.899,1,1,3.007,0.005,22,2,5238,2,5300
21,base,461x490,recorded,48,-1,13245.894,0.399,0.798,7.068,1,1,3.175,0.0,23,2,800,2,5292
21,base,461x490,recorded,49,-1,13395.695,0.372,0.842,9.194,1,1,3.19,0.0,23,2,5308,2,5300
21,base,461x490,recorded,50,-1,13546.193,0.476,0.812,11.852,1,1,3.512,0.0,22,2,5302,2,5300
21,base,461x490,recorded,51,-1,13696.207,0.46,0.775,6.549,1,1,3.117,0.007,23,2,5174,2,5300
21,base,461x490,recorded,52,-1,13845.877,0.496,0.889,8.783,1,1,3.534,0.002,23,2,800,2,5100
21,base,461x490,recorded,53,-1,13995.655,0.467,0.814,11.364,1,1,3.01,0.0,22,2,5278,2,5300
21,base,461x490,recorded,54,-1,14146.204,0.463,0.782,4.898,2,2,5.727,0.003,25,2,800,2,5300
21,base,461x490,recorded,55,-1,14295.629,0.479,0.796,8.329,1,1,3.102,0.0,23,2,800,2,5257
21,base,461x490,recorded,56,-1,14446.203,0.45,0.745,10.228,1,1,3.124,0.0,22,2,800,2,5300
21,base,461x490,recorded,57,-1,14595.936,0.484,0.815,12.971,1,1,3.372,0.0,22,2,800,2,5300
21,base,461x490,recorded,58,-1,14745.884,0.421,0.808,7.186,1,1,3.29,0.002,23,1,5205,1,5300
21,base,461x490,recorded,59,-1,14895.893,0.471,0.848,9.66,1,1,3.183,0.003,22,1,5296,1,5300
21,base,461x490,recorded,60,1,15045.544,0.452,0.764,12.346,1,1,3.33,0.002,23,1,5187,1,5300
21,base,461x490,recorded,61,1,15195.974,0.56,0.904,7.899,1,1,3.86,0.002,23,1,800,1,5237
21,base,461x490,recorded,62,1,15345.843,0.582,0.878,9.228,1,1,3.108,0.002,23,1,800,1,5300
21,base,461x490,recorded,63,1,15495.878,0.437,0.784,10.854,1,1,3.127,0.0,22,1,5288,1,5280
21,base,461x490,recorded,64,1,15645.563,0.466,0.805,6.401,1,1,3.173,0.002,23,1,800,1,5300
21,base,461x490,recorded,65,1,15795.563,0.474,0.901,8.014,1,1,3.174,0.03,23,1,5264,1,5300
21,base,461x490,recorded,66,1,15946.062,0.522,0.829,10.852,1,1,3.231,0.004,21,1,800,1,5295
21,base,461x490,recorded,67,1,16096.198,0.453,0.744,12.695,1,1,3.154,0.0,23,1,5294,1,5300
21,base,461x490,recorded,68,1,16245.913,0.49,0.754,7.577,1,1,3.194,0.0,23,1,800,1,5300
21,base,461x490,recorded,69,1,16396.201,0.395,0.788,9.499,1,1,3.029,0.006,23,3,5301,1,5300
21,base,461x490,recorded,70,1,16546.232,0.474,0.799,12.042,1,1,3.232,0.0,22,3,800,3,5197
21,base,461x490,recorded,71,1,16695.907,0.435,0.768,7.03,1,1,2.998,0.002,23,3,800,3,5300
21,base,461x490,recorded,72,1,16846.168,0.471,0.818,8.903,1,1,3.382,0.0,23,3,5218,3,5100
21,base,461x490,recorded,73,1,16996.203,0.458,0.759,11.282,2,2,5.84,0.002,24,3,800,3,5173
21,base,461x490,recorded,74,1,17146.159,0.451,0.765,6.405,1,1,3.049,0.008,23,3,5256,3,5296
21,base,461x490,recorded,75,1,17295.872,0.486,0.808,7.983,1,1,3.136,0.0,23,3,800,3,5300
21,base,461x490,recorded,76,1,17445.62,0.397,0.786,11.379,1,1,3.085,0.0,22,3,5213,3,5300
21,base,461x490,recorded,77,1,17596.224,0.481,0.744,5.043,1,1,3.342,0.004,23,3,800,3,5296
21,base,461x490,recorded,78,1,17745.834,0.462,0.808,8.139,1,1,3.047,0.002,23,3,800,3,5285
21,base,461x490,recorded,79,1,17896.212,0.45,0.793,9.958,1,1,3.23,0.002,22,3,5301,3,5233
21,base,461x490,recorded,80,1,18046.207,0.551,0.853,12.505,1,1,3.138,0.0,23,3,800,3,5220
21,base,461x490,recorded,81,1,18195.933,0.437,0.796,6.962,1,1,3.332,0.005,23,1,5001,3,5300
21,base,461x490,recorded,82,1,18345.98,0.527,1.033,9.622,1,1,3.613,0.004,23,1,800,1,5000
21,base,461x490,recorded,83,1,18496.206,0.491,0.834,11.76,1,1,3.251,0.0,22,1,800,1,5273
21,base,461x490,recorded,84,1,18645.779,0.456,0.873,6.773,2,2,5.994,0.008,25,1,800,1,5300
21,base,461x490,recorded,85,1,18796.111,0.472,0.856,8.773,1,1,3.433,0.0,23,1,800,1,5300
21,base,461x490,recorded,86,1,18945.563,0.437,0.968,12.329,1,1,3.613,0.003,22,1,5233,1,5300
21,base,461x490,recorded,87,1,19095.441,0.474,0.821,6.448,1,1,3.285,0.004,23,1,800,1,5300
21,base,461x490,recorded,88,1,19245.551,0.408,0.884,8.25,1,1,3.209,0.004,23,1,800,1,5300
21,base,461x490,recorded,89,1,19395.552,0.49,0.815,11.282,1,1,3.266,0.008,22,1,5191,1,5240
21,base,461x490,recorded,90,-1,19546.254,0.472,0.801,12.857,1,1,3.531,0.0,23,1,800,1,5310
21,base,461x490,recorded,91,-1,19695.783,0.332,0.8,7.549,1,1,3.283,0.006,23,1,800,1,5300
21,base,461x490,recorded,92,-1,19845.597,0.446,0.793,10.37,1,1,3.623,0.0,22,1,800,1,5100
21,base,461x490,recorded,93,-1,19995.548,0.456,0.712,12.346,1,1,3.115,0.0,23,1,800,1,5300
21,base,461x490,recorded,94,-1,20145.888,0.492,0.791,6.952,1,1,3.334,0.0,23,1,800,1,5300
21,base,461x490,recorded,95,-1,20295.538,0.504,0.909,9.95,1,1,3.592,0.0,23,1,5226,1,5265
21,base,461x490,recorded,96,-1,20445.631,0.438,0.811,12.025,1,1,3.083,0.004,22,1,5278,1,5300
21,base,461x490,recorded,97,-1,20596.219,0.472,0.808,6.247,1,1,3.527,0.002,23,1,800,1,5300
21,base,461x490,recorded,98,-1,20745.756,0.449,0.766,8.973,1,1,3.352,0.005,23,1,800,1,5300
21,base,461x490,recorded,99,-1,20895.708,0.356,0.841,11.312,1,1,3.402,0.003,22,1,5122,1,5300
21,base,461x490,recorded,100,-1,21046.204,0.456,0.757,5.718,1,1,3.297,0.007,23,1,5298,1,5300
21,base,461x490,recorded,101,-1,21195.629,0.382,0.88,8.248,1,1,3.298,0.004,23,1,800,1,5300
21,base,461x490,recorded,102,-1,21346.204,0.403,0.787,10.147,1,1,3.291,0.0,21,3,800,1,5302
21,base,461x490,recorded,103,-1,21496.2,0.44,0.766,12.625,2,2,6.887,0.005,25,3,800,3,5303
21,base,461x490,recorded,104,-1,21645.716,0.447,0.883,8.037,1,1,3.2,0.002,23,3,800,3,5299
21,base,461x490,recorded,105,-1,21795.921,0.487,0.777,9.066,1,1,3.451,0.027,22,3,5298,3,5278
21,base,461x490,recorded,106,-1,21945.767,0.301,0.775,12.328,1,1,3.092,0.0,23,3,800,3,5261
21,base,461x490,recorded,107,-1,22095.821,0.385,0.779,6.629,1,1,3.032,0.002,23,3,5275,3,5300
21,base,461x490,recorded,108,-1,22245.95,0.465,0.789,8.888,1,1,3.271,0.0,23,3,5260,3,5300
21,base,461x490,recorded,109,-1,22395.961,0.445,0.755,11.843,1,1,3.459,0.004,22,3,800,3,5300
21,base,461x490,recorded,110,-1,22546.219,0.468,0.78,5.724,1,1,3.444,0.004,23,3,800,3,5300
21,base,461x490,recorded,111,-1,22695.549,0.458,0.763,8.554,1,1,3.145,0.011,23,3,5262,3,5300
21,base,461x490,recorded,112,-1,22845.644,0.388,0.847,10.642,1,1,3.532,0.0,22,3,5305,3,5101
21,base,461x490,recorded,113,-1,22995.708,0.404,0.821,5.151,1,1,3.158,0.002,23,3,5257,3,5300
21,base,461x490,recorded,114,-1,23145.877,0.439,0.793,7.47,2,2,5.77,0.004,25,1,800,3,5294
21,base,461x490,recorded,115,-1,23295.902,0.533,0.86,9.589,1,1,3.073,0.002,22,1,800,1,5300
21,base,461x490,recorded,116,-1,23446.25,0.477,0.781,11.676,1,1,3.181,0.0,23,1,800,1,5300
21,base,461x490,recorded,117,-1,23595.909,0.492,0.796,7.295,1,1,3.338,0.014,22,1,800,1,5300
21,base,461x490,recorded,118,-1,23746.222,0.447,0.765,8.552,1,1,3.303,0.0,23,3,800,1,5300
21,base,461x490,recorded,119,-1,23896.288,0.476,0.795,11.459,1,1,3.08,0.006,22,3,5231,3,5301
21,base,461x490,idle-after,0,0,24069.818,0.0,,,0,0,0.284,0.0,20,3,800,,
21,base,461x490,idle-after,1,0,24219.896,0.0,,,0,0,0.269,0.0,21,3,800,,
21,base,461x490,idle-after,2,0,24369.306,0.0,,,0,0,0.29,0.0,21,3,800,,
21,base,461x490,idle-after,3,0,24519.643,0.0,,,0,0,0.259,0.003,20,3,800,,
21,base,461x490,idle-after,4,0,24669.934,0.0,,,0,0,0.295,0.0,21,3,5254,,
21,base,461x490,idle-after,5,0,24819.761,0.0,,,0,0,0.246,0.0,21,3,5271,,
21,base,461x490,idle-after,6,0,24969.368,0.0,,,0,0,0.262,0.038,20,5,5315,,
21,base,461x490,idle-after,7,0,25119.225,0.0,,,0,0,0.325,0.0,21,5,800,,
21,base,461x490,idle-after,8,0,25269.864,0.0,,,0,0,0.272,0.0,21,5,800,,
21,base,461x490,idle-after,9,0,25419.959,0.0,,,0,0,0.325,0.01,20,5,5287,,
21,base,461x490,idle-after,10,0,25569.901,0.0,,,0,0,0.288,0.0,21,1,800,,
21,base,461x490,idle-after,11,0,25719.941,0.0,,,0,0,0.298,0.0,21,1,800,,
21,base,461x490,idle-after,12,0,25869.704,0.0,,,0,0,0.265,0.0,21,1,800,,
21,base,461x490,idle-after,13,0,26019.387,0.0,,,0,0,0.329,0.002,20,5,4998,,
21,base,461x490,idle-after,14,0,26169.879,0.0,,,0,0,0.255,0.003,21,5,5095,,
21,base,461x490,idle-after,15,0,26319.411,0.0,,,0,0,0.272,0.003,21,5,800,,
21,base,461x490,idle-after,16,0,26469.454,0.0,,,0,0,0.234,0.003,20,5,800,,
21,base,461x490,idle-after,17,0,26619.734,0.0,,,0,0,0.275,0.0,21,5,800,,
21,base,461x490,idle-after,18,0,26769.863,0.0,,,0,0,0.304,0.0,21,5,800,,
21,base,461x490,idle-after,19,0,26919.595,0.0,,,0,0,0.232,0.0,20,5,800,,
22,base,461x490,warmup,0,1,0.0,0.349,1.03,,0,0,0.315,0.003,22,0,800,,
22,base,461x490,warmup,1,1,150.069,0.413,0.75,7.533,1,1,3.513,0.0,23,0,5230,0,5300
22,base,461x490,warmup,2,1,300.767,0.46,0.934,9.182,1,1,3.418,0.0,23,0,800,0,5308
22,base,461x490,warmup,3,1,450.171,0.387,0.84,11.198,1,1,3.236,0.006,22,0,5302,0,5300
22,base,461x490,warmup,4,1,600.804,0.484,0.957,5.501,1,1,3.47,0.0,23,0,5296,0,5300
22,base,461x490,warmup,5,1,750.219,0.401,0.794,8.176,1,1,3.142,0.0,23,0,5157,0,5300
22,base,461x490,warmup,6,1,900.399,0.508,0.877,10.722,1,1,3.507,0.008,23,0,5088,0,5271
22,base,461x490,warmup,7,1,1050.355,0.38,0.875,5.736,1,1,3.386,0.0,23,0,800,0,5300
22,base,461x490,warmup,8,1,1200.749,0.441,0.741,7.406,1,1,3.248,0.004,23,0,5125,0,5280
22,base,461x490,warmup,9,1,1350.765,0.456,0.793,10.222,1,1,3.497,0.0,22,0,5298,0,5169
22,base,461x490,warmup,10,-1,1500.353,0.451,0.862,12.815,1,1,3.472,0.003,23,0,800,0,5299
22,base,461x490,warmup,11,-1,1650.756,0.435,0.79,7.206,1,1,3.582,0.0,22,0,5140,0,5284
22,base,461x490,warmup,12,-1,1800.747,0.432,0.735,8.881,1,1,3.149,0.002,23,0,5120,0,5300
22,base,461x490,warmup,13,-1,1950.644,0.628,0.849,11.912,1,1,3.75,0.003,22,0,800,0,5199
22,base,461x490,warmup,14,-1,2100.751,0.459,0.775,5.911,2,2,5.876,0.006,25,0,800,0,5298
22,base,461x490,warmup,15,-1,2250.707,0.444,0.776,8.585,1,1,3.085,0.002,23,0,5280,0,5300
22,base,461x490,warmup,16,-1,2400.558,0.447,0.856,11.163,1,1,3.436,0.0,22,0,5057,0,5300
22,base,461x490,warmup,17,-1,2550.456,0.456,0.829,5.93,1,1,3.731,0.0,23,0,800,0,5300
22,base,461x490,warmup,18,-1,2700.753,0.452,0.784,7.996,1,1,3.148,0.0,23,0,800,0,5300
22,base,461x490,warmup,19,-1,2850.551,0.435,0.77,9.761,1,1,3.043,0.003,22,0,5318,0,5300
22,base,461x490,idle-before,0,0,3023.285,0.0,,,0,0,0.27,0.0,20,0,800,,
22,base,461x490,idle-before,1,0,3173.874,0.0,,,0,0,0.28,0.006,21,3,800,,
22,base,461x490,idle-before,2,0,3323.805,0.0,,,0,0,0.246,0.0,21,3,5307,,
22,base,461x490,idle-before,3,0,3473.222,0.0,,,0,0,0.235,0.0,20,3,800,,
22,base,461x490,idle-before,4,0,3623.302,0.0,,,0,0,0.248,0.0,21,3,800,,
22,base,461x490,idle-before,5,0,3773.4,0.0,,,0,0,0.248,0.0,21,3,800,,
22,base,461x490,idle-before,6,0,3923.869,0.0,,,0,0,0.259,0.0,20,3,800,,
22,base,461x490,idle-before,7,0,4073.869,0.0,,41.166,1,1,3.475,0.0,23,3,800,,
22,base,461x490,idle-before,8,0,4223.91,0.0,,,0,0,0.268,0.0,21,3,5302,,
22,base,461x490,idle-before,9,0,4373.875,0.0,,,0,0,0.294,0.0,21,3,800,,
22,base,461x490,idle-before,10,0,4523.579,0.0,,,0,0,0.252,0.0,20,3,800,,
22,base,461x490,idle-before,11,0,4673.871,0.0,,42.975,1,1,3.428,0.002,23,3,800,,
22,base,461x490,idle-before,12,0,4823.849,0.0,,,0,0,0.245,0.0,21,3,800,,
22,base,461x490,idle-before,13,0,4973.401,0.0,,,0,0,0.236,0.0,20,3,800,,
22,base,461x490,idle-before,14,0,5123.868,0.0,,,0,0,0.247,0.0,21,3,800,,
22,base,461x490,idle-before,15,0,5273.87,0.0,,,0,0,0.265,0.0,21,3,800,,
22,base,461x490,idle-before,16,0,5423.771,0.0,,,0,0,0.236,0.0,20,3,800,,
22,base,461x490,idle-before,17,0,5573.902,0.0,,,0,0,0.252,0.0,21,3,800,,
22,base,461x490,idle-before,18,0,5723.862,0.0,,,0,0,0.246,0.0,21,3,800,,
22,base,461x490,idle-before,19,0,5873.869,0.0,,,0,0,0.286,0.0,21,3,800,,
22,base,461x490,recorded,0,1,6047.297,0.409,0.931,10.24,1,1,3.773,0.0,22,3,800,3,5300
22,base,461x490,recorded,1,1,6197.413,0.445,0.791,11.909,1,1,3.136,0.0,23,3,800,3,5300
22,base,461x490,recorded,2,1,6346.776,0.443,0.806,7.535,1,1,3.307,0.0,23,3,5297,3,5300
22,base,461x490,recorded,3,1,6497.048,0.436,0.712,9.394,1,1,3.305,0.0,23,3,800,3,5300
22,base,461x490,recorded,4,1,6647.164,0.463,0.826,11.949,1,1,3.268,0.0,22,3,800,3,5308
22,base,461x490,recorded,5,1,6796.751,0.413,0.817,6.834,1,1,3.074,0.0,23,3,5301,3,5282
22,base,461x490,recorded,6,1,6947.459,0.424,0.778,7.952,1,1,3.109,0.0,23,3,800,3,5300
22,base,461x490,recorded,7,1,7096.871,0.443,0.849,11.703,1,1,3.584,0.005,22,3,800,3,5300
22,base,461x490,recorded,8,1,7247.506,0.454,0.808,5.304,1,1,3.18,0.0,23,3,800,3,5290
22,base,461x490,recorded,9,1,7397.444,0.433,0.862,8.046,1,1,3.523,0.0,23,3,800,3,5300
22,base,461x490,recorded,10,1,7547.418,0.447,0.835,10.069,1,1,3.399,0.0,22,3,5149,3,5300
22,base,461x490,recorded,11,1,7697.402,0.465,0.777,12.105,1,1,3.162,0.0,23,3,800,3,5300
22,base,461x490,recorded,12,1,7847.407,0.556,0.895,7.213,1,1,3.213,0.007,23,3,800,3,5300
22,base,461x490,recorded,13,1,7997.037,0.417,0.738,9.781,2,2,5.79,0.003,25,3,800,3,5300
22,base,461x490,recorded,14,1,8147.383,0.47,0.824,11.502,1,1,3.052,0.002,22,3,800,3,5300
22,base,461x490,recorded,15,1,8297.255,0.87,1.217,7.137,1,1,3.505,0.002,23,3,800,3,5300
22,base,461x490,recorded,16,1,8447.411,0.434,0.777,8.995,1,1,3.092,0.0,22,3,800,3,5300
22,base,461x490,recorded,17,1,8596.694,0.466,0.836,11.869,1,1,3.658,0.0,23,3,5239,3,5100
22,base,461x490,recorded,18,1,8747.406,0.432,0.816,5.681,1,1,3.333,0.021,24,3,800,3,5262
22,base,461x490,recorded,19,1,8897.408,0.401,0.771,7.977,1,1,3.056,0.005,23,3,800,3,5300
22,base,461x490,recorded,20,1,9047.273,0.469,0.855,10.75,1,1,3.239,0.002,22,3,800,3,5293
22,base,461x490,recorded,21,1,9197.405,0.398,0.816,5.062,1,1,3.123,0.0,23,3,800,3,5300
22,base,461x490,recorded,22,1,9347.422,0.472,0.753,7.592,1,1,3.356,0.003,23,3,5293,3,5300
22,base,461x490,recorded,23,1,9497.401,0.431,0.742,9.877,1,1,3.312,0.002,22,3,5295,3,5300
22,base,461x490,recorded,24,1,9647.393,0.403,0.859,11.734,2,2,6.319,0.007,25,3,800,3,5300
22,base,461x490,recorded,25,1,9796.715,0.438,0.818,7.34,1,1,2.962,0.0,23,3,800,3,5301
22,base,461x490,recorded,26,1,9946.751,0.423,0.785,9.627,1,1,3.035,0.0,22,3,800,3,5300
22,base,461x490,recorded,27,1,10096.947,0.459,0.878,12.193,1,1,3.706,0.007,23,3,800,3,5000
22,base,461x490,recorded,28,1,10247.405,0.406,0.77,6.492,1,1,3.224,0.003,23,3,800,3,5300
22,base,461x490,recorded,29,1,10397.433,0.443,0.778,8.719,1,1,3.477,0.003,23,3,800,3,5300
22,base,461x490,recorded,30,-1,10546.876,0.488,0.913,11.702,1,1,3.662,0.0,22,3,800,3,5269
22,base,461x490,recorded,31,-1,10697.408,0.461,0.848,5.754,1,1,3.318,0.0,23,3,800,3,5300
22,base,461x490,recorded,32,-1,10846.935,0.434,0.75,8.222,1,1,3.006,0.0,23,3,800,3,5300
22,base,461x490,recorded,33,-1,10997.413,0.488,0.8,10.112,1,1,3.231,0.0,22,3,800,3,5295
22,base,461x490,recorded,34,-1,11147.418,0.396,0.761,12.302,1,1,3.245,0.0,23,3,5279,3,5300
22,base,461x490,recorded,35,-1,11297.296,0.898,1.236,7.134,1,1,3.427,0.003,23,3,800,3,5300
22,base,461x490,recorded,36,-1,11447.41,0.483,0.826,9.429,1,1,3.334,0.01,22,3,5098,3,5307
22,base,461x490,recorded,37,-1,11597.246,0.326,0.861,11.757,1,1,4.463,0.004,23,3,5219,3,5091
22,base,461x490,recorded,38,-1,11746.841,0.455,0.724,7.594,1,1,3.581,0.002,23,3,800,3,5300
22,base,461x490,recorded,39,-1,11896.92,0.425,0.677,9.631,1,1,3.461,0.0,22,3,800,3,5300
22,base,461x490,recorded,40,-1,12046.776,0.475,0.838,12.438,1,1,3.619,0.0,23,3,5299,3,5310
22,base,461x490,recorded,41,-1,12197.405,0.419,0.796,6.148,1,1,3.349,0.0,23,3,800,3,5300
22,base,461x490,recorded,42,-1,12347.42,0.494,0.779,8.484,1,1,3.459,0.0,23,3,800,3,5300
22,base,461x490,recorded,43,-1,12496.752,0.422,0.741,11.404,2,2,6.281,0.003,24,3,5291,3,5300
22,base,461x490,recorded,44,-1,12647.371,0.452,0.777,5.093,1,1,3.336,0.0,23,3,800,3,5300
22,base,461x490,recorded,45,-1,12797.376,0.44,0.766,7.786,1,1,3.375,0.002,23,3,5207,3,5300
22,base,461x490,recorded,46,-1,12947.408,0.31,0.738,9.77,1,1,2.977,0.002,22,3,800,3,5300
22,base,461x490,recorded,47,-1,13096.806,0.431,0.695,5.492,1,1,3.295,0.0,23,3,800,3,5300
22,base,461x490,recorded,48,-1,13246.782,0.432,0.735,7.806,1,1,3.249,0.005,23,3,800,3,5300
22,base,461x490,recorded,49,-1,13397.125,0.467,0.791,9.973,1,1,3.575,0.0,22,0,5247,3,5285
22,base,461x490,recorded,50,-1,13546.782,0.414,0.811,12.817,1,1,3.688,0.003,23,0,800,0,5300
22,base,461x490,recorded,51,-1,13697.406,0.468,0.764,7.022,1,1,3.422,0.0,23,0,5287,0,5301
22,base,461x490,recorded,52,-1,13847.414,0.419,0.735,8.903,1,1,3.191,0.007,23,0,800,0,5300
22,base,461x490,recorded,53,-1,13996.905,0.408,0.713,11.446,1,1,3.231,0.0,22,3,800,0,5300
22,base,461x490,recorded,54,-1,14147.407,0.432,0.781,6.077,2,2,5.855,0.03,25,3,800,3,5300
22,base,461x490,recorded,55,-1,14296.787,0.519,0.765,8.679,1,1,3.367,0.0,23,3,5281,3,5259
22,base,461x490,recorded,56,-1,14447.417,0.468,0.771,10.655,1,1,3.423,0.0,22,3,800,3,5301
22,base,461x490,recorded,57,-1,14597.373,0.457,0.842,13.172,1,1,3.622,0.0,23,3,5270,3,5100
22,base,461x490,recorded,58,-1,14747.405,0.428,0.751,7.535,1,1,3.407,0.004,23,3,800,3,5300
22,base,461x490,recorded,59,-1,14897.43,0.472,0.862,9.862,1,1,3.34,0.002,22,3,800,3,5300
22,base,461x490,recorded,60,1,15046.752,0.417,0.729,5.341,1,1,3.357,0.003,22,3,800,3,5300
22,base,461x490,recorded,61,1,15197.412,0.431,0.791,6.888,1,1,3.319,0.002,23,3,800,3,5300
22,base,461x490,recorded,62,1,15347.422,0.489,0.86,9.503,1,1,3.48,0.046,23,3,800,3,5300
22,base,461x490,recorded,63,1,15497.419,0.423,0.768,10.966,1,1,3.492,0.005,22,3,5280,3,5300
22,base,461x490,recorded,64,1,15647.477,0.433,0.765,6.006,1,1,3.23,0.007,23,3,800,3,5300
22,base,461x490,recorded,65,1,15796.752,0.422,0.737,8.823,1,1,3.223,0.003,23,3,800,3,5300
22,base,461x490,recorded,66,1,15947.093,0.446,0.886,11.18,1,1,3.335,0.003,22,3,800,3,5300
22,base,461x490,recorded,67,1,16096.998,0.433,0.786,6.56,1,1,3.446,0.003,23,3,800,3,5300
22,base,461x490,recorded,68,1,16247.406,0.422,0.774,8.05,1,1,3.258,0.007,23,3,800,3,5300
22,base,461x490,recorded,69,1,16396.996,0.447,0.949,10.524,1,1,3.417,0.0,22,3,800,3,5300
22,base,461x490,recorded,70,1,16547.431,0.456,0.752,12.438,1,1,3.193,0.004,23,3,800,3,5236
22,base,461x490,recorded,71,1,16696.937,0.435,0.678,7.401,1,1,3.162,0.0,23,3,800,3,5300
22,base,461x490,recorded,72,1,16847.256,0.438,0.767,9.663,1,1,3.269,0.005,22,3,800,3,5300
22,base,461x490,recorded,73,1,16996.809,0.48,0.832,12.337,2,2,6.683,0.005,25,0,800,3,5246
22,base,461x490,recorded,74,1,17147.371,0.305,0.782,6.77,1,1,3.333,0.002,23,0,5298,0,5292
22,base,461x490,recorded,75,1,17296.788,0.529,0.758,9.454,1,1,3.442,0.002,23,0,800,0,5300
22,base,461x490,recorded,76,1,17447.03,0.48,0.84,11.311,1,1,3.383,0.0,22,0,800,0,5300
22,base,461x490,recorded,77,1,17597.364,0.424,0.799,6.011,1,1,3.544,0.004,23,0,800,0,5100
22,base,461x490,recorded,78,1,17747.413,0.427,0.744,7.97,1,1,3.353,0.003,23,0,5001,0,5291
22,base,461x490,recorded,79,1,17896.815,0.515,1.052,11.427,1,1,3.717,0.014,22,0,5121,0,5000
22,base,461x490,recorded,80,1,18046.754,0.448,0.772,5.692,1,1,3.265,0.0,23,0,5300,0,5100
22,base,461x490,recorded,81,1,18197.411,0.431,0.797,8.058,1,1,3.308,0.008,23,0,800,0,5298
22,base,461x490,recorded,82,1,18347.402,0.443,0.817,10.407,1,1,3.777,0.003,22,0,800,0,5294
22,base,461x490,recorded,83,1,18497.032,0.355,0.753,12.29,1,1,3.275,0.003,23,0,5223,0,5300
22,base,461x490,recorded,84,1,18647.423,0.438,0.899,7.119,2,2,6.478,0.003,25,0,800,0,5300
22,base,461x490,recorded,85,1,18796.715,0.495,0.864,9.766,1,1,3.234,0.002,23,0,800,0,5300
22,base,461x490,recorded,86,1,18947.427,0.333,0.74,11.815,1,1,3.413,0.008,23,0,800,0,5120
22,base,461x490,recorded,87,1,19097.41,0.4,0.877,6.054,1,1,3.4,0.003,23,0,800,0,5300
22,base,461x490,recorded,88,1,19247.409,0.327,0.768,8.357,1,1,3.34,0.005,23,0,800,0,5290
22,base,461x490,recorded,89,1,19396.896,0.46,0.768,11.38,1,1,3.521,0.008,23,3,5287,3,5294
22,base,461x490,recorded,90,-1,19547.185,0.359,0.793,5.86,1,1,3.415,0.011,23,3,800,3,5300
22,base,461x490,recorded,91,-1,19697.413,0.361,0.77,8.324,1,1,3.298,0.005,23,3,800,3,5300
22,base,461x490,recorded,92,-1,19847.409,0.235,0.71,10.0,1,1,3.253,0.0,22,3,5287,3,5300
22,base,461x490,recorded,93,-1,19997.292,0.319,0.776,12.794,1,1,3.211,0.0,23,3,800,3,5219
22,base,461x490,recorded,94,-1,20147.404,0.397,0.817,6.565,1,1,3.261,0.0,23,3,800,3,5300
22,base,461x490,recorded,95,-1,20296.792,0.425,0.827,9.537,1,1,3.278,0.005,22,3,800,3,5300
22,base,461x490,recorded,96,-1,20446.85,0.556,0.997,12.67,1,1,3.347,0.0,23,3,800,3,5300
22,base,461x490,recorded,97,-1,20597.349,0.394,0.79,7.231,1,1,3.507,0.005,23,3,800,3,5100
22,base,461x490,recorded,98,-1,20747.411,0.241,0.718,9.112,1,1,3.538,0.002,23,3,800,3,5300
22,base,461x490,recorded,99,-1,20897.019,0.434,0.762,12.047,1,1,3.258,0.0,22,3,800,3,5288
22,base,461x490,recorded,100,-1,21047.443,0.421,0.856,5.597,1,1,3.353,0.002,23,3,800,3,5300
22,base,461x490,recorded,101,-1,21197.245,0.303,0.768,8.226,1,1,3.502,0.0,23,3,800,3,5300
22,base,461x490,recorded,102,-1,21346.779,0.44,0.788,12.752,1,1,4.396,0.037,22,3,5300,3,5299
22,base,461x490,recorded,103,-1,21497.452,0.56,0.898,13.077,2,2,6.353,0.0,25,3,800,3,5300
22,base,461x490,recorded,104,-1,21647.379,0.463,0.881,7.553,1,1,3.372,0.003,23,3,800,3,5300
22,base,461x490,recorded,105,-1,21797.412,0.393,0.794,10.153,1,1,3.123,0.0,21,3,800,3,5280
22,base,461x490,recorded,106,-1,21946.934,0.345,0.755,12.387,1,1,3.186,0.002,23,3,800,3,5300
22,base,461x490,recorded,107,-1,22097.44,0.498,0.867,7.485,1,1,3.545,0.003,23,3,800,3,5300
22,base,461x490,recorded,108,-1,22247.408,0.367,0.773,9.3,1,1,3.326,0.005,23,3,800,3,5300
22,base,461x490,recorded,109,-1,22397.377,0.472,0.828,12.128,1,1,3.592,0.0,21,3,5300,3,5300
22,base,461x490,recorded,110,-1,22547.422,0.521,0.927,6.42,1,1,3.542,0.005,23,3,800,3,5300
22,base,461x490,recorded,111,-1,22697.411,0.514,0.783,8.755,1,1,3.406,0.004,23,3,800,3,5300
22,base,461x490,recorded,112,-1,22846.98,0.369,0.722,11.535,1,1,3.312,0.0,22,3,5254,3,5300
22,base,461x490,recorded,113,-1,22997.4,0.448,0.741,5.194,1,1,3.292,0.0,23,3,800,3,5284
22,base,461x490,recorded,114,-1,23147.279,0.283,0.702,8.526,2,2,5.99,0.005,25,3,800,3,5300
22,base,461x490,recorded,115,-1,23297.364,0.426,0.776,9.893,1,1,3.241,0.0,22,3,5298,3,5300
22,base,461x490,recorded,116,-1,23447.135,0.412,0.752,5.225,1,1,3.16,0.01,22,3,5102,3,5300
22,base,461x490,recorded,117,-1,23597.372,0.424,0.805,7.708,1,1,3.712,0.0,22,3,800,3,5100
22,base,461x490,recorded,118,-1,23747.421,0.368,0.742,9.961,1,1,3.461,0.0,22,3,5309,3,5300
22,base,461x490,recorded,119,-1,23896.806,0.359,0.756,12.159,1,1,3.052,0.002,23,3,800,3,5290
22,base,461x490,idle-after,0,0,24070.506,0.0,,,0,0,0.246,0.0,21,3,5187,,
22,base,461x490,idle-after,1,0,24221.223,0.0,,,0,0,0.247,0.004,21,3,5301,,
22,base,461x490,idle-after,2,0,24370.826,0.0,,,0,0,0.311,0.0,21,3,800,,
22,base,461x490,idle-after,3,0,24521.225,0.0,,,0,0,0.276,0.0,20,3,800,,
22,base,461x490,idle-after,4,0,24670.785,0.0,,,0,0,0.288,0.006,21,3,800,,
22,base,461x490,idle-after,5,0,24820.585,0.0,,,0,0,0.303,0.0,21,3,800,,
22,base,461x490,idle-after,6,0,24970.63,0.0,,,0,0,0.265,0.0,20,3,800,,
22,base,461x490,idle-after,7,0,25121.226,0.0,,,0,0,0.275,0.0,21,3,800,,
22,base,461x490,idle-after,8,0,25271.222,0.0,,,0,0,0.296,0.0,21,3,800,,
22,base,461x490,idle-after,9,0,25421.234,0.0,,,0,0,0.262,0.0,20,3,800,,
22,base,461x490,idle-after,10,0,25570.725,0.0,,,0,0,0.283,0.0,21,3,800,,
22,base,461x490,idle-after,11,0,25721.124,0.0,,,0,0,0.294,0.0,21,3,5243,,
22,base,461x490,idle-after,12,0,25870.708,0.0,,,0,0,0.278,0.0,21,3,800,,
22,base,461x490,idle-after,13,0,26021.103,0.0,,,0,0,0.234,0.0,20,3,800,,
22,base,461x490,idle-after,14,0,26171.227,0.0,,,0,0,0.282,0.003,21,3,5297,,
22,base,461x490,idle-after,15,0,26320.871,0.0,,,0,0,0.325,0.0,21,3,800,,
22,base,461x490,idle-after,16,0,26470.594,0.0,,,0,0,0.252,0.013,20,0,5097,,
22,base,461x490,idle-after,17,0,26621.197,0.0,,,0,0,0.265,0.003,21,0,800,,
22,base,461x490,idle-after,18,0,26771.229,0.0,,,0,0,0.288,0.005,21,0,800,,
22,base,461x490,idle-after,19,0,26920.621,0.0,,,0,0,0.298,0.003,20,0,5302,,
23,cand,461x490,warmup,0,1,0.0,0.4,0.82,,0,0,0.324,0.011,22,0,5174,,
23,cand,461x490,warmup,1,1,150.412,0.409,0.74,6.976,1,1,3.55,0.013,23,0,5100,0,5310
23,cand,461x490,warmup,2,1,300.326,0.378,0.787,9.172,1,1,3.562,0.005,23,0,5293,0,5096
23,cand,461x490,warmup,3,1,450.09,0.425,0.759,11.004,1,1,3.312,0.006,22,0,5300,0,5300
23,cand,461x490,warmup,4,1,600.07,0.411,0.74,6.587,1,1,3.103,0.007,22,0,5288,0,5300
23,cand,461x490,warmup,5,1,750.261,0.43,0.717,7.99,1,1,3.015,0.003,23,0,5300,0,5300
23,cand,461x490,warmup,6,1,900.047,0.416,0.749,10.954,1,1,3.105,0.006,21,0,5304,0,5288
23,cand,461x490,warmup,7,1,1050.224,0.434,0.793,5.594,1,1,3.353,0.003,23,0,5300,0,5254
23,cand,461x490,warmup,8,1,1200.146,0.419,0.789,7.457,1,1,3.265,0.0,23,0,5298,0,5288
23,cand,461x490,warmup,9,1,1350.36,0.33,0.805,9.835,1,1,3.262,0.01,22,0,5303,0,5292
23,cand,461x490,warmup,10,-1,1500.083,0.379,0.836,11.984,1,1,3.173,0.01,23,0,5299,0,5314
23,cand,461x490,warmup,11,-1,1650.37,0.343,0.809,6.953,1,1,3.324,0.003,23,0,4998,0,5248
23,cand,461x490,warmup,12,-1,1800.155,0.367,0.781,9.645,1,1,3.447,0.022,22,0,5300,0,5002
23,cand,461x490,warmup,13,-1,1949.804,0.423,0.774,11.839,1,1,3.236,0.009,23,2,5296,0,5260
23,cand,461x490,warmup,14,-1,2100.39,0.36,0.817,6.213,2,2,5.891,0.008,25,0,5310,2,5300
23,cand,461x490,warmup,15,-1,2249.901,0.488,0.936,9.247,1,1,4.194,0.01,23,0,5298,0,5185
23,cand,461x490,warmup,16,-1,2400.202,0.455,0.791,11.104,1,1,3.366,0.006,22,0,5311,0,5309
23,cand,461x490,warmup,17,-1,2550.026,0.416,0.771,6.4,1,1,3.347,0.016,23,0,5308,0,5227
23,cand,461x490,warmup,18,-1,2700.034,0.416,0.74,8.032,1,1,3.23,0.002,23,0,5300,0,5300
23,cand,461x490,warmup,19,-1,2850.385,0.423,0.892,10.169,1,1,3.203,0.01,22,0,5284,0,5300
23,cand,461x490,idle-before,0,0,3023.215,0.0,,,0,0,0.229,0.008,20,0,5295,,
23,cand,461x490,idle-before,1,0,3173.444,0.0,,,0,0,0.264,0.015,21,0,5102,,
23,cand,461x490,idle-before,2,0,3323.144,0.0,,,0,0,0.248,0.005,21,0,5298,,
23,cand,461x490,idle-before,3,0,3473.639,0.0,,,0,0,0.233,0.003,20,0,5294,,
23,cand,461x490,idle-before,4,0,3623.542,0.0,,,0,0,0.336,0.007,21,2,5233,,
23,cand,461x490,idle-before,5,0,3773.287,0.0,,,0,0,0.272,0.009,21,2,800,,
23,cand,461x490,idle-before,6,0,3923.661,0.0,,,0,0,0.271,0.003,21,2,800,,
23,cand,461x490,idle-before,7,0,4073.672,0.0,,40.818,1,1,3.321,0.004,22,0,5266,,
23,cand,461x490,idle-before,8,0,4223.411,0.0,,,0,0,0.301,0.003,21,0,5296,,
23,cand,461x490,idle-before,9,0,4373.667,0.0,,,0,0,0.292,0.007,21,3,800,,
23,cand,461x490,idle-before,10,0,4523.472,0.0,,,0,0,0.232,0.002,20,3,5236,,
23,cand,461x490,idle-before,11,0,4673.702,0.0,,42.532,1,1,3.204,0.0,23,3,800,,
23,cand,461x490,idle-before,12,0,4823.426,0.0,,,0,0,0.25,0.003,21,3,5300,,
23,cand,461x490,idle-before,13,0,4973.209,0.0,,,0,0,0.283,0.003,20,3,800,,
23,cand,461x490,idle-before,14,0,5123.243,0.0,,,0,0,0.269,0.003,21,3,5293,,
23,cand,461x490,idle-before,15,0,5273.208,0.0,,,0,0,0.245,0.0,21,3,5295,,
23,cand,461x490,idle-before,16,0,5423.661,0.0,,,0,0,0.259,0.0,20,3,5288,,
23,cand,461x490,idle-before,17,0,5573.658,0.0,,,0,0,0.302,0.0,21,3,800,,
23,cand,461x490,idle-before,18,0,5723.531,0.0,,,0,0,0.248,0.0,21,3,800,,
23,cand,461x490,idle-before,19,0,5873.662,0.0,,,0,0,0.244,0.0,21,3,5279,,
23,cand,461x490,recorded,0,1,6045.966,0.403,0.845,11.639,1,1,3.667,0.003,22,3,5283,3,5294
23,cand,461x490,recorded,1,1,6195.988,0.547,0.931,8.158,1,1,3.514,0.006,23,3,5186,3,5060
23,cand,461x490,recorded,2,1,6346.534,0.32,0.767,7.062,1,1,3.358,0.006,23,3,5210,3,5100
23,cand,461x490,recorded,3,1,6496.612,0.487,0.83,9.222,1,1,3.079,0.002,23,3,800,3,5300
23,cand,461x490,recorded,4,1,6646.608,0.426,0.734,11.947,1,1,2.955,0.0,22,3,800,3,5290
23,cand,461x490,recorded,5,1,6796.61,0.437,0.758,6.579,1,1,3.051,0.003,23,3,800,3,5300
23,cand,461x490,recorded,6,1,6946.608,0.417,0.726,8.933,1,1,2.992,0.0,23,3,800,3,5300
23,cand,461x490,recorded,7,1,7096.565,0.455,0.78,11.693,1,1,3.35,0.002,22,3,800,3,5320
23,cand,461x490,recorded,8,1,7246.467,0.334,0.722,6.152,1,1,3.291,0.0,23,3,5314,3,5100
23,cand,461x490,recorded,9,1,7396.016,0.451,0.818,8.843,1,1,3.289,0.002,23,3,5038,3,5300
23,cand,461x490,recorded,10,1,7546.609,0.425,0.729,10.748,1,1,3.064,0.003,22,3,800,3,5300
23,cand,461x490,recorded,11,1,7696.606,0.427,0.753,5.02,1,1,3.051,0.002,23,3,5314,3,5300
23,cand,461x490,recorded,12,1,7846.278,0.424,0.75,7.852,1,1,3.049,0.004,23,3,800,3,5300
23,cand,461x490,recorded,13,1,7996.624,0.465,0.808,10.168,2,2,6.227,0.0,24,3,800,3,5219
23,cand,461x490,recorded,14,1,8145.905,0.449,0.783,5.54,1,1,3.179,0.009,23,3,5299,3,5300
23,cand,461x490,recorded,15,1,8296.613,0.456,0.97,7.115,1,1,3.168,0.015,23,3,800,3,5245
23,cand,461x490,recorded,16,1,8446.609,0.493,0.787,9.626,1,1,3.189,0.004,23,3,5256,3,5300
23,cand,461x490,recorded,17,1,8596.602,0.415,0.728,11.728,1,1,3.096,0.0,22,3,800,3,5300
23,cand,461x490,recorded,18,1,8746.507,0.526,0.898,7.043,1,1,3.37,0.006,23,3,5281,3,5298
23,cand,461x490,recorded,19,1,8896.311,0.465,0.781,8.904,1,1,3.222,0.045,23,3,800,3,5300
23,cand,461x490,recorded,20,1,9046.321,0.48,0.874,11.274,1,1,3.268,0.0,22,3,800,3,5300
23,cand,461x490,recorded,21,1,9196.558,0.493,0.771,5.895,1,1,3.249,0.01,23,3,5099,3,5300
23,cand,461x490,recorded,22,1,9346.043,0.414,0.796,8.695,1,1,3.376,0.004,23,3,5236,3,5100
23,cand,461x490,recorded,23,1,9496.105,0.63,0.808,10.608,1,1,3.121,0.002,22,2,800,3,5300
23,cand,461x490,recorded,24,1,9646.541,0.439,0.809,12.801,2,2,6.205,0.01,25,3,800,2,4999
23,cand,461x490,recorded,25,1,9796.461,0.54,0.843,6.811,1,1,2.968,0.002,23,3,800,3,5300
23,cand,461x490,recorded,26,1,9946.61,0.485,0.769,9.478,1,1,2.975,0.002,22,3,800,3,5300
23,cand,461x490,recorded,27,1,10096.304,0.396,0.856,12.47,1,1,3.397,0.0,23,3,5105,3,5182
23,cand,461x490,recorded,28,1,10245.986,0.434,0.713,7.285,1,1,3.068,0.002,23,3,800,3,5300
23,cand,461x490,recorded,29,1,10396.629,0.546,0.803,8.73,1,1,3.145,0.004,23,2,5302,3,5300
23,cand,461x490,recorded,30,-1,10546.611,0.539,0.847,11.427,1,1,3.186,0.0,22,2,5176,2,5300
23,cand,461x490,recorded,31,-1,10696.479,0.609,0.805,6.21,1,1,3.047,0.003,23,2,800,2,5300
23,cand,461x490,recorded,32,-1,10846.216,0.467,0.742,8.635,1,1,3.048,0.008,23,2,800,2,5279
23,cand,461x490,recorded,33,-1,10996.033,0.467,0.72,11.217,1,1,3.022,0.003,22,2,800,2,5145
23,cand,461x490,recorded,34,-1,11146.29,0.479,0.84,5.775,1,1,3.334,0.004,23,2,800,2,5300
23,cand,461x490,recorded,35,-1,11296.396,0.516,0.822,8.359,1,1,3.387,0.003,23,2,5234,2,5300
23,cand,461x490,recorded,36,-1,11446.535,0.532,0.82,10.326,1,1,3.088,0.0,22,2,5258,2,5300
23,cand,461x490,recorded,37,-1,11596.602,0.423,0.851,11.904,1,1,3.047,0.005,23,2,800,2,5300
23,cand,461x490,recorded,38,-1,11746.603,0.483,0.77,6.809,1,1,3.791,0.002,23,2,5181,2,5267
23,cand,461x490,recorded,39,-1,11896.503,0.586,0.817,9.608,1,1,3.184,0.004,22,2,800,2,5300
23,cand,461x490,recorded,40,-1,12046.266,0.487,0.801,12.384,1,1,3.424,0.0,23,2,5108,2,5300
23,cand,461x490,recorded,41,-1,12196.052,23.486,33.308,43.586,1,1,3.583,0.0,23,3,5115,,
23,cand,461x490,recorded,42,-1,12346.264,0.388,0.851,9.048,1,1,3.445,0.0,23,3,800,3,5100
23,cand,461x490,recorded,43,-1,12496.357,0.511,0.824,11.123,2,2,5.839,0.0,24,3,800,3,5300
23,cand,461x490,recorded,44,-1,12646.564,0.475,0.777,6.202,1,1,3.139,0.006,23,3,800,3,5300
23,cand,461x490,recorded,45,-1,12796.428,0.473,0.883,8.23,1,1,3.018,0.0,23,3,5292,3,5300
23,cand,461x490,recorded,46,-1,12946.453,0.482,4.868,10.177,1,1,3.151,0.003,22,3,800,3,5300
23,cand,461x490,recorded,47,-1,13095.972,0.494,1.093,5.587,1,1,3.559,0.006,23,3,800,3,5290
23,cand,461x490,recorded,48,-1,13246.547,0.49,0.763,7.386,1,1,3.191,0.002,23,3,800,3,5300
23,cand,461x490,recorded,49,-1,13396.626,0.498,0.808,10.063,1,1,3.381,0.0,22,3,800,3,5273
23,cand,461x490,recorded,50,-1,13546.609,0.49,0.805,12.244,1,1,3.248,0.0,23,3,5294,3,5293
23,cand,461x490,recorded,51,-1,13696.323,0.431,0.806,7.108,1,1,3.188,0.002,23,3,800,3,5300
23,cand,461x490,recorded,52,-1,13846.655,0.521,0.846,9.205,1,1,3.446,0.0,22,3,800,3,5277
23,cand,461x490,recorded,53,-1,13996.617,0.49,0.811,11.68,1,1,3.137,0.0,22,3,5295,3,5300
23,cand,461x490,recorded,54,-1,14146.482,0.522,0.816,6.487,2,2,5.913,0.01,25,2,800,3,5300
23,cand,461x490,recorded,55,-1,14296.11,0.501,0.812,8.834,1,1,3.204,0.004,23,2,800,2,5300
23,cand,461x490,recorded,56,-1,14446.068,0.471,0.763,11.605,1,1,3.2,0.0,22,2,5281,2,5143
23,cand,461x490,recorded,57,-1,14596.546,0.454,0.804,5.435,1,1,3.136,0.003,23,2,5249,2,5300
23,cand,461x490,recorded,58,-1,14746.538,0.469,0.799,7.709,1,1,3.151,0.0,23,2,800,2,5300
23,cand,461x490,recorded,59,-1,14896.612,0.538,0.789,9.867,1,1,2.877,0.003,22,2,5277,2,5297
23,cand,461x490,recorded,60,1,15046.291,0.477,0.786,13.127,1,1,3.359,0.0,23,2,5001,2,5299
23,cand,461x490,recorded,61,1,15196.02,0.386,0.795,7.671,1,1,3.449,0.0,23,2,800,2,5275
23,cand,461x490,recorded,62,1,15346.549,0.33,0.768,9.455,1,1,3.333,0.004,22,2,5281,2,5100
23,cand,461x490,recorded,63,1,15496.275,0.371,0.746,12.23,1,1,3.143,0.0,23,2,800,2,5300
23,cand,461x490,recorded,64,1,15646.605,0.36,0.752,5.98,1,1,2.954,0.003,23,2,5305,2,5300
23,cand,461x490,recorded,65,1,15796.354,0.312,0.789,8.656,1,1,3.04,0.002,23,2,800,2,5300
23,cand,461x490,recorded,66,1,15946.403,0.358,0.761,11.447,1,1,3.098,0.002,22,2,800,2,5275
23,cand,461x490,recorded,67,1,16096.337,0.493,0.876,7.01,1,1,3.569,0.004,23,2,800,2,5308
23,cand,461x490,recorded,68,1,16245.98,0.437,0.736,8.693,1,1,3.132,0.004,23,2,800,2,5300
23,cand,461x490,recorded,69,1,16396.068,0.499,0.823,10.473,1,1,3.346,0.07,22,2,800,2,5267
23,cand,461x490,recorded,70,1,16546.259,0.48,0.782,5.33,1,1,3.103,0.0,23,2,5309,2,5300
23,cand,461x490,recorded,71,1,16696.583,0.49,0.812,7.667,1,1,2.95,0.002,23,2,800,2,5298
23,cand,461x490,recorded,72,1,16846.628,0.615,0.817,9.921,1,1,3.299,0.024,22,2,5238,2,5300
23,cand,461x490,recorded,73,1,16996.607,0.473,0.788,12.196,2,2,5.957,0.0,24,2,5206,2,5300
23,cand,461x490,recorded,74,1,17145.959,0.493,0.818,7.097,1,1,3.097,0.002,23,2,800,2,5300
23,cand,461x490,recorded,75,1,17296.625,0.487,0.793,8.747,1,1,3.14,0.003,23,2,800,2,5300
23,cand,461x490,recorded,76,1,17446.61,0.496,0.791,11.833,1,1,3.335,0.003,22,2,5276,2,5299
23,cand,461x490,recorded,77,1,17596.471,0.477,0.795,6.189,1,1,3.168,0.007,23,2,800,2,5300
23,cand,461x490,recorded,78,1,17745.993,0.497,0.796,8.833,1,1,3.149,0.0,23,2,800,2,5300
23,cand,461x490,recorded,79,1,17896.117,0.483,0.831,11.491,1,1,3.262,0.0,22,2,5286,2,5300
23,cand,461x490,recorded,80,1,18046.656,0.54,0.847,5.188,1,1,3.239,0.0,23,2,5052,2,5300
23,cand,461x490,recorded,81,1,18195.946,0.542,0.819,8.627,1,1,3.475,0.005,23,2,800,2,5285
23,cand,461x490,recorded,82,1,18346.559,0.445,0.867,10.597,1,1,3.586,0.005,22,2,800,2,5100
23,cand,461x490,recorded,83,1,18496.621,0.521,0.87,12.348,1,1,3.318,0.004,23,2,800,2,5300
23,cand,461x490,recorded,84,1,18646.611,0.474,0.769,7.179,2,2,5.826,0.003,25,3,800,2,5300
23,cand,461x490,recorded,85,1,18796.556,0.466,0.886,9.903,1,1,3.477,0.003,23,3,5320,3,5099
23,cand,461x490,recorded,86,1,18946.616,0.483,0.758,11.65,1,1,3.055,0.002,22,3,800,3,5300
23,cand,461x490,recorded,87,1,19096.632,0.495,0.92,6.916,1,1,3.377,0.004,23,3,800,3,5300
23,cand,461x490,recorded,88,1,19246.003,0.577,0.883,9.008,1,1,3.263,0.002,23,3,800,3,5288
23,cand,461x490,recorded,89,1,19396.461,0.514,0.823,11.64,1,1,3.305,0.014,22,3,5296,3,5189
23,cand,461x490,recorded,90,-1,19546.614,0.472,0.764,5.66,1,1,3.099,0.005,23,3,800,3,5300
23,cand,461x490,recorded,91,-1,19696.037,0.469,0.782,8.533,1,1,3.119,0.004,23,2,5190,3,5300
23,cand,461x490,recorded,92,-1,19846.197,0.467,0.783,11.125,1,1,3.144,0.002,22,2,800,2,5300
23,cand,461x490,recorded,93,-1,19996.611,0.498,0.784,5.216,1,1,3.234,0.005,22,2,800,2,5300
23,cand,461x490,recorded,94,-1,20146.036,0.49,0.797,7.995,1,1,3.295,0.003,23,2,800,2,5300
23,cand,461x490,recorded,95,-1,20296.643,0.492,0.814,9.973,1,1,3.466,0.0,22,2,800,2,5300
23,cand,461x490,recorded,96,-1,20446.609,0.51,0.794,11.716,1,1,3.215,0.0,23,2,800,2,5300
23,cand,461x490,recorded,97,-1,20596.142,0.457,0.76,7.463,1,1,3.112,0.0,23,2,5277,2,5288
23,cand,461x490,recorded,98,-1,20746.292,0.523,0.831,10.085,1,1,3.282,0.0,23,2,800,2,5271
23,cand,461x490,recorded,99,-1,20896.605,0.464,0.758,12.066,1,1,3.324,0.0,22,2,5316,2,5300
23,cand,461x490,recorded,100,-1,21046.351,0.522,0.866,6.844,1,1,3.34,0.003,23,2,5277,2,5300
23,cand,461x490,recorded,101,-1,21196.015,0.493,0.801,10.032,1,1,3.789,0.002,23,2,800,2,5303
23,cand,461x490,recorded,102,-1,21346.086,0.446,0.785,11.47,1,1,3.502,0.0,22,2,5261,2,5100
23,cand,461x490,recorded,103,-1,21496.592,0.493,0.804,6.154,2,2,6.689,0.003,25,3,800,2,5281
23,cand,461x490,recorded,104,-1,21646.56,0.492,0.778,8.441,1,1,3.35,0.0,23,3,800,3,5300
23,cand,461x490,recorded,105,-1,21796.46,0.403,0.818,10.176,1,1,3.099,0.002,22,3,5290,3,5288
23,cand,461x490,recorded,106,-1,21946.609,0.417,0.813,12.589,1,1,3.023,0.0,23,3,800,3,5295
23,cand,461x490,recorded,107,-1,22096.423,0.503,0.839,7.061,1,1,3.288,0.006,23,3,5256,3,5300
23,cand,461x490,recorded,108,-1,22246.168,0.491,0.817,10.304,1,1,3.052,0.0,23,3,800,3,5300
23,cand,461x490,recorded,109,-1,22396.623,0.485,0.792,11.902,1,1,3.422,0.045,22,3,5295,3,5300
23,cand,461x490,recorded,110,-1,22546.468,0.477,0.768,6.874,1,1,3.237,0.0,23,3,800,3,5300
23,cand,461x490,recorded,111,-1,22695.962,0.478,0.789,9.804,1,1,3.243,0.0,23,3,5222,3,5300
23,cand,461x490,recorded,112,-1,22846.515,0.493,0.822,11.822,1,1,3.323,0.041,22,3,800,3,5300
23,cand,461x490,recorded,113,-1,22996.608,0.435,0.854,5.671,1,1,2.992,0.004,23,3,800,3,5300
23,cand,461x490,recorded,114,-1,23146.527,0.509,0.813,8.28,2,2,5.971,0.006,25,2,800,3,5300
23,cand,461x490,recorded,115,-1,23296.072,0.527,0.955,11.478,1,1,3.23,0.0,22,2,800,2,5294
23,cand,461x490,recorded,116,-1,23446.603,0.471,0.764,5.167,1,1,3.096,0.0,22,2,800,2,5300
23,cand,461x490,recorded,117,-1,23596.611,0.48,0.775,6.816,1,1,3.139,0.0,23,2,5230,2,5300
23,cand,461x490,recorded,118,-1,23746.713,0.487,0.868,10.191,1,1,3.683,0.0,22,2,800,2,5191
23,cand,461x490,recorded,119,-1,23896.607,0.474,0.773,12.288,1,1,3.039,0.0,23,2,5301,2,5300
23,cand,461x490,idle-after,0,0,24070.409,0.0,,,0,0,0.329,0.0,21,2,800,,
23,cand,461x490,idle-after,1,0,24220.578,0.0,,,0,0,0.279,0.0,21,2,800,,
23,cand,461x490,idle-after,2,0,24370.249,0.0,,,0,0,0.252,0.003,21,2,5035,,
23,cand,461x490,idle-after,3,0,24520.522,0.0,,,0,0,0.262,0.0,20,2,800,,
23,cand,461x490,idle-after,4,0,24670.529,0.0,,,0,0,0.269,0.0,21,2,800,,
23,cand,461x490,idle-after,5,0,24819.877,0.0,,,0,0,0.311,0.0,21,2,800,,
23,cand,461x490,idle-after,6,0,24970.076,0.0,,,0,0,0.311,0.0,20,2,800,,
23,cand,461x490,idle-after,7,0,25120.534,0.0,,,0,0,0.328,0.0,21,2,800,,
23,cand,461x490,idle-after,8,0,25270.37,0.0,,,0,0,0.301,0.0,21,2,800,,
23,cand,461x490,idle-after,9,0,25420.548,0.0,,,0,0,0.288,0.004,20,2,800,,
23,cand,461x490,idle-after,10,0,25570.448,0.0,,,0,0,0.275,0.0,21,2,800,,
23,cand,461x490,idle-after,11,0,25719.982,0.0,,,0,0,0.277,0.0,21,2,800,,
23,cand,461x490,idle-after,12,0,25870.572,0.0,,,0,0,0.304,0.0,21,2,800,,
23,cand,461x490,idle-after,13,0,26020.526,0.0,,,0,0,0.269,0.0,20,2,800,,
23,cand,461x490,idle-after,14,0,26170.37,0.0,,,0,0,0.278,0.0,21,2,800,,
23,cand,461x490,idle-after,15,0,26319.941,0.0,,,0,0,0.25,0.0,21,2,5299,,
23,cand,461x490,idle-after,16,0,26470.501,0.0,,,0,0,0.237,0.003,20,2,5098,,
23,cand,461x490,idle-after,17,0,26620.525,0.0,,,0,0,0.279,0.003,21,2,800,,
23,cand,461x490,idle-after,18,0,26770.53,0.0,,,0,0,0.28,0.0,21,2,800,,
23,cand,461x490,idle-after,19,0,26920.526,0.0,,,0,0,0.256,0.0,20,2,5213,,
24,cand,1480x800,warmup,0,1,0.0,0.374,0.742,,0,0,0.279,0.0,21,1,800,,
24,cand,1480x800,warmup,1,1,150.074,0.372,0.7,9.087,1,1,5.221,0.0,23,1,800,1,5293
24,cand,1480x800,warmup,2,1,299.442,0.408,0.761,12.719,1,1,5.211,0.0,23,1,800,1,5298
24,cand,1480x800,warmup,3,1,450.004,0.437,0.832,13.779,1,1,4.867,0.0,22,0,5282,1,5195
24,cand,1480x800,warmup,4,1,599.916,0.4,0.799,9.262,1,1,5.157,0.006,23,0,5067,0,5296
24,cand,1480x800,warmup,5,1,750.103,0.418,0.818,11.048,1,1,5.189,0.002,23,0,5290,0,5289
24,cand,1480x800,warmup,6,1,899.625,0.421,0.846,13.808,1,1,5.216,0.0,22,0,5272,0,5135
24,cand,1480x800,warmup,7,1,1050.037,0.405,0.788,8.114,1,1,5.635,0.002,23,0,800,0,5103
24,cand,1480x800,warmup,8,1,1199.581,0.412,0.8,11.979,1,1,5.357,0.016,23,0,5008,0,5302
24,cand,1480x800,warmup,9,1,1349.759,0.398,0.817,13.376,1,1,5.673,0.007,22,0,5004,0,5001
24,cand,1480x800,warmup,10,-1,1499.973,0.383,0.767,15.095,1,1,5.298,0.054,23,1,5207,0,5000
24,cand,1480x800,warmup,11,-1,1649.649,0.404,0.832,9.92,1,1,5.031,0.0,23,1,800,1,5181
24,cand,1480x800,warmup,12,-1,1799.539,0.348,0.769,12.707,1,1,5.401,0.002,23,1,800,1,5311
24,cand,1480x800,warmup,13,-1,1950.075,0.464,0.936,14.282,1,1,5.183,0.041,22,1,5272,1,5300
24,cand,1480x800,warmup,14,-1,2100.088,0.4,0.799,9.068,1,1,5.225,0.0,23,1,800,1,5295
24,cand,1480x800,warmup,15,-1,2249.927,0.433,0.829,11.264,1,1,5.078,0.008,24,1,5260,1,5288
24,cand,1480x800,warmup,16,-1,2399.718,0.428,0.874,13.748,1,1,4.909,0.0,22,1,800,1,5289
24,cand,1480x800,warmup,17,-1,2550.087,0.411,0.809,8.128,1,1,5.052,0.0,23,1,5298,1,5300
24,cand,1480x800,warmup,18,-1,2700.095,0.414,0.769,9.887,1,1,4.72,0.002,23,1,5300,1,5301
24,cand,1480x800,warmup,19,-1,2849.855,0.424,0.817,12.415,1,1,4.851,0.0,22,2,800,2,5269
24,cand,1480x800,idle-before,0,0,3022.268,0.0,,,0,0,0.27,0.003,21,2,5264,,
24,cand,1480x800,idle-before,1,0,3172.971,0.0,,,0,0,0.322,0.0,21,2,5308,,
24,cand,1480x800,idle-before,2,0,3323.006,0.0,,,0,0,0.278,0.0,21,2,800,,
24,cand,1480x800,idle-before,3,0,3472.452,0.0,,,0,0,0.251,0.0,20,2,800,,
24,cand,1480x800,idle-before,4,0,3622.964,0.0,,,0,0,0.272,0.003,21,2,800,,
24,cand,1480x800,idle-before,5,0,3772.973,0.0,,,0,0,0.324,0.0,21,2,5258,,
24,cand,1480x800,idle-before,6,0,3922.741,0.0,,,0,0,0.282,0.004,20,2,800,,
24,cand,1480x800,idle-before,7,0,4072.458,0.0,,,0,0,0.304,0.0,21,2,5305,,
24,cand,1480x800,idle-before,8,0,4222.97,0.0,,,0,0,0.299,0.0,21,2,5207,,
24,cand,1480x800,idle-before,9,0,4372.418,0.0,,,0,0,0.264,0.002,21,2,800,,
24,cand,1480x800,idle-before,10,0,4522.962,0.0,,,0,0,0.259,0.045,20,5,5307,,
24,cand,1480x800,idle-before,11,0,4672.336,0.0,,,0,0,0.243,0.006,21,5,5302,,
24,cand,1480x800,idle-before,12,0,4822.957,0.0,,,0,0,0.351,0.007,21,5,800,,
24,cand,1480x800,idle-before,13,0,4972.433,0.0,,,0,0,0.319,0.0,20,5,5300,,
24,cand,1480x800,idle-before,14,0,5122.962,0.0,,,0,0,0.296,0.0,21,5,5224,,
24,cand,1480x800,idle-before,15,0,5272.699,0.0,,,0,0,0.327,0.0,21,5,800,,
24,cand,1480x800,idle-before,16,0,5422.583,0.0,,,0,0,0.26,0.0,20,5,5316,,
24,cand,1480x800,idle-before,17,0,5572.74,0.0,,,0,0,0.268,0.0,21,5,800,,
24,cand,1480x800,idle-before,18,0,5722.975,0.0,,,0,0,0.288,0.003,21,5,800,,
24,cand,1480x800,idle-before,19,0,5872.366,0.0,,,0,0,0.259,0.0,20,5,800,,
24,cand,1480x800,recorded,0,1,6045.447,0.371,1.048,13.951,1,1,5.361,0.0,22,5,5274,5,5300
24,cand,1480x800,recorded,1,1,6195.95,0.418,0.834,7.858,1,1,5.135,0.0,23,5,5264,5,5235
24,cand,1480x800,recorded,2,1,6345.864,0.478,0.868,10.38,1,1,5.168,0.009,24,5,800,5,5267
24,cand,1480x800,recorded,3,1,6495.974,0.403,0.809,12.77,1,1,5.095,0.006,22,5,800,5,5305
24,cand,1480x800,recorded,4,1,6645.634,0.388,0.778,7.609,1,1,5.119,0.003,22,5,800,5,5251
24,cand,1480x800,recorded,5,1,6795.378,0.437,0.838,10.763,1,1,5.38,0.144,24,5,5106,5,5306
24,cand,1480x800,recorded,6,1,6945.403,1.104,2.6,12.969,1,1,5.395,0.0,23,5,800,5,5290
24,cand,1480x800,recorded,7,1,7095.881,0.393,0.789,15.136,1,1,5.381,0.003,22,5,800,5,5096
24,cand,1480x800,recorded,8,1,7245.925,0.337,0.857,9.2,1,1,5.255,0.029,24,5,5294,5,5097
24,cand,1480x800,recorded,9,1,7395.466,0.402,0.794,13.885,1,1,5.06,0.007,23,5,5295,5,5300
24,cand,1480x800,recorded,10,1,7545.624,0.392,0.787,14.367,1,1,5.141,0.045,22,1,800,5,5304
24,cand,1480x800,recorded,11,1,7695.947,0.333,0.83,9.061,1,1,5.329,0.006,23,1,800,1,5298
24,cand,1480x800,recorded,12,1,7845.475,0.432,0.891,11.288,1,1,5.342,0.002,23,1,800,1,5301
24,cand,1480x800,recorded,13,1,7995.583,0.478,0.883,14.034,1,1,5.486,0.0,22,1,800,1,5300
24,cand,1480x800,recorded,14,1,8145.35,0.403,0.805,8.158,1,1,5.198,0.003,23,1,800,1,5305
24,cand,1480x800,recorded,15,1,8295.906,0.388,0.794,9.784,1,1,5.094,0.003,23,1,800,1,5300
24,cand,1480x800,recorded,16,1,8445.646,0.414,0.798,12.606,1,1,5.189,0.004,22,1,5288,1,5149
24,cand,1480x800,recorded,17,1,8595.951,0.417,0.82,15.279,1,1,5.443,0.002,23,1,800,1,5299
24,cand,1480x800,recorded,18,1,8745.951,0.395,0.807,9.645,1,1,5.715,0.004,23,1,5288,1,5309
24,cand,1480x800,recorded,19,1,8895.843,0.442,0.891,12.393,1,1,5.516,0.01,23,1,800,1,5309
24,cand,1480x800,recorded,20,1,9045.949,0.42,0.815,14.085,1,1,5.135,0.005,22,1,800,1,5292
24,cand,1480x800,recorded,21,1,9195.946,0.44,0.853,8.865,1,1,5.239,0.0,23,1,800,1,5240
24,cand,1480x800,recorded,22,1,9345.952,0.376,0.817,10.735,1,1,5.033,0.006,23,2,5304,1,5238
24,cand,1480x800,recorded,23,1,9495.539,0.492,0.938,14.69,1,1,5.376,0.003,22,2,5091,2,5305
24,cand,1480x800,recorded,24,1,9645.942,0.409,0.818,8.328,1,1,5.214,0.004,23,2,5237,2,5293
24,cand,1480x800,recorded,25,1,9796.029,0.433,0.855,10.387,1,1,5.385,0.0,23,2,800,2,5306
24,cand,1480x800,recorded,26,1,9945.347,1.741,2.272,13.787,1,1,5.422,0.007,22,2,5103,2,5237
24,cand,1480x800,recorded,27,1,10095.884,0.497,0.869,15.22,1,1,5.363,0.002,23,2,5307,2,5092
24,cand,1480x800,recorded,28,1,10245.507,0.518,0.813,10.351,1,1,5.244,0.0,23,2,5258,2,5306
24,cand,1480x800,recorded,29,1,10395.58,0.506,0.841,12.981,1,1,5.008,0.003,23,2,800,2,5296
24,cand,1480x800,recorded,30,-1,10545.846,0.388,0.821,15.23,1,1,5.375,0.003,22,2,800,2,5103
24,cand,1480x800,recorded,31,-1,10695.94,0.521,0.827,9.297,1,1,5.197,0.0,23,2,5299,2,5302
24,cand,1480x800,recorded,32,-1,10845.986,0.543,0.864,11.238,1,1,5.146,0.003,23,2,800,2,5292
24,cand,1480x800,recorded,33,-1,10995.71,0.534,0.855,14.511,1,1,5.161,0.002,22,2,5303,2,5295
24,cand,1480x800,recorded,34,-1,11145.963,0.577,0.903,9.147,1,1,5.312,0.002,23,2,800,2,5313
24,cand,1480x800,recorded,35,-1,11295.331,0.442,0.744,11.701,1,1,4.987,0.002,23,2,800,2,5296
24,cand,1480x800,recorded,36,-1,11445.384,0.409,0.87,13.851,1,1,5.05,0.003,22,2,800,2,5298
24,cand,1480x800,recorded,37,-1,11595.951,0.336,0.789,7.734,1,1,5.322,0.01,23,2,800,2,5301
24,cand,1480x800,recorded,38,-1,11745.954,0.425,0.756,10.318,1,1,5.367,0.0,23,2,800,2,5308
24,cand,1480x800,recorded,39,-1,11895.328,0.457,0.798,13.513,1,1,5.125,0.0,22,2,800,2,5306
24,cand,1480x800,recorded,40,-1,12045.958,0.496,0.839,14.467,1,1,5.112,0.0,23,2,800,2,5302
24,cand,1480x800,recorded,41,-1,12195.944,0.327,0.81,9.281,1,1,5.077,0.0,23,2,800,2,5300
24,cand,1480x800,recorded,42,-1,12345.95,0.441,0.768,11.976,1,1,5.113,0.0,23,2,800,2,5307
24,cand,1480x800,recorded,43,-1,12495.944,0.462,0.868,14.542,1,1,5.099,0.0,22,2,800,2,5146
24,cand,1480x800,recorded,44,-1,12646.009,0.429,0.753,8.829,1,1,5.199,0.0,23,2,5172,2,5307
24,cand,1480x800,recorded,45,-1,12795.573,0.534,0.844,11.699,1,1,6.074,0.0,23,2,800,2,5218
24,cand,1480x800,recorded,46,-1,12945.381,0.368,0.863,14.117,1,1,5.092,0.008,23,2,800,2,5275
24,cand,1480x800,recorded,47,-1,13095.324,0.362,0.73,8.948,1,1,5.09,0.006,23,2,800,2,5101
24,cand,1480x800,recorded,48,-1,13245.954,0.356,0.791,10.416,1,1,5.153,0.003,23,2,5286,2,5259
24,cand,1480x800,recorded,49,-1,13395.742,0.423,0.755,13.491,1,1,5.21,0.0,22,2,800,2,5310
24,cand,1480x800,recorded,50,-1,13545.882,0.376,0.778,15.522,1,1,5.496,0.002,23,2,800,2,5102
24,cand,1480x800,recorded,51,-1,13695.543,0.471,0.784,9.857,1,1,5.082,0.0,23,2,5249,2,5208
24,cand,1480x800,recorded,52,-1,13845.853,0.359,0.878,12.435,1,1,5.374,0.003,23,2,800,2,5311
24,cand,1480x800,recorded,53,-1,13995.953,0.495,0.856,14.178,1,1,5.132,0.003,22,2,800,2,5291
24,cand,1480x800,recorded,54,-1,14145.942,0.47,0.811,9.014,1,1,4.883,0.0,23,2,5248,2,5306
24,cand,1480x800,recorded,55,-1,14295.996,0.36,0.84,11.13,1,1,5.094,0.0,23,1,800,2,5196
24,cand,1480x800,recorded,56,-1,14445.409,0.434,0.936,14.363,1,1,5.134,0.003,22,1,800,1,5292
24,cand,1480x800,recorded,57,-1,14595.954,0.44,0.765,9.363,1,1,5.282,0.005,23,1,800,1,5305
24,cand,1480x800,recorded,58,-1,14745.952,0.458,0.782,12.242,1,1,6.877,0.0,23,1,800,1,5287
24,cand,1480x800,recorded,59,-1,14895.465,0.461,0.768,13.179,1,1,4.892,0.0,22,1,800,1,5110
24,cand,1480x800,recorded,60,1,15046.014,0.489,0.906,15.244,1,1,5.216,0.007,24,1,5286,1,5312
24,cand,1480x800,recorded,61,1,15195.957,0.33,0.809,11.414,1,1,5.102,0.005,23,1,800,1,5310
24,cand,1480x800,recorded,62,1,15345.773,0.435,0.775,12.912,1,1,5.02,0.0,22,1,800,1,5291
24,cand,1480x800,recorded,63,1,15495.693,0.456,0.851,15.259,1,1,5.813,0.0,23,1,5015,1,5293
24,cand,1480x800,recorded,64,1,15645.804,0.344,0.81,9.455,1,1,5.011,0.0,23,1,800,1,5255
24,cand,1480x800,recorded,65,1,15796.017,0.552,0.873,12.055,1,1,5.427,0.0,22,1,5117,1,5297
24,cand,1480x800,recorded,66,1,15945.468,1.989,5.439,14.789,1,1,5.55,0.0,23,2,800,2,5296
24,cand,1480x800,recorded,67,1,16095.304,0.372,0.75,9.863,1,1,5.384,0.0,23,2,800,2,5106
24,cand,1480x800,recorded,68,1,16245.956,0.326,0.795,11.154,1,1,5.081,0.003,23,1,800,2,5300
24,cand,1480x800,recorded,69,1,16395.644,0.504,0.822,13.627,1,1,5.144,0.003,22,1,800,1,5275
24,cand,1480x800,recorded,70,1,16545.965,0.591,0.91,8.401,1,1,5.499,0.045,23,1,800,1,5161
24,cand,1480x800,recorded,71,1,16695.952,0.512,0.812,11.278,1,1,5.261,0.007,23,1,5300,1,5310
24,cand,1480x800,recorded,72,1,16845.547,0.548,0.914,13.609,1,1,5.359,0.004,22,1,800,1,5286
24,cand,1480x800,recorded,73,1,16995.952,0.505,0.85,15.27,1,1,5.446,0.009,23,1,800,1,5304
24,cand,1480x800,recorded,74,1,17145.947,0.456,0.858,10.209,1,1,5.362,0.0,23,1,5291,1,5308
24,cand,1480x800,recorded,75,1,17295.952,0.456,0.876,12.811,1,1,5.113,0.002,22,1,800,1,5299
24,cand,1480x800,recorded,76,1,17445.454,0.574,1.046,15.219,1,1,5.442,0.005,23,1,800,1,5213
24,cand,1480x800,recorded,77,1,17595.349,0.499,0.844,11.325,1,1,5.534,0.0,23,1,800,1,5225
24,cand,1480x800,recorded,78,1,17745.761,0.49,0.865,12.205,1,1,5.629,0.0,23,1,5277,1,5309
24,cand,1480x800,recorded,79,1,17895.993,0.533,0.878,14.202,1,1,5.413,0.004,22,1,5219,1,5097
24,cand,1480x800,recorded,80,1,18045.299,0.412,0.817,10.138,1,1,5.366,0.0,23,1,5248,1,5307
24,cand,1480x800,recorded,81,1,18195.733,0.314,0.799,11.508,1,1,5.453,0.0,23,1,800,1,5287
24,cand,1480x800,recorded,82,1,18345.304,0.401,0.797,13.948,1,1,5.467,0.0,22,5,5299,1,5300
24,cand,1480x800,recorded,83,1,18495.964,0.565,0.874,10.394,1,1,5.163,0.024,22,5,3626,5,5301
24,cand,1480x800,recorded,84,1,18645.954,0.478,0.818,10.257,1,1,5.313,0.0,23,5,5097,5,5306
24,cand,1480x800,recorded,85,1,18795.85,0.437,0.895,13.474,1,1,5.76,0.003,22,1,5051,5,5294
24,cand,1480x800,recorded,86,1,18945.386,1.187,1.924,15.182,1,1,5.372,0.0,23,5,5094,5,5312
24,cand,1480x800,recorded,87,1,19095.444,0.483,1.034,10.249,1,1,5.772,0.0,23,5,800,5,5116
24,cand,1480x800,recorded,88,1,19245.963,0.428,0.781,12.15,1,1,5.305,0.0,22,5,800,5,5299
24,cand,1480x800,recorded,89,1,19395.459,0.379,0.749,14.787,1,1,5.37,0.005,23,5,5298,5,5302
24,cand,1480x800,recorded,90,-1,19545.364,0.452,0.997,9.791,1,1,5.711,0.0,23,5,800,5,5004
24,cand,1480x800,recorded,91,-1,19695.969,0.529,0.899,11.288,1,1,5.486,0.0,23,5,5150,5,5288
24,cand,1480x800,recorded,92,-1,19845.702,0.449,0.891,13.858,1,1,5.487,0.0,22,5,5055,5,5003
24,cand,1480x800,recorded,93,-1,19995.92,0.325,0.779,9.318,1,1,5.45,0.003,23,5,800,5,5114
24,cand,1480x800,recorded,94,-1,20145.304,0.411,0.808,11.977,1,1,5.23,0.0,23,5,800,5,5293
24,cand,1480x800,recorded,95,-1,20295.451,0.389,0.79,13.404,1,1,5.436,0.011,23,5,800,5,5308
24,cand,1480x800,recorded,96,-1,20445.944,0.438,0.904,15.279,1,1,5.507,0.0,23,5,5307,5,5301
24,cand,1480x800,recorded,97,-1,20595.958,0.438,0.844,10.147,1,1,5.583,0.0,23,5,800,5,5308
24,cand,1480x800,recorded,98,-1,20745.954,0.411,0.778,13.076,1,1,5.968,0.006,23,5,800,5,5308
24,cand,1480x800,recorded,99,-1,20895.971,0.396,0.946,15.332,1,1,5.596,0.004,23,5,800,5,5317
24,cand,1480x800,recorded,100,-1,21045.374,0.558,0.96,10.933,1,1,5.389,0.008,23,5,5295,5,5248
24,cand,1480x800,recorded,101,-1,21195.946,0.551,0.892,11.327,1,1,5.475,0.0,22,5,800,5,5293
24,cand,1480x800,recorded,102,-1,21345.304,0.47,0.881,14.389,1,1,5.444,0.008,23,5,800,5,5304
24,cand,1480x800,recorded,103,-1,21495.322,0.546,0.882,10.127,1,1,5.569,0.003,23,5,800,5,5277
24,cand,1480x800,recorded,104,-1,21645.304,0.511,0.818,11.32,1,1,5.346,0.0,23,5,800,5,5296
24,cand,1480x800,recorded,105,-1,21795.349,0.544,0.891,14.616,1,1,5.763,0.0,22,1,5328,5,5300
24,cand,1480x800,recorded,106,-1,21945.227,1.161,1.537,8.979,1,1,5.645,0.0,23,1,5108,1,5172
24,cand,1480x800,recorded,107,-1,22095.832,0.397,0.8,10.291,1,1,5.73,0.003,23,1,800,1,5095
24,cand,1480x800,recorded,108,-1,22245.767,0.52,0.86,12.64,1,1,5.414,0.0,22,1,800,1,5320
24,cand,1480x800,recorded,109,-1,22395.442,0.494,0.84,9.308,1,1,5.323,0.0,22,1,5099,1,5310
24,cand,1480x800,recorded,110,-1,22545.826,0.418,0.846,10.292,1,1,5.629,0.0,23,1,800,1,5108
24,cand,1480x800,recorded,111,-1,22695.948,0.503,0.848,12.26,1,1,5.47,0.0,22,1,800,1,5301
24,cand,1480x800,recorded,112,-1,22846.034,0.492,0.856,13.961,1,1,5.511,0.01,23,1,5301,1,5302
24,cand,1480x800,recorded,113,-1,22995.299,0.515,0.847,9.945,1,1,5.31,0.004,23,1,800,1,5302
24,cand,1480x800,recorded,114,-1,23145.959,0.485,0.882,11.938,1,1,6.164,0.0,23,1,800,1,5300
24,cand,1480x800,recorded,115,-1,23295.472,0.549,0.909,14.064,1,1,5.289,0.0,22,1,800,1,5294
24,cand,1480x800,recorded,116,-1,23445.372,0.543,1.015,9.59,1,1,6.063,0.003,23,1,5049,1,5292
24,cand,1480x800,recorded,117,-1,23595.36,0.54,1.006,11.639,1,1,5.62,0.0,23,1,5301,1,4997
24,cand,1480x800,recorded,118,-1,23745.446,0.53,0.801,13.949,1,1,5.561,0.004,22,1,5191,1,5296
24,cand,1480x800,recorded,119,-1,23895.355,0.536,0.825,7.832,1,1,5.222,0.0,23,1,800,1,5295
24,cand,1480x800,idle-after,0,0,24069.841,0.0,,,0,0,0.604,0.0,21,1,5243,,
24,cand,1480x800,idle-after,1,0,24219.961,0.0,,,0,0,0.679,0.0,21,1,800,,
24,cand,1480x800,idle-after,2,0,24369.339,0.0,,,0,0,0.397,0.0,20,1,5296,,
24,cand,1480x800,idle-after,3,0,24519.39,0.0,,,0,0,0.318,0.006,21,1,5299,,
24,cand,1480x800,idle-after,4,0,24669.765,0.0,,,0,0,0.301,0.004,21,5,5306,,
24,cand,1480x800,idle-after,5,0,24819.985,0.0,,,0,0,0.31,0.003,21,5,800,,
24,cand,1480x800,idle-after,6,0,24969.492,0.0,,,0,0,0.243,0.0,20,5,800,,
24,cand,1480x800,idle-after,7,0,25119.75,0.0,,,0,0,0.35,0.0,21,5,800,,
24,cand,1480x800,idle-after,8,0,25269.959,0.0,,,0,0,0.302,0.003,21,5,800,,
24,cand,1480x800,idle-after,9,0,25419.344,0.0,,,0,0,0.299,0.005,20,5,800,,
24,cand,1480x800,idle-after,10,0,25569.945,0.0,,,0,0,0.318,0.004,21,5,800,,
24,cand,1480x800,idle-after,11,0,25719.956,0.0,,,0,0,0.314,0.006,21,5,5167,,
24,cand,1480x800,idle-after,12,0,25870.018,0.0,,,0,0,0.255,0.0,20,5,5223,,
24,cand,1480x800,idle-after,13,0,26020.016,0.0,,,0,0,0.304,0.0,21,5,5226,,
24,cand,1480x800,idle-after,14,0,26169.954,0.0,,,0,0,0.297,0.0,21,5,5288,,
24,cand,1480x800,idle-after,15,0,26319.748,0.0,,,0,0,0.315,0.002,21,5,800,,
24,cand,1480x800,idle-after,16,0,26469.72,0.0,,,0,0,0.357,0.0,20,5,5240,,
24,cand,1480x800,idle-after,17,0,26619.374,0.0,,,0,0,0.266,0.0,21,5,5285,,
24,cand,1480x800,idle-after,18,0,26769.33,0.0,,,0,0,0.338,0.0,21,5,800,,
24,cand,1480x800,idle-after,19,0,26919.399,0.0,,,0,0,0.28,0.004,20,5,800,,
25,base,1480x800,warmup,0,1,0.0,0.508,0.841,,0,0,0.277,0.003,22,3,800,,
25,base,1480x800,warmup,1,1,150.525,0.504,0.754,10.14,1,1,5.175,0.0,23,3,800,3,5269
25,base,1480x800,warmup,2,1,300.758,0.545,0.878,12.924,1,1,5.078,0.0,22,3,800,3,5092
25,base,1480x800,warmup,3,1,450.105,0.556,0.865,7.825,1,1,5.202,0.0,22,3,800,3,5279
25,base,1480x800,warmup,4,1,600.517,0.582,0.901,9.966,1,1,5.396,0.01,23,3,800,3,5209
25,base,1480x800,warmup,5,1,750.762,0.545,0.89,11.654,1,1,5.173,0.0,22,3,800,3,5295
25,base,1480x800,warmup,6,1,900.11,0.584,0.886,14.433,1,1,5.03,0.003,23,3,5171,3,5299
25,base,1480x800,warmup,7,1,1050.089,0.542,0.844,9.465,1,1,5.145,0.0,23,3,800,3,5309
25,base,1480x800,warmup,8,1,1200.758,0.547,0.852,11.284,1,1,5.183,0.0,23,3,800,3,5310
25,base,1480x800,warmup,9,1,1350.261,0.568,0.968,14.299,1,1,5.4,0.0,22,3,800,3,5301
25,base,1480x800,warmup,10,-1,1500.749,0.495,0.839,7.861,1,1,4.915,0.0,23,3,800,3,5178
25,base,1480x800,warmup,11,-1,1650.798,0.52,0.892,10.84,1,1,5.49,0.005,23,3,800,3,5304
25,base,1480x800,warmup,12,-1,1800.402,0.437,0.871,13.199,1,1,5.556,0.0,22,3,5102,3,5104
25,base,1480x800,warmup,13,-1,1950.385,0.453,0.89,7.817,1,1,5.256,0.0,22,3,800,3,5096
25,base,1480x800,warmup,14,-1,2100.449,0.476,0.815,10.132,1,1,5.111,0.004,23,3,800,3,5310
25,base,1480x800,warmup,15,-1,2250.458,0.483,0.818,12.351,1,1,5.087,0.0,22,3,800,3,5294
25,base,1480x800,warmup,16,-1,2400.467,0.551,0.903,14.118,1,1,4.962,0.005,23,3,800,3,5300
25,base,1480x800,warmup,17,-1,2550.781,0.518,0.871,9.113,1,1,5.292,0.0,23,3,800,3,5304
25,base,1480x800,warmup,18,-1,2700.377,0.517,0.789,11.258,1,1,4.623,0.023,24,3,800,3,5289
25,base,1480x800,warmup,19,-1,2850.443,0.479,0.788,13.183,1,1,4.753,0.0,22,3,800,3,5301
25,base,1480x800,idle-before,0,0,3023.074,0.0,,,0,0,0.278,0.0,21,3,800,,
25,base,1480x800,idle-before,1,0,3173.449,0.0,,,0,0,0.276,0.005,21,3,800,,
25,base,1480x800,idle-before,2,0,3323.845,0.0,,,0,0,0.271,0.0,21,3,800,,
25,base,1480x800,idle-before,3,0,3473.694,0.0,,,0,0,0.24,0.0,20,3,800,,
25,base,1480x800,idle-before,4,0,3623.917,0.0,,,0,0,0.248,0.0,21,3,800,,
25,base,1480x800,idle-before,5,0,3773.375,0.0,,,0,0,0.265,0.0,21,3,800,,
25,base,1480x800,idle-before,6,0,3923.671,0.0,,,0,0,0.308,0.003,20,3,800,,
25,base,1480x800,idle-before,7,0,4073.845,0.0,,,0,0,0.25,0.0,21,3,800,,
25,base,1480x800,idle-before,8,0,4223.197,0.0,,,0,0,0.29,0.0,21,3,5261,,
25,base,1480x800,idle-before,9,0,4373.644,0.0,,,0,0,0.237,0.0,20,3,800,,
25,base,1480x800,idle-before,10,0,4523.347,0.0,,,0,0,0.303,0.0,21,3,800,,
25,base,1480x800,idle-before,11,0,4673.316,0.0,,,0,0,0.287,0.0,21,3,800,,
25,base,1480x800,idle-before,12,0,4823.78,0.0,,,0,0,0.256,0.0,20,3,5303,,
25,base,1480x800,idle-before,13,0,4973.403,0.0,,,0,0,0.263,0.0,21,3,800,,
25,base,1480x800,idle-before,14,0,5123.845,0.0,,,0,0,0.269,0.0,21,3,5253,,
25,base,1480x800,idle-before,15,0,5273.848,0.0,,,0,0,0.252,0.0,21,3,800,,
25,base,1480x800,idle-before,16,0,5423.312,0.0,,,0,0,0.259,0.0,20,3,800,,
25,base,1480x800,idle-before,17,0,5573.567,0.0,,,0,0,0.249,0.0,21,3,5274,,
25,base,1480x800,idle-before,18,0,5723.847,0.0,,,0,0,0.28,0.0,21,3,800,,
25,base,1480x800,idle-before,19,0,5873.779,0.0,,,0,0,0.233,0.006,20,3,800,,
25,base,1480x800,recorded,0,1,6046.243,0.504,1.021,14.478,1,1,5.393,0.0,23,3,800,3,5099
25,base,1480x800,recorded,1,1,6196.873,0.503,0.897,8.805,1,1,5.261,0.0,23,3,800,3,5303
25,base,1480x800,recorded,2,1,6346.873,0.479,0.81,10.755,1,1,4.8,0.0,23,3,5246,3,5285
25,base,1480x800,recorded,3,1,6496.225,0.522,0.907,14.653,1,1,5.045,0.0,22,3,5303,3,5315
25,base,1480x800,recorded,4,1,6646.905,0.495,0.801,8.963,1,1,5.379,0.016,23,3,800,3,5304
25,base,1480x800,recorded,5,1,6796.226,0.484,0.831,11.379,1,1,5.095,0.0,23,3,5268,3,5160
25,base,1480x800,recorded,6,1,6946.137,0.483,0.801,13.61,1,1,5.111,0.0,22,3,800,3,5309
25,base,1480x800,recorded,7,1,7096.892,0.486,0.794,14.662,1,1,5.095,0.003,23,3,5161,3,5206
25,base,1480x800,recorded,8,1,7246.586,0.436,0.835,10.091,1,1,5.024,0.0,23,3,800,3,5235
25,base,1480x800,recorded,9,1,7396.401,0.528,0.858,12.235,1,1,5.291,0.0,22,3,800,3,5125
25,base,1480x800,recorded,10,1,7546.338,0.497,0.891,14.959,1,1,5.425,0.633,23,3,800,3,5300
25,base,1480x800,recorded,11,1,7696.312,15.719,19.215,31.637,1,1,5.574,0.006,24,3,5074,3,5075
25,base,1480x800,recorded,12,1,7846.33,0.453,0.81,12.269,1,1,5.266,0.0,23,3,800,3,5109
25,base,1480x800,recorded,13,1,7996.281,0.531,0.895,14.475,1,1,5.222,0.0,22,3,800,3,5290
25,base,1480x800,recorded,14,1,8146.877,0.443,0.861,8.871,1,1,5.294,0.0,23,3,800,3,5293
25,base,1480x800,recorded,15,1,8296.226,0.493,0.843,11.511,1,1,5.131,0.0,23,3,800,3,5258
25,base,1480x800,recorded,16,1,8446.804,0.452,0.803,12.98,1,1,5.136,0.003,22,3,5152,3,5278
25,base,1480x800,recorded,17,1,8596.97,0.504,0.929,15.521,1,1,5.529,0.0,23,3,800,3,5198
25,base,1480x800,recorded,18,1,8746.458,0.544,0.89,10.408,1,1,5.26,0.003,23,3,800,3,5267
25,base,1480x800,recorded,19,1,8896.873,0.509,0.806,12.081,1,1,4.885,0.003,22,3,5045,3,5310
25,base,1480x800,recorded,20,1,9046.331,0.444,0.838,15.567,1,1,5.293,0.0,23,3,800,3,5299
25,base,1480x800,recorded,21,1,9196.871,0.5,0.844,9.074,1,1,5.28,0.0,23,3,800,3,5276
25,base,1480x800,recorded,22,1,9346.514,0.562,0.914,12.236,1,1,5.237,0.002,22,3,800,3,5269
25,base,1480x800,recorded,23,1,9496.513,0.473,0.825,14.208,1,1,5.354,0.0,23,3,800,3,5274
25,base,1480x800,recorded,24,1,9646.567,0.529,0.875,9.283,1,1,5.462,0.003,23,3,800,3,5280
25,base,1480x800,recorded,25,1,9796.881,0.479,0.868,10.874,1,1,5.195,0.0,23,3,5122,3,5286
25,base,1480x800,recorded,26,1,9946.26,0.579,0.907,14.039,1,1,5.086,0.0,22,3,800,3,5294
25,base,1480x800,recorded,27,1,10096.873,0.476,0.817,8.442,1,1,5.191,0.0,23,3,5309,3,5316
25,base,1480x800,recorded,28,1,10246.255,0.478,0.826,10.848,1,1,5.192,0.0,23,3,800,3,5304
25,base,1480x800,recorded,29,1,10396.885,0.494,0.854,12.746,1,1,5.304,0.0,22,3,5118,3,5252
25,base,1480x800,recorded,30,-1,10546.727,0.526,0.909,15.279,1,1,5.624,0.0,23,3,800,3,5156
25,base,1480x800,recorded,31,-1,10696.514,0.524,0.885,10.525,1,1,5.608,0.0,23,3,5119,3,5157
25,base,1480x800,recorded,32,-1,10846.416,0.442,0.785,12.873,1,1,5.174,0.0,22,3,800,3,5102
25,base,1480x800,recorded,33,-1,10996.768,0.481,0.806,14.068,1,1,5.15,0.003,23,3,5299,3,5296
25,base,1480x800,recorded,34,-1,11146.692,0.557,0.961,9.011,1,1,5.143,0.0,23,3,800,3,5275
25,base,1480x800,recorded,35,-1,11296.875,0.482,0.817,10.847,1,1,5.015,0.003,22,3,5313,3,5274
25,base,1480x800,recorded,36,-1,11446.227,0.491,0.914,14.373,1,1,5.151,0.0,23,3,800,3,5300
25,base,1480x800,recorded,37,-1,11596.902,0.512,0.843,8.825,1,1,5.434,0.0,23,3,800,3,5302
25,base,1480x800,recorded,38,-1,11746.635,0.474,0.855,11.084,1,1,5.227,0.002,23,3,800,3,5272
25,base,1480x800,recorded,39,-1,11896.689,0.45,0.787,13.003,1,1,5.046,0.034,22,3,5296,3,5244
25,base,1480x800,recorded,40,-1,12046.48,0.47,0.805,8.485,1,1,5.37,0.0,23,3,800,3,5169
25,base,1480x800,recorded,41,-1,12196.226,0.479,0.821,10.577,1,1,5.217,0.0,23,3,800,3,5279
25,base,1480x800,recorded,42,-1,12346.854,0.52,1.041,12.947,1,1,5.69,0.0,22,3,800,3,5100
25,base,1480x800,recorded,43,-1,12496.419,0.54,0.92,15.32,1,1,5.486,0.0,23,3,800,3,5315
25,base,1480x800,recorded,44,-1,12646.905,0.5,0.829,9.649,1,1,5.536,0.008,24,3,800,3,5188
25,base,1480x800,recorded,45,-1,12796.225,0.494,0.858,12.462,1,1,5.642,0.0,22,3,800,3,5298
25,base,1480x800,recorded,46,-1,12946.224,0.453,0.852,14.56,1,1,5.072,0.0,23,3,5291,3,5314
25,base,1480x800,recorded,47,-1,13096.873,0.451,0.678,8.877,1,1,5.073,0.003,23,3,800,3,5311
25,base,1480x800,recorded,48,-1,13246.223,0.457,0.778,11.457,1,1,5.116,0.0,23,3,800,3,5188
25,base,1480x800,recorded,49,-1,13396.223,0.45,0.782,13.745,1,1,5.176,0.0,22,3,800,3,5282
25,base,1480x800,recorded,50,-1,13546.259,0.473,0.857,9.104,1,1,5.458,0.004,23,3,5218,3,5293
25,base,1480x800,recorded,51,-1,13696.91,0.457,0.717,11.452,1,1,5.481,0.005,23,3,800,3,5192
25,base,1480x800,recorded,52,-1,13846.179,0.385,0.765,13.898,1,1,5.253,0.005,22,3,800,3,5096
25,base,1480x800,recorded,53,-1,13996.892,0.477,0.793,14.8,1,1,5.05,0.0,23,3,800,3,5307
25,base,1480x800,recorded,54,-1,14146.873,0.452,0.774,9.837,1,1,5.042,0.008,23,3,5150,3,5287
25,base,1480x800,recorded,55,-1,14296.508,0.466,0.813,12.117,1,1,5.017,0.0,22,3,800,3,5299
25,base,1480x800,recorded,56,-1,14446.644,0.454,0.78,15.123,1,1,5.027,0.0,23,3,5243,3,5240
25,base,1480x800,recorded,57,-1,14596.907,0.459,0.836,9.103,1,1,5.268,0.01,23,3,5304,3,5299
25,base,1480x800,recorded,58,-1,14746.881,0.465,0.791,11.628,1,1,4.847,0.004,22,7,800,3,5226
25,base,1480x800,recorded,59,-1,14896.736,0.454,0.785,13.625,1,1,4.893,0.01,23,7,800,7,5307
25,base,1480x800,recorded,60,1,15046.869,0.45,0.74,8.271,1,1,4.777,0.006,23,7,4999,7,5297
25,base,1480x800,recorded,61,1,15196.308,0.429,1.085,11.927,1,1,5.875,0.002,23,7,800,7,5008
25,base,1480x800,recorded,62,1,15346.361,0.408,0.831,14.477,1,1,5.523,0.0,22,7,800,7,5010
25,base,1480x800,recorded,63,1,15496.877,0.529,0.828,7.807,1,1,5.174,0.005,23,7,5140,7,5011
25,base,1480x800,recorded,64,1,15646.842,0.406,0.801,10.514,1,1,5.546,0.003,23,7,800,7,5103
25,base,1480x800,recorded,65,1,15796.875,0.457,0.695,12.673,1,1,5.115,0.0,22,7,800,7,5186
25,base,1480x800,recorded,66,1,15946.22,0.448,0.817,7.674,1,1,5.164,0.003,23,7,800,7,5276
25,base,1480x800,recorded,67,1,16096.88,0.453,0.761,9.265,1,1,5.117,0.003,23,7,800,7,5267
25,base,1480x800,recorded,68,1,16246.352,0.494,0.812,12.665,1,1,5.186,0.0,22,7,800,7,5289
25,base,1480x800,recorded,69,1,16396.41,0.37,0.841,14.339,1,1,5.01,0.002,23,3,5204,7,5309
25,base,1480x800,recorded,70,1,16546.254,0.477,0.821,9.825,1,1,5.552,0.016,23,3,5246,3,5171
25,base,1480x800,recorded,71,1,16696.777,0.475,0.806,11.114,1,1,5.313,0.009,23,7,800,3,5157
25,base,1480x800,recorded,72,1,16846.542,0.39,0.761,14.636,1,1,5.229,0.007,23,3,800,7,5106
25,base,1480x800,recorded,73,1,16996.868,0.447,0.812,8.077,1,1,5.061,0.0,23,3,5299,3,5290
25,base,1480x800,recorded,74,1,17146.225,0.447,0.8,10.933,1,1,5.086,0.013,23,3,5303,3,5294
25,base,1480x800,recorded,75,1,17296.643,0.451,0.774,13.116,1,1,5.066,0.002,22,3,5294,3,5152
25,base,1480x800,recorded,76,1,17446.887,0.454,0.764,15.045,1,1,5.141,0.009,22,3,5263,3,5096
25,base,1480x800,recorded,77,1,17596.396,0.533,0.863,10.352,1,1,5.24,0.038,23,3,5298,3,5279
25,base,1480x800,recorded,78,1,17746.877,0.526,0.835,12.016,1,1,5.085,0.004,22,3,800,3,5287
25,base,1480x800,recorded,79,1,17896.575,0.378,0.814,14.411,1,1,5.128,0.021,23,3,5299,3,5314
25,base,1480x800,recorded,80,1,18046.872,0.456,0.782,9.008,1,1,5.129,0.025,23,3,5147,3,5158
25,base,1480x800,recorded,81,1,18196.793,0.484,0.806,11.081,1,1,5.026,0.062,22,3,5300,3,5283
25,base,1480x800,recorded,82,1,18346.292,0.446,0.765,14.323,1,1,5.102,0.003,23,3,5280,3,5301
25,base,1480x800,recorded,83,1,18496.874,0.46,0.774,9.17,1,1,5.037,0.008,23,3,5292,3,5202
25,base,1480x800,recorded,84,1,18646.924,0.492,0.883,11.476,1,1,5.572,0.012,23,3,800,3,5309
25,base,1480x800,recorded,85,1,18796.295,0.481,0.842,14.013,1,1,5.361,0.0,22,3,800,3,5305
25,base,1480x800,recorded,86,1,18946.888,0.455,0.787,7.842,1,1,5.163,0.0,23,3,5230,3,5247
25,base,1480x800,recorded,87,1,19096.523,0.451,0.771,10.401,1,1,5.157,0.0,23,3,800,3,5288
25,base,1480x800,recorded,88,1,19246.877,0.453,0.777,12.869,1,1,5.153,0.0,22,3,800,3,5295
25,base,1480x800,recorded,89,1,19396.791,0.463,0.77,15.569,1,1,5.148,0.002,23,3,800,3,5299
25,base,1480x800,recorded,90,-1,19546.514,0.498,0.848,10.782,1,1,5.7,0.003,23,3,5318,3,5109
25,base,1480x800,recorded,91,-1,19696.889,0.479,0.805,11.821,1,1,5.217,0.0,22,3,800,3,5261
25,base,1480x800,recorded,92,-1,19846.242,0.395,0.792,15.107,1,1,5.305,0.0,23,3,800,3,5098
25,base,1480x800,recorded,93,-1,19996.875,0.453,0.79,8.906,1,1,5.193,0.003,23,3,800,3,5220
25,base,1480x800,recorded,94,-1,20146.661,0.451,0.767,11.124,1,1,5.023,0.0,23,3,800,3,5158
25,base,1480x800,recorded,95,-1,20296.677,0.464,0.788,13.942,1,1,5.16,0.026,22,3,5300,3,5130
25,base,1480x800,recorded,96,-1,20446.699,0.385,0.746,8.059,1,1,5.145,0.027,23,3,5289,3,5301
25,base,1480x800,recorded,97,-1,20596.418,0.451,0.818,12.01,1,1,5.299,0.048,23,3,5299,3,5154
25,base,1480x800,recorded,98,-1,20746.892,0.458,0.79,13.698,1,1,5.237,0.055,23,3,5049,3,5304
25,base,1480x800,recorded,99,-1,20896.894,0.452,0.775,7.769,1,1,5.113,0.038,22,3,5297,3,5303
25,base,1480x800,recorded,100,-1,21046.336,0.449,0.778,10.985,1,1,5.179,0.034,23,3,5301,3,5170
25,base,1480x800,recorded,101,-1,21196.877,0.449,0.761,12.028,1,1,5.221,0.039,22,3,5191,3,5298
25,base,1480x800,recorded,102,-1,21346.504,0.413,0.851,14.707,1,1,5.212,0.04,23,3,5301,3,5304
25,base,1480x800,recorded,103,-1,21496.612,0.454,0.778,9.559,1,1,5.233,0.035,23,3,5302,3,5198
25,base,1480x800,recorded,104,-1,21646.915,0.536,0.811,12.533,1,1,5.371,0.048,24,3,5218,3,5215
25,base,1480x800,recorded,105,-1,21796.685,0.537,0.835,13.729,1,1,5.156,0.024,22,3,5126,3,5295
25,base,1480x800,recorded,106,-1,21946.269,0.527,0.831,10.06,1,1,5.044,0.043,23,3,5311,3,5095
25,base,1480x800,recorded,107,-1,22096.882,0.519,0.762,11.162,1,1,5.111,0.047,23,3,5299,3,5302
25,base,1480x800,recorded,108,-1,22246.41,0.526,0.842,13.371,1,1,5.035,0.041,22,3,5142,3,5298
25,base,1480x800,recorded,109,-1,22396.891,0.566,0.819,7.729,1,1,4.975,0.042,23,3,5233,3,5299
25,base,1480x800,recorded,110,-1,22546.619,0.536,0.856,10.879,1,1,5.358,0.032,23,3,5220,3,5300
25,base,1480x800,recorded,111,-1,22696.373,0.535,0.845,13.259,1,1,5.348,0.081,22,3,5103,3,5229
25,base,1480x800,recorded,112,-1,22846.351,0.44,0.817,8.285,1,1,5.424,0.009,23,3,800,3,5107
25,base,1480x800,recorded,113,-1,22996.881,0.5,0.784,10.689,1,1,5.223,0.01,23,7,800,7,800
25,base,1480x800,recorded,114,-1,23146.387,0.477,1.013,14.563,1,1,6.489,0.041,22,7,800,7,5000
25,base,1480x800,recorded,115,-1,23296.221,0.473,0.869,15.037,1,1,5.162,0.0,23,7,800,7,5294
25,base,1480x800,recorded,116,-1,23446.873,0.563,0.815,9.168,1,1,4.908,0.005,23,7,800,7,5120
25,base,1480x800,recorded,117,-1,23596.908,0.533,0.853,11.773,1,1,5.36,0.004,23,7,800,7,5302
25,base,1480x800,recorded,118,-1,23746.799,0.509,0.793,13.708,1,1,4.968,0.016,23,7,800,7,5291
25,base,1480x800,recorded,119,-1,23896.263,0.507,0.74,8.413,1,1,4.617,0.02,23,7,5302,7,5259
25,base,1480x800,idle-after,0,0,24070.788,0.0,,,0,0,0.331,0.0,21,7,800,,
25,base,1480x800,idle-after,1,0,24220.646,0.0,,,0,0,0.326,0.004,21,7,800,,
25,base,1480x800,idle-after,2,0,24370.32,0.0,,,0,0,0.261,0.003,20,7,5306,,
25,base,1480x800,idle-after,3,0,24520.908,0.0,,,0,0,0.253,0.0,21,7,800,,
25,base,1480x800,idle-after,4,0,24670.809,0.0,,,0,0,0.292,0.007,21,7,5275,,
25,base,1480x800,idle-after,5,0,24820.893,0.0,,,0,0,0.264,0.0,20,7,800,,
25,base,1480x800,idle-after,6,0,24970.245,0.0,,,0,0,0.296,0.007,21,7,5335,,
25,base,1480x800,idle-after,7,0,25120.446,0.0,,,0,0,0.248,0.002,21,7,800,,
25,base,1480x800,idle-after,8,0,25270.893,0.0,,,0,0,0.261,0.0,20,7,5295,,
25,base,1480x800,idle-after,9,0,25420.897,0.0,,,0,0,0.253,0.0,21,7,800,,
25,base,1480x800,idle-after,10,0,25570.383,0.0,,,0,0,0.302,0.003,21,7,800,,
25,base,1480x800,idle-after,11,0,25720.91,0.0,,,0,0,0.255,0.0,21,7,800,,
25,base,1480x800,idle-after,12,0,25870.449,0.0,,,0,0,0.266,0.0,20,7,5292,,
25,base,1480x800,idle-after,13,0,26020.915,0.0,,,0,0,0.254,0.0,21,7,800,,
25,base,1480x800,idle-after,14,0,26170.926,0.0,,,0,0,0.274,0.006,21,7,5310,,
25,base,1480x800,idle-after,15,0,26320.895,0.0,,,0,0,0.284,0.0,20,7,5169,,
25,base,1480x800,idle-after,16,0,26470.601,0.0,,,0,0,0.249,0.0,21,7,800,,
25,base,1480x800,idle-after,17,0,26620.756,0.0,,,0,0,0.274,0.0,21,7,800,,
25,base,1480x800,idle-after,18,0,26770.819,0.0,,,0,0,0.277,0.004,21,7,800,,
25,base,1480x800,idle-after,19,0,26920.747,0.0,,,0,0,0.232,0.005,20,3,5298,,
26,base,1480x800,warmup,0,1,0.0,0.427,0.877,,0,0,0.293,0.0,22,2,800,,
26,base,1480x800,warmup,1,1,150.079,0.433,0.828,10.122,1,1,5.022,0.0,23,2,800,2,5307
26,base,1480x800,warmup,2,1,299.807,0.465,0.846,13.485,1,1,5.292,0.002,22,2,800,2,5296
26,base,1480x800,warmup,3,1,450.093,0.441,0.85,15.195,1,1,5.214,0.007,23,2,800,2,5295
26,base,1480x800,warmup,4,1,600.084,0.444,0.85,9.789,1,1,4.948,0.0,23,2,800,2,5287
26,base,1480x800,warmup,5,1,750.134,0.452,0.851,12.17,1,1,5.277,0.016,24,2,5282,2,5306
26,base,1480x800,warmup,6,1,900.097,0.456,0.875,14.051,1,1,5.235,0.0,22,2,800,2,5313
26,base,1480x800,warmup,7,1,1050.091,0.472,0.886,9.406,1,1,5.282,0.007,23,2,800,2,5300
26,base,1480x800,warmup,8,1,1200.014,0.48,0.881,11.339,1,1,5.412,0.004,23,2,5295,2,5299
26,base,1480x800,warmup,9,1,1349.554,0.437,0.906,14.759,1,1,5.383,0.0,22,2,5200,2,5301
26,base,1480x800,warmup,10,-1,1499.48,6.826,7.239,17.132,1,1,5.324,0.0,23,2,800,2,5162
26,base,1480x800,warmup,11,-1,1650.084,0.455,0.969,11.171,1,1,5.276,0.0,23,2,5316,2,5301
26,base,1480x800,warmup,12,-1,1799.563,0.429,0.846,13.617,1,1,4.999,0.0,22,2,5269,2,5290
26,base,1480x800,warmup,13,-1,1949.514,0.446,0.844,7.779,1,1,4.895,0.003,23,2,5228,2,5292
26,base,1480x800,warmup,14,-1,2099.471,0.431,0.832,10.07,1,1,4.972,0.009,23,2,5243,2,5286
26,base,1480x800,warmup,15,-1,2249.85,0.452,0.84,13.485,1,1,5.665,0.009,22,2,800,2,5187
26,base,1480x800,warmup,16,-1,2400.121,0.494,0.921,14.677,1,1,5.122,0.0,23,2,800,2,5303
26,base,1480x800,warmup,17,-1,2549.87,0.378,0.763,8.984,1,1,4.857,0.0,23,2,800,2,5090
26,base,1480x800,warmup,18,-1,2700.085,0.435,0.83,11.177,1,1,4.868,0.003,23,2,800,2,5299
26,base,1480x800,warmup,19,-1,2850.093,0.445,0.875,13.532,1,1,4.792,0.002,22,2,5281,2,5306
26,base,1480x800,idle-before,0,0,3022.86,0.0,,,0,0,0.316,0.043,21,1,5296,,
26,base,1480x800,idle-before,1,0,3172.982,0.0,,,0,0,0.269,0.004,21,1,5078,,
26,base,1480x800,idle-before,2,0,3322.979,0.0,,,0,0,0.272,0.0,20,1,5291,,
26,base,1480x800,idle-before,3,0,3472.355,0.0,,,0,0,0.349,0.051,21,6,800,,
26,base,1480x800,idle-before,4,0,3622.967,0.0,,,0,0,0.284,0.0,21,6,5304,,
26,base,1480x800,idle-before,5,0,3772.504,0.0,,,0,0,0.272,0.0,21,6,800,,
26,base,1480x800,idle-before,6,0,3922.978,0.0,,,0,0,0.26,0.0,20,6,800,,
26,base,1480x800,idle-before,7,0,4072.606,0.0,,,0,0,0.321,0.0,21,6,800,,
26,base,1480x800,idle-before,8,0,4222.384,0.0,,,0,0,0.306,0.0,21,6,800,,
26,base,1480x800,idle-before,9,0,4372.384,0.0,,,0,0,0.233,0.0,20,6,800,,
26,base,1480x800,idle-before,10,0,4522.978,0.0,,,0,0,0.287,0.0,21,6,5270,,
26,base,1480x800,idle-before,11,0,4672.975,0.0,,,0,0,0.264,0.0,21,6,800,,
26,base,1480x800,idle-before,12,0,4822.986,0.0,,,0,0,0.264,0.0,20,6,5277,,
26,base,1480x800,idle-before,13,0,4972.975,0.0,,,0,0,0.302,0.0,21,6,5259,,
26,base,1480x800,idle-before,14,0,5122.713,0.0,,,0,0,0.247,0.0,21,6,800,,
26,base,1480x800,idle-before,15,0,5272.539,0.0,,,0,0,0.285,0.0,20,6,800,,
26,base,1480x800,idle-before,16,0,5422.736,0.0,,,0,0,0.247,0.006,21,6,800,,
26,base,1480x800,idle-before,17,0,5572.715,0.0,,,0,0,0.245,0.0,21,6,800,,
26,base,1480x800,idle-before,18,0,5722.7,0.0,,,0,0,0.357,0.0,21,6,800,,
26,base,1480x800,idle-before,19,0,5872.632,0.0,,,0,0,0.328,0.0,20,6,800,,
26,base,1480x800,recorded,0,1,6046.434,0.428,0.922,13.932,1,1,5.062,0.0,22,6,800,6,5300
26,base,1480x800,recorded,1,1,6196.522,0.443,0.812,9.081,1,1,5.137,0.003,23,6,5312,6,5300
26,base,1480x800,recorded,2,1,6346.555,0.455,0.848,11.051,1,1,5.393,0.003,23,6,5275,6,5293
26,base,1480x800,recorded,3,1,6495.959,0.395,0.927,14.304,1,1,6.113,0.0,22,6,800,6,5057
26,base,1480x800,recorded,4,1,6646.466,0.398,0.796,8.257,1,1,5.6,0.004,23,3,800,6,5097
26,base,1480x800,recorded,5,1,6796.524,0.441,0.852,9.817,1,1,5.183,0.0,23,3,800,3,5304
26,base,1480x800,recorded,6,1,6945.92,0.41,1.115,13.424,1,1,5.691,0.002,22,3,800,3,5234
26,base,1480x800,recorded,7,1,7096.139,0.409,0.835,15.471,1,1,5.456,0.0,23,3,800,3,5300
26,base,1480x800,recorded,8,1,7246.14,0.407,0.823,10.361,1,1,5.719,0.0,23,3,800,3,5194
26,base,1480x800,recorded,9,1,7396.14,0.461,0.876,13.199,1,1,5.661,0.007,23,3,800,3,5251
26,base,1480x800,recorded,10,1,7546.137,0.456,0.91,15.285,1,1,5.616,0.004,23,3,800,3,5295
26,base,1480x800,recorded,11,1,7695.942,0.425,0.914,9.427,1,1,5.569,0.0,23,3,800,3,5294
26,base,1480x800,recorded,12,1,7846.521,0.428,0.832,10.86,1,1,5.103,0.0,23,3,800,3,5310
26,base,1480x800,recorded,13,1,7996.19,0.477,0.9,14.135,1,1,5.699,0.0,22,3,800,3,5289
26,base,1480x800,recorded,14,1,8146.514,0.437,0.83,8.507,1,1,5.408,0.0,23,3,800,3,5301
26,base,1480x800,recorded,15,1,8295.915,0.467,0.896,11.349,1,1,5.47,0.0,23,3,800,3,5302
26,base,1480x800,recorded,16,1,8445.995,0.538,0.918,13.722,1,1,5.328,0.0,22,3,800,3,5300
26,base,1480x800,recorded,17,1,8595.868,0.439,0.86,8.45,1,1,5.556,0.003,23,3,5292,3,5303
26,base,1480x800,recorded,18,1,8746.115,0.392,0.795,10.542,1,1,5.333,0.02,23,3,5184,3,5302
26,base,1480x800,recorded,19,1,8895.913,0.429,0.837,12.625,1,1,5.256,0.0,22,3,800,3,5293
26,base,1480x800,recorded,20,1,9046.063,0.392,0.78,15.231,1,1,5.524,0.0,23,3,800,3,5316
26,base,1480x800,recorded,21,1,9196.182,0.417,0.821,9.847,1,1,5.558,0.0,23,3,800,3,5311
26,base,1480x800,recorded,22,1,9346.47,0.454,0.877,11.789,1,1,5.485,0.0,23,6,800,3,5303
26,base,1480x800,recorded,23,1,9496.078,0.489,0.897,14.436,1,1,6.009,0.0,22,6,800,6,5181
26,base,1480x800,recorded,24,1,9646.516,0.443,0.815,9.086,1,1,5.48,0.005,23,6,800,6,5300
26,base,1480x800,recorded,25,1,9796.522,0.426,0.798,11.291,1,1,5.546,0.003,23,6,800,6,5304
26,base,1480x800,recorded,26,1,9945.986,0.451,0.799,14.187,1,1,5.23,0.005,22,6,800,6,5294
26,base,1480x800,recorded,27,1,10096.519,0.435,0.79,7.721,1,1,5.159,0.007,24,6,5150,6,5187
26,base,1480x800,recorded,28,1,10245.918,0.397,0.842,11.475,1,1,5.888,0.002,23,6,5290,6,5305
26,base,1480x800,recorded,29,1,10396.337,0.568,0.919,12.239,1,1,5.405,0.005,22,6,800,6,5281
26,base,1480x800,recorded,30,-1,10545.957,0.365,0.748,7.863,1,1,5.56,0.009,24,6,800,6,5306
26,base,1480x800,recorded,31,-1,10696.498,0.434,0.797,9.445,1,1,5.542,0.002,23,6,800,6,5316
26,base,1480x800,recorded,32,-1,10846.191,0.522,0.881,12.177,1,1,5.55,0.0,22,6,800,6,5034
26,base,1480x800,recorded,33,-1,10996.524,0.436,0.81,14.22,1,1,5.567,0.004,23,6,800,6,5311
26,base,1480x800,recorded,34,-1,11146.136,0.381,0.738,9.278,1,1,5.452,0.0,23,6,800,6,5260
26,base,1480x800,recorded,35,-1,11296.185,0.445,0.861,11.95,1,1,5.78,0.0,23,6,5279,6,5234
26,base,1480x800,recorded,36,-1,11446.278,0.458,0.844,14.129,1,1,5.628,0.005,22,6,800,6,5295
26,base,1480x800,recorded,37,-1,11596.521,0.44,0.809,7.805,1,1,5.461,0.005,23,6,800,6,5296
26,base,1480x800,recorded,38,-1,11746.046,0.28,0.725,11.226,1,1,5.491,0.003,23,6,800,6,5312
26,base,1480x800,recorded,39,-1,11895.76,0.43,0.8,13.926,1,1,5.486,0.0,22,6,800,6,5299
26,base,1480x800,recorded,40,-1,12046.519,0.435,0.804,15.663,1,1,5.525,0.0,23,6,800,6,5306
26,base,1480x800,recorded,41,-1,12196.519,0.435,0.803,10.828,1,1,5.65,0.005,23,6,800,6,5305
26,base,1480x800,recorded,42,-1,12346.412,0.549,0.984,12.337,1,1,5.84,0.0,22,6,800,6,5308
26,base,1480x800,recorded,43,-1,12496.539,0.443,0.86,14.712,1,1,6.467,0.006,23,3,5171,3,5108
26,base,1480x800,recorded,44,-1,12646.516,0.438,0.837,9.813,1,1,5.574,0.0,23,3,5287,3,5301
26,base,1480x800,recorded,45,-1,12796.531,0.589,0.943,10.927,1,1,5.348,0.003,23,3,800,3,5237
26,base,1480x800,recorded,46,-1,12946.563,0.449,0.841,13.74,1,1,5.113,0.0,22,3,800,3,5301
26,base,1480x800,recorded,47,-1,13096.518,0.456,0.8,8.755,1,1,5.257,0.003,23,3,5292,3,5314
26,base,1480x800,recorded,48,-1,13245.837,0.557,0.913,11.284,1,1,5.529,0.0,23,3,800,3,5303
26,base,1480x800,recorded,49,-1,13396.035,0.513,0.878,14.295,1,1,5.432,0.009,23,3,5157,3,5294
26,base,1480x800,recorded,50,-1,13546.085,0.613,0.882,9.177,1,1,5.4,0.003,23,3,800,3,5304
26,base,1480x800,recorded,51,-1,13695.928,0.505,0.861,11.114,1,1,5.14,0.0,23,3,800,3,5156
26,base,1480x800,recorded,52,-1,13846.338,0.478,0.8,12.987,1,1,5.454,0.0,22,3,800,3,5307
26,base,1480x800,recorded,53,-1,13996.52,0.502,0.865,15.032,1,1,5.316,0.004,23,3,800,3,5300
26,base,1480x800,recorded,54,-1,14146.528,0.514,0.854,9.933,1,1,5.455,0.0,23,3,5183,3,5302
26,base,1480x800,recorded,55,-1,14296.546,0.532,0.913,11.754,1,1,5.571,0.0,23,3,5173,3,5295
26,base,1480x800,recorded,56,-1,14446.485,0.545,0.902,14.885,1,1,5.464,0.0,22,3,800,3,5297
26,base,1480x800,recorded,57,-1,14596.522,0.523,0.892,9.69,1,1,5.321,0.0,23,6,5131,3,5315
26,base,1480x800,recorded,58,-1,14745.935,0.449,1.083,12.008,1,1,5.879,0.003,23,6,800,6,5098
26,base,1480x800,recorded,59,-1,14896.34,0.489,0.852,13.825,1,1,5.176,0.0,22,6,800,6,5002
26,base,1480x800,recorded,60,1,15046.52,0.456,0.823,7.744,1,1,5.207,0.003,23,6,800,6,5295
26,base,1480x800,recorded,61,1,15195.947,0.48,0.831,10.66,1,1,5.098,0.008,23,6,5162,6,5298
26,base,1480x800,recorded,62,1,15345.92,0.521,0.917,13.514,1,1,5.644,0.003,22,6,800,6,5251
26,base,1480x800,recorded,63,1,15496.664,0.532,0.843,15.609,1,1,5.404,0.0,23,6,5165,6,5304
26,base,1480x800,recorded,64,1,15646.098,0.469,0.809,10.424,1,1,5.226,0.0,23,6,800,6,5310
26,base,1480x800,recorded,65,1,15796.357,0.443,0.795,12.776,1,1,5.161,0.0,22,6,800,6,5290
26,base,1480x800,recorded,66,1,15946.227,0.499,0.884,15.161,1,1,5.439,0.0,23,6,800,6,5302
26,base,1480x800,recorded,67,1,16096.514,0.461,0.797,9.884,1,1,5.371,0.0,23,6,800,6,5255
26,base,1480x800,recorded,68,1,16246.184,0.459,1.028,12.797,1,1,5.833,0.004,23,6,800,6,5300
26,base,1480x800,recorded,69,1,16396.544,0.468,0.815,15.154,1,1,5.26,0.003,23,6,800,6,5308
26,base,1480x800,recorded,70,1,16546.134,0.5,0.94,10.342,1,1,5.691,0.026,23,6,800,6,5307
26,base,1480x800,recorded,71,1,16696.128,0.441,0.848,11.172,1,1,5.316,0.0,23,6,800,6,5218
26,base,1480x800,recorded,72,1,16846.174,0.467,0.804,13.217,1,1,5.21,0.0,22,6,800,6,5272
26,base,1480x800,recorded,73,1,16996.549,0.476,0.812,7.754,1,1,5.292,0.005,24,6,800,6,5300
26,base,1480x800,recorded,74,1,17145.958,0.394,0.906,10.87,1,1,5.529,0.0,23,6,800,6,5292
26,base,1480x800,recorded,75,1,17296.242,0.49,0.905,14.057,1,1,5.596,0.005,22,6,800,6,5302
26,base,1480x800,recorded,76,1,17446.551,0.493,1.013,15.026,1,1,5.478,0.0,23,6,800,6,5304
26,base,1480x800,recorded,77,1,17596.535,0.457,0.828,9.898,1,1,5.242,0.0,23,6,800,6,5133
26,base,1480x800,recorded,78,1,17746.46,0.5,0.837,12.255,1,1,5.541,0.003,22,6,5277,6,5093
26,base,1480x800,recorded,79,1,17896.327,0.499,0.84,15.233,1,1,4.974,0.003,23,6,5131,6,5035
26,base,1480x800,recorded,80,1,18045.915,0.41,0.807,9.484,1,1,5.204,0.0,23,6,800,6,5300
26,base,1480x800,recorded,81,1,18196.523,0.449,0.806,10.948,1,1,5.029,0.0,23,6,5308,6,5270
26,base,1480x800,recorded,82,1,18346.478,0.496,0.866,14.018,1,1,5.377,0.081,23,6,5185,6,5300
26,base,1480x800,recorded,83,1,18496.519,0.441,0.811,8.896,1,1,5.27,0.003,23,6,5305,6,5301
26,base,1480x800,recorded,84,1,18646.525,0.456,0.806,11.101,1,1,5.23,0.003,23,6,5184,6,5300
26,base,1480x800,recorded,85,1,18796.248,0.492,0.83,15.172,1,1,5.084,0.005,23,6,800,6,5300
26,base,1480x800,recorded,86,1,18946.517,0.457,0.788,7.888,1,1,5.035,0.0,22,6,800,6,5270
26,base,1480x800,recorded,87,1,19096.522,0.455,0.796,10.024,1,1,5.181,0.0,23,6,800,6,5229
26,base,1480x800,recorded,88,1,19246.6,0.538,0.906,12.749,1,1,5.4,0.0,22,6,800,6,5304
26,base,1480x800,recorded,89,1,19396.004,2.749,3.188,15.39,1,1,5.466,0.004,23,6,800,6,5309
26,base,1480x800,recorded,90,-1,19546.139,0.525,0.855,10.152,1,1,5.384,0.0,23,6,800,6,5309
26,base,1480x800,recorded,91,-1,19696.529,0.49,0.839,11.572,1,1,5.096,0.005,23,6,5145,6,5294
26,base,1480x800,recorded,92,-1,19846.567,0.505,0.869,14.407,1,1,5.106,0.0,22,6,800,6,5082
26,base,1480x800,recorded,93,-1,19996.517,0.513,0.914,9.066,1,1,4.994,0.006,23,6,800,6,5277
26,base,1480x800,recorded,94,-1,20146.938,0.561,0.839,10.854,1,1,5.287,0.0,23,6,5318,6,5304
26,base,1480x800,recorded,95,-1,20295.953,0.575,0.931,14.703,1,1,5.412,0.0,22,6,5163,6,5305
26,base,1480x800,recorded,96,-1,20446.139,0.539,0.889,8.449,1,1,5.482,0.005,23,6,5304,6,5266
26,base,1480x800,recorded,97,-1,20596.386,0.53,0.863,9.918,1,1,5.127,0.0,23,6,800,6,5300
26,base,1480x800,recorded,98,-1,20746.29,0.507,0.86,13.061,1,1,5.177,0.003,22,6,800,6,5300
26,base,1480x800,recorded,99,-1,20896.517,0.476,0.912,15.168,1,1,5.121,0.0,23,6,800,6,5272
26,base,1480x800,recorded,100,-1,21046.517,0.546,0.893,9.948,1,1,5.219,0.0,23,6,800,6,5253
26,base,1480x800,recorded,101,-1,21196.523,0.503,0.845,12.133,1,1,5.015,0.0,23,6,800,6,5289
26,base,1480x800,recorded,102,-1,21346.563,0.506,0.895,14.828,1,1,5.507,0.0,22,6,800,6,5216
26,base,1480x800,recorded,103,-1,21496.521,0.495,0.838,9.378,1,1,5.212,0.0,23,6,800,6,5299
26,base,1480x800,recorded,104,-1,21646.528,0.519,0.924,11.886,1,1,5.422,0.0,23,6,800,6,5307
26,base,1480x800,recorded,105,-1,21796.285,0.524,0.872,14.127,1,1,5.233,0.0,22,6,800,6,5299
26,base,1480x800,recorded,106,-1,21946.557,0.499,0.853,8.726,1,1,4.93,0.0,23,6,800,6,5237
26,base,1480x800,recorded,107,-1,22096.524,0.499,0.836,10.96,1,1,5.013,0.005,23,6,800,6,5185
26,base,1480x800,recorded,108,-1,22246.569,0.53,0.85,13.206,1,1,5.459,0.0,22,6,5140,6,5260
26,base,1480x800,recorded,109,-1,22396.152,0.497,0.989,8.254,1,1,5.296,0.0,23,6,800,6,5263
26,base,1480x800,recorded,110,-1,22546.529,0.463,0.811,10.21,1,1,5.302,0.0,23,6,800,6,5160
26,base,1480x800,recorded,111,-1,22696.524,0.453,0.799,12.224,1,1,4.916,0.005,22,6,800,6,5305
26,base,1480x800,recorded,112,-1,22846.542,0.446,0.844,15.554,1,1,5.864,0.003,23,6,800,6,5101
26,base,1480x800,recorded,113,-1,22996.584,0.466,0.855,9.178,1,1,5.028,0.002,23,6,800,6,5307
26,base,1480x800,recorded,114,-1,23146.525,0.479,0.858,11.94,1,1,5.36,0.0,23,6,5095,6,5162
26,base,1480x800,recorded,115,-1,23296.591,0.457,0.863,14.617,1,1,5.358,0.0,22,6,800,6,5037
26,base,1480x800,recorded,116,-1,23446.555,0.424,0.816,9.183,1,1,5.523,0.003,23,6,800,6,5311
26,base,1480x800,recorded,117,-1,23596.054,0.605,0.972,11.263,1,1,5.253,0.0,23,3,5080,6,5087
26,base,1480x800,recorded,118,-1,23745.933,0.516,0.899,13.358,1,1,4.938,0.003,22,3,800,3,5282
26,base,1480x800,recorded,119,-1,23896.18,0.487,0.847,8.036,1,1,4.605,0.0,23,3,800,3,5119
26,base,1480x800,idle-after,0,0,24070.171,0.0,,,0,0,0.252,0.0,21,3,800,,
26,base,1480x800,idle-after,1,0,24219.917,0.0,,,0,0,0.252,0.0,21,3,800,,
26,base,1480x800,idle-after,2,0,24370.05,0.0,,,0,0,0.254,0.0,20,3,800,,
26,base,1480x800,idle-after,3,0,24520.254,0.0,,,0,0,0.247,0.0,21,3,800,,
26,base,1480x800,idle-after,4,0,24670.166,0.0,,,0,0,0.249,0.0,21,3,5269,,
26,base,1480x800,idle-after,5,0,24820.14,0.0,,,0,0,0.235,0.0,20,3,5271,,
26,base,1480x800,idle-after,6,0,24970.28,0.0,,,0,0,0.299,0.0,21,3,800,,
26,base,1480x800,idle-after,7,0,25120.131,0.0,,,0,0,0.245,0.0,21,3,800,,
26,base,1480x800,idle-after,8,0,25270.298,0.0,,,0,0,0.246,0.0,21,3,800,,
26,base,1480x800,idle-after,9,0,25420.083,0.0,,,0,0,0.27,0.003,20,3,5033,,
26,base,1480x800,idle-after,10,0,25570.257,0.0,,,0,0,0.248,0.0,21,3,800,,
26,base,1480x800,idle-after,11,0,25720.262,0.0,,,0,0,0.262,0.0,21,3,800,,
26,base,1480x800,idle-after,12,0,25869.999,0.0,,,0,0,0.236,0.0,20,3,800,,
26,base,1480x800,idle-after,13,0,26019.788,0.0,,,0,0,0.251,0.0,21,3,5201,,
26,base,1480x800,idle-after,14,0,26169.974,0.0,,,0,0,0.262,0.0,21,3,800,,
26,base,1480x800,idle-after,15,0,26320.087,0.0,,,0,0,0.237,0.0,20,3,800,,
26,base,1480x800,idle-after,16,0,26470.082,0.0,,,0,0,0.246,0.003,21,3,5295,,
26,base,1480x800,idle-after,17,0,26620.255,0.0,,,0,0,0.246,0.0,21,3,800,,
26,base,1480x800,idle-after,18,0,26770.129,0.0,,,0,0,0.276,0.004,20,3,800,,
26,base,1480x800,idle-after,19,0,26919.812,0.0,,,0,0,0.247,0.0,21,3,800,,
27,cand,1480x800,warmup,0,1,0.0,0.526,0.912,,0,0,0.297,0.0,21,6,800,,
27,cand,1480x800,warmup,1,1,150.035,0.452,0.799,9.533,1,1,5.27,0.006,23,6,800,6,5210
27,cand,1480x800,warmup,2,1,300.141,0.394,0.791,10.576,1,1,5.032,0.0,23,6,800,6,5302
27,cand,1480x800,warmup,3,1,450.123,0.515,0.87,13.124,1,1,5.07,0.005,22,6,800,6,5305
27,cand,1480x800,warmup,4,1,600.372,0.494,0.814,15.146,1,1,5.024,0.0,23,6,800,6,5151
27,cand,1480x800,warmup,5,1,749.719,0.472,0.812,11.179,1,1,5.243,0.025,23,6,5298,6,5300
27,cand,1480x800,warmup,6,1,900.374,0.481,0.884,12.402,1,1,5.095,0.0,22,6,5303,6,5309
27,cand,1480x800,warmup,7,1,1050.409,0.518,0.87,14.999,1,1,5.44,0.004,23,6,800,6,5146
27,cand,1480x800,warmup,8,1,1200.317,0.577,1.047,10.524,1,1,5.644,0.003,23,6,5293,6,5315
27,cand,1480x800,warmup,9,1,1350.384,0.501,0.842,12.09,1,1,5.29,0.0,23,6,5267,6,5299
27,cand,1480x800,warmup,10,-1,1500.423,0.487,0.817,14.068,1,1,5.218,0.004,22,6,5299,6,5303
27,cand,1480x800,warmup,11,-1,1650.369,0.477,0.831,8.233,1,1,5.04,0.0,23,6,5309,6,5270
27,cand,1480x800,warmup,12,-1,1800.394,0.499,0.884,11.195,1,1,5.097,0.003,23,6,800,6,5241
27,cand,1480x800,warmup,13,-1,1949.836,0.502,0.85,13.911,1,1,5.096,0.0,22,6,800,6,5291
27,cand,1480x800,warmup,14,-1,2100.405,0.474,0.825,8.133,1,1,5.412,0.0,23,6,800,6,5129
27,cand,1480x800,warmup,15,-1,2249.774,0.494,0.832,11.156,1,1,5.052,0.003,23,6,800,6,5296
27,cand,1480x800,warmup,16,-1,2400.292,0.481,0.801,12.91,1,1,4.964,0.003,22,6,800,6,5098
27,cand,1480x800,warmup,17,-1,2550.368,0.456,1.089,14.943,1,1,4.792,0.007,24,6,5279,6,5303
27,cand,1480x800,warmup,18,-1,2700.227,0.533,0.858,9.334,1,1,4.872,0.0,23,6,800,6,5276
27,cand,1480x800,warmup,19,-1,2850.375,0.547,0.838,11.117,1,1,4.734,0.006,22,6,800,6,5278
27,cand,1480x800,idle-before,0,0,3023.003,0.0,,,0,0,0.229,0.0,20,5,5159,,
27,cand,1480x800,idle-before,1,0,3172.896,0.0,,,0,0,0.248,0.0,21,5,5133,,
27,cand,1480x800,idle-before,2,0,3323.121,0.0,,,0,0,0.274,0.0,21,5,5173,,
27,cand,1480x800,idle-before,3,0,3473.409,0.0,,,0,0,0.256,0.002,20,5,800,,
27,cand,1480x800,idle-before,4,0,3622.758,0.0,,,0,0,0.268,0.0,21,5,800,,
27,cand,1480x800,idle-before,5,0,3773.355,0.0,,,0,0,0.255,0.0,21,5,800,,
27,cand,1480x800,idle-before,6,0,3923.425,0.0,,,0,0,0.299,0.004,20,6,800,,
27,cand,1480x800,idle-before,7,0,4073.456,0.0,,,0,0,0.247,0.0,21,6,800,,
27,cand,1480x800,idle-before,8,0,4223.162,0.0,,,0,0,0.275,0.0,21,6,800,,
27,cand,1480x800,idle-before,9,0,4373.286,0.0,,,0,0,0.298,0.0,21,6,5293,,
27,cand,1480x800,idle-before,10,0,4522.881,0.0,,,0,0,0.239,0.0,20,6,5281,,
27,cand,1480x800,idle-before,11,0,4672.646,0.0,,,0,0,0.247,0.002,21,6,5317,,
27,cand,1480x800,idle-before,12,0,4822.766,0.0,,,0,0,0.27,0.003,21,6,800,,
27,cand,1480x800,idle-before,13,0,4973.026,0.0,,,0,0,0.316,0.0,20,6,5273,,
27,cand,1480x800,idle-before,14,0,5122.957,0.0,,,0,0,0.289,0.002,21,6,800,,
27,cand,1480x800,idle-before,15,0,5273.156,0.0,,,0,0,0.294,0.0,21,6,800,,
27,cand,1480x800,idle-before,16,0,5423.024,0.0,,,0,0,0.24,0.0,20,6,800,,
27,cand,1480x800,idle-before,17,0,5573.41,0.0,,,0,0,0.246,0.0,21,6,800,,
27,cand,1480x800,idle-before,18,0,5723.004,0.0,,,0,0,0.295,0.0,21,6,5283,,
27,cand,1480x800,idle-before,19,0,5873.426,0.0,,,0,0,0.31,0.0,21,6,800,,
27,cand,1480x800,recorded,0,1,6046.357,0.458,0.977,12.151,1,1,5.416,0.006,22,6,800,6,5296
27,cand,1480x800,recorded,1,1,6196.34,0.596,0.943,15.06,1,1,5.494,0.0,23,6,5309,6,5097
27,cand,1480x800,recorded,2,1,6346.467,0.494,0.843,9.816,1,1,5.124,0.0,23,6,5056,6,5244
27,cand,1480x800,recorded,3,1,6495.866,0.498,1.225,12.641,1,1,5.622,0.016,24,6,5002,6,2146
27,cand,1480x800,recorded,4,1,6646.363,0.403,0.822,14.378,1,1,5.444,0.0,22,6,800,6,5000
27,cand,1480x800,recorded,5,1,6796.467,0.455,0.805,8.327,1,1,5.098,0.003,23,5,800,6,5168
27,cand,1480x800,recorded,6,1,6945.93,0.455,0.811,11.466,1,1,5.053,0.01,23,5,5258,5,5311
27,cand,1480x800,recorded,7,1,7095.94,0.847,1.249,14.315,1,1,5.629,0.002,22,5,800,5,5308
27,cand,1480x800,recorded,8,1,7246.474,0.458,0.831,7.958,1,1,5.272,0.003,23,5,5291,5,5297
27,cand,1480x800,recorded,9,1,7396.231,0.517,0.886,10.374,1,1,5.172,0.002,23,5,5304,5,5261
27,cand,1480x800,recorded,10,1,7546.47,0.443,0.784,12.16,1,1,5.142,0.013,23,5,5299,5,5242
27,cand,1480x800,recorded,11,1,7696.469,0.444,0.833,14.963,1,1,5.283,0.002,23,5,800,5,5313
27,cand,1480x800,recorded,12,1,7846.465,0.448,0.805,9.896,1,1,5.061,0.003,23,5,5158,5,5300
27,cand,1480x800,recorded,13,1,7996.542,0.477,0.828,11.889,1,1,5.549,0.007,24,5,800,5,5301
27,cand,1480x800,recorded,14,1,8146.471,0.45,0.815,13.901,1,1,5.245,0.0,22,5,800,5,5313
27,cand,1480x800,recorded,15,1,8296.466,0.438,0.805,9.942,1,1,5.256,0.003,23,5,800,5,5303
27,cand,1480x800,recorded,16,1,8446.098,0.378,0.805,11.602,1,1,5.224,0.004,23,5,5300,5,5293
27,cand,1480x800,recorded,17,1,8595.869,0.44,0.806,14.436,1,1,5.196,0.003,22,5,5292,5,5311
27,cand,1480x800,recorded,18,1,8746.507,0.444,0.809,8.038,1,1,5.13,0.0,23,5,5302,5,5299
27,cand,1480x800,recorded,19,1,8895.938,0.44,0.787,11.308,1,1,5.105,0.0,23,5,5303,5,5305
27,cand,1480x800,recorded,20,1,9046.386,0.472,0.885,13.51,1,1,5.526,0.012,22,5,5299,5,5264
27,cand,1480x800,recorded,21,1,9196.493,0.471,0.839,15.842,1,1,5.538,0.0,23,5,5156,5,5106
27,cand,1480x800,recorded,22,1,9346.152,0.407,0.883,10.103,1,1,5.136,0.008,23,5,800,5,5314
27,cand,1480x800,recorded,23,1,9496.475,0.516,0.843,12.333,1,1,5.165,0.003,22,5,800,5,5312
27,cand,1480x800,recorded,24,1,9646.468,0.447,0.808,14.777,1,1,5.006,0.006,23,5,5276,5,5294
27,cand,1480x800,recorded,25,1,9796.464,0.439,0.797,9.411,1,1,5.223,0.002,23,5,800,5,5307
27,cand,1480x800,recorded,26,1,9946.489,0.461,0.82,11.918,1,1,5.089,0.0,22,5,800,5,5299
27,cand,1480x800,recorded,27,1,10096.505,0.481,0.88,14.362,1,1,5.546,0.003,24,5,5283,5,5302
27,cand,1480x800,recorded,28,1,10246.488,0.497,0.866,9.357,1,1,5.278,0.003,23,5,800,5,5300
27,cand,1480x800,recorded,29,1,10396.204,0.472,0.803,11.19,1,1,5.263,0.0,23,5,800,5,5308
27,cand,1480x800,recorded,30,-1,10545.87,0.445,0.804,14.02,1,1,5.24,0.0,22,5,800,5,5302
27,cand,1480x800,recorded,31,-1,10695.811,0.445,0.778,9.629,1,1,5.15,0.004,23,5,800,5,5162
27,cand,1480x800,recorded,32,-1,10846.094,0.446,0.814,11.134,1,1,5.047,0.0,23,5,800,5,5285
27,cand,1480x800,recorded,33,-1,10996.055,0.47,0.854,13.928,1,1,5.637,0.011,22,5,800,5,5300
27,cand,1480x800,recorded,34,-1,11146.533,0.512,0.991,15.417,1,1,5.588,0.0,23,5,800,5,5300
27,cand,1480x800,recorded,35,-1,11296.306,0.43,0.765,9.807,1,1,5.254,0.0,23,5,800,5,5303
27,cand,1480x800,recorded,36,-1,11445.905,0.473,0.839,12.565,1,1,5.217,0.0,23,5,5288,5,5300
27,cand,1480x800,recorded,37,-1,11596.267,0.438,0.844,14.36,1,1,5.085,0.0,22,5,800,5,5248
27,cand,1480x800,recorded,38,-1,11746.032,0.447,0.812,9.195,1,1,4.917,0.0,23,5,800,5,5301
27,cand,1480x800,recorded,39,-1,11895.822,0.459,0.849,12.428,1,1,5.143,0.0,23,5,5303,5,5303
27,cand,1480x800,recorded,40,-1,12046.313,0.472,0.844,14.063,1,1,5.356,0.0,22,5,800,5,5299
27,cand,1480x800,recorded,41,-1,12196.568,0.515,0.911,8.842,1,1,5.552,0.0,23,5,800,5,5111
27,cand,1480x800,recorded,42,-1,12345.901,0.462,0.845,11.313,1,1,5.347,0.0,23,5,5234,5,5294
27,cand,1480x800,recorded,43,-1,12496.061,0.43,0.857,13.396,1,1,5.23,0.0,22,5,800,5,5287
27,cand,1480x800,recorded,44,-1,12646.465,0.455,0.822,15.996,1,1,5.75,0.0,23,5,800,5,5305
27,cand,1480x800,recorded,45,-1,12796.296,0.412,0.827,10.247,1,1,5.148,0.0,23,5,5271,5,5213
27,cand,1480x800,recorded,46,-1,12946.269,0.429,0.822,12.992,1,1,5.099,0.0,22,5,800,5,5297
27,cand,1480x800,recorded,47,-1,13096.508,0.482,0.883,14.994,1,1,5.506,0.003,24,5,800,5,5306
27,cand,1480x800,recorded,48,-1,13246.768,0.44,0.829,9.268,1,1,5.178,0.003,23,6,5310,5,5291
27,cand,1480x800,recorded,49,-1,13396.337,0.426,0.757,12.158,1,1,5.239,0.0,22,6,5290,6,5287
27,cand,1480x800,recorded,50,-1,13546.466,0.439,0.855,14.83,1,1,5.285,0.003,23,6,5208,6,5297
27,cand,1480x800,recorded,51,-1,13696.457,0.441,0.793,9.103,1,1,5.16,0.003,23,6,5279,6,5301
27,cand,1480x800,recorded,52,-1,13846.073,0.356,0.776,11.31,1,1,5.182,0.003,23,6,800,6,5316
27,cand,1480x800,recorded,53,-1,13996.099,0.462,0.823,14.255,1,1,5.38,0.005,22,6,5238,6,5293
27,cand,1480x800,recorded,54,-1,14146.283,0.482,0.882,8.281,1,1,5.426,0.0,23,6,800,6,5278
27,cand,1480x800,recorded,55,-1,14296.745,0.445,0.794,9.889,1,1,5.038,0.0,23,6,800,6,5278
27,cand,1480x800,recorded,56,-1,14446.324,0.44,0.79,13.117,1,1,5.03,0.003,22,6,800,6,5298
27,cand,1480x800,recorded,57,-1,14595.878,0.48,0.843,7.773,1,1,5.268,0.0,23,6,800,6,5285
27,cand,1480x800,recorded,58,-1,14746.328,0.548,1.085,10.235,1,1,5.281,0.0,23,6,800,6,5300
27,cand,1480x800,recorded,59,-1,14896.492,0.478,0.845,11.975,1,1,4.96,0.0,23,6,800,6,5301
27,cand,1480x800,recorded,60,1,15046.512,0.468,0.842,14.088,1,1,5.074,0.036,23,6,800,6,5274
27,cand,1480x800,recorded,61,1,15196.497,0.472,0.846,9.783,1,1,5.375,0.002,23,6,800,6,5090
27,cand,1480x800,recorded,62,1,15346.363,0.479,0.864,12.059,1,1,5.22,0.005,23,6,5265,6,5297
27,cand,1480x800,recorded,63,1,15496.028,0.462,0.818,13.752,1,1,5.134,0.003,22,6,5198,6,5296
27,cand,1480x800,recorded,64,1,15646.465,0.452,0.793,8.087,1,1,5.188,0.003,23,6,5292,6,5293
27,cand,1480x800,recorded,65,1,15796.111,0.466,0.838,10.88,1,1,5.09,0.002,23,6,5298,6,5295
27,cand,1480x800,recorded,66,1,15946.096,0.448,0.789,13.165,1,1,4.977,0.0,22,5,5299,6,5298
27,cand,1480x800,recorded,67,1,16096.505,0.481,0.826,15.729,1,1,5.513,0.0,23,5,800,5,5235
27,cand,1480x800,recorded,68,1,16246.284,0.46,0.93,10.075,1,1,5.107,0.0,23,5,5272,5,5288
27,cand,1480x800,recorded,69,1,16396.478,0.478,0.879,12.011,1,1,5.284,0.005,22,5,5297,5,5227
27,cand,1480x800,recorded,70,1,16545.963,0.441,0.813,14.605,1,1,5.011,0.004,23,5,5303,5,5301
27,cand,1480x800,recorded,71,1,16696.464,0.446,0.806,9.834,1,1,5.177,0.0,23,5,5297,5,5288
27,cand,1480x800,recorded,72,1,16846.516,0.477,0.831,11.743,1,1,4.983,0.005,23,5,800,5,5301
27,cand,1480x800,recorded,73,1,16996.216,0.499,0.903,14.903,1,1,5.422,0.0,22,5,800,5,5300
27,cand,1480x800,recorded,74,1,17146.468,0.455,0.821,9.118,1,1,5.297,0.002,23,5,5295,5,5141
27,cand,1480x800,recorded,75,1,17295.992,0.374,0.84,11.473,1,1,5.254,0.0,23,5,800,5,5324
27,cand,1480x800,recorded,76,1,17446.052,0.444,0.813,14.203,1,1,5.16,0.0,22,5,800,5,5298
27,cand,1480x800,recorded,77,1,17596.466,0.441,0.805,7.946,1,1,5.244,0.005,24,5,5256,5,5306
27,cand,1480x800,recorded,78,1,17746.266,0.414,0.779,10.656,1,1,4.93,0.04,23,2,800,5,5303
27,cand,1480x800,recorded,79,1,17896.468,0.392,0.84,12.993,1,1,5.057,0.0,22,2,800,2,5246
27,cand,1480x800,recorded,80,1,18046.352,0.5,0.888,15.103,1,1,5.441,0.0,23,2,800,2,5323
27,cand,1480x800,recorded,81,1,18196.487,0.518,0.953,9.599,1,1,5.484,0.0,23,2,5239,2,5094
27,cand,1480x800,recorded,82,1,18346.302,0.398,0.858,12.142,1,1,5.283,0.005,23,2,5255,2,5286
27,cand,1480x800,recorded,83,1,18496.473,0.454,0.812,14.887,1,1,5.266,0.004,22,2,800,2,5300
27,cand,1480x800,recorded,84,1,18645.874,0.396,0.754,10.439,1,1,5.259,0.003,23,2,5313,2,5299
27,cand,1480x800,recorded,85,1,18796.117,0.443,0.804,12.295,1,1,5.264,0.0,23,2,5258,2,5280
27,cand,1480x800,recorded,86,1,18946.372,0.448,0.779,13.43,1,1,4.93,0.0,22,2,800,2,5238
27,cand,1480x800,recorded,87,1,19095.971,0.488,0.922,9.399,1,1,5.565,0.0,23,2,800,2,5315
27,cand,1480x800,recorded,88,1,19246.363,0.442,0.809,11.313,1,1,5.352,0.003,23,2,800,2,5301
27,cand,1480x800,recorded,89,1,19396.327,0.445,0.819,13.433,1,1,5.184,0.0,22,2,800,2,5300
27,cand,1480x800,recorded,90,-1,19546.316,0.424,0.831,8.073,1,1,5.234,0.003,23,2,5250,2,5299
27,cand,1480x800,recorded,91,-1,19696.469,0.44,0.783,9.999,1,1,5.273,0.0,23,2,5220,2,5208
27,cand,1480x800,recorded,92,-1,19846.483,0.445,0.827,13.131,1,1,5.363,0.0,22,2,800,2,5311
27,cand,1480x800,recorded,93,-1,19996.507,0.487,0.86,15.021,1,1,5.439,0.0,23,6,5310,2,5296
27,cand,1480x800,recorded,94,-1,20146.466,0.449,0.808,10.012,1,1,5.166,0.0,23,6,5198,6,5292
27,cand,1480x800,recorded,95,-1,20296.296,0.449,0.795,12.156,1,1,5.242,0.0,22,6,800,6,5300
27,cand,1480x800,recorded,96,-1,20446.47,0.454,0.824,13.962,1,1,4.983,0.006,23,6,5300,6,5296
27,cand,1480x800,recorded,97,-1,20596.464,0.457,0.805,9.017,1,1,5.154,0.006,23,6,800,6,5301
27,cand,1480x800,recorded,98,-1,20746.165,0.451,0.791,11.312,1,1,5.168,0.0,23,6,800,6,5270
27,cand,1480x800,recorded,99,-1,20896.116,0.382,0.835,13.891,1,1,5.099,0.0,22,6,800,6,5287
27,cand,1480x800,recorded,100,-1,21046.282,0.466,0.837,8.841,1,1,5.581,0.005,23,6,5192,6,5299
27,cand,1480x800,recorded,101,-1,21196.536,0.529,0.874,10.822,1,1,5.633,0.0,23,6,800,6,5094
27,cand,1480x800,recorded,102,-1,21345.941,0.515,0.8,13.836,1,1,5.423,0.002,22,6,5323,6,5300
27,cand,1480x800,recorded,103,-1,21496.466,0.529,0.823,15.421,1,1,5.311,0.033,24,6,800,6,5292
27,cand,1480x800,recorded,104,-1,21646.319,0.501,0.771,10.092,1,1,5.369,0.0,23,6,5285,6,5235
27,cand,1480x800,recorded,105,-1,21795.943,0.492,0.869,12.511,1,1,5.178,0.0,22,6,800,6,5265
27,cand,1480x800,recorded,106,-1,21945.929,0.541,0.838,15.302,1,1,5.111,0.0,23,6,5094,6,5307
27,cand,1480x800,recorded,107,-1,22096.218,0.474,0.902,9.32,1,1,5.465,0.0,23,6,800,6,5272
27,cand,1480x800,recorded,108,-1,22246.115,0.38,0.842,11.643,1,1,5.154,0.003,23,6,800,6,5291
27,cand,1480x800,recorded,109,-1,22396.46,0.438,0.786,13.057,1,1,5.037,0.003,22,6,5300,6,5273
27,cand,1480x800,recorded,110,-1,22545.814,0.426,0.771,9.505,1,1,5.235,0.002,23,6,5266,6,5289
27,cand,1480x800,recorded,111,-1,22695.94,0.502,0.865,11.327,1,1,5.292,0.0,23,6,800,6,5306
27,cand,1480x800,recorded,112,-1,22845.817,0.445,0.794,13.984,1,1,5.245,0.0,22,6,800,6,5298
27,cand,1480x800,recorded,113,-1,22996.496,0.488,0.852,8.89,1,1,6.36,0.003,22,6,800,6,5188
27,cand,1480x800,recorded,114,-1,23146.285,0.47,0.82,10.149,1,1,5.161,0.0,23,6,800,6,5326
27,cand,1480x800,recorded,115,-1,23296.495,0.435,0.782,11.922,1,1,5.071,0.0,22,6,5262,6,5205
27,cand,1480x800,recorded,116,-1,23445.758,0.446,0.801,7.867,1,1,5.136,0.0,23,6,800,6,5307
27,cand,1480x800,recorded,117,-1,23596.473,0.445,0.791,9.477,1,1,5.024,0.0,23,6,5224,6,5312
27,cand,1480x800,recorded,118,-1,23746.342,0.408,0.829,12.03,1,1,4.729,0.0,22,6,800,6,5312
27,cand,1480x800,recorded,119,-1,23896.463,0.448,0.787,13.181,1,1,4.789,0.003,23,6,5279,6,5291
27,cand,1480x800,idle-after,0,0,24068.937,0.0,,,0,0,0.273,0.038,21,6,800,,
27,cand,1480x800,idle-after,1,0,24219.746,0.0,,,0,0,0.247,0.0,21,6,800,,
27,cand,1480x800,idle-after,2,0,24369.665,0.0,,,0,0,0.254,0.003,20,6,5292,,
27,cand,1480x800,idle-after,3,0,24519.706,0.0,,,0,0,0.304,0.051,21,2,4996,,
27,cand,1480x800,idle-after,4,0,24669.373,0.0,,,0,0,0.261,0.003,21,2,800,,
27,cand,1480x800,idle-after,5,0,24819.058,0.0,,,0,0,0.274,0.042,21,2,5261,,
27,cand,1480x800,idle-after,6,0,24969.454,0.0,,,0,0,0.232,0.005,20,2,800,,
27,cand,1480x800,idle-after,7,0,25119.737,0.0,,,0,0,0.308,0.002,21,2,800,,
27,cand,1480x800,idle-after,8,0,25269.709,0.0,,,0,0,0.343,0.005,21,2,800,,
27,cand,1480x800,idle-after,9,0,25419.455,0.0,,,0,0,0.237,0.0,20,2,800,,
27,cand,1480x800,idle-after,10,0,25569.706,0.0,,,0,0,0.268,0.0,21,2,800,,
27,cand,1480x800,idle-after,11,0,25719.705,0.0,,,0,0,0.291,0.003,21,2,5243,,
27,cand,1480x800,idle-after,12,0,25869.2,0.0,,,0,0,0.24,0.0,20,2,800,,
27,cand,1480x800,idle-after,13,0,26019.663,0.0,,,0,0,0.249,0.003,21,2,800,,
27,cand,1480x800,idle-after,14,0,26169.429,0.0,,,0,0,0.245,0.0,21,3,800,,
27,cand,1480x800,idle-after,15,0,26319.283,0.0,,,0,0,0.261,0.0,21,3,800,,
27,cand,1480x800,idle-after,16,0,26469.372,0.0,,,0,0,0.275,0.003,20,3,800,,
27,cand,1480x800,idle-after,17,0,26619.708,0.0,,,0,0,0.275,0.0,21,3,800,,
27,cand,1480x800,idle-after,18,0,26769.582,0.0,,,0,0,0.251,0.037,21,7,800,,
27,cand,1480x800,idle-after,19,0,26919.216,0.0,,,0,0,0.244,0.0,20,7,800,,
28,base,461x490,warmup,0,1,0.0,0.336,0.768,,0,0,0.347,0.0,22,7,5118,,
28,base,461x490,warmup,1,1,150.637,0.441,0.729,10.359,1,1,3.683,0.0,21,7,800,7,5125
28,base,461x490,warmup,2,1,300.673,0.368,0.846,11.756,1,1,3.18,0.0,23,7,800,7,5300
28,base,461x490,warmup,3,1,450.656,0.474,0.732,6.247,1,1,3.104,0.007,23,7,800,7,5300
28,base,461x490,warmup,4,1,600.029,0.485,0.78,9.064,1,1,3.138,0.005,23,7,800,7,5300
28,base,461x490,warmup,5,1,750.055,0.541,0.862,12.067,1,1,3.524,0.003,23,7,800,7,5300
28,base,461x490,warmup,6,1,900.611,0.485,0.777,6.513,1,1,3.619,0.031,23,7,800,7,5100
28,base,461x490,warmup,7,1,1050.277,0.486,0.83,8.87,1,1,3.505,0.003,23,7,800,7,5300
28,base,461x490,warmup,8,1,1200.009,0.455,0.856,11.413,1,1,3.391,0.0,22,7,800,7,5296
28,base,461x490,warmup,9,1,1350.656,0.47,0.717,5.07,1,1,3.102,0.0,23,7,800,7,5300
28,base,461x490,warmup,10,-1,1500.664,0.539,0.821,7.439,1,1,3.236,0.0,23,7,800,7,5300
28,base,461x490,warmup,11,-1,1650.659,0.465,0.762,9.72,1,1,3.148,0.003,22,7,800,7,5300
28,base,461x490,warmup,12,-1,1800.08,0.428,0.789,5.399,1,1,3.387,0.0,22,7,5024,7,5300
28,base,461x490,warmup,13,-1,1950.667,0.481,0.768,6.413,1,1,3.12,0.002,23,7,800,7,5300
28,base,461x490,warmup,14,-1,2100.006,0.488,0.764,9.937,2,2,5.912,0.0,24,2,800,7,5300
28,base,461x490,warmup,15,-1,2250.068,0.357,0.793,12.07,1,1,3.087,0.0,23,2,800,2,5300
28,base,461x490,warmup,16,-1,2400.667,0.403,0.814,6.829,1,1,3.446,0.002,23,2,5301,2,5229
28,base,461x490,warmup,17,-1,2550.051,0.393,0.761,8.9,1,1,3.282,0.0,23,2,800,2,5300
28,base,461x490,warmup,18,-1,2700.101,0.496,0.831,10.982,1,1,3.182,0.0,22,2,5186,2,5300
28,base,461x490,warmup,19,-1,2850.72,0.454,0.923,5.383,1,1,3.313,0.003,23,2,5143,2,5300
28,base,461x490,idle-before,0,0,3023.866,0.0,,,0,0,0.276,0.0,21,2,800,,
28,base,461x490,idle-before,1,0,3173.726,0.0,,,0,0,0.255,0.005,21,2,800,,
28,base,461x490,idle-before,2,0,3323.494,0.0,,,0,0,0.289,0.0,20,7,800,,
28,base,461x490,idle-before,3,0,3474.144,0.0,,,0,0,0.249,0.0,21,7,5283,,
28,base,461x490,idle-before,4,0,3624.14,0.0,,,0,0,0.255,0.0,21,7,800,,
28,base,461x490,idle-before,5,0,3774.064,0.0,,,0,0,0.243,0.0,20,7,800,,
28,base,461x490,idle-before,6,0,3923.586,0.0,,,0,0,0.256,0.003,21,7,5285,,
28,base,461x490,idle-before,7,0,4074.146,0.0,,43.862,1,1,3.393,0.0,23,7,800,,
28,base,461x490,idle-before,8,0,4224.133,0.0,,,0,0,0.241,0.0,20,7,800,,
28,base,461x490,idle-before,9,0,4373.638,0.0,,,0,0,0.306,0.0,21,7,800,,
28,base,461x490,idle-before,10,0,4524.145,0.0,,,0,0,0.252,0.0,21,7,5301,,
28,base,461x490,idle-before,11,0,4673.62,0.0,,45.704,1,1,3.445,0.0,23,7,800,,
28,base,461x490,idle-before,12,0,4823.68,0.0,,,0,0,0.261,0.0,20,7,5190,,
28,base,461x490,idle-before,13,0,4974.136,0.0,,,0,0,0.289,0.0,21,7,800,,
28,base,461x490,idle-before,14,0,5124.144,0.0,,,0,0,0.254,0.0,21,7,800,,
28,base,461x490,idle-before,15,0,5273.535,0.0,,,0,0,0.24,0.0,20,7,5262,,
28,base,461x490,idle-before,16,0,5423.975,0.0,,,0,0,0.25,0.005,21,7,800,,
28,base,461x490,idle-before,17,0,5573.853,0.0,,,0,0,0.258,0.0,21,7,800,,
28,base,461x490,idle-before,18,0,5724.066,0.0,,,0,0,0.256,0.0,20,7,800,,
28,base,461x490,idle-before,19,0,5874.172,0.0,,,0,0,0.273,0.005,21,7,5274,,
28,base,461x490,recorded,0,1,6046.849,0.433,0.887,7.307,1,1,3.811,0.002,23,7,5152,7,5300
28,base,461x490,recorded,1,1,6197.02,0.467,0.789,7.985,1,1,3.426,0.002,23,7,800,7,5300
28,base,461x490,recorded,2,1,6347.301,0.485,0.801,9.555,1,1,3.468,0.003,22,7,800,7,5300
28,base,461x490,recorded,3,1,6496.864,0.536,0.998,12.848,1,1,3.527,0.0,23,7,800,7,5295
28,base,461x490,recorded,4,1,6647.289,0.459,0.773,6.908,1,1,3.133,0.003,23,7,800,7,5287
28,base,461x490,recorded,5,1,6797.333,1.819,8.076,16.644,1,1,3.556,0.006,24,7,5114,7,5300
28,base,461x490,recorded,6,1,6947.006,0.504,0.871,11.865,1,1,3.348,0.0,22,7,800,7,5100
28,base,461x490,recorded,7,1,7097.351,0.532,0.825,6.575,1,1,3.527,0.0,23,7,800,7,5300
28,base,461x490,recorded,8,1,7247.289,0.534,0.824,8.574,1,1,3.211,0.003,23,7,5166,7,5290
28,base,461x490,recorded,9,1,7396.631,0.506,0.801,11.46,1,1,3.229,0.0,22,7,5154,7,5300
28,base,461x490,recorded,10,1,7547.285,0.497,0.798,5.172,1,1,3.068,0.004,23,7,5197,7,5300
28,base,461x490,recorded,11,1,7697.37,0.545,0.855,7.756,1,1,3.268,0.003,23,7,800,7,5300
28,base,461x490,recorded,12,1,7847.291,0.506,0.807,10.211,1,1,3.115,0.0,22,7,5291,7,5300
28,base,461x490,recorded,13,1,7997.286,0.492,0.84,12.077,2,2,6.028,0.002,25,7,800,7,5300
28,base,461x490,recorded,14,1,8147.236,0.469,0.809,6.863,1,1,3.013,0.002,23,7,800,7,5300
28,base,461x490,recorded,15,1,8297.291,0.457,0.795,9.391,1,1,3.06,0.04,22,7,800,7,5300
28,base,461x490,recorded,16,1,8446.908,0.348,0.854,12.15,1,1,3.3,0.0,23,7,800,7,5300
28,base,461x490,recorded,17,1,8596.676,0.545,0.878,7.194,1,1,3.266,0.006,23,7,800,7,5300
28,base,461x490,recorded,18,1,8747.073,0.58,0.911,8.767,1,1,3.458,0.005,23,7,800,7,5300
28,base,461x490,recorded,19,1,8896.799,0.656,0.897,11.524,1,1,3.116,0.009,22,7,800,7,5300
28,base,461x490,recorded,20,1,9047.059,0.51,0.818,6.113,1,1,3.093,0.005,23,7,5228,7,5300
28,base,461x490,recorded,21,1,9197.29,0.53,0.841,8.521,1,1,3.233,0.006,23,7,800,7,5300
28,base,461x490,recorded,22,1,9346.702,0.53,0.856,10.994,1,1,3.167,0.0,22,7,800,7,5310
28,base,461x490,recorded,23,1,9497.291,0.512,1.092,5.653,1,1,3.326,0.0,22,7,800,7,5300
28,base,461x490,recorded,24,1,9646.733,0.549,0.883,8.163,2,2,6.249,0.0,25,2,5179,7,5300
28,base,461x490,recorded,25,1,9797.263,1.366,7.933,16.741,1,1,3.226,0.0,22,2,800,2,5300
28,base,461x490,recorded,26,1,9947.216,0.443,0.834,11.793,1,1,3.334,0.0,23,2,800,2,5100
28,base,461x490,recorded,27,1,10097.284,0.543,0.862,6.665,1,1,3.365,0.0,23,7,5159,2,5300
28,base,461x490,recorded,28,1,10247.334,0.541,0.863,9.026,1,1,3.133,0.004,23,7,800,7,5300
28,base,461x490,recorded,29,1,10397.057,0.383,0.863,11.888,1,1,3.291,0.0,22,7,800,7,5300
28,base,461x490,recorded,30,-1,10547.282,0.493,0.808,6.651,1,1,3.356,0.005,23,7,800,7,5300
28,base,461x490,recorded,31,-1,10697.327,0.576,0.897,8.913,1,1,3.527,0.006,23,7,5270,7,5300
28,base,461x490,recorded,32,-1,10846.755,0.629,0.969,11.405,1,1,3.422,0.0,22,7,800,7,5300
28,base,461x490,recorded,33,-1,10997.287,0.543,0.832,5.761,1,1,3.239,0.003,23,7,800,7,5300
28,base,461x490,recorded,34,-1,11147.133,0.518,0.799,8.037,1,1,3.164,0.004,23,7,800,7,5300
28,base,461x490,recorded,35,-1,11297.394,0.568,0.869,10.794,1,1,3.417,0.038,22,1,800,7,5298
28,base,461x490,recorded,36,-1,11446.629,0.544,0.794,5.594,1,1,3.038,0.0,23,2,800,2,5300
28,base,461x490,recorded,37,-1,11596.63,0.55,0.845,7.572,1,1,3.219,0.0,23,1,5305,2,5300
28,base,461x490,recorded,38,-1,11747.06,0.601,0.904,9.846,1,1,4.007,0.0,22,2,800,2,5251
28,base,461x490,recorded,39,-1,11896.894,0.576,0.86,13.01,1,1,3.486,0.002,23,2,5280,2,5317
28,base,461x490,recorded,40,-1,12047.285,0.549,0.831,6.342,1,1,3.169,0.0,23,2,800,2,5300
28,base,461x490,recorded,41,-1,12196.632,0.528,0.795,10.091,1,1,3.284,0.002,23,2,5280,2,5314
28,base,461x490,recorded,42,-1,12346.744,0.531,0.822,11.303,1,1,3.219,0.0,22,2,5300,2,5279
28,base,461x490,recorded,43,-1,12497.283,0.545,0.883,5.933,2,2,5.838,0.002,25,2,5287,2,5300
28,base,461x490,recorded,44,-1,12647.112,0.531,0.81,8.603,1,1,3.35,0.006,23,2,5303,2,5294
28,base,461x490,recorded,45,-1,12796.662,1.884,9.005,18.96,1,1,3.621,0.02,22,2,5122,2,5298
28,base,461x490,recorded,46,-1,12947.254,0.459,0.85,5.859,1,1,3.587,0.004,23,2,5306,2,5100
28,base,461x490,recorded,47,-1,13097.024,0.522,0.808,7.828,1,1,3.087,0.0,23,1,800,2,5300
28,base,461x490,recorded,48,-1,13247.032,0.566,0.882,10.719,1,1,3.343,0.0,22,2,5283,2,5300
28,base,461x490,recorded,49,-1,13397.311,0.503,0.901,12.747,1,1,3.211,0.0,23,2,800,2,5300
28,base,461x490,recorded,50,-1,13547.066,0.515,0.797,7.528,1,1,3.432,0.006,23,2,800,2,5300
28,base,461x490,recorded,51,-1,13697.037,0.556,0.981,10.06,1,1,3.529,0.007,22,2,800,2,5300
28,base,461x490,recorded,52,-1,13846.908,0.615,0.915,12.191,1,1,3.18,0.002,23,2,800,2,5300
28,base,461x490,recorded,53,-1,13997.286,0.531,0.825,6.246,1,1,2.938,0.002,23,2,800,2,5300
28,base,461x490,recorded,54,-1,14146.631,0.533,0.814,9.036,2,2,6.048,0.002,25,2,5270,2,5300
28,base,461x490,recorded,55,-1,14296.584,0.545,0.873,11.452,1,1,3.24,0.004,22,2,800,2,5300
28,base,461x490,recorded,56,-1,14447.282,0.465,0.748,5.95,1,1,3.382,0.0,23,2,800,2,5278
28,base,461x490,recorded,57,-1,14597.027,0.547,0.847,8.249,1,1,3.395,0.0,23,2,800,2,5300
28,base,461x490,recorded,58,-1,14747.339,0.569,0.855,10.427,1,1,3.681,0.009,23,2,800,2,5300
28,base,461x490,recorded,59,-1,14897.309,0.523,0.779,12.892,1,1,3.006,0.0,23,2,800,2,5305
28,base,461x490,recorded,60,1,15046.626,0.536,0.847,8.432,1,1,3.354,0.003,23,2,800,2,5300
28,base,461x490,recorded,61,1,15196.63,0.526,0.849,10.389,1,1,3.275,0.0,22,2,800,2,5300
28,base,461x490,recorded,62,1,15347.209,0.531,0.911,12.164,1,1,3.371,0.003,23,2,5299,2,5267
28,base,461x490,recorded,63,1,15496.626,0.525,0.835,7.106,1,1,3.175,0.014,23,2,5301,2,5300
28,base,461x490,recorded,64,1,15646.634,0.696,1.023,10.154,1,1,3.235,0.011,22,2,5299,2,5287
28,base,461x490,recorded,65,1,15796.695,2.053,10.906,19.219,1,1,3.479,0.008,23,2,5118,2,5299
28,base,461x490,recorded,66,1,15946.958,0.424,0.819,7.025,1,1,3.395,0.005,23,4,800,2,5100
28,base,461x490,recorded,67,1,16096.634,0.456,0.876,9.023,1,1,3.333,0.005,23,4,800,4,5300
28,base,461x490,recorded,68,1,16246.629,0.498,0.766,11.15,1,1,3.196,0.002,22,4,800,4,5286
28,base,461x490,recorded,69,1,16397.046,0.373,0.818,5.752,1,1,3.291,0.005,23,4,800,4,5300
28,base,461x490,recorded,70,1,16547.03,0.469,0.809,7.87,1,1,3.209,0.005,23,2,5158,4,5300
28,base,461x490,recorded,71,1,16696.722,0.519,0.945,10.982,1,1,3.372,0.004,22,2,800,2,5303
28,base,461x490,recorded,72,1,16847.311,0.505,0.863,12.822,1,1,3.347,0.003,23,2,800,2,5298
28,base,461x490,recorded,73,1,16996.63,0.408,0.816,7.743,2,2,6.303,0.008,25,2,800,2,5100
28,base,461x490,recorded,74,1,17147.24,0.501,0.803,9.603,1,1,3.197,0.0,22,2,800,2,5300
28,base,461x490,recorded,75,1,17296.787,0.474,0.887,11.929,1,1,3.093,0.0,23,2,800,2,5300
28,base,461x490,recorded,76,1,17447.286,0.489,0.8,6.628,1,1,3.288,0.006,23,2,800,2,5300
28,base,461x490,recorded,77,1,17596.634,0.455,0.841,9.686,1,1,3.366,0.0,23,2,800,2,5242
28,base,461x490,recorded,78,1,17746.966,0.568,0.91,11.362,1,1,3.485,0.0,22,2,800,2,5293
28,base,461x490,recorded,79,1,17897.292,0.473,0.838,5.846,1,1,3.28,0.0,23,2,5301,2,5300
28,base,461x490,recorded,80,1,18047.292,0.486,0.793,8.725,1,1,3.208,0.003,23,2,5305,2,5217
28,base,461x490,recorded,81,1,18197.003,0.398,0.804,10.639,1,1,3.329,0.01,22,2,5251,2,5300
28,base,461x490,recorded,82,1,18347.3,0.471,0.778,5.078,1,1,3.145,0.016,22,2,5268,2,5309
28,base,461x490,recorded,83,1,18497.29,0.473,0.787,7.591,1,1,2.997,0.023,23,2,5234,2,5300
28,base,461x490,recorded,84,1,18646.885,0.471,0.816,10.156,2,2,6.019,0.013,24,2,5164,2,5300
28,base,461x490,recorded,85,1,18797.104,1.109,2.635,14.326,1,1,3.485,0.0,23,4,800,4,5171
28,base,461x490,recorded,86,1,18947.067,0.484,0.814,7.289,1,1,3.484,0.0,23,4,800,4,5100
28,base,461x490,recorded,87,1,19096.897,0.386,0.821,9.829,1,1,3.214,0.0,22,4,800,4,5293
28,base,461x490,recorded,88,1,19246.629,0.464,0.718,12.259,1,1,3.229,0.003,23,4,800,4,5300
28,base,461x490,recorded,89,1,19396.871,0.446,0.876,6.537,1,1,3.182,0.003,23,4,800,4,5300
28,base,461x490,recorded,90,-1,19546.63,0.47,0.795,9.978,1,1,3.222,0.0,23,4,5291,4,5305
28,base,461x490,recorded,91,-1,19696.559,0.493,0.892,11.781,1,1,3.335,0.003,22,4,5309,4,5243
28,base,461x490,recorded,92,-1,19847.317,0.447,0.811,5.443,1,1,3.16,0.005,23,4,800,4,5323
28,base,461x490,recorded,93,-1,19996.632,0.464,0.842,8.708,1,1,3.175,0.003,22,4,5295,4,5300
28,base,461x490,recorded,94,-1,20147.008,0.502,0.897,10.896,1,1,3.237,0.009,22,4,800,4,5300
28,base,461x490,recorded,95,-1,20297.306,0.394,0.758,11.909,1,1,3.735,0.007,23,4,800,4,5032
28,base,461x490,recorded,96,-1,20446.957,0.398,0.968,8.174,1,1,3.589,0.027,23,4,5302,4,5000
28,base,461x490,recorded,97,-1,20597.023,0.49,0.802,10.102,1,1,3.199,0.034,22,4,5301,4,5300
28,base,461x490,recorded,98,-1,20746.669,0.512,0.972,12.869,1,1,3.946,0.037,23,4,5266,4,5120
28,base,461x490,recorded,99,-1,20897.3,0.525,0.875,7.648,1,1,3.466,0.036,23,4,5225,4,5295
28,base,461x490,recorded,100,-1,21047.038,0.444,0.852,9.145,1,1,3.303,0.003,23,4,5301,4,5300
28,base,461x490,recorded,101,-1,21196.628,0.472,0.809,12.47,1,1,3.414,0.0,22,4,5277,4,5300
28,base,461x490,recorded,102,-1,21347.28,0.449,0.79,6.011,1,1,3.193,0.003,23,4,5275,4,5300
28,base,461x490,recorded,103,-1,21497.026,0.42,0.804,10.006,2,2,6.929,0.065,25,4,5229,4,5299
28,base,461x490,recorded,104,-1,21646.609,0.479,0.766,11.492,1,1,3.261,0.023,22,4,5303,4,5300
28,base,461x490,recorded,105,-1,21796.722,1.513,8.423,13.907,1,1,3.704,0.012,23,4,800,4,5161
28,base,461x490,recorded,106,-1,21946.899,0.429,0.828,8.18,1,1,3.321,0.006,23,4,800,4,5100
28,base,461x490,recorded,107,-1,22096.858,0.378,0.759,10.306,1,1,3.187,0.0,22,4,800,4,5300
28,base,461x490,recorded,108,-1,22246.915,0.398,0.752,12.658,1,1,3.111,0.006,23,4,5299,4,5281
28,base,461x490,recorded,109,-1,22397.281,0.389,0.78,6.999,1,1,3.35,0.0,23,4,800,4,5300
28,base,461x490,recorded,110,-1,22547.106,0.347,0.736,10.136,1,1,3.413,0.014,23,2,5273,4,5269
28,base,461x490,recorded,111,-1,22696.665,0.479,0.865,12.364,1,1,3.445,0.0,23,2,800,2,5300
28,base,461x490,recorded,112,-1,22847.343,0.427,0.719,6.757,1,1,3.398,0.007,23,2,800,2,5300
28,base,461x490,recorded,113,-1,22996.855,0.443,0.793,9.604,1,1,3.313,0.004,23,2,800,2,5294
28,base,461x490,recorded,114,-1,23147.003,0.435,0.834,11.087,2,2,6.068,0.003,24,2,800,2,5291
28,base,461x490,recorded,115,-1,23297.26,0.371,0.826,5.577,1,1,3.147,0.0,23,2,800,2,5285
28,base,461x490,recorded,116,-1,23446.632,0.433,0.769,8.149,1,1,3.354,0.003,23,2,5300,2,5300
28,base,461x490,recorded,117,-1,23596.952,0.435,0.851,9.763,1,1,3.107,0.01,22,2,5305,2,5300
28,base,461x490,recorded,118,-1,23746.662,0.388,0.819,5.958,1,1,3.604,0.005,23,2,800,2,5300
28,base,461x490,recorded,119,-1,23896.93,0.35,0.819,8.185,1,1,3.228,0.003,23,2,800,2,5300
28,base,461x490,idle-after,0,0,24070.769,0.0,,,0,0,0.318,0.0,21,2,800,,
28,base,461x490,idle-after,1,0,24220.968,0.0,,,0,0,0.289,0.0,20,2,800,,
28,base,461x490,idle-after,2,0,24370.484,0.0,,,0,0,0.25,0.0,21,2,800,,
28,base,461x490,idle-after,3,0,24520.329,0.0,,,0,0,0.282,0.004,21,2,800,,
28,base,461x490,idle-after,4,0,24670.936,0.0,,,0,0,0.322,0.009,21,6,5233,,
28,base,461x490,idle-after,5,0,24820.715,0.0,,,0,0,0.267,0.012,20,6,5100,,
28,base,461x490,idle-after,6,0,24970.816,0.0,,,0,0,0.234,0.003,21,6,5310,,
28,base,461x490,idle-after,7,0,25120.275,0.0,,,0,0,0.273,0.01,21,6,800,,
28,base,461x490,idle-after,8,0,25270.643,0.0,,,0,0,0.236,0.0,20,6,800,,
28,base,461x490,idle-after,9,0,25420.915,0.0,,,0,0,0.243,0.005,21,6,5296,,
28,base,461x490,idle-after,10,0,25570.936,0.0,,,0,0,0.289,0.008,21,7,800,,
28,base,461x490,idle-after,11,0,25720.525,0.0,,,0,0,0.303,0.002,20,7,800,,
28,base,461x490,idle-after,12,0,25870.793,0.0,,,0,0,0.276,0.004,21,7,800,,
28,base,461x490,idle-after,13,0,26020.664,0.0,,,0,0,0.282,0.0,21,7,800,,
28,base,461x490,idle-after,14,0,26170.895,0.0,,,0,0,0.287,0.002,20,7,800,,
28,base,461x490,idle-after,15,0,26320.646,0.0,,,0,0,0.276,0.0,21,7,800,,
28,base,461x490,idle-after,16,0,26470.89,0.0,,,0,0,0.273,0.004,21,7,800,,
28,base,461x490,idle-after,17,0,26620.378,0.0,,,0,0,0.351,0.004,21,7,800,,
28,base,461x490,idle-after,18,0,26770.974,0.0,,,0,0,0.268,0.0,20,7,5282,,
28,base,461x490,idle-after,19,0,26920.893,0.0,,,0,0,0.294,0.003,21,7,5096,,
29,cand,461x490,warmup,0,1,0.0,0.467,0.815,,0,0,0.271,0.003,22,2,5299,,
29,cand,461x490,warmup,1,1,150.009,0.479,0.792,7.712,1,1,3.572,0.003,23,4,5278,2,5300
29,cand,461x490,warmup,2,1,299.385,0.551,0.897,10.651,1,1,3.187,0.004,22,4,5297,4,5300
29,cand,461x490,warmup,3,1,449.517,0.532,0.9,12.452,1,1,3.469,0.002,22,4,5292,4,5300
29,cand,461x490,warmup,4,1,599.59,0.545,0.85,7.312,1,1,3.193,0.007,23,4,5193,4,5269
29,cand,461x490,warmup,5,1,750.112,0.496,0.842,8.661,1,1,2.982,0.04,23,4,800,4,5300
29,cand,461x490,warmup,6,1,900.091,0.502,0.775,11.527,1,1,3.055,0.048,22,4,800,4,5300
29,cand,461x490,warmup,7,1,1049.472,0.527,0.836,6.587,1,1,3.144,0.002,23,4,800,4,5300
29,cand,461x490,warmup,8,1,1199.443,0.529,0.849,9.4,1,1,3.243,0.037,23,4,800,4,5300
29,cand,461x490,warmup,9,1,1349.505,0.507,0.835,11.027,1,1,3.108,0.002,22,4,800,4,5300
29,cand,461x490,warmup,10,-1,1500.111,0.536,0.888,5.16,1,1,3.524,0.007,22,4,5104,4,5298
29,cand,461x490,warmup,11,-1,1649.856,0.476,0.814,7.722,1,1,3.443,0.003,23,4,800,4,5100
29,cand,461x490,warmup,12,-1,1800.1,0.498,0.847,10.313,1,1,3.051,0.0,22,4,800,4,5300
29,cand,461x490,warmup,13,-1,1950.091,0.553,0.883,12.526,1,1,3.2,0.006,23,4,5201,4,5300
29,cand,461x490,warmup,14,-1,2099.56,0.528,0.856,6.881,2,2,5.876,0.003,25,4,5202,4,5285
29,cand,461x490,warmup,15,-1,2249.591,0.515,0.853,9.316,1,1,3.044,0.002,23,4,800,4,5300
29,cand,461x490,warmup,16,-1,2400.095,0.41,0.846,11.847,1,1,3.179,0.002,23,4,800,4,5187
29,cand,461x490,warmup,17,-1,2549.558,0.579,0.916,7.251,1,1,3.553,0.0,23,4,800,4,5282
29,cand,461x490,warmup,18,-1,2699.499,0.521,0.868,9.535,1,1,3.032,0.003,23,4,800,4,5300
29,cand,461x490,warmup,19,-1,2849.88,0.489,0.815,11.144,1,1,2.946,0.004,22,4,5295,4,5300
29,cand,461x490,idle-before,0,0,3022.426,0.0,,,0,0,0.27,0.0,21,4,800,,
29,cand,461x490,idle-before,1,0,3172.21,0.0,,,0,0,0.266,0.008,21,4,800,,
29,cand,461x490,idle-before,2,0,3322.567,0.0,,,0,0,0.249,0.0,21,4,800,,
29,cand,461x490,idle-before,3,0,3472.581,0.0,,,0,0,0.278,0.002,20,4,800,,
29,cand,461x490,idle-before,4,0,3621.998,0.0,,,0,0,0.266,0.003,21,4,800,,
29,cand,461x490,idle-before,5,0,3772.569,0.0,,,0,0,0.272,0.004,21,4,800,,
29,cand,461x490,idle-before,6,0,3922.546,0.0,,,0,0,0.231,0.003,20,4,5274,,
29,cand,461x490,idle-before,7,0,4072.545,0.0,,43.364,1,1,3.631,0.0,23,4,800,,
29,cand,461x490,idle-before,8,0,4221.87,0.0,,,0,0,0.271,0.0,21,4,800,,
29,cand,461x490,idle-before,9,0,4371.935,0.0,,,0,0,0.283,0.0,20,4,800,,
29,cand,461x490,idle-before,10,0,4522.566,0.0,,,0,0,0.282,0.005,21,4,800,,
29,cand,461x490,idle-before,11,0,4672.526,0.0,,43.916,1,1,3.472,0.0,23,4,5296,,
29,cand,461x490,idle-before,12,0,4822.569,0.0,,,0,0,0.26,0.0,20,4,800,,
29,cand,461x490,idle-before,13,0,4972.374,0.0,,,0,0,0.314,0.0,21,4,800,,
29,cand,461x490,idle-before,14,0,5122.506,0.0,,,0,0,0.287,0.0,21,4,800,,
29,cand,461x490,idle-before,15,0,5272.633,0.0,,,0,0,0.275,0.0,21,4,800,,
29,cand,461x490,idle-before,16,0,5422.545,0.0,,,0,0,0.326,0.0,20,2,4996,,
29,cand,461x490,idle-before,17,0,5572.484,0.0,,,0,0,0.249,0.008,21,4,800,,
29,cand,461x490,idle-before,18,0,5722.172,0.0,,,0,0,0.245,0.0,21,4,800,,
29,cand,461x490,idle-before,19,0,5872.276,0.0,,,0,0,0.264,0.0,20,4,800,,
29,cand,461x490,recorded,0,1,6045.717,0.433,0.95,12.595,1,1,3.661,0.0,22,4,800,4,5314
29,cand,461x490,recorded,1,1,6195.481,0.536,0.83,6.782,1,1,3.242,0.0,23,4,800,4,5300
29,cand,461x490,recorded,2,1,6345.478,0.481,0.845,8.812,1,1,3.143,0.002,23,4,800,4,5300
29,cand,461x490,recorded,3,1,6495.323,0.512,0.944,12.037,1,1,3.691,0.0,22,4,5043,4,5158
29,cand,461x490,recorded,4,1,6645.171,0.45,0.819,6.146,1,1,3.169,0.004,23,4,5265,4,5294
29,cand,461x490,recorded,5,1,6795.525,0.573,0.83,8.02,1,1,3.121,0.002,23,4,800,4,5300
29,cand,461x490,recorded,6,1,6945.479,0.507,0.908,10.465,1,1,3.234,0.004,22,4,5252,4,5272
29,cand,461x490,recorded,7,1,7095.824,0.476,0.906,11.795,1,1,3.289,0.0,23,4,800,4,5300
29,cand,461x490,recorded,8,1,7245.591,0.406,0.776,6.906,1,1,3.25,0.004,23,4,800,4,5300
29,cand,461x490,recorded,9,1,7395.852,0.562,0.821,9.708,1,1,3.286,0.002,22,4,5006,4,5300
29,cand,461x490,recorded,10,1,7545.22,1.23,2.505,12.478,1,1,3.549,0.0,23,4,800,4,5295
29,cand,461x490,recorded,11,1,7695.741,0.388,0.737,6.818,1,1,3.09,0.002,23,4,800,4,5100
29,cand,461x490,recorded,12,1,7845.216,0.591,0.852,10.165,1,1,3.252,0.0,23,4,5276,4,5227
29,cand,461x490,recorded,13,1,7995.823,0.447,0.835,11.792,2,2,6.38,0.039,24,2,800,4,5300
29,cand,461x490,recorded,14,1,8145.49,0.509,0.874,6.116,1,1,3.111,0.002,23,2,800,2,5300
29,cand,461x490,recorded,15,1,8295.402,0.437,0.801,8.052,1,1,3.079,0.028,23,4,800,2,5300
29,cand,461x490,recorded,16,1,8445.338,0.478,0.873,11.89,1,1,3.597,0.0,22,4,800,4,5302
29,cand,461x490,recorded,17,1,8595.584,0.424,0.793,5.567,1,1,3.127,0.007,23,4,5283,4,5300
29,cand,461x490,recorded,18,1,8745.171,0.438,0.819,8.352,1,1,3.025,0.003,23,4,800,4,5300
29,cand,461x490,recorded,19,1,8895.821,0.425,0.776,9.871,1,1,3.03,0.002,22,4,800,4,5300
29,cand,461x490,recorded,20,1,9045.818,0.577,0.826,12.662,1,1,3.232,0.0,23,4,800,4,5300
29,cand,461x490,recorded,21,1,9195.162,0.437,0.828,7.599,1,1,3.307,0.004,23,4,800,4,5300
29,cand,461x490,recorded,22,1,9345.852,0.432,0.8,9.8,1,1,3.379,0.0,23,4,800,4,5300
29,cand,461x490,recorded,23,1,9495.876,0.469,0.86,12.352,1,1,3.566,0.003,22,4,5296,4,5240
29,cand,461x490,recorded,24,1,9645.588,0.451,0.821,6.443,2,2,5.844,0.0,25,4,800,4,5300
29,cand,461x490,recorded,25,1,9795.137,0.467,0.887,8.807,1,1,3.362,0.0,23,4,800,4,5265
29,cand,461x490,recorded,26,1,9945.58,0.475,0.868,11.694,1,1,3.246,0.0,22,4,5244,4,5284
29,cand,461x490,recorded,27,1,10095.167,0.446,0.812,6.45,1,1,3.095,0.0,23,4,800,4,5300
29,cand,461x490,recorded,28,1,10245.576,0.417,0.776,8.008,1,1,3.091,0.002,23,4,800,4,5300
29,cand,461x490,recorded,29,1,10395.438,0.549,0.81,11.022,1,1,3.401,0.0,22,4,5011,4,5300
29,cand,461x490,recorded,30,-1,10545.215,0.48,1.172,6.221,1,1,3.851,0.002,23,4,800,4,5048
29,cand,461x490,recorded,31,-1,10695.749,0.457,0.819,7.407,1,1,3.326,0.002,23,4,800,4,5100
29,cand,461x490,recorded,32,-1,10845.851,0.455,0.784,9.882,1,1,3.114,0.0,22,4,800,4,5300
29,cand,461x490,recorded,33,-1,10995.818,0.445,0.81,12.337,1,1,3.279,0.006,23,4,800,4,5141
29,cand,461x490,recorded,34,-1,11145.228,0.437,0.791,7.056,1,1,3.088,0.002,23,4,800,4,5300
29,cand,461x490,recorded,35,-1,11295.628,0.46,0.815,9.287,1,1,3.247,0.006,23,2,800,4,5289
29,cand,461x490,recorded,36,-1,11445.61,0.466,0.86,12.024,1,1,3.337,0.0,22,2,800,2,5300
29,cand,461x490,recorded,37,-1,11595.172,0.437,0.787,7.099,1,1,3.421,0.004,23,2,800,2,5300
29,cand,461x490,recorded,38,-1,11745.173,0.442,0.835,9.128,1,1,4.405,0.003,23,2,5031,2,5178
29,cand,461x490,recorded,39,-1,11895.35,0.455,0.835,11.281,1,1,3.299,0.0,22,2,800,2,5300
29,cand,461x490,recorded,40,-1,12045.198,0.516,1.029,6.711,1,1,4.086,0.052,23,2,5001,2,5068
29,cand,461x490,recorded,41,-1,12195.124,0.43,0.975,9.27,1,1,3.862,0.0,23,2,5290,2,5000
29,cand,461x490,recorded,42,-1,12345.731,0.357,0.806,9.979,1,1,3.207,0.0,22,2,5290,2,5300
29,cand,461x490,recorded,43,-1,12495.871,0.413,0.846,12.643,2,2,6.584,0.005,25,2,800,2,5300
29,cand,461x490,recorded,44,-1,12645.203,0.393,0.801,7.474,1,1,3.27,0.004,23,2,800,2,5300
29,cand,461x490,recorded,45,-1,12795.849,0.368,0.747,9.886,1,1,3.364,0.034,23,2,800,2,5300
29,cand,461x490,recorded,46,-1,12945.83,0.36,0.755,11.821,1,1,3.214,0.0,22,2,800,2,5300
29,cand,461x490,recorded,47,-1,13095.484,0.363,0.792,6.533,1,1,3.087,0.002,23,2,800,2,5300
29,cand,461x490,recorded,48,-1,13245.225,0.38,0.809,9.309,1,1,3.384,0.005,23,2,800,2,5300
29,cand,461x490,recorded,49,-1,13395.685,0.37,0.755,11.931,1,1,3.445,0.0,22,2,5275,2,5300
29,cand,461x490,recorded,50,-1,13545.236,0.54,0.99,7.509,1,1,3.83,0.0,23,2,5101,2,5300
29,cand,461x490,recorded,51,-1,13695.381,0.341,0.723,8.677,1,1,3.336,0.0,23,2,800,2,5100
29,cand,461x490,recorded,52,-1,13845.823,0.517,0.815,10.516,1,1,3.324,0.003,22,2,800,2,5300
29,cand,461x490,recorded,53,-1,13995.496,0.372,0.767,5.434,1,1,3.168,0.006,23,2,5261,2,5285
29,cand,461x490,recorded,54,-1,14145.581,0.397,0.793,7.402,2,2,5.882,0.005,25,4,800,2,5300
29,cand,461x490,recorded,55,-1,14295.809,0.396,0.808,10.346,1,1,3.304,0.0,22,4,800,4,5307
29,cand,461x490,recorded,56,-1,14445.458,0.277,0.78,13.222,1,1,3.67,0.0,23,4,800,4,5294
29,cand,461x490,recorded,57,-1,14595.652,0.436,0.93,7.443,1,1,3.789,0.0,23,4,800,4,5288
29,cand,461x490,recorded,58,-1,14745.512,0.4,0.804,10.107,1,1,3.446,0.004,23,4,800,4,5300
29,cand,461x490,recorded,59,-1,14895.833,0.372,0.751,11.883,1,1,3.217,0.0,22,4,800,4,5300
29,cand,461x490,recorded,60,1,15045.168,0.353,0.708,6.888,1,1,3.335,0.006,23,4,800,4,5300
29,cand,461x490,recorded,61,1,15195.17,0.369,0.754,8.983,1,1,3.097,0.002,23,4,800,4,5300
29,cand,461x490,recorded,62,1,15345.251,0.325,0.801,10.758,1,1,3.135,0.0,22,4,800,4,5300
29,cand,461x490,recorded,63,1,15495.671,0.394,0.815,5.54,1,1,3.612,0.008,23,0,5287,4,5300
29,cand,461x490,recorded,64,1,15645.581,0.384,0.78,7.796,1,1,3.155,0.005,23,0,5303,0,5299
29,cand,461x490,recorded,65,1,15795.849,0.51,0.797,9.865,1,1,3.193,0.012,22,0,5320,0,5291
29,cand,461x490,recorded,66,1,15945.172,0.362,0.689,5.793,1,1,3.483,0.008,23,0,5300,0,5246
29,cand,461x490,recorded,67,1,16095.595,0.428,0.81,7.539,1,1,3.557,0.007,23,0,5313,0,5306
29,cand,461x490,recorded,68,1,16245.811,0.372,0.746,9.59,1,1,3.516,0.011,23,0,800,0,5300
29,cand,461x490,recorded,69,1,16395.821,0.365,0.713,11.609,1,1,3.296,0.0,22,0,5010,0,5300
29,cand,461x490,recorded,70,1,16545.214,0.867,2.098,7.474,1,1,3.899,0.002,23,0,800,0,5208
29,cand,461x490,recorded,71,1,16695.361,0.47,0.796,9.266,1,1,3.381,0.005,23,0,5300,0,5100
29,cand,461x490,recorded,72,1,16845.731,0.498,0.798,11.361,1,1,3.441,0.0,22,0,800,0,5288
29,cand,461x490,recorded,73,1,16995.586,0.508,0.801,6.005,2,2,6.269,0.025,25,0,5307,0,5287
29,cand,461x490,recorded,74,1,17145.789,0.513,0.82,8.283,1,1,3.425,0.002,23,0,800,0,5285
29,cand,461x490,recorded,75,1,17295.83,0.492,0.802,10.443,1,1,3.451,0.008,22,0,5121,0,5324
29,cand,461x490,recorded,76,1,17445.63,0.534,0.892,5.854,1,1,3.768,0.017,23,0,5296,0,5297
29,cand,461x490,recorded,77,1,17595.619,0.437,0.826,7.728,1,1,3.846,0.01,23,0,5302,0,5295
29,cand,461x490,recorded,78,1,17745.845,0.44,0.78,10.264,1,1,3.287,0.0,22,0,5270,0,5300
29,cand,461x490,recorded,79,1,17895.83,0.439,0.77,12.569,1,1,3.333,0.0,22,0,5294,0,5300
29,cand,461x490,recorded,80,1,18045.468,0.601,0.814,7.222,1,1,3.382,0.0,23,0,800,0,5300
29,cand,461x490,recorded,81,1,18195.386,0.448,0.765,9.288,1,1,3.134,0.006,23,0,5300,0,5300
29,cand,461x490,recorded,82,1,18345.469,0.62,0.831,11.863,1,1,3.364,0.006,22,0,5284,0,5311
29,cand,461x490,recorded,83,1,18495.876,0.493,0.875,6.842,1,1,3.55,0.006,23,0,5285,0,5300
29,cand,461x490,recorded,84,1,18645.499,0.534,0.93,9.387,2,2,6.364,0.01,25,0,5151,0,5303
29,cand,461x490,recorded,85,1,18795.27,0.502,0.872,11.31,1,1,3.206,0.0,22,0,800,0,5300
29,cand,461x490,recorded,86,1,18945.618,0.461,0.781,6.039,1,1,3.163,0.002,23,0,800,0,5300
29,cand,461x490,recorded,87,1,19095.824,0.436,0.763,7.837,1,1,3.35,0.004,23,0,800,0,5300
29,cand,461x490,recorded,88,1,19245.725,0.385,0.756,9.894,1,1,3.319,0.008,22,0,800,0,5300
29,cand,461x490,recorded,89,1,19395.861,0.47,0.852,12.836,1,1,3.637,0.0,23,2,5002,0,5300
29,cand,461x490,recorded,90,-1,19545.225,0.43,1.201,8.111,1,1,3.959,0.003,23,2,5103,2,5299
29,cand,461x490,recorded,91,-1,19695.523,0.454,0.79,10.112,1,1,3.426,0.0,22,2,800,2,5100
29,cand,461x490,recorded,92,-1,19845.229,0.441,0.814,12.385,1,1,3.317,0.228,23,0,5002,2,5300
29,cand,461x490,recorded,93,-1,19995.518,0.418,0.798,7.559,1,1,3.754,0.017,23,0,800,0,5002
29,cand,461x490,recorded,94,-1,20145.172,0.462,0.832,9.431,1,1,3.399,0.013,23,0,5317,0,5300
29,cand,461x490,recorded,95,-1,20295.367,0.439,0.772,11.5,1,1,3.379,0.015,22,0,5296,0,5300
29,cand,461x490,recorded,96,-1,20445.641,0.956,1.307,5.994,1,1,3.524,0.005,23,0,5288,0,5300
29,cand,461x490,recorded,97,-1,20595.562,0.475,0.797,8.04,1,1,3.349,0.006,23,2,800,0,5300
29,cand,461x490,recorded,98,-1,20745.847,0.5,0.862,10.875,1,1,3.347,0.0,22,2,800,2,5300
29,cand,461x490,recorded,99,-1,20895.868,0.432,0.795,5.653,1,1,3.378,0.002,21,2,5271,2,5300
29,cand,461x490,recorded,100,-1,21045.59,0.431,0.835,8.251,1,1,3.436,0.0,23,2,5293,2,5282
29,cand,461x490,recorded,101,-1,21195.549,0.471,0.868,10.827,1,1,3.3,0.003,22,2,800,2,5297
29,cand,461x490,recorded,102,-1,21345.887,0.437,0.8,12.031,1,1,3.424,0.005,23,2,800,2,5284
29,cand,461x490,recorded,103,-1,21495.213,0.492,0.884,8.938,2,2,7.585,0.005,25,2,800,2,5299
29,cand,461x490,recorded,104,-1,21645.279,0.484,0.85,10.244,1,1,3.46,0.004,23,2,800,2,5264
29,cand,461x490,recorded,105,-1,21795.832,0.461,0.838,11.831,1,1,3.375,0.002,22,2,800,2,5300
29,cand,461x490,recorded,106,-1,21945.597,0.52,0.881,6.219,1,1,3.215,0.01,23,2,800,2,5300
29,cand,461x490,recorded,107,-1,22095.702,0.456,0.806,9.029,1,1,3.31,0.003,23,2,800,2,5300
29,cand,461x490,recorded,108,-1,22245.488,0.598,0.876,11.203,1,1,3.271,0.0,22,2,800,2,5300
29,cand,461x490,recorded,109,-1,22395.575,0.475,0.842,6.184,1,1,3.265,0.005,23,2,5132,2,5300
29,cand,461x490,recorded,110,-1,22545.22,0.514,0.968,9.358,1,1,3.928,0.0,23,2,800,2,5210
29,cand,461x490,recorded,111,-1,22695.176,0.336,0.755,11.24,1,1,3.556,0.003,22,2,800,2,5100
29,cand,461x490,recorded,112,-1,22845.824,0.385,0.79,12.958,1,1,3.467,0.006,23,2,800,2,5214
29,cand,461x490,recorded,113,-1,22995.326,0.363,0.766,7.687,1,1,3.256,0.002,23,2,5264,2,5300
29,cand,461x490,recorded,114,-1,23145.575,0.402,0.802,9.854,2,2,6.236,0.003,24,0,800,2,5300
29,cand,461x490,recorded,115,-1,23295.772,0.419,0.782,11.978,1,1,3.327,0.0,23,0,800,0,5300
29,cand,461x490,recorded,116,-1,23445.206,0.397,0.882,8.13,1,1,3.556,0.0,23,0,5247,0,5237
29,cand,461x490,recorded,117,-1,23595.771,0.382,0.749,9.416,1,1,3.546,0.002,23,0,800,0,5300
29,cand,461x490,recorded,118,-1,23745.838,0.401,0.766,11.842,1,1,3.463,0.003,22,0,800,0,5300
29,cand,461x490,recorded,119,-1,23895.815,0.371,0.737,5.816,1,1,3.274,0.0,23,0,5250,0,5300
29,cand,461x490,idle-after,0,0,24069.097,0.0,,,0,0,0.295,0.0,21,0,5246,,
29,cand,461x490,idle-after,1,0,24218.804,0.0,,,0,0,0.289,0.0,21,0,5281,,
29,cand,461x490,idle-after,2,0,24368.792,0.0,,,0,0,0.249,0.0,20,0,800,,
29,cand,461x490,idle-after,3,0,24519.058,0.0,,,0,0,0.316,0.0,21,0,800,,
29,cand,461x490,idle-after,4,0,24669.285,0.0,,,0,0,0.267,0.003,21,2,5300,,
29,cand,461x490,idle-after,5,0,24818.695,0.0,,,0,0,0.237,0.0,20,2,800,,
29,cand,461x490,idle-after,6,0,24969.141,0.0,,,0,0,0.315,0.003,21,2,800,,
29,cand,461x490,idle-after,7,0,25118.667,0.0,,,0,0,0.249,0.0,21,2,800,,
29,cand,461x490,idle-after,8,0,25269.095,0.0,,,0,0,0.266,0.0,20,2,800,,
29,cand,461x490,idle-after,9,0,25418.679,0.0,,,0,0,0.299,0.0,21,2,5314,,
29,cand,461x490,idle-after,10,0,25569.262,0.0,,,0,0,0.261,0.0,21,2,5101,,
29,cand,461x490,idle-after,11,0,25718.983,0.0,,,0,0,0.306,0.003,21,2,800,,
29,cand,461x490,idle-after,12,0,25869.213,0.0,,,0,0,0.27,0.0,20,2,800,,
29,cand,461x490,idle-after,13,0,26019.213,0.0,,,0,0,0.344,0.0,21,2,800,,
29,cand,461x490,idle-after,14,0,26169.218,0.0,,,0,0,0.274,0.0,21,2,800,,
29,cand,461x490,idle-after,15,0,26318.979,0.0,,,0,0,0.239,0.0,20,2,800,,
29,cand,461x490,idle-after,16,0,26469.236,0.0,,,0,0,0.341,0.0,21,2,800,,
29,cand,461x490,idle-after,17,0,26618.842,0.0,,,0,0,0.277,0.0,21,2,800,,
29,cand,461x490,idle-after,18,0,26769.258,0.0,,,0,0,0.26,0.002,20,2,800,,
29,cand,461x490,idle-after,19,0,26919.212,0.0,,,0,0,0.3,0.0,21,2,800,,
30,cand,461x490,warmup,0,1,0.0,0.418,0.8,,0,0,0.265,0.0,21,7,800,,
30,cand,461x490,warmup,1,1,150.048,0.418,0.772,11.264,1,1,3.4,0.0,23,7,800,7,5300
30,cand,461x490,warmup,2,1,300.175,0.484,0.882,6.192,1,1,3.532,0.0,23,7,800,7,5284
30,cand,461x490,warmup,3,1,449.756,0.593,0.844,8.264,1,1,3.109,0.003,23,7,800,7,5300
30,cand,461x490,warmup,4,1,599.498,0.438,0.799,11.1,1,1,3.071,0.002,22,7,800,7,5300
30,cand,461x490,warmup,5,1,749.749,0.498,0.84,5.74,1,1,3.104,0.002,23,7,5231,7,5289
30,cand,461x490,warmup,6,1,899.754,0.5,0.841,8.354,1,1,3.194,0.0,23,7,800,7,5300
30,cand,461x490,warmup,7,1,1050.048,0.445,0.815,10.11,1,1,3.085,0.263,22,7,800,7,5300
30,cand,461x490,warmup,8,1,1199.943,0.489,0.897,13.094,1,1,3.718,0.003,24,2,5307,7,5300
30,cand,461x490,warmup,9,1,1350.104,0.503,0.903,6.76,1,1,3.362,0.003,23,2,800,2,5300
30,cand,461x490,warmup,10,-1,1500.105,0.474,0.823,9.204,1,1,3.176,0.002,23,2,5299,2,5300
30,cand,461x490,warmup,11,-1,1649.923,0.472,0.837,11.595,1,1,3.171,0.0,22,2,800,2,5291
30,cand,461x490,warmup,12,-1,1799.851,0.46,0.846,6.123,1,1,2.974,0.0,23,2,800,2,5300
30,cand,461x490,warmup,13,-1,1950.012,0.455,0.806,8.898,1,1,3.005,0.002,23,2,800,2,5300
30,cand,461x490,warmup,14,-1,2099.625,0.45,0.768,11.478,2,2,5.752,0.0,24,2,800,2,5204
30,cand,461x490,warmup,15,-1,2250.063,0.513,0.895,5.371,1,1,3.327,0.0,23,2,800,2,5300
30,cand,461x490,warmup,16,-1,2399.46,0.47,0.807,8.959,1,1,3.521,0.0,23,2,5097,2,5100
30,cand,461x490,warmup,17,-1,2549.512,0.448,0.821,11.222,1,1,3.197,0.003,22,2,800,2,5300
30,cand,461x490,warmup,18,-1,2700.073,0.454,0.801,12.638,1,1,3.052,0.0,23,2,800,2,5300
30,cand,461x490,warmup,19,-1,2849.853,0.432,0.796,7.095,1,1,3.048,0.006,23,2,800,2,5300
30,cand,461x490,idle-before,0,0,3022.312,0.0,,,0,0,0.246,0.0,21,2,800,,
30,cand,461x490,idle-before,1,0,3172.371,0.0,,,0,0,0.272,0.0,20,2,800,,
30,cand,461x490,idle-before,2,0,3322.844,0.0,,,0,0,0.249,0.0,21,2,800,,
30,cand,461x490,idle-before,3,0,3472.28,0.0,,,0,0,0.304,0.0,21,2,800,,
30,cand,461x490,idle-before,4,0,3622.503,0.0,,,0,0,0.237,0.004,20,2,5266,,
30,cand,461x490,idle-before,5,0,3772.812,0.0,,,0,0,0.305,0.007,21,4,5001,,
30,cand,461x490,idle-before,6,0,3922.75,0.0,,,0,0,0.305,0.0,21,4,800,,
30,cand,461x490,idle-before,7,0,4072.819,0.0,,46.021,1,1,3.261,0.0,22,4,5290,,
30,cand,461x490,idle-before,8,0,4222.818,0.0,,,0,0,0.242,0.006,21,4,800,,
30,cand,461x490,idle-before,9,0,4372.885,0.0,,,0,0,0.271,0.002,21,4,5293,,
30,cand,461x490,idle-before,10,0,4522.827,0.0,,,0,0,0.249,0.0,21,4,800,,
30,cand,461x490,idle-before,11,0,4672.811,0.0,,48.118,1,1,3.296,0.008,23,4,800,,
30,cand,461x490,idle-before,12,0,4822.359,0.0,,,0,0,0.286,0.003,21,4,5239,,
30,cand,461x490,idle-before,13,0,4972.338,0.0,,,0,0,0.245,0.0,21,4,5297,,
30,cand,461x490,idle-before,14,0,5122.229,0.0,,,0,0,0.259,0.0,20,4,800,,
30,cand,461x490,idle-before,15,0,5272.923,0.0,,,0,0,0.24,0.0,21,4,800,,
30,cand,461x490,idle-before,16,0,5422.5,0.0,,,0,0,0.326,0.0,21,4,800,,
30,cand,461x490,idle-before,17,0,5572.812,0.0,,,0,0,0.303,0.016,20,4,800,,
30,cand,461x490,idle-before,18,0,5722.81,0.0,,,0,0,0.252,0.0,21,4,5185,,
30,cand,461x490,idle-before,19,0,5872.814,0.0,,,0,0,0.295,0.0,21,4,800,,
30,cand,461x490,recorded,0,1,6045.206,0.433,0.863,8.98,1,1,3.546,0.0,22,4,5288,4,5300
30,cand,461x490,recorded,1,1,6195.277,0.481,0.867,11.084,1,1,3.395,0.003,22,4,800,4,5300
30,cand,461x490,recorded,2,1,6345.902,0.459,0.841,12.772,1,1,3.124,0.004,23,4,800,4,5306
30,cand,461x490,recorded,3,1,6495.639,0.437,0.82,7.321,1,1,3.074,0.002,23,4,5307,4,5300
30,cand,461x490,recorded,4,1,6645.917,0.441,0.802,9.671,1,1,2.966,0.004,23,4,800,4,5300
30,cand,461x490,recorded,5,1,6795.896,0.441,0.808,11.925,1,1,2.997,0.0,22,4,5285,4,5300
30,cand,461x490,recorded,6,1,6945.808,0.434,0.768,6.538,1,1,3.065,0.002,23,4,5237,4,5300
30,cand,461x490,recorded,7,1,7095.848,0.453,0.819,9.254,1,1,3.2,0.0,23,4,5132,4,5277
30,cand,461x490,recorded,8,1,7245.846,0.579,0.893,10.561,1,1,3.392,0.0,22,4,800,4,5290
30,cand,461x490,recorded,9,1,7395.83,0.566,1.031,6.162,1,1,3.353,0.0,23,4,800,4,5300
30,cand,461x490,recorded,10,1,7545.25,0.456,0.803,8.712,1,1,3.216,0.002,23,4,800,4,5300
30,cand,461x490,recorded,11,1,7695.369,0.421,0.786,11.26,1,1,3.147,0.003,22,4,5217,4,5100
30,cand,461x490,recorded,12,1,7845.895,0.447,0.816,5.096,1,1,3.025,0.003,23,4,800,4,5300
30,cand,461x490,recorded,13,1,7995.856,0.433,0.797,7.463,2,2,5.804,0.005,24,4,5307,4,5296
30,cand,461x490,recorded,14,1,8145.885,0.519,0.877,9.768,1,1,3.283,0.002,22,4,5053,4,5282
30,cand,461x490,recorded,15,1,8295.941,0.621,1.032,12.363,1,1,3.684,0.0,23,4,5195,4,5215
30,cand,461x490,recorded,16,1,8445.815,0.424,0.76,6.65,1,1,3.225,0.0,23,4,5300,4,5100
30,cand,461x490,recorded,17,1,8595.933,0.457,0.845,9.081,1,1,3.189,0.0,22,4,5292,4,5300
30,cand,461x490,recorded,18,1,8745.194,0.463,0.822,12.397,1,1,2.997,0.003,23,4,5292,4,5323
30,cand,461x490,recorded,19,1,8895.894,0.471,0.824,6.074,1,1,3.071,0.003,23,4,800,4,5296
30,cand,461x490,recorded,20,1,9045.474,0.435,0.801,8.368,1,1,3.039,0.003,23,4,5231,4,5300
30,cand,461x490,recorded,21,1,9195.28,0.476,0.849,11.748,1,1,3.346,0.01,22,4,800,4,5279
30,cand,461x490,recorded,22,1,9345.929,0.496,0.909,5.858,1,1,3.455,0.0,23,4,800,4,5298
30,cand,461x490,recorded,23,1,9495.51,0.448,0.817,8.315,1,1,3.107,0.0,23,4,800,4,5300
30,cand,461x490,recorded,24,1,9645.645,0.436,0.768,10.955,2,2,6.079,0.007,24,4,5218,4,5290
30,cand,461x490,recorded,25,1,9795.71,0.541,0.893,12.786,1,1,2.974,0.0,23,4,800,4,5300
30,cand,461x490,recorded,26,1,9945.908,0.488,0.883,6.902,1,1,3.137,0.003,23,4,800,4,5300
30,cand,461x490,recorded,27,1,10095.287,0.425,0.841,9.687,1,1,3.106,0.003,22,4,5296,4,5300
30,cand,461x490,recorded,28,1,10245.692,0.671,0.908,11.423,1,1,3.404,0.003,23,4,800,4,5142
30,cand,461x490,recorded,29,1,10395.235,0.508,0.969,7.491,1,1,3.408,0.0,23,4,5135,4,5300
30,cand,461x490,recorded,30,-1,10545.225,0.254,0.756,9.84,1,1,3.267,0.008,23,4,5292,4,5158
30,cand,461x490,recorded,31,-1,10695.426,0.517,0.986,11.595,1,1,3.136,0.0,22,4,5283,4,5300
30,cand,461x490,recorded,32,-1,10845.542,0.521,0.864,6.132,1,1,2.966,0.005,23,4,5231,4,5300
30,cand,461x490,recorded,33,-1,10995.628,0.447,0.851,8.321,1,1,3.174,0.003,23,4,800,4,5292
30,cand,461x490,recorded,34,-1,11145.301,0.454,0.865,11.678,1,1,3.303,0.005,22,4,5043,4,5298
30,cand,461x490,recorded,35,-1,11295.946,0.473,0.824,5.725,1,1,3.503,0.0,22,4,5099,4,5220
30,cand,461x490,recorded,36,-1,11445.822,0.404,0.761,7.441,1,1,3.207,0.003,23,4,5299,4,5094
30,cand,461x490,recorded,37,-1,11595.853,0.51,0.882,9.769,1,1,3.147,0.002,22,2,800,4,5300
30,cand,461x490,recorded,38,-1,11745.828,0.492,1.013,13.087,1,1,3.827,0.002,23,4,5292,2,5000
30,cand,461x490,recorded,39,-1,11895.191,0.478,0.866,7.288,1,1,3.828,0.013,23,4,800,4,5199
30,cand,461x490,recorded,40,-1,12045.916,0.439,0.807,8.928,1,1,3.145,0.0,22,4,5282,4,5300
30,cand,461x490,recorded,41,-1,12195.599,0.452,0.917,11.996,1,1,3.473,0.007,23,4,5195,4,5283
30,cand,461x490,recorded,42,-1,12345.897,0.443,0.843,7.131,1,1,3.522,0.008,23,4,5302,4,5300
30,cand,461x490,recorded,43,-1,12495.396,0.453,0.793,9.606,2,2,5.967,0.009,25,4,800,4,5300
30,cand,461x490,recorded,44,-1,12645.65,0.477,0.843,10.978,1,1,3.042,0.002,22,4,5299,4,5300
30,cand,461x490,recorded,45,-1,12795.895,0.452,0.802,5.914,1,1,3.415,0.004,23,4,800,4,5288
30,cand,461x490,recorded,46,-1,12945.803,0.476,0.863,8.055,1,1,3.003,0.003,23,4,800,4,5300
30,cand,461x490,recorded,47,-1,13095.584,0.44,0.768,10.033,1,1,3.05,0.0,22,4,5301,4,5282
30,cand,461x490,recorded,48,-1,13245.927,0.482,0.864,13.058,1,1,3.453,0.003,23,4,800,4,5300
30,cand,461x490,recorded,49,-1,13395.894,0.473,0.835,6.874,1,1,3.305,0.002,23,4,5301,4,5300
30,cand,461x490,recorded,50,-1,13545.274,0.488,0.873,11.321,1,1,3.533,0.0,22,4,800,4,5297
30,cand,461x490,recorded,51,-1,13695.568,0.501,0.85,12.286,1,1,3.267,0.0,23,4,800,4,5300
30,cand,461x490,recorded,52,-1,13845.844,0.44,0.809,6.73,1,1,3.057,0.004,23,4,800,4,5300
30,cand,461x490,recorded,53,-1,13995.42,0.466,0.945,9.669,1,1,3.123,0.0,22,4,800,4,5300
30,cand,461x490,recorded,54,-1,14145.844,0.445,0.808,11.33,2,2,6.42,0.003,24,4,5002,4,5300
30,cand,461x490,recorded,55,-1,14295.826,0.631,1.001,6.824,1,1,3.796,0.0,23,4,800,4,5185
30,cand,461x490,recorded,56,-1,14445.466,0.4,0.743,8.449,1,1,3.243,0.004,23,4,5297,4,5100
30,cand,461x490,recorded,57,-1,14595.354,0.437,0.805,11.112,1,1,3.298,0.008,22,4,5310,4,5299
30,cand,461x490,recorded,58,-1,14745.623,0.446,0.821,5.598,1,1,3.158,0.003,23,4,5184,4,5300
30,cand,461x490,recorded,59,-1,14895.866,0.475,0.846,6.904,1,1,3.026,0.0,23,4,800,4,5275
30,cand,461x490,recorded,60,1,15045.591,0.474,0.859,10.199,1,1,3.121,0.0,22,4,800,4,5300
30,cand,461x490,recorded,61,1,15195.223,0.506,0.854,5.662,1,1,3.436,0.002,23,4,800,4,5269
30,cand,461x490,recorded,62,1,15345.851,0.455,0.937,7.129,1,1,3.314,0.004,23,4,5202,4,5281
30,cand,461x490,recorded,63,1,15495.863,0.441,0.807,8.531,1,1,3.155,0.0,23,4,800,4,5288
30,cand,461x490,recorded,64,1,15645.893,0.534,0.869,11.826,1,1,3.064,0.0,22,4,800,4,5300
30,cand,461x490,recorded,65,1,15795.888,0.388,0.846,6.143,1,1,3.037,0.002,23,4,800,4,5300
30,cand,461x490,recorded,66,1,15945.191,0.45,0.808,9.723,1,1,3.105,0.0,23,4,5323,4,5289
30,cand,461x490,recorded,67,1,16095.684,0.464,0.848,11.274,1,1,3.244,0.0,22,4,5280,4,5300
30,cand,461x490,recorded,68,1,16245.223,0.489,0.899,7.294,1,1,3.496,0.002,23,4,800,4,5300
30,cand,461x490,recorded,69,1,16395.849,0.451,0.826,8.319,1,1,3.455,0.003,23,4,5291,4,5289
30,cand,461x490,recorded,70,1,16545.531,0.493,0.879,11.129,1,1,3.19,0.0,22,4,800,4,5300
30,cand,461x490,recorded,71,1,16695.848,0.452,0.795,4.971,1,1,2.981,0.0,22,4,800,4,5300
30,cand,461x490,recorded,72,1,16845.905,0.426,0.782,6.988,1,1,3.025,0.002,23,4,5300,4,5300
30,cand,461x490,recorded,73,1,16995.544,0.453,0.841,10.366,2,2,5.885,0.003,24,4,800,4,5300
30,cand,461x490,recorded,74,1,17145.279,0.47,0.787,12.693,1,1,3.191,0.0,23,4,5001,4,5300
30,cand,461x490,recorded,75,1,17295.805,0.477,0.871,7.255,1,1,3.646,0.0,23,4,800,4,5093
30,cand,461x490,recorded,76,1,17445.51,0.404,0.747,9.634,1,1,3.413,0.0,23,4,5311,4,5106
30,cand,461x490,recorded,77,1,17595.923,0.461,0.902,11.296,1,1,3.277,0.005,22,4,5118,4,5301
30,cand,461x490,recorded,78,1,17745.408,0.451,0.859,6.597,1,1,3.011,0.007,23,4,800,4,5300
30,cand,461x490,recorded,79,1,17895.247,0.437,0.875,8.732,1,1,3.03,0.003,23,4,5304,4,5299
30,cand,461x490,recorded,80,1,18045.217,0.443,0.801,11.695,1,1,3.087,0.003,22,4,800,4,5300
30,cand,461x490,recorded,81,1,18195.751,0.874,1.313,13.424,1,1,3.485,0.0,23,4,800,4,5221
30,cand,461x490,recorded,82,1,18345.906,0.507,0.869,7.854,1,1,3.451,0.0,23,4,800,4,5300
30,cand,461x490,recorded,83,1,18495.193,0.447,0.79,11.209,1,1,3.306,0.0,22,4,800,4,5273
30,cand,461x490,recorded,84,1,18645.198,0.458,0.833,5.44,2,2,5.738,0.002,25,4,800,4,5300
30,cand,461x490,recorded,85,1,18795.853,0.482,0.841,7.028,1,1,2.914,0.003,23,4,5299,4,5300
30,cand,461x490,recorded,86,1,18945.761,0.582,0.836,9.779,1,1,3.18,0.003,23,4,800,4,5300
30,cand,461x490,recorded,87,1,19095.891,0.433,0.804,12.058,1,1,3.473,0.146,22,4,5303,4,5300
30,cand,461x490,recorded,88,1,19245.785,0.492,0.905,6.685,1,1,3.426,0.003,23,4,5265,4,5300
30,cand,461x490,recorded,89,1,19395.455,0.5,0.955,9.463,1,1,3.566,0.0,23,4,800,4,5300
30,cand,461x490,recorded,90,-1,19545.605,0.468,0.885,11.228,1,1,3.351,0.047,22,4,800,4,5300
30,cand,461x490,recorded,91,-1,19695.328,0.448,0.759,7.052,1,1,3.318,0.003,23,4,800,4,5280
30,cand,461x490,recorded,92,-1,19845.902,0.667,0.931,7.847,1,1,3.089,0.059,23,4,800,4,5300
30,cand,461x490,recorded,93,-1,19995.701,0.603,0.896,10.779,1,1,3.146,0.004,22,4,5291,4,5300
30,cand,461x490,recorded,94,-1,20145.856,0.575,0.858,12.927,1,1,3.145,0.004,23,4,5001,4,5300
30,cand,461x490,recorded,95,-1,20295.941,0.436,0.89,7.871,1,1,3.655,0.0,23,4,800,4,5288
30,cand,461x490,recorded,96,-1,20445.8,0.421,0.803,9.815,1,1,3.427,0.0,22,4,800,4,5100
30,cand,461x490,recorded,97,-1,20595.898,0.47,0.829,11.753,1,1,3.206,0.003,23,4,5293,4,5300
30,cand,461x490,recorded,98,-1,20745.971,0.438,0.778,6.871,1,1,3.201,0.0,23,4,800,4,5300
30,cand,461x490,recorded,99,-1,20895.373,0.469,0.854,10.468,1,1,3.289,0.0,23,4,5230,4,5287
30,cand,461x490,recorded,100,-1,21045.61,0.459,0.821,12.106,1,1,3.359,0.003,22,4,800,4,5290
30,cand,461x490,recorded,101,-1,21195.989,0.813,1.245,6.546,1,1,3.607,0.002,23,4,800,4,5217
30,cand,461x490,recorded,102,-1,21345.344,0.452,0.889,8.896,1,1,3.33,0.0,23,4,5288,4,5300
30,cand,461x490,recorded,103,-1,21495.433,0.465,0.885,11.328,2,2,7.038,0.0,24,4,800,4,5300
30,cand,461x490,recorded,104,-1,21645.853,0.458,0.838,5.812,1,1,3.38,0.006,23,4,800,4,5290
30,cand,461x490,recorded,105,-1,21795.858,0.446,0.811,8.139,1,1,3.206,0.0,23,4,800,4,5300
30,cand,461x490,recorded,106,-1,21945.825,0.453,0.82,10.667,1,1,3.132,0.0,22,4,5301,4,5300
30,cand,461x490,recorded,107,-1,22095.89,0.412,0.749,12.864,1,1,3.125,0.003,23,4,5295,4,5240
30,cand,461x490,recorded,108,-1,22246.006,0.466,0.854,6.834,1,1,3.52,0.035,23,4,5270,4,5300
30,cand,461x490,recorded,109,-1,22395.64,0.471,0.875,9.829,1,1,3.394,0.003,23,4,5265,4,5300
30,cand,461x490,recorded,110,-1,22545.772,0.348,0.856,12.103,1,1,3.419,0.003,22,4,800,4,5300
30,cand,461x490,recorded,111,-1,22695.283,0.451,0.785,6.701,1,1,3.095,0.002,23,4,5043,4,5300
30,cand,461x490,recorded,112,-1,22845.682,0.439,0.799,9.041,1,1,3.304,0.044,23,2,5175,4,5300
30,cand,461x490,recorded,113,-1,22995.431,0.436,0.806,12.04,1,1,3.204,0.0,22,2,800,2,5300
30,cand,461x490,recorded,114,-1,23145.895,0.417,0.781,5.852,2,2,6.275,0.009,25,2,5241,2,5300
30,cand,461x490,recorded,115,-1,23295.884,0.474,0.86,8.458,1,1,3.498,0.0,23,2,800,2,5299
30,cand,461x490,recorded,116,-1,23445.539,0.421,0.746,10.853,1,1,3.388,0.003,22,2,800,2,5100
30,cand,461x490,recorded,117,-1,23595.894,0.418,0.79,5.613,1,1,3.505,0.004,22,2,5232,2,5300
30,cand,461x490,recorded,118,-1,23746.11,0.437,0.8,7.582,1,1,3.474,0.003,23,2,800,2,5273
30,cand,461x490,recorded,119,-1,23895.897,0.466,0.846,10.295,1,1,3.152,0.0,22,2,800,2,5300
30,cand,461x490,idle-after,0,0,24069.386,0.0,,,0,0,0.263,0.002,20,2,800,,
30,cand,461x490,idle-after,1,0,24219.672,0.0,,,0,0,0.326,0.002,21,2,800,,
30,cand,461x490,idle-after,2,0,24369.526,0.0,,,0,0,0.302,0.002,21,2,800,,
30,cand,461x490,idle-after,3,0,24519.233,0.0,,,0,0,0.277,0.0,21,2,800,,
30,cand,461x490,idle-after,4,0,24669.636,0.0,,,0,0,0.237,0.0,20,2,5261,,
30,cand,461x490,idle-after,5,0,24819.645,0.0,,,0,0,0.253,0.0,21,2,5279,,
30,cand,461x490,idle-after,6,0,24969.071,0.0,,,0,0,0.248,0.0,21,2,800,,
30,cand,461x490,idle-after,7,0,25118.989,0.0,,,0,0,0.239,0.0,20,2,800,,
30,cand,461x490,idle-after,8,0,25269.048,0.0,,,0,0,0.276,0.0,21,2,800,,
30,cand,461x490,idle-after,9,0,25419.654,0.0,,,0,0,0.266,0.0,21,2,800,,
30,cand,461x490,idle-after,10,0,25569.302,0.0,,,0,0,0.235,0.002,20,2,5302,,
30,cand,461x490,idle-after,11,0,25719.641,0.0,,,0,0,0.251,0.0,21,2,800,,
30,cand,461x490,idle-after,12,0,25869.713,0.0,,,0,0,0.281,0.0,21,2,800,,
30,cand,461x490,idle-after,13,0,26019.494,0.0,,,0,0,0.269,0.0,20,2,800,,
30,cand,461x490,idle-after,14,0,26169.491,0.0,,,0,0,0.246,0.004,21,2,5314,,
30,cand,461x490,idle-after,15,0,26319.687,0.0,,,0,0,0.246,0.005,21,2,800,,
30,cand,461x490,idle-after,16,0,26469.429,0.0,,,0,0,0.298,0.0,21,2,800,,
30,cand,461x490,idle-after,17,0,26619.625,0.0,,,0,0,0.241,0.051,20,4,5173,,
30,cand,461x490,idle-after,18,0,26769.637,0.0,,,0,0,0.345,0.002,21,4,800,,
30,cand,461x490,idle-after,19,0,26919.633,0.0,,,0,0,0.247,0.0,21,4,5279,,
31,base,461x490,warmup,0,1,0.0,0.48,0.842,,0,0,0.28,0.003,22,5,800,,
31,base,461x490,warmup,1,1,150.154,0.449,0.753,7.81,1,1,3.793,0.006,23,5,5222,5,5217
31,base,461x490,warmup,2,1,300.053,0.483,0.846,9.612,1,1,3.42,0.0,23,5,800,5,5300
31,base,461x490,warmup,3,1,450.14,0.457,0.827,11.274,1,1,3.296,0.0,22,5,800,5,5300
31,base,461x490,warmup,4,1,600.193,0.466,0.801,6.024,1,1,3.305,0.004,23,5,5225,5,5300
31,base,461x490,warmup,5,1,750.201,0.482,0.81,8.13,1,1,3.15,0.004,23,5,5227,5,5300
31,base,461x490,warmup,6,1,899.629,0.501,0.999,11.572,1,1,3.47,0.006,22,5,5301,5,5300
31,base,461x490,warmup,7,1,1050.223,0.49,0.923,5.718,1,1,3.528,0.0,22,5,800,5,5300
31,base,461x490,warmup,8,1,1200.206,0.447,0.788,7.496,1,1,3.211,0.002,23,5,800,5,5300
31,base,461x490,warmup,9,1,1350.021,0.449,0.773,10.457,1,1,3.112,0.003,22,5,5069,5,5300
31,base,461x490,warmup,10,-1,1500.194,0.435,0.796,12.486,1,1,3.119,0.0,23,5,800,5,5273
31,base,461x490,warmup,11,-1,1650.194,0.423,0.87,7.351,1,1,3.288,0.002,23,4,800,5,5300
31,base,461x490,warmup,12,-1,1800.595,0.462,0.797,8.444,1,1,3.168,0.0,23,4,5212,4,5300
31,base,461x490,warmup,13,-1,1950.267,0.472,0.921,11.728,1,1,3.622,0.007,23,4,5291,4,5300
31,base,461x490,warmup,14,-1,2100.066,0.487,0.83,6.779,2,2,6.172,0.012,25,4,800,4,5300
31,base,461x490,warmup,15,-1,2250.158,0.468,0.812,8.644,1,1,3.348,0.004,23,4,800,4,5275
31,base,461x490,warmup,16,-1,2399.921,0.623,0.914,11.271,1,1,3.403,0.002,22,4,5302,4,5300
31,base,461x490,warmup,17,-1,2549.866,0.384,0.821,6.817,1,1,3.315,0.002,23,4,800,4,5300
31,base,461x490,warmup,18,-1,2700.199,0.452,0.789,7.983,1,1,3.261,0.003,23,4,800,4,5300
31,base,461x490,warmup,19,-1,2849.958,0.619,0.959,10.86,1,1,3.363,0.0,22,4,800,4,5300
31,base,461x490,idle-before,0,0,3022.515,0.0,,,0,0,0.248,0.004,21,4,800,,
31,base,461x490,idle-before,1,0,3172.709,0.0,,,0,0,0.298,0.0,21,4,5100,,
31,base,461x490,idle-before,2,0,3322.171,0.0,,,0,0,0.381,0.009,21,4,800,,
31,base,461x490,idle-before,3,0,3472.547,0.0,,,0,0,0.26,0.003,20,4,800,,
31,base,461x490,idle-before,4,0,3622.708,0.0,,,0,0,0.272,0.0,21,4,800,,
31,base,461x490,idle-before,5,0,3772.268,0.0,,,0,0,0.242,0.013,21,4,800,,
31,base,461x490,idle-before,6,0,3922.229,0.0,,,0,0,0.26,0.0,20,4,5277,,
31,base,461x490,idle-before,7,0,4072.715,0.0,,41.966,1,1,3.477,0.01,23,4,5294,,
31,base,461x490,idle-before,8,0,4222.69,0.0,,,0,0,0.238,0.005,21,4,800,,
31,base,461x490,idle-before,9,0,4372.063,0.0,,,0,0,0.231,0.0,20,4,800,,
31,base,461x490,idle-before,10,0,4522.71,0.0,,,0,0,0.234,0.051,21,4,5301,,
31,base,461x490,idle-before,11,0,4672.708,0.0,,43.755,1,1,3.217,0.0,23,4,800,,
31,base,461x490,idle-before,12,0,4822.507,0.0,,,0,0,0.315,0.0,21,4,800,,
31,base,461x490,idle-before,13,0,4972.742,0.0,,,0,0,0.256,0.0,20,4,800,,
31,base,461x490,idle-before,14,0,5122.711,0.0,,,0,0,0.289,0.005,21,4,800,,
31,base,461x490,idle-before,15,0,5272.695,0.0,,,0,0,0.245,0.0,21,4,5290,,
31,base,461x490,idle-before,16,0,5422.374,0.0,,,0,0,0.233,0.0,20,4,5298,,
31,base,461x490,idle-before,17,0,5572.092,0.0,,,0,0,0.273,0.0,21,4,800,,
31,base,461x490,idle-before,18,0,5722.081,0.0,,,0,0,0.3,0.004,21,4,800,,
31,base,461x490,idle-before,19,0,5872.417,0.0,,,0,0,0.259,0.002,20,4,800,,
31,base,461x490,recorded,0,1,6045.202,0.32,0.86,11.632,1,1,3.865,0.005,22,4,800,4,5100
31,base,461x490,recorded,1,1,6195.111,0.323,0.745,6.544,1,1,3.372,0.002,23,4,800,4,5285
31,base,461x490,recorded,2,1,6344.937,0.348,0.756,8.89,1,1,3.364,0.002,23,4,800,4,5300
31,base,461x490,recorded,3,1,6495.07,0.353,0.781,11.126,1,1,3.18,0.005,22,4,5233,4,5300
31,base,461x490,recorded,4,1,6644.944,0.324,0.717,6.102,1,1,3.21,0.008,23,4,800,4,5300
31,base,461x490,recorded,5,1,6795.394,0.318,0.707,7.887,1,1,3.307,0.005,23,4,800,4,5300
31,base,461x490,recorded,6,1,6944.771,0.363,0.787,11.049,1,1,3.568,0.0,22,4,800,4,5215
31,base,461x490,recorded,7,1,7095.121,0.383,0.781,5.334,1,1,3.36,0.002,23,4,5272,4,5300
31,base,461x490,recorded,8,1,7245.401,0.336,0.729,6.566,1,1,3.165,0.0,23,4,800,4,5300
31,base,461x490,recorded,9,1,7395.121,0.362,0.763,10.089,1,1,3.272,0.0,22,4,5257,4,5300
31,base,461x490,recorded,10,1,7545.267,0.348,0.795,11.789,1,1,3.282,0.0,23,4,800,4,5284
31,base,461x490,recorded,11,1,7695.393,0.324,0.712,6.779,1,1,3.101,0.0,23,4,5271,4,5300
31,base,461x490,recorded,12,1,7844.901,0.347,0.802,9.396,1,1,3.722,0.0,23,4,800,4,5162
31,base,461x490,recorded,13,1,7994.796,0.406,0.899,12.045,2,2,6.096,0.0,24,4,800,4,5300
31,base,461x490,recorded,14,1,8145.106,0.359,0.756,5.882,1,1,3.308,0.006,23,4,800,4,5300
31,base,461x490,recorded,15,1,8295.399,0.326,0.73,8.191,1,1,3.355,0.003,23,4,800,4,5300
31,base,461x490,recorded,16,1,8444.906,0.328,0.716,11.266,1,1,3.298,0.0,22,4,800,4,5197
31,base,461x490,recorded,17,1,8595.394,0.338,0.726,4.998,1,1,3.228,0.039,23,4,5274,4,5300
31,base,461x490,recorded,18,1,8745.4,0.326,0.718,7.64,1,1,3.24,0.002,23,4,800,4,5300
31,base,461x490,recorded,19,1,8895.085,0.369,0.78,10.066,1,1,3.325,0.003,22,4,800,4,5300
31,base,461x490,recorded,20,1,9045.073,0.391,0.871,13.069,1,1,3.541,0.046,23,3,5230,4,5100
31,base,461x490,recorded,21,1,9195.391,0.419,0.835,6.557,1,1,3.305,0.0,23,3,800,3,5300
31,base,461x490,recorded,22,1,9345.397,0.335,0.757,8.719,1,1,3.286,0.003,23,3,800,3,5300
31,base,461x490,recorded,23,1,9495.394,0.327,0.793,11.845,1,1,3.127,0.046,22,3,5301,3,5300
31,base,461x490,recorded,24,1,9645.129,0.346,0.802,6.659,2,2,6.044,0.005,25,3,800,3,5300
31,base,461x490,recorded,25,1,9795.351,0.345,0.78,7.804,1,1,3.132,0.002,23,5,800,3,5300
31,base,461x490,recorded,26,1,9945.139,0.369,0.814,10.795,1,1,3.38,0.002,22,5,800,5,5300
31,base,461x490,recorded,27,1,10095.397,0.398,0.77,5.707,1,1,3.303,0.047,23,5,800,5,5300
31,base,461x490,recorded,28,1,10245.408,0.391,0.881,7.646,1,1,3.438,0.008,23,5,5301,5,5246
31,base,461x490,recorded,29,1,10394.987,0.373,0.75,11.01,1,1,3.153,0.003,22,5,5186,5,5294
31,base,461x490,recorded,30,-1,10544.996,0.472,0.835,5.518,1,1,3.341,0.003,23,5,5273,5,5300
31,base,461x490,recorded,31,-1,10695.406,0.476,0.806,7.762,1,1,3.202,0.002,23,5,5313,5,5300
31,base,461x490,recorded,32,-1,10845.165,0.49,0.804,10.425,1,1,3.746,0.003,22,5,800,5,5117
31,base,461x490,recorded,33,-1,10995.097,0.523,0.969,12.686,1,1,3.579,0.002,22,5,800,5,5234
31,base,461x490,recorded,34,-1,11145.388,0.489,0.806,6.73,1,1,3.426,0.0,23,5,800,5,5300
31,base,461x490,recorded,35,-1,11295.394,0.47,0.785,8.562,1,1,3.366,0.002,22,5,5313,5,5276
31,base,461x490,recorded,36,-1,11444.787,0.487,0.904,11.432,1,1,3.323,0.002,23,3,5096,5,5300
31,base,461x490,recorded,37,-1,11594.792,0.46,0.816,6.711,1,1,4.207,0.003,23,5,5295,3,5089
31,base,461x490,recorded,38,-1,11745.395,0.579,1.055,8.897,1,1,3.662,0.016,23,3,4028,5,5300
31,base,461x490,recorded,39,-1,11895.091,0.499,0.853,11.259,1,1,3.784,0.0,22,3,5100,3,5282
31,base,461x490,recorded,40,-1,12045.368,0.502,0.87,5.916,1,1,3.746,0.0,22,3,800,3,5100
31,base,461x490,recorded,41,-1,12195.416,0.521,0.878,7.76,1,1,3.777,0.032,23,3,5192,3,5290
31,base,461x490,recorded,42,-1,12345.322,0.476,0.801,10.461,1,1,3.542,0.002,22,3,800,3,5300
31,base,461x490,recorded,43,-1,12495.4,0.455,0.817,12.158,2,2,6.153,0.0,25,3,800,3,5305
31,base,461x490,recorded,44,-1,12644.983,0.515,0.89,6.986,1,1,3.363,0.0,23,3,800,3,5300
31,base,461x490,recorded,45,-1,12795.397,0.475,0.791,9.821,1,1,3.593,0.0,23,3,800,3,5300
31,base,461x490,recorded,46,-1,12945.431,0.44,0.791,11.514,1,1,3.519,0.002,22,3,800,3,5300
31,base,461x490,recorded,47,-1,13095.471,0.482,0.805,6.771,1,1,3.199,0.003,23,3,800,3,5300
31,base,461x490,recorded,48,-1,13245.399,0.471,0.794,9.079,1,1,3.448,0.0,23,3,800,3,5289
31,base,461x490,recorded,49,-1,13395.15,0.462,0.772,11.724,1,1,3.621,0.0,22,3,800,3,5287
31,base,461x490,recorded,50,-1,13545.397,0.467,0.777,5.974,1,1,3.639,0.0,22,3,800,3,5300
31,base,461x490,recorded,51,-1,13694.965,0.379,0.809,8.209,1,1,3.612,0.0,23,3,800,3,5300
31,base,461x490,recorded,52,-1,13844.923,0.493,0.858,10.562,1,1,3.848,0.003,22,3,800,3,5291
31,base,461x490,recorded,53,-1,13995.105,0.469,0.841,5.753,1,1,3.732,0.003,23,3,800,3,5300
31,base,461x490,recorded,54,-1,14145.458,0.466,0.765,7.365,2,2,6.334,0.005,24,3,800,3,5300
31,base,461x490,recorded,55,-1,14295.023,0.538,0.83,10.657,1,1,3.653,0.0,22,3,800,3,5206
31,base,461x490,recorded,56,-1,14445.108,0.438,0.836,12.843,1,1,3.616,0.0,23,3,800,3,5230
31,base,461x490,recorded,57,-1,14595.39,0.547,0.824,7.147,1,1,3.538,0.0,23,3,800,3,5300
31,base,461x490,recorded,58,-1,14745.398,0.474,0.781,9.229,1,1,3.607,0.002,23,3,5237,3,5300
31,base,461x490,recorded,59,-1,14895.474,0.496,0.81,11.426,1,1,3.608,0.004,22,3,800,3,5300
31,base,461x490,recorded,60,1,15045.354,0.477,0.804,6.72,1,1,3.783,0.041,23,1,5300,3,5100
31,base,461x490,recorded,61,1,15194.925,0.496,0.854,8.75,1,1,3.288,0.0,23,1,800,1,5295
31,base,461x490,recorded,62,1,15344.883,0.477,0.782,11.19,1,1,3.18,0.0,22,1,800,1,5297
31,base,461x490,recorded,63,1,15495.108,0.482,0.849,5.989,1,1,3.717,0.004,23,1,800,1,5255
31,base,461x490,recorded,64,1,15645.394,0.463,0.759,7.665,1,1,3.575,0.002,23,1,800,1,5300
31,base,461x490,recorded,65,1,15794.842,0.483,0.774,10.546,1,1,3.371,0.0,22,1,800,1,5300
31,base,461x490,recorded,66,1,15945.128,0.606,0.973,12.611,1,1,3.729,0.0,24,1,800,1,5298
31,base,461x490,recorded,67,1,16095.414,0.509,0.856,7.11,1,1,3.729,0.026,23,1,800,1,5300
31,base,461x490,recorded,68,1,16245.441,0.487,0.808,8.672,1,1,3.334,0.002,23,1,800,1,5300
31,base,461x490,recorded,69,1,16395.413,0.482,0.789,11.693,1,1,3.546,0.0,22,1,800,1,5300
31,base,461x490,recorded,70,1,16545.394,0.493,0.789,6.843,1,1,3.379,0.003,22,1,5242,1,5300
31,base,461x490,recorded,71,1,16695.083,0.504,0.794,9.187,1,1,3.203,0.0,23,1,5294,1,5300
31,base,461x490,recorded,72,1,16845.2,0.474,0.765,11.435,1,1,3.991,0.005,22,1,5301,1,5151
31,base,461x490,recorded,73,1,16994.934,0.404,0.874,6.139,2,2,6.667,0.006,25,1,800,1,5300
31,base,461x490,recorded,74,1,17144.7,0.495,0.809,8.213,1,1,3.735,0.0,23,1,800,1,5300
31,base,461x490,recorded,75,1,17294.941,0.468,0.77,11.226,1,1,3.609,0.0,22,1,800,1,5300
31,base,461x490,recorded,76,1,17445.448,0.585,0.875,12.48,1,1,3.582,0.0,23,1,5173,1,5300
31,base,461x490,recorded,77,1,17595.084,0.474,0.769,7.531,1,1,3.466,0.003,23,1,800,1,5300
31,base,461x490,recorded,78,1,17745.395,0.476,0.776,9.576,1,1,3.269,0.002,22,1,800,1,5300
31,base,461x490,recorded,79,1,17895.47,0.514,0.873,12.121,1,1,3.616,0.0,23,5,800,1,5301
31,base,461x490,recorded,80,1,18045.106,0.466,0.811,6.946,1,1,3.575,0.022,23,1,4084,5,5100
31,base,461x490,recorded,81,1,18195.404,0.489,0.806,8.649,1,1,3.619,0.0,23,1,5194,1,5300
31,base,461x490,recorded,82,1,18345.49,0.48,0.766,11.218,1,1,3.689,0.003,22,1,5171,1,5298
31,base,461x490,recorded,83,1,18494.933,0.466,0.773,6.689,1,1,3.82,0.004,23,1,800,1,5300
31,base,461x490,recorded,84,1,18645.397,0.469,0.755,8.818,2,2,6.333,0.005,24,1,800,1,5300
31,base,461x490,recorded,85,1,18794.921,0.47,0.874,11.406,1,1,3.335,0.0,22,1,800,1,5251
31,base,461x490,recorded,86,1,18944.763,0.484,0.813,6.455,1,1,3.596,0.002,23,5,800,1,5300
31,base,461x490,recorded,87,1,19094.742,0.482,0.786,8.65,1,1,3.63,0.003,23,5,800,5,5300
31,base,461x490,recorded,88,1,19245.137,0.46,0.755,10.746,1,1,3.459,0.0,22,5,800,5,5307
31,base,461x490,recorded,89,1,19395.396,0.456,0.808,12.105,1,1,3.616,0.005,23,5,5114,5,5300
31,base,461x490,recorded,90,-1,19544.778,0.462,0.775,8.43,1,1,3.515,0.002,22,5,800,5,5299
31,base,461x490,recorded,91,-1,19695.403,0.481,0.795,9.243,1,1,3.428,0.002,22,1,800,5,5300
31,base,461x490,recorded,92,-1,19845.145,0.455,0.836,12.2,1,1,3.887,0.002,23,5,800,5,5180
31,base,461x490,recorded,93,-1,19995.403,0.487,0.802,6.731,1,1,3.596,0.012,23,1,5231,5,5300
31,base,461x490,recorded,94,-1,20145.395,0.472,0.77,8.485,1,1,3.421,0.0,23,1,800,1,5300
31,base,461x490,recorded,95,-1,20295.24,0.476,0.763,11.595,1,1,3.52,0.003,21,1,5305,1,5299
31,base,461x490,recorded,96,-1,20445.084,0.499,0.805,6.143,1,1,3.414,0.002,23,1,800,1,5300
31,base,461x490,recorded,97,-1,20594.74,0.467,0.784,8.795,1,1,3.566,0.0,23,1,5305,1,5282
31,base,461x490,recorded,98,-1,20744.738,0.459,0.734,11.317,1,1,3.67,0.0,22,1,800,1,5300
31,base,461x490,recorded,99,-1,20895.507,0.485,0.822,13.203,1,1,3.683,0.004,23,1,5146,1,5300
31,base,461x490,recorded,100,-1,21045.069,0.493,0.858,8.133,1,1,3.798,0.056,23,1,800,1,5100
31,base,461x490,recorded,101,-1,21194.898,0.481,0.743,10.963,1,1,3.577,0.0,22,1,5270,1,5292
31,base,461x490,recorded,102,-1,21345.085,0.469,0.885,13.963,1,1,4.672,0.0,23,1,800,1,5301
31,base,461x490,recorded,103,-1,21495.096,0.565,0.89,7.632,2,2,6.606,0.0,25,1,800,1,5300
31,base,461x490,recorded,104,-1,21645.1,0.387,0.754,9.445,1,1,3.551,0.004,23,5,800,1,5300
31,base,461x490,recorded,105,-1,21795.435,0.443,0.763,11.693,1,1,3.41,0.0,22,5,800,5,5219
31,base,461x490,recorded,106,-1,21945.429,0.503,0.839,7.014,1,1,3.606,0.003,23,1,800,5,5300
31,base,461x490,recorded,107,-1,22095.4,0.486,0.823,7.727,1,1,3.464,0.004,23,5,5128,5,5300
31,base,461x490,recorded,108,-1,22244.96,0.552,0.848,11.585,1,1,3.263,0.003,22,5,800,5,5300
31,base,461x490,recorded,109,-1,22395.398,0.471,0.794,5.654,1,1,3.347,0.003,23,5,800,5,5300
31,base,461x490,recorded,110,-1,22545.394,0.481,0.778,8.14,1,1,3.479,0.003,23,5,800,5,5300
31,base,461x490,recorded,111,-1,22694.909,0.483,0.787,11.237,1,1,3.249,0.005,22,5,5300,5,5300
31,base,461x490,recorded,112,-1,22845.032,0.475,0.865,5.11,1,1,3.435,0.003,22,5,800,5,5285
31,base,461x490,recorded,113,-1,22995.431,0.508,0.835,7.453,1,1,3.61,0.006,23,5,800,5,5300
31,base,461x490,recorded,114,-1,23145.399,0.501,0.806,9.678,2,2,6.211,0.006,25,5,5163,5,5300
31,base,461x490,recorded,115,-1,23295.366,0.529,0.896,11.43,1,1,3.059,0.007,22,5,800,5,5300
31,base,461x490,recorded,116,-1,23445.393,0.476,0.783,6.724,1,1,3.145,0.002,23,5,800,5,5295
31,base,461x490,recorded,117,-1,23595.094,0.471,0.827,9.558,1,1,3.404,0.0,23,5,800,5,5300
31,base,461x490,recorded,118,-1,23745.28,0.483,0.791,11.26,1,1,3.154,0.0,22,5,800,5,5300
31,base,461x490,recorded,119,-1,23895.502,0.505,0.84,5.804,1,1,3.297,0.0,23,5,5110,5,5300
31,base,461x490,idle-after,0,0,24068.774,0.0,,,0,0,0.253,0.004,21,5,5197,,
31,base,461x490,idle-after,1,0,24218.713,0.0,,,0,0,0.27,0.0,21,5,5313,,
31,base,461x490,idle-after,2,0,24368.551,0.0,,,0,0,0.429,0.0,20,5,800,,
31,base,461x490,idle-after,3,0,24519.006,0.0,,,0,0,0.493,0.0,21,5,800,,
31,base,461x490,idle-after,4,0,24668.972,0.0,,,0,0,0.48,0.0,21,5,800,,
31,base,461x490,idle-after,5,0,24818.742,0.0,,,0,0,0.307,0.0,20,5,800,,
31,base,461x490,idle-after,6,0,24968.997,0.0,,,0,0,0.245,0.0,21,5,800,,
31,base,461x490,idle-after,7,0,25118.973,0.0,,,0,0,0.265,0.0,21,5,800,,
31,base,461x490,idle-after,8,0,25268.957,0.0,,,0,0,0.25,0.003,21,5,5091,,
31,base,461x490,idle-after,9,0,25419.039,0.0,,,0,0,0.3,0.006,20,1,5003,,
31,base,461x490,idle-after,10,0,25568.915,0.0,,,0,0,0.484,0.0,21,1,800,,
31,base,461x490,idle-after,11,0,25719.299,0.0,,,0,0,0.282,0.006,21,1,5221,,
31,base,461x490,idle-after,12,0,25868.9,0.0,,,0,0,0.342,0.0,20,1,5304,,
31,base,461x490,idle-after,13,0,26018.429,0.0,,,0,0,0.255,0.005,21,1,5300,,
31,base,461x490,idle-after,14,0,26169.124,0.0,,,0,0,0.459,0.0,21,1,800,,
31,base,461x490,idle-after,15,0,26318.774,0.0,,,0,0,0.326,0.003,20,1,5299,,
31,base,461x490,idle-after,16,0,26468.725,0.0,,,0,0,0.312,0.003,21,1,800,,
31,base,461x490,idle-after,17,0,26619.146,0.0,,,0,0,0.455,0.003,21,1,5292,,
31,base,461x490,idle-after,18,0,26768.974,0.0,,,0,0,0.372,0.0,20,5,5303,,
31,base,461x490,idle-after,19,0,26919.017,0.0,,,0,0,0.281,0.0,21,5,800,,
