launch,build,phase,i,expected,store_theme,t_ms,dbus_ms,write_ms,trace_ms,trace_rx_ms,frame_ms,first_ms,last_ms,frames,damage_events,traces,rereads,reread_ms,other_traces,cpu_to_frame_ms,cpu_150_ms,cpu_ms,proc_cpu_ms,wait_ms,slices,cpu,mhz
0,base,warmup,0,graphite,graphite,0.0,0.64,,5.721,6.623,18.926,18.926,1112.889,36,41,1,0,,,10.6,10.822,142.306,145.428,0.006,203,4,5230
0,base,warmup,1,tokyo_night,tokyo_night,1200.01,0.332,,1.14,1.872,15.059,15.059,1114.89,39,45,1,0,,,12.02,12.328,148.752,151.325,0.076,213,5,5001
0,base,warmup,2,catppuccin_mocha,catppuccin_mocha,2399.871,0.473,,4.555,5.223,17.218,17.218,1118.84,26,26,1,0,,,10.335,10.596,91.167,93.84,0.032,193,5,5099
0,base,warmup,3,nord,nord,3600.559,0.461,,7.237,7.859,19.176,19.176,1136.487,22,22,1,0,,,9.792,10.154,64.902,67.334,0.014,147,4,5300
0,base,recorded,0,porcelain,porcelain,4823.011,0.507,,2.635,3.403,15.727,15.727,1116.823,38,44,1,0,,,10.61,10.902,137.755,140.359,0.04,196,4,5295
0,base,recorded,1,sandstone,sandstone,6023.712,0.428,,5.087,5.714,17.893,17.893,1112.032,26,26,1,0,,,10.451,10.689,100.385,102.884,0.027,187,5,5122
0,base,recorded,2,deep_sea,deep_sea,7223.804,0.441,,0.63,1.218,13.191,13.191,1114.777,38,43,1,0,,,10.2,10.465,144.017,146.831,0.055,196,5,5300
0,base,recorded,3,ember,ember,8423.768,0.477,,3.738,4.422,16.651,16.651,1118.174,38,44,1,0,,,10.691,10.922,138.401,141.39,0.125,187,5,5289
0,base,recorded,4,solarized_dark,solarized_dark,9623.132,0.483,,0.231,0.954,12.554,12.554,1115.583,24,24,1,0,,,10.177,10.398,93.091,96.01,0.106,186,5,5300
0,base,recorded,5,solarized_light,solarized_light,10823.128,0.611,,3.446,4.167,16.203,16.203,1118.739,23,23,1,0,,,10.455,10.712,89.258,92.507,0.014,176,4,5300
0,base,recorded,6,one_dark,one_dark,12023.181,0.482,,6.573,7.341,19.182,19.182,1114.539,24,24,1,0,,,10.254,10.474,92.992,96.165,0.03,178,4,5194
0,base,recorded,7,one_light,one_light,13223.775,0.501,,2.087,2.768,15.029,15.029,1116.986,25,25,1,0,,,10.403,10.664,94.542,97.109,0.037,189,5,5300
0,base,recorded,8,rose_pine,rose_pine,14423.392,0.427,,5.457,6.15,18.315,18.315,1113.386,26,26,1,0,,,10.612,10.863,100.128,102.238,0.052,188,5,5252
0,base,recorded,9,rose_pine_dawn,rose_pine_dawn,15623.807,0.46,,1.592,2.217,14.761,14.761,1115.589,25,25,1,0,,,10.634,10.88,96.187,99.149,0.06,187,1,5299
0,base,recorded,10,dracula,dracula,16823.778,0.615,,4.092,4.794,16.919,16.919,1118.894,25,25,1,0,,,10.768,11.061,95.419,98.047,0.073,180,1,5317
0,base,recorded,11,alucard,alucard,18023.541,0.489,,0.304,0.977,13.304,13.304,1115.151,24,24,1,0,,,10.469,10.738,93.331,96.552,0.018,185,1,5300
0,base,recorded,12,kanagawa_wave,kanagawa_wave,19223.818,0.486,,3.218,3.87,15.893,15.893,1117.956,25,25,1,0,,,10.37,10.617,96.576,99.24,0.064,181,1,5300
0,base,recorded,13,kanagawa_lotus,kanagawa_lotus,20423.785,0.514,,6.369,7.122,19.615,19.615,1113.637,24,24,1,0,,,10.784,11.042,93.218,95.449,0.042,184,1,5244
0,base,recorded,14,midnight,midnight,21623.717,0.586,,2.4,3.068,15.27,15.27,1117.375,22,22,1,0,,,10.25,10.493,89.753,92.442,0.018,183,1,5300
0,base,recorded,15,daylight,daylight,22823.135,0.493,,6.133,6.86,18.582,18.582,1113.354,24,24,1,0,,,10.262,10.491,92.547,95.606,0.003,179,1,5300
0,base,recorded,16,graphite,graphite,24023.124,0.533,,2.689,3.413,15.632,15.632,1116.815,38,44,1,0,,,10.736,10.99,142.76,146.363,0.028,199,0,5212
0,base,recorded,17,tokyo_night,tokyo_night,25223.245,0.461,,5.083,5.838,17.48,17.48,1112.412,38,44,1,0,,,10.444,10.676,140.468,143.249,0.025,190,0,5236
0,base,recorded,18,catppuccin_mocha,catppuccin_mocha,26423.561,0.432,,0.708,1.446,13.05,13.05,1115.915,26,26,1,0,,,10.466,10.712,97.676,100.533,0.062,186,0,5300
0,base,recorded,19,nord,nord,27623.773,0.464,,3.677,4.368,16.281,16.281,1118.237,22,22,1,0,,,10.117,10.346,87.148,90.447,0.011,184,5,5278
0,base,recorded,20,porcelain,porcelain,28823.773,0.453,,7.487,8.165,19.722,19.722,1114.646,37,42,1,0,,,10.051,10.296,130.771,133.985,0.015,186,5,5244
0,base,recorded,21,sandstone,sandstone,30023.823,0.48,,2.813,3.416,15.624,15.624,1117.771,25,25,1,0,,,10.259,10.515,94.465,97.838,0.05,178,5,5300
0,base,recorded,22,deep_sea,deep_sea,31223.768,0.471,,6.614,7.24,19.011,19.011,1113.188,38,44,1,0,,,10.287,10.536,137.454,139.989,0.009,188,5,5307
0,base,recorded,23,ember,ember,32423.814,0.471,,2.163,2.719,14.138,14.138,1116.696,39,44,1,0,,,10.142,10.382,138.27,141.27,0.009,197,5,5300
0,base,recorded,24,solarized_dark,solarized_dark,33623.266,0.454,,6.102,6.893,18.432,18.432,1112.368,26,26,1,0,,,10.422,10.691,92.306,94.553,0.011,187,5,5095
0,base,recorded,25,solarized_light,solarized_light,34823.164,0.412,,1.661,2.253,13.388,13.388,1116.345,25,25,1,0,,,10.411,10.646,93.415,96.106,0.009,187,5,5288
0,base,recorded,26,one_dark,one_dark,36023.122,0.579,,5.422,6.136,18.217,18.217,1120.044,24,24,1,0,,,10.509,10.774,91.396,94.457,0.007,174,5,5178
0,base,recorded,27,one_light,one_light,37223.756,0.499,,0.156,0.82,13.079,13.079,1114.606,25,25,1,0,,,10.209,10.472,93.118,96.59,0.017,180,5,5300
0,base,recorded,28,rose_pine,rose_pine,38423.78,0.486,,3.289,3.86,15.974,15.974,1118.935,26,26,1,0,,,10.114,10.365,95.751,98.324,0.015,182,5,5291
0,base,recorded,29,rose_pine_dawn,rose_pine_dawn,39623.118,0.408,,7.684,8.343,20.425,20.425,1114.157,26,26,1,0,,,10.554,10.799,98.122,101.38,0.015,193,5,5299
0,base,recorded,30,dracula,dracula,40823.811,0.5,,2.307,2.939,15.023,15.023,1117.437,25,25,1,0,,,10.382,10.687,93.706,97.409,0.022,182,5,5300
0,base,recorded,31,alucard,alucard,42023.565,0.509,,5.686,6.337,18.365,18.365,1112.811,25,25,1,0,,,10.633,10.88,94.638,97.854,0.015,179,5,5266
0,base,recorded,32,kanagawa_wave,kanagawa_wave,43223.587,0.49,,2.25,2.916,14.965,14.965,1115.795,25,25,1,0,,,10.205,10.486,93.923,97.173,0.109,182,5,5306
0,base,recorded,33,kanagawa_lotus,kanagawa_lotus,44423.431,0.496,,5.532,6.165,18.118,18.118,1120.558,25,25,1,0,,,10.222,10.474,94.007,96.924,0.021,186,5,5309
0,base,recorded,34,midnight,midnight,45623.729,0.521,,0.533,1.244,13.318,13.318,1115.996,25,25,1,0,,,10.359,10.599,95.019,98.184,0.016,188,5,5300
0,base,recorded,35,daylight,daylight,46823.777,0.492,,3.936,4.579,16.901,16.901,1117.885,25,25,1,0,,,10.566,10.804,93.235,96.053,0.014,175,5,5300
0,base,recorded,36,graphite,graphite,48023.766,0.442,,7.15,7.772,19.956,19.956,1114.756,37,42,1,0,,,10.341,10.569,134.374,137.82,0.014,179,5,5193
0,base,recorded,37,tokyo_night,tokyo_night,49223.776,0.514,,2.768,3.46,15.478,15.478,1117.709,38,44,1,0,,,10.208,10.486,138.958,141.888,0.012,184,5,5300
0,base,recorded,38,catppuccin_mocha,catppuccin_mocha,50423.695,0.489,,6.118,6.721,18.812,18.812,1114.114,26,26,1,0,,,10.574,10.838,95.959,99.135,0.034,187,5,5112
0,base,recorded,39,nord,nord,51623.613,0.515,,2.296,2.93,15.098,15.098,1117.097,24,24,1,0,,,10.403,10.64,92.854,95.152,0.049,186,5,5300
0,base,recorded,40,porcelain,porcelain,52823.35,0.397,,5.56,6.18,18.131,18.131,1112.546,37,42,1,0,,,10.039,10.311,133.905,136.042,0.1,196,5,5310
0,base,recorded,41,sandstone,sandstone,54023.78,0.508,,1.436,2.146,14.728,14.728,1116.343,24,24,1,0,,,10.318,10.557,93.131,95.768,0.016,180,5,5234
0,base,recorded,42,deep_sea,deep_sea,55223.796,0.523,,4.111,4.746,17.088,17.088,1118.846,36,42,1,0,,,10.128,10.389,134.32,137.431,0.018,200,5,5300
0,base,recorded,43,ember,ember,56423.385,0.381,,0.402,1.061,13.1,13.1,1115.571,36,41,1,0,,,10.183,10.546,131.983,134.685,0.019,186,5,5300
0,base,recorded,44,solarized_dark,solarized_dark,57623.855,0.489,,3.754,4.449,16.84,16.84,1118.381,24,24,1,0,,,10.374,10.717,92.189,94.45,0.032,180,5,5257
0,base,recorded,45,solarized_light,solarized_light,58823.768,0.465,,6.437,7.047,18.886,18.886,1113.737,23,23,1,0,,,10.284,10.528,89.896,92.673,0.005,184,5,5298
0,base,recorded,46,one_dark,one_dark,60023.634,0.385,,2.421,3.046,15.765,15.765,1117.859,23,23,1,0,,,10.296,10.533,90.203,93.096,0.015,185,5,5300
0,base,recorded,47,one_light,one_light,61223.793,0.514,,5.502,6.147,18.423,18.423,1114.009,23,23,1,0,,,10.01,10.234,89.92,93.103,0.024,177,5,5300
0,base,recorded,48,rose_pine,rose_pine,62423.12,0.459,,2.093,2.648,15.612,15.612,1117.997,23,23,1,0,,,10.429,10.718,89.601,92.953,0.029,185,5,5300
0,base,recorded,49,rose_pine_dawn,rose_pine_dawn,63623.354,0.541,,5.115,5.717,18.733,18.733,1120.376,22,22,1,0,,,10.447,10.709,88.06,90.675,0.017,179,5,5300
0,base,recorded,50,dracula,dracula,64823.124,0.471,,1.653,2.428,14.575,14.575,1116.685,24,24,1,0,,,10.699,10.961,91.948,94.911,0.005,179,5,5064
0,base,recorded,51,alucard,alucard,66023.201,0.446,,4.103,4.849,17.651,17.651,1119.182,23,23,1,0,,,10.325,10.588,89.132,92.193,0.01,179,5,5300
0,base,recorded,52,kanagawa_wave,kanagawa_wave,67223.809,0.602,,7.292,8.027,20.424,20.424,1114.584,23,23,1,0,,,10.28,10.507,90.549,92.835,0.084,182,5,5102
0,base,recorded,53,kanagawa_lotus,kanagawa_lotus,68423.183,0.47,,3.277,3.94,16.575,16.575,1118.955,21,21,1,0,,,10.795,11.03,86.344,88.706,0.008,181,5,5273
0,base,recorded,54,midnight,midnight,69623.773,0.525,,6.36,7.004,19.394,19.394,1113.744,23,23,1,0,,,10.203,10.454,89.831,92.541,0.011,182,5,5105
0,base,recorded,55,daylight,daylight,70823.759,0.524,,2.208,2.785,14.982,14.982,1116.97,24,24,1,0,,,10.13,10.382,91.179,93.565,0.019,184,5,5300
0,base,recorded,56,graphite,graphite,72023.245,0.483,,5.59,6.476,18.743,18.743,1113.212,35,40,1,0,,,10.754,10.976,129.616,131.477,0.067,199,5,5267
0,base,recorded,57,tokyo_night,tokyo_night,73223.348,0.496,,1.507,2.162,14.066,14.066,1115.628,38,44,1,0,,,10.043,10.318,137.603,140.02,0.021,191,5,5300
0,base,recorded,58,catppuccin_mocha,catppuccin_mocha,74423.767,0.486,,4.136,4.777,17.233,17.233,1118.974,26,26,1,0,,,9.984,10.244,95.57,98.639,0.011,183,5,5300
0,base,recorded,59,nord,nord,75623.152,0.491,,0.556,1.247,13.852,13.852,1115.828,23,23,1,0,,,10.587,10.896,89.923,93.472,0.028,186,5,5300
0,base,recorded,60,porcelain,porcelain,76823.253,0.543,,3.844,4.605,16.843,16.843,1118.462,37,43,1,0,,,10.628,10.896,136.033,138.827,0.014,205,5,5303
0,base,recorded,61,sandstone,sandstone,78023.125,0.445,,7.268,7.883,20.16,20.16,1114.139,25,25,1,0,,,10.638,10.931,94.798,97.779,0.0,176,5,5106
0,base,recorded,62,deep_sea,deep_sea,79223.764,0.518,,2.213,2.841,14.796,14.796,1136.954,37,43,1,0,,,10.157,10.434,138.696,141.474,0.02,207,5,5300
0,base,recorded,63,ember,ember,80423.65,0.476,,5.823,6.427,18.504,18.504,1112.872,38,43,1,0,,,10.748,10.972,136.523,139.738,0.013,192,5,5106
0,base,recorded,64,solarized_dark,solarized_dark,81623.777,0.378,,1.855,2.616,14.303,14.303,1115.835,25,25,1,0,,,10.176,10.458,94.335,96.881,0.041,183,5,5302
0,base,recorded,65,solarized_light,solarized_light,82823.437,0.511,,5.306,5.946,18.116,18.116,1119.774,24,24,1,0,,,10.229,10.555,91.743,94.642,0.014,186,1,5290
0,base,recorded,66,one_dark,one_dark,84023.238,0.418,,1.054,1.68,14.123,14.123,1116.37,25,25,1,0,,,10.451,10.721,102.465,105.34,0.028,189,1,5306
0,base,recorded,67,one_light,one_light,85223.115,0.472,,4.84,5.454,17.534,17.534,1119.137,23,23,1,0,,,10.209,10.456,90.769,93.915,0.027,180,1,5298
0,base,recorded,68,rose_pine,rose_pine,86423.802,0.51,,6.927,7.594,19.85,19.85,1113.979,26,26,1,0,,,10.139,10.448,96.886,100.216,0.007,184,5,5310
0,base,recorded,69,rose_pine_dawn,rose_pine_dawn,87623.131,0.54,,3.699,4.468,16.602,16.602,1118.959,24,24,1,0,,,10.438,10.701,93.645,96.297,0.105,179,5,5318
0,base,recorded,70,dracula,dracula,88823.779,0.524,,6.1,6.751,18.667,18.667,1113.943,23,23,1,0,,,9.982,10.205,90.869,94.253,0.039,180,6,5300
0,base,recorded,71,alucard,alucard,90023.41,0.484,,2.298,2.97,15.424,15.424,1117.343,22,22,1,0,,,10.318,10.61,89.185,92.748,0.044,182,6,5246
0,base,recorded,72,kanagawa_wave,kanagawa_wave,91223.233,0.438,,5.304,6.162,18.474,18.474,1120.877,23,23,1,0,,,10.252,10.521,91.781,94.838,0.063,188,1,5300
0,base,recorded,73,kanagawa_lotus,kanagawa_lotus,92423.811,0.505,,0.808,1.476,13.157,13.157,1115.973,23,23,1,0,,,10.113,10.391,90.051,93.442,0.015,176,3,5300
0,base,recorded,74,midnight,midnight,93623.722,0.494,,4.138,4.819,17.534,17.534,1118.942,23,23,1,0,,,10.5,10.807,89.879,92.892,0.012,178,6,5284
0,base,recorded,75,daylight,daylight,94823.403,0.497,,0.203,0.924,13.215,13.215,1115.615,24,24,1,0,,,10.683,10.954,92.397,95.26,0.007,176,6,5255
0,base,recorded,76,graphite,graphite,96023.905,0.529,,3.636,4.326,16.788,16.788,1117.698,35,39,1,0,,,10.458,10.789,128.797,132.365,0.016,179,6,5321
0,base,recorded,77,tokyo_night,tokyo_night,97223.478,0.432,,6.795,7.429,19.376,19.376,1114.051,36,41,1,0,,,10.45,10.684,132.524,135.543,0.007,180,6,5099
0,base,recorded,78,catppuccin_mocha,catppuccin_mocha,98423.778,0.447,,2.227,2.806,14.724,14.724,1116.94,26,26,1,0,,,10.019,10.341,96.469,99.069,0.018,186,6,5300
0,base,recorded,79,nord,nord,99623.725,0.521,,5.46,6.115,17.459,17.459,889.964,21,21,1,0,,,10.004,10.257,69.589,71.863,0.035,139,6,5300
0,base,idle,0,,nord,100596.52,,,,,,,,0,0,0,0,,,,,2.387,4.527,0.048,165,,
0,base,idle,1,,nord,101796.555,,,,,,,,0,0,0,0,,,,,2.154,3.872,0.01,166,,
0,base,idle,2,,nord,102998.02,,,,,,,,0,0,0,0,,,,,2.237,4.675,0.015,166,,
0,base,idle,3,,nord,104197.678,,,,,,,,0,0,0,0,,,,,2.146,4.443,0.065,165,,
0,base,idle,4,,nord,105398.164,,,,,,,,0,0,0,0,,,,,2.004,4.408,0.019,166,,
1,cand,warmup,0,graphite,graphite,0.0,0.43,,4.077,4.622,17.089,17.089,1118.631,33,37,1,0,,,10.555,10.797,127.608,130.39,0.11,185,2,5300
1,cand,warmup,1,tokyo_night,tokyo_night,1199.306,0.51,,0.563,1.212,13.622,13.622,1114.834,38,43,1,0,,,10.496,10.76,137.96,141.102,0.005,190,2,5300
1,cand,warmup,2,catppuccin_mocha,catppuccin_mocha,2399.834,0.5,,3.172,3.832,16.041,16.041,1118.061,26,26,1,0,,,10.489,10.73,97.423,100.135,0.052,182,2,5300
1,cand,warmup,3,nord,nord,3599.976,0.485,,6.431,7.104,18.749,18.749,1135.586,24,24,1,0,,,10.435,10.687,71.026,73.031,0.028,151,2,5297
1,cand,recorded,0,porcelain,porcelain,4822.529,0.382,,1.276,1.976,14.453,14.453,1116.008,35,39,1,0,,,10.44,10.684,127.132,130.671,0.033,190,2,5300
1,cand,recorded,1,sandstone,sandstone,6022.882,0.477,,4.154,4.778,16.985,16.985,1119.026,26,26,1,0,,,10.932,11.174,96.598,100.131,0.023,180,2,5284
1,cand,recorded,2,deep_sea,deep_sea,7222.404,0.481,,0.428,1.209,13.526,13.526,1115.114,34,37,1,0,,,10.451,10.773,124.965,128.522,0.034,193,2,5300
1,cand,recorded,3,ember,ember,8422.619,0.376,,4.083,4.763,17.121,17.121,1117.876,38,44,1,0,,,10.497,10.764,139.678,142.462,0.097,181,2,5301
1,cand,recorded,4,solarized_dark,solarized_dark,9622.879,0.443,,6.48,7.101,18.688,18.688,1114.102,24,24,1,0,,,10.366,10.621,93.504,96.285,0.018,176,2,5300
1,cand,recorded,5,solarized_light,solarized_light,10822.774,0.482,,2.433,3.078,14.993,14.993,1117.045,24,24,1,0,,,11.023,11.27,94.442,97.355,0.04,189,2,5000
1,cand,recorded,6,one_dark,one_dark,12022.872,0.443,,6.176,6.775,18.954,18.954,1112.877,25,25,1,0,,,10.568,10.844,102.565,105.944,0.027,185,1,5312
1,cand,recorded,7,one_light,one_light,13222.404,0.423,,2.134,2.741,14.46,14.46,1116.419,26,26,1,0,,,10.78,11.061,97.55,100.245,0.088,179,4,5223
1,cand,recorded,8,rose_pine,rose_pine,14422.88,0.471,,4.859,5.517,17.052,17.052,1119.6,25,25,1,0,,,10.417,10.671,95.56,98.335,0.008,188,2,5300
1,cand,recorded,9,rose_pine_dawn,rose_pine_dawn,15622.587,0.457,,0.811,1.441,13.114,13.114,1115.271,25,25,1,0,,,10.862,11.095,95.916,98.561,0.01,176,2,5300
1,cand,recorded,10,dracula,dracula,16822.777,0.445,,4.254,4.869,16.232,16.232,1119.051,26,26,1,0,,,10.218,10.507,97.76,101.295,0.015,178,2,5300
1,cand,recorded,11,alucard,alucard,18022.412,0.399,,0.505,1.206,13.138,13.138,1114.457,26,26,1,0,,,10.797,11.066,97.539,100.403,0.009,180,2,5300
1,cand,recorded,12,kanagawa_wave,kanagawa_wave,19222.936,0.412,,2.7,3.346,14.965,14.965,1117.271,26,26,1,0,,,10.416,10.668,98.421,101.713,0.008,191,4,5307
1,cand,recorded,13,kanagawa_lotus,kanagawa_lotus,20422.814,0.392,,6.04,6.629,18.646,18.646,1113.425,25,25,1,0,,,10.494,10.77,94.673,98.199,0.047,177,4,5300
1,cand,recorded,14,midnight,midnight,21622.904,0.389,,2.027,2.601,14.434,14.434,1116.915,24,24,1,0,,,10.311,10.595,92.266,95.919,0.011,181,4,5313
1,cand,recorded,15,daylight,daylight,22822.434,0.405,,6.059,6.725,19.069,19.069,1120.434,22,22,1,0,,,10.512,10.806,87.912,91.823,0.021,182,4,5300
1,cand,recorded,16,graphite,graphite,24022.508,0.333,,1.316,1.953,13.887,13.887,1123.279,35,40,1,0,,,10.241,10.505,130.687,134.449,0.019,184,4,5304
1,cand,recorded,17,tokyo_night,tokyo_night,25222.809,0.399,,4.182,4.806,17.07,17.07,1117.652,39,44,1,0,,,10.659,10.898,137.31,140.579,0.013,195,4,5089
1,cand,recorded,18,catppuccin_mocha,catppuccin_mocha,26422.919,0.355,,0.226,0.858,12.279,12.279,1113.924,26,26,1,0,,,10.114,10.376,92.234,95.265,0.025,193,4,5285
1,cand,recorded,19,nord,nord,27622.803,0.451,,3.769,4.529,15.307,15.307,1119.014,23,23,1,0,,,10.032,10.268,90.137,92.664,0.044,184,4,5269
1,cand,recorded,20,porcelain,porcelain,28822.876,0.416,,6.503,7.165,18.828,18.828,1113.832,37,42,1,0,,,10.249,10.479,135.654,138.403,0.053,179,2,5300
1,cand,recorded,21,sandstone,sandstone,30022.9,0.439,,2.253,2.843,15.337,15.337,1117.822,26,26,1,0,,,11.034,11.296,98.889,102.099,0.035,187,3,5279
1,cand,recorded,22,deep_sea,deep_sea,31222.86,0.34,,6.109,6.683,18.994,18.994,1112.202,36,40,1,0,,,10.296,10.545,129.863,133.109,0.031,190,3,5231
1,cand,recorded,23,ember,ember,32422.524,0.35,,1.743,2.383,15.014,15.014,1115.778,38,44,1,0,,,10.627,10.865,138.902,141.336,0.018,199,3,5316
1,cand,recorded,24,solarized_dark,solarized_dark,33622.542,0.331,,4.907,5.528,16.831,16.831,1118.814,26,26,1,0,,,10.164,10.424,91.377,93.957,0.003,193,3,5300
1,cand,recorded,25,solarized_light,solarized_light,34822.879,0.317,,0.49,1.116,12.162,12.162,1115.242,22,22,1,0,,,10.337,10.571,88.738,91.538,0.068,182,3,5300
1,cand,recorded,26,one_dark,one_dark,36022.87,0.382,,4.056,4.778,16.954,16.954,1118.965,24,24,1,0,,,10.221,10.467,94.426,96.583,0.056,185,3,5300
1,cand,recorded,27,one_light,one_light,37222.5,0.459,,7.079,7.855,20.073,20.073,1114.978,25,25,1,0,,,10.834,11.151,96.453,98.909,0.005,179,4,5215
1,cand,recorded,28,rose_pine,rose_pine,38422.282,0.437,,3.37,3.945,16.395,16.395,1118.282,25,25,1,0,,,10.494,10.757,94.209,97.322,0.016,179,4,5300
1,cand,recorded,29,rose_pine_dawn,rose_pine_dawn,39622.882,0.432,,5.931,6.511,18.681,18.681,1113.909,24,24,1,0,,,10.417,10.643,93.94,97.28,0.022,181,4,5262
1,cand,recorded,30,dracula,dracula,40822.525,0.427,,2.379,3.043,15.861,15.861,1117.221,25,25,1,0,,,10.519,10.784,93.649,96.938,0.009,177,4,5100
1,cand,recorded,31,alucard,alucard,42022.389,0.57,,5.551,6.229,18.966,18.966,1120.473,26,26,1,0,,,10.637,10.932,97.148,100.133,0.006,174,3,5300
1,cand,recorded,32,kanagawa_wave,kanagawa_wave,43222.886,0.473,,0.851,1.536,14.008,14.008,1116.089,25,25,1,0,,,10.428,10.701,94.773,98.324,0.018,179,3,5300
1,cand,recorded,33,kanagawa_lotus,kanagawa_lotus,44422.656,0.404,,4.688,5.404,17.746,17.746,1119.432,25,25,1,0,,,10.418,10.654,93.953,97.367,0.016,184,3,5264
1,cand,recorded,34,midnight,midnight,45622.912,0.459,,0.208,0.865,13.393,13.393,1114.894,25,25,1,0,,,10.239,10.524,94.848,97.681,0.045,188,3,5269
1,cand,recorded,35,daylight,daylight,46822.496,0.452,,3.498,4.187,16.147,16.147,1118.789,25,25,1,0,,,10.393,10.673,93.568,96.392,0.021,179,3,5300
1,cand,recorded,36,graphite,graphite,48022.869,0.441,,6.622,7.257,19.308,19.308,1120.93,39,44,1,0,,,10.23,10.455,139.114,142.915,0.059,191,3,5305
1,cand,recorded,37,tokyo_night,tokyo_night,49222.804,0.446,,2.816,3.487,15.01,15.01,1116.048,39,45,1,0,,,10.306,10.59,132.128,134.788,0.019,212,4,5100
1,cand,recorded,38,catppuccin_mocha,catppuccin_mocha,50422.793,0.468,,5.543,6.178,17.232,17.232,1113.312,24,24,1,0,,,9.933,10.179,92.175,95.02,0.012,182,4,5300
1,cand,recorded,39,nord,nord,51622.251,0.378,,1.951,2.583,15.234,15.234,1116.663,25,25,1,0,,,10.26,10.521,94.454,97.164,0.01,191,4,5300
1,cand,recorded,40,porcelain,porcelain,52822.67,0.357,,4.695,5.342,17.206,17.206,1112.126,39,44,1,0,,,10.252,10.521,136.418,139.276,0.024,198,4,5300
1,cand,recorded,41,sandstone,sandstone,54022.417,0.372,,0.882,1.51,13.138,13.138,1115.392,26,26,1,0,,,10.45,10.715,90.39,93.935,0.025,195,4,5300
1,cand,recorded,42,deep_sea,deep_sea,55222.261,0.379,,4.192,4.83,16.272,16.272,1121.319,35,39,1,0,,,9.893,10.208,126.831,129.549,0.041,179,4,5300
1,cand,recorded,43,ember,ember,56422.783,0.346,,7.495,8.102,19.961,19.961,1113.968,39,44,1,0,,,10.142,10.418,140.062,143.089,0.022,201,4,5299
1,cand,recorded,44,solarized_dark,solarized_dark,57622.743,0.481,,2.767,3.44,15.125,15.125,1117.129,25,25,1,0,,,10.255,10.526,93.546,97.565,0.015,185,4,5261
1,cand,recorded,45,solarized_light,solarized_light,58822.871,0.449,,6.131,6.771,18.846,18.846,1113.013,25,25,1,0,,,10.385,10.663,93.271,96.149,0.026,176,4,5300
1,cand,recorded,46,one_dark,one_dark,60022.323,0.5,,2.344,2.944,14.891,14.891,1117.696,26,26,1,0,,,10.255,10.514,97.914,101.058,0.021,189,4,5209
1,cand,recorded,47,one_light,one_light,61222.396,0.389,,5.484,6.109,18.29,18.29,1112.692,26,26,1,0,,,10.763,11.009,97.077,100.412,0.023,182,5,5300
1,cand,recorded,48,rose_pine,rose_pine,62422.837,0.371,,0.899,1.526,13.192,13.192,1115.962,23,23,1,0,,,10.117,10.422,89.169,91.987,0.005,181,5,5300
1,cand,recorded,49,rose_pine_dawn,rose_pine_dawn,63622.872,0.402,,4.063,4.832,16.426,16.426,1118.48,23,23,1,0,,,10.62,10.86,90.04,92.692,0.009,175,5,5296
1,cand,recorded,50,dracula,dracula,64822.868,0.389,,0.265,0.917,12.842,12.842,1114.771,26,26,1,0,,,10.185,10.42,96.036,98.891,0.064,183,4,5300
1,cand,recorded,51,alucard,alucard,66022.347,0.424,,3.649,4.275,16.3,16.3,1118.523,26,26,1,0,,,10.451,10.695,97.762,100.522,0.0,180,5,5300
1,cand,recorded,52,kanagawa_wave,kanagawa_wave,67222.869,0.569,,6.868,7.547,19.56,19.56,1114.181,26,26,1,0,,,10.211,10.513,96.465,99.276,0.035,188,4,5300
1,cand,recorded,53,kanagawa_lotus,kanagawa_lotus,68422.229,0.462,,3.468,4.095,16.089,16.089,1117.79,24,24,1,0,,,10.262,10.561,92.766,95.449,0.005,178,5,5300
1,cand,recorded,54,midnight,midnight,69622.776,0.388,,6.1,6.702,18.254,18.254,1112.674,25,25,1,0,,,10.153,10.375,94.705,97.189,0.009,183,5,5246
1,cand,recorded,55,daylight,daylight,70822.804,0.48,,1.891,2.541,14.831,14.831,1115.834,26,26,1,0,,,10.942,11.241,98.054,100.848,0.133,184,5,5096
1,cand,recorded,56,graphite,graphite,72022.799,0.462,,4.54,5.156,17.108,17.108,1111.712,39,44,1,0,,,10.26,10.562,139.679,142.525,0.029,199,5,5300
1,cand,recorded,57,tokyo_night,tokyo_night,73222.829,0.469,,0.383,1.042,13.641,13.641,1114.218,39,44,1,0,,,10.489,10.744,129.383,131.583,0.042,211,5,5104
1,cand,recorded,58,catppuccin_mocha,catppuccin_mocha,74422.318,0.436,,4.086,4.733,15.975,15.975,1119.475,24,24,1,0,,,9.894,10.133,91.258,94.056,0.039,178,5,5300
1,cand,recorded,59,nord,nord,75622.872,0.478,,7.3,7.936,19.994,19.994,1114.13,26,26,1,0,,,10.409,10.695,96.55,99.454,0.002,173,5,5318
1,cand,recorded,60,porcelain,porcelain,76822.151,0.55,,3.835,4.506,16.653,16.653,1118.667,34,39,1,0,,,10.418,10.659,126.73,129.141,0.006,175,5,5300
1,cand,recorded,61,sandstone,sandstone,78022.876,0.403,,6.1,6.713,18.133,18.133,1113.359,26,26,1,0,,,10.633,10.91,96.644,99.127,0.028,186,5,5292
1,cand,recorded,62,deep_sea,deep_sea,79222.875,0.492,,2.058,2.739,14.891,14.891,1115.997,38,43,1,0,,,10.458,10.753,137.371,140.422,0.048,185,5,5300
1,cand,recorded,63,ember,ember,80422.218,0.443,,5.829,6.411,18.077,18.077,1114.315,39,44,1,0,,,10.174,10.421,140.15,143.333,0.092,183,5,5300
1,cand,recorded,64,solarized_dark,solarized_dark,81622.873,0.472,,0.727,1.407,13.04,13.04,1115.945,26,26,1,0,,,10.166,10.437,91.334,94.556,0.018,192,7,5300
1,cand,recorded,65,solarized_light,solarized_light,82822.852,0.454,,3.924,4.598,16.012,16.012,1119.061,17,17,1,0,,,10.156,10.445,76.104,79.575,0.019,173,7,5300
1,cand,recorded,66,one_dark,one_dark,84022.876,0.486,,7.897,8.506,20.987,20.987,1115.011,26,26,1,0,,,10.579,11.028,100.071,103.652,0.021,181,7,5202
1,cand,recorded,67,one_light,one_light,85222.149,0.448,,3.762,4.403,16.949,16.949,1118.831,26,26,1,0,,,10.972,11.457,99.92,102.767,0.013,172,7,5300
1,cand,recorded,68,rose_pine,rose_pine,86422.893,0.476,,7.154,7.782,20.033,20.033,1114.053,26,26,1,0,,,10.528,10.862,98.971,101.531,0.019,185,7,5271
1,cand,recorded,69,rose_pine_dawn,rose_pine_dawn,87622.875,0.401,,2.182,2.824,15.16,15.16,1117.202,18,18,1,0,,,10.809,11.101,79.93,83.104,0.064,174,7,5300
1,cand,recorded,70,dracula,dracula,88822.779,0.419,,6.108,6.758,19.088,19.088,1113.062,18,18,1,0,,,10.559,10.798,80.489,83.906,0.019,175,7,5266
1,cand,recorded,71,alucard,alucard,90022.864,0.453,,1.84,2.519,14.959,14.959,1116.648,19,19,1,0,,,10.69,11.153,84.489,87.032,0.017,178,4,5291
1,cand,recorded,72,kanagawa_wave,kanagawa_wave,91222.564,0.434,,5.051,5.759,17.544,17.544,1119.757,25,25,1,0,,,10.367,10.643,95.454,97.829,0.0,176,4,5271
1,cand,recorded,73,kanagawa_lotus,kanagawa_lotus,92422.874,0.49,,0.321,0.949,13.148,13.148,1115.051,26,26,1,0,,,10.413,10.83,97.817,100.746,0.0,171,4,5300
1,cand,recorded,74,midnight,midnight,93622.881,0.431,,4.126,4.741,16.797,16.797,1118.691,26,26,1,0,,,10.243,10.773,97.349,100.204,0.013,174,4,5300
1,cand,recorded,75,daylight,daylight,94822.876,0.469,,6.832,7.482,19.104,19.104,1114.042,26,26,1,0,,,10.672,10.968,98.425,102.079,0.021,185,7,5318
1,cand,recorded,76,graphite,graphite,96022.906,0.331,,2.568,3.194,14.973,14.973,1117.08,39,45,1,0,,,10.544,11.089,144.075,147.638,0.01,184,7,5300
1,cand,recorded,77,tokyo_night,tokyo_night,97222.858,0.408,,5.919,6.551,18.318,18.318,1111.994,38,44,1,0,,,10.521,10.882,133.442,136.19,0.015,192,7,5109
1,cand,recorded,78,catppuccin_mocha,catppuccin_mocha,98422.693,0.421,,2.227,3.016,14.143,14.143,1116.911,23,23,1,0,,,10.304,10.649,90.352,93.532,0.028,180,7,5300
1,cand,recorded,79,nord,nord,99622.339,0.421,,5.575,6.351,18.197,18.197,873.844,22,22,1,0,,,10.474,10.8,70.727,73.627,0.002,141,7,5181
1,cand,idle,0,,nord,100596.028,,,,,,,,0,0,0,0,,,,,2.328,4.155,0.02,166,,
1,cand,idle,1,,nord,101797.926,,,,,,,,0,0,0,0,,,,,2.249,3.998,0.012,165,,
1,cand,idle,2,,nord,102998.025,,,,,,,,0,0,0,0,,,,,2.291,3.914,0.01,166,,
1,cand,idle,3,,nord,104197.933,,,,,,,,0,0,0,0,,,,,2.302,3.706,0.003,165,,
1,cand,idle,4,,nord,105397.92,,,,,,,,0,0,0,0,,,,,2.241,3.521,0.011,166,,
2,cand,warmup,0,graphite,graphite,0.0,3.125,,6.98,10.399,23.055,23.055,1116.963,35,39,1,0,,,10.826,11.094,132.781,135.158,0.025,181,2,5227
2,cand,warmup,1,tokyo_night,tokyo_night,1199.978,0.446,,5.932,6.559,18.996,18.996,1112.611,38,44,1,0,,,10.958,11.215,141.134,143.673,0.008,175,2,5102
2,cand,warmup,2,catppuccin_mocha,catppuccin_mocha,2400.311,0.429,,1.016,1.692,13.644,13.644,1115.395,26,26,1,0,,,10.621,10.913,92.581,95.532,0.03,196,2,5300
2,cand,warmup,3,nord,nord,3600.046,0.418,,4.471,5.114,16.503,16.503,1141.249,19,19,1,0,,,10.03,10.331,59.865,62.119,0.027,138,2,5300
2,cand,recorded,0,porcelain,porcelain,4823.347,0.412,,6.147,6.759,18.645,18.645,1111.696,38,44,1,0,,,10.277,10.518,131.391,133.639,0.022,194,5,5300
2,cand,recorded,1,sandstone,sandstone,6023.381,0.421,,2.591,3.204,13.305,13.305,1114.951,26,26,1,0,,,10.465,10.721,86.434,88.222,0.065,194,5,5300
2,cand,recorded,2,deep_sea,deep_sea,7223.142,0.408,,5.344,5.974,16.083,16.083,1112.506,38,44,1,0,,,9.959,10.182,128.098,130.778,0.035,193,6,5300
2,cand,recorded,3,ember,ember,8423.422,0.439,,0.969,1.609,13.559,13.559,1115.36,39,45,1,0,,,10.446,10.932,133.874,136.863,0.036,195,6,5258
2,cand,recorded,4,solarized_dark,solarized_dark,9623.286,0.418,,4.915,5.496,17.623,17.623,1119.787,26,26,1,0,,,10.706,11.174,99.756,102.041,0.021,175,2,5108
2,cand,recorded,5,solarized_light,solarized_light,10823.369,0.456,,0.409,1.099,13.398,13.398,1114.257,26,26,1,0,,,10.793,11.103,98.359,101.187,0.031,188,2,5300
2,cand,recorded,6,one_dark,one_dark,12023.382,0.422,,3.31,3.955,15.591,15.591,1117.626,26,26,1,0,,,10.361,10.753,94.71,97.628,0.015,193,2,5300
2,cand,recorded,7,one_light,one_light,13223.372,0.484,,6.68,7.405,18.599,18.599,1114.005,17,17,1,0,,,10.711,11.17,78.556,81.427,0.021,173,6,5300
2,cand,recorded,8,rose_pine,rose_pine,14423.384,0.456,,2.317,3.0,15.293,15.293,1117.687,21,21,1,0,,,10.889,11.143,88.27,91.142,0.052,178,7,5176
2,cand,recorded,9,rose_pine_dawn,rose_pine_dawn,15623.45,0.417,,5.764,6.373,18.647,18.647,1112.589,26,26,1,0,,,10.873,11.29,99.314,102.401,0.003,177,7,5247
2,cand,recorded,10,dracula,dracula,16823.381,0.43,,1.431,2.084,13.679,13.679,1115.32,26,26,1,0,,,10.439,11.029,94.443,97.045,0.016,193,6,5269
2,cand,recorded,11,alucard,alucard,18022.71,0.404,,5.81,6.393,18.198,18.198,1112.759,23,23,1,0,,,10.556,10.889,91.039,94.039,0.087,179,6,5308
2,cand,recorded,12,kanagawa_wave,kanagawa_wave,19222.791,0.38,,1.15,1.761,13.554,13.554,1115.304,26,26,1,0,,,10.563,11.091,98.252,101.532,0.015,173,7,5300
2,cand,recorded,13,kanagawa_lotus,kanagawa_lotus,20423.374,0.419,,3.902,4.518,16.202,16.202,1117.668,26,26,1,0,,,10.372,10.629,92.825,95.41,0.028,194,7,5300
2,cand,recorded,14,midnight,midnight,21623.378,0.424,,6.959,7.549,19.324,19.324,1114.764,26,26,1,0,,,10.31,10.541,98.672,101.486,0.031,187,7,5300
2,cand,recorded,15,daylight,daylight,22822.78,0.451,,3.413,4.047,16.306,16.306,1117.949,26,26,1,0,,,10.765,11.071,97.354,100.19,0.018,193,0,5300
2,cand,recorded,16,graphite,graphite,24023.416,0.491,,5.989,6.594,18.264,18.264,1112.519,38,44,1,0,,,10.352,10.66,132.909,135.804,0.009,211,0,5300
2,cand,recorded,17,tokyo_night,tokyo_night,25223.404,0.452,,1.854,2.468,14.234,14.234,1116.536,37,43,1,0,,,10.421,10.669,137.369,139.716,0.01,181,0,5313
2,cand,recorded,18,catppuccin_mocha,catppuccin_mocha,26422.867,0.558,,5.901,6.544,18.001,18.001,1112.042,26,26,1,0,,,10.385,10.64,93.57,96.404,0.008,191,7,5300
2,cand,recorded,19,nord,nord,27623.368,0.476,,1.083,1.744,13.473,13.473,1116.5,26,26,1,0,,,10.462,10.768,98.146,101.09,0.01,190,7,5299
2,cand,recorded,20,porcelain,porcelain,28823.356,0.476,,4.301,4.928,17.017,17.017,1117.743,39,45,1,0,,,10.596,10.879,136.021,139.348,0.026,191,7,5300
2,cand,recorded,21,sandstone,sandstone,30023.291,0.431,,0.745,1.411,13.278,13.278,1114.63,26,26,1,0,,,11.131,11.389,94.487,97.942,0.018,191,7,5100
2,cand,recorded,22,deep_sea,deep_sea,31222.679,0.408,,3.966,4.62,16.283,16.283,1118.324,37,43,1,0,,,10.385,10.657,136.742,139.975,0.055,174,0,5300
2,cand,recorded,23,ember,ember,32423.298,0.512,,6.516,7.158,19.267,19.267,1113.065,38,44,1,0,,,10.805,11.093,132.212,136.059,0.009,211,0,5102
2,cand,recorded,24,solarized_dark,solarized_dark,33623.372,0.572,,2.309,3.014,14.636,14.636,1117.525,26,26,1,0,,,10.44,10.681,98.394,101.919,0.016,185,0,5300
2,cand,recorded,25,solarized_light,solarized_light,34822.759,0.526,,6.118,6.79,19.007,19.007,1113.013,26,26,1,0,,,10.807,11.033,97.133,99.521,0.006,191,0,5286
2,cand,recorded,26,one_dark,one_dark,36023.378,0.485,,1.473,2.096,13.693,13.693,1115.225,26,26,1,0,,,10.388,10.627,92.106,95.356,0.01,194,0,5300
2,cand,recorded,27,one_light,one_light,37223.422,0.522,,4.555,5.206,16.566,16.566,1119.559,25,25,1,0,,,10.966,11.226,94.453,97.722,0.012,176,0,5300
2,cand,recorded,28,rose_pine,rose_pine,38423.397,0.555,,0.473,1.161,12.672,12.672,1114.525,26,26,1,0,,,10.598,10.913,95.584,98.819,0.024,193,0,5247
2,cand,recorded,29,rose_pine_dawn,rose_pine_dawn,39623.365,0.477,,3.684,4.363,16.189,16.189,1117.663,26,26,1,0,,,10.86,11.114,93.254,96.174,0.034,193,0,5295
2,cand,recorded,30,dracula,dracula,40822.722,0.442,,0.269,0.928,12.246,12.246,1115.297,26,26,1,0,,,10.471,10.723,97.089,100.266,0.046,172,0,5300
2,cand,recorded,31,alucard,alucard,42022.822,0.568,,3.886,4.588,17.026,17.026,1117.199,26,26,1,0,,,11.032,11.279,96.426,100.554,0.046,191,0,5312
2,cand,recorded,32,kanagawa_wave,kanagawa_wave,43223.113,0.439,,6.361,7.004,18.681,18.681,1113.388,26,26,1,0,,,10.413,10.649,93.637,96.657,0.049,193,0,5127
2,cand,recorded,33,kanagawa_lotus,kanagawa_lotus,44423.016,0.444,,2.235,2.885,14.307,14.307,1116.833,24,24,1,0,,,10.284,10.531,93.153,96.481,0.033,177,0,5300
2,cand,recorded,34,midnight,midnight,45623.316,0.513,,5.704,6.306,18.74,18.74,1112.302,26,26,1,0,,,10.729,10.961,98.192,102.337,0.037,192,0,5303
2,cand,recorded,35,daylight,daylight,46823.433,0.594,,0.799,1.501,13.167,13.167,1115.062,26,26,1,0,,,10.527,10.814,93.029,96.626,0.034,193,7,5300
2,cand,recorded,36,graphite,graphite,48023.376,0.459,,4.804,5.47,17.234,17.234,1118.556,38,44,1,0,,,10.391,10.75,139.218,141.897,0.021,192,7,5123
2,cand,recorded,37,tokyo_night,tokyo_night,49223.385,0.485,,0.287,0.981,13.635,13.635,1114.532,39,45,1,0,,,10.902,11.143,138.897,141.824,0.023,203,7,5122
2,cand,recorded,38,catppuccin_mocha,catppuccin_mocha,50423.321,0.431,,3.839,4.474,16.503,16.503,1117.722,26,26,1,0,,,10.778,11.04,93.635,96.179,0.028,192,7,5100
2,cand,recorded,39,nord,nord,51622.779,0.493,,7.387,8.061,19.792,19.792,1115.047,26,26,1,0,,,10.436,10.667,98.268,100.939,0.065,173,0,5302
2,cand,recorded,40,porcelain,porcelain,52823.383,0.513,,2.327,2.9,15.067,15.067,1116.503,39,45,1,0,,,10.896,11.159,140.155,143.437,0.08,210,0,5287
2,cand,recorded,41,sandstone,sandstone,54023.297,0.471,,5.865,6.437,18.388,18.388,1112.77,26,26,1,0,,,11.219,11.452,93.931,97.264,0.043,191,0,5109
2,cand,recorded,42,deep_sea,deep_sea,55223.362,0.517,,1.795,2.413,14.323,14.323,1116.053,37,43,1,0,,,10.48,10.789,140.143,143.237,0.028,194,7,5179
2,cand,recorded,43,ember,ember,56423.091,0.469,,5.086,5.64,16.819,16.819,1128.085,38,44,1,0,,,10.371,10.625,134.472,137.143,0.025,207,7,5100
2,cand,recorded,44,solarized_dark,solarized_dark,57623.293,0.476,,0.579,1.164,13.081,13.081,1115.649,26,26,1,0,,,10.738,10.975,99.048,102.337,0.01,175,7,5100
2,cand,recorded,45,solarized_light,solarized_light,58823.38,0.512,,3.817,4.478,15.566,15.566,1118.143,26,26,1,0,,,10.492,10.751,92.231,94.485,0.053,193,7,5300
2,cand,recorded,46,one_dark,one_dark,60023.119,0.509,,7.061,7.786,18.782,18.782,1114.848,24,24,1,0,,,10.223,10.463,93.435,96.273,0.008,182,7,5300
2,cand,recorded,47,one_light,one_light,61222.794,0.408,,3.395,4.03,15.876,15.876,1117.479,25,25,1,0,,,11.164,11.417,95.141,97.509,0.018,184,7,5230
2,cand,recorded,48,rose_pine,rose_pine,62423.18,0.476,,6.749,7.421,18.895,18.895,1113.245,26,26,1,0,,,10.198,10.542,93.223,95.632,0.027,192,7,5265
2,cand,recorded,49,rose_pine_dawn,rose_pine_dawn,63623.374,0.498,,1.791,2.432,14.202,14.202,1116.913,26,26,1,0,,,10.73,11.016,99.132,102.132,0.009,192,7,5300
2,cand,recorded,50,dracula,dracula,64822.926,0.492,,5.413,6.11,18.258,18.258,1112.146,26,26,1,0,,,10.776,11.037,96.912,99.882,0.011,191,0,5221
2,cand,recorded,51,alucard,alucard,66023.209,0.478,,1.067,1.741,13.51,13.51,1114.801,26,26,1,0,,,10.676,10.927,92.786,96.244,0.023,193,0,5300
2,cand,recorded,52,kanagawa_wave,kanagawa_wave,67223.37,0.479,,4.077,4.781,16.592,16.592,1118.444,24,24,1,0,,,10.487,10.751,94.286,97.461,0.025,185,0,5300
2,cand,recorded,53,kanagawa_lotus,kanagawa_lotus,68422.835,0.495,,0.452,1.184,13.369,13.369,1114.138,26,26,1,0,,,10.647,10.917,97.547,101.204,0.004,182,0,5157
2,cand,recorded,54,midnight,midnight,69623.362,0.48,,3.174,3.832,15.456,15.456,1119.287,26,26,1,0,,,10.53,10.803,96.677,100.1,0.026,192,0,5187
2,cand,recorded,55,daylight,daylight,70822.797,0.535,,7.204,7.931,19.944,19.944,1114.32,26,26,1,0,,,10.854,11.079,97.951,100.537,0.04,189,0,5202
2,cand,recorded,56,graphite,graphite,72023.364,0.495,,2.244,2.922,14.691,14.691,1116.525,39,45,1,0,,,10.532,10.78,140.643,143.523,0.011,208,0,5213
2,cand,recorded,57,tokyo_night,tokyo_night,73222.929,0.483,,6.242,6.917,18.611,18.611,1112.574,38,44,1,0,,,10.385,10.624,132.109,135.417,0.035,210,0,5300
2,cand,recorded,58,catppuccin_mocha,catppuccin_mocha,74423.408,0.482,,1.814,2.404,14.482,14.482,1115.744,25,25,1,0,,,10.716,11.003,96.174,98.999,0.053,175,0,5301
2,cand,recorded,59,nord,nord,75622.991,0.499,,5.234,5.933,17.898,17.898,1120.725,26,26,1,0,,,10.8,11.032,98.969,101.881,0.023,181,7,5300
2,cand,recorded,60,porcelain,porcelain,76822.837,0.546,,0.854,1.57,12.573,12.573,1114.874,39,44,1,0,,,10.197,10.483,132.059,135.727,0.024,212,7,5300
2,cand,recorded,61,sandstone,sandstone,78023.076,0.424,,3.889,4.559,15.967,15.967,1117.248,25,25,1,0,,,10.684,10.931,94.577,97.516,0.016,183,0,5300
2,cand,recorded,62,deep_sea,deep_sea,79222.765,0.454,,0.196,0.995,11.764,11.764,1113.34,38,44,1,0,,,10.614,10.876,124.084,127.19,0.018,210,7,5253
2,cand,recorded,63,ember,ember,80423.376,0.467,,2.631,3.356,13.674,13.674,1116.281,39,45,1,0,,,10.144,10.446,130.677,133.82,0.144,213,0,5300
2,cand,recorded,64,solarized_dark,solarized_dark,81623.365,0.408,,5.852,6.525,17.647,17.647,1113.526,26,26,1,0,,,10.451,10.684,93.871,96.997,0.074,191,0,5300
2,cand,recorded,65,solarized_light,solarized_light,82823.416,0.461,,2.24,2.897,14.556,14.556,1117.548,26,26,1,0,,,10.77,11.016,97.998,101.22,0.036,181,0,5212
2,cand,recorded,66,one_dark,one_dark,84022.832,0.454,,6.059,6.739,19.275,19.275,1119.853,26,26,1,0,,,10.745,11.026,98.13,100.622,0.024,186,0,5290
2,cand,recorded,67,one_light,one_light,85222.826,0.588,,1.902,2.652,13.685,13.685,1115.238,26,26,1,0,,,10.841,11.095,94.627,97.542,0.07,194,0,5300
2,cand,recorded,68,rose_pine,rose_pine,86423.45,0.493,,4.497,5.133,16.6,16.6,1119.534,25,25,1,0,,,10.461,10.7,96.435,99.825,0.098,179,0,5299
2,cand,recorded,69,rose_pine_dawn,rose_pine_dawn,87623.395,0.502,,0.56,1.183,13.851,13.851,1114.192,26,26,1,0,,,10.984,11.224,101.919,104.519,0.119,185,7,5252
2,cand,recorded,70,dracula,dracula,88823.385,0.487,,2.972,3.715,15.66,15.66,1117.107,26,26,1,0,,,10.641,10.914,94.191,97.059,0.035,193,7,5300
2,cand,recorded,71,alucard,alucard,90023.374,0.46,,6.431,7.078,18.736,18.736,1113.857,24,24,1,0,,,10.591,10.816,94.884,97.944,0.013,182,7,5255
2,cand,recorded,72,kanagawa_wave,kanagawa_wave,91223.334,0.49,,2.197,2.962,14.823,14.823,1116.246,26,26,1,0,,,10.637,10.878,98.719,101.652,0.012,187,7,5300
2,cand,recorded,73,kanagawa_lotus,kanagawa_lotus,92423.364,0.483,,5.887,6.582,17.43,17.43,1112.064,26,26,1,0,,,10.324,10.551,93.294,96.179,0.028,193,7,5285
2,cand,recorded,74,midnight,midnight,93623.174,0.415,,2.058,2.729,13.902,13.902,1116.939,26,26,1,0,,,10.247,10.486,100.715,103.438,0.034,182,7,5300
2,cand,recorded,75,daylight,daylight,94823.371,0.445,,4.78,5.474,16.986,16.986,1118.682,26,26,1,0,,,10.84,11.103,93.984,97.283,0.013,193,0,5206
2,cand,recorded,76,graphite,graphite,96023.219,0.425,,0.539,1.194,12.945,12.945,1115.727,35,40,1,0,,,10.356,10.629,132.723,135.875,0.022,197,0,5300
2,cand,recorded,77,tokyo_night,tokyo_night,97223.363,0.422,,3.662,4.437,16.648,16.648,1118.207,38,44,1,0,,,10.574,10.879,138.163,141.68,0.065,204,7,5300
2,cand,recorded,78,catppuccin_mocha,catppuccin_mocha,98422.712,0.442,,0.233,0.88,12.06,12.06,1113.696,26,26,1,0,,,10.409,10.647,93.105,96.006,0.01,191,7,5100
2,cand,recorded,79,nord,nord,99623.379,0.422,,3.088,3.771,15.303,15.303,883.775,23,23,1,0,,,10.367,10.675,73.906,76.539,0.034,142,7,5008
2,cand,idle,0,,nord,100596.504,,,,,,,,0,0,0,0,,,,,2.173,4.185,0.003,166,,
2,cand,idle,1,,nord,101798.25,,,,,,,,0,0,0,0,,,,,2.193,3.601,0.008,166,,
2,cand,idle,2,,nord,102998.196,,,,,,,,0,0,0,0,,,,,2.171,3.592,0.016,165,,
2,cand,idle,3,,nord,104197.194,,,,,,,,0,0,0,0,,,,,2.202,3.556,0.309,166,,
2,cand,idle,4,,nord,105398.278,,,,,,,,0,0,0,0,,,,,2.138,3.525,0.015,165,,
3,base,warmup,0,graphite,graphite,0.0,0.486,,6.058,6.747,18.282,18.282,1112.254,38,44,1,0,,,9.907,10.163,128.135,131.116,0.043,209,5,5299
3,base,warmup,1,tokyo_night,tokyo_night,1200.002,0.488,,1.374,1.993,14.192,14.192,1114.677,36,42,1,0,,,10.334,10.586,134.514,137.561,0.011,199,5,5100
3,base,warmup,2,catppuccin_mocha,catppuccin_mocha,2399.526,0.502,,5.193,5.83,17.591,17.591,1118.922,26,26,1,0,,,10.317,10.577,90.897,94.146,0.013,192,3,5105
3,base,warmup,3,nord,nord,3600.039,0.549,,0.387,1.04,12.433,12.433,1137.28,22,22,1,0,,,10.11,10.348,66.801,69.384,0.013,141,5,5300
3,base,recorded,0,porcelain,porcelain,4822.713,0.458,,3.289,3.867,16.128,16.128,1117.55,38,44,1,0,,,9.985,10.248,137.906,141.525,0.054,203,3,5300
3,base,recorded,1,sandstone,sandstone,6022.926,0.478,,5.618,6.247,18.367,18.367,1120.329,26,26,1,0,,,10.248,10.486,94.903,97.971,0.023,183,3,5300
3,base,recorded,2,deep_sea,deep_sea,7222.901,0.484,,1.646,2.25,13.372,13.372,1116.033,39,45,1,0,,,9.779,10.03,131.026,134.036,0.028,195,3,5300
3,base,recorded,3,ember,ember,8423.248,0.545,,4.324,5.013,16.748,16.748,1117.886,39,45,1,0,,,10.169,10.41,139.798,142.377,0.019,189,3,5300
3,base,recorded,4,solarized_dark,solarized_dark,9623.243,0.469,,0.284,0.902,12.692,12.692,1114.067,26,26,1,0,,,10.148,10.407,89.171,92.575,0.015,193,3,5099
3,base,recorded,5,solarized_light,solarized_light,10823.334,0.485,,3.636,4.264,15.266,15.266,1117.947,24,24,1,0,,,9.854,10.119,90.339,92.935,0.036,188,3,5290
3,base,recorded,6,one_dark,one_dark,12023.314,0.459,,6.683,7.302,19.726,19.726,1113.466,25,25,1,0,,,10.034,10.277,93.755,96.032,0.013,183,3,5300
3,base,recorded,7,one_light,one_light,13222.683,0.49,,3.659,4.348,16.285,16.285,1118.76,25,25,1,0,,,10.064,10.304,93.276,96.27,0.017,184,3,5300
3,base,recorded,8,rose_pine,rose_pine,14423.315,0.498,,5.795,6.44,18.88,18.88,1113.809,26,26,1,0,,,10.941,11.194,105.397,107.737,0.005,192,3,5068
3,base,recorded,9,rose_pine_dawn,rose_pine_dawn,15622.702,0.47,,2.283,3.013,15.576,15.576,1116.448,26,26,1,0,,,10.844,11.105,105.482,108.529,0.204,196,3,5101
3,base,recorded,10,dracula,dracula,16822.752,0.479,,5.225,5.928,17.282,17.282,1112.345,26,26,1,0,,,10.499,10.722,96.53,99.355,0.023,194,5,5242
3,base,recorded,11,alucard,alucard,18022.769,0.444,,1.028,1.787,13.351,13.351,1115.959,23,23,1,0,,,10.713,10.983,94.091,97.107,0.005,188,5,5001
3,base,recorded,12,kanagawa_wave,kanagawa_wave,19222.82,0.465,,4.11,4.955,17.272,17.272,1119.968,24,24,1,0,,,10.917,11.195,98.278,100.635,0.028,175,5,5118
3,base,recorded,13,kanagawa_lotus,kanagawa_lotus,20423.309,0.32,,7.055,7.682,19.691,19.691,1113.83,26,26,1,0,,,10.407,10.657,95.926,98.963,0.014,190,5,5303
3,base,recorded,14,midnight,midnight,21623.32,0.393,,2.982,3.534,15.149,15.149,1117.202,26,26,1,0,,,10.108,10.361,95.399,98.726,0.025,184,5,5302
3,base,recorded,15,daylight,daylight,22822.645,0.399,,6.806,7.398,19.059,19.059,1114.187,26,26,1,0,,,10.132,10.402,95.043,98.57,0.078,186,3,5229
3,base,recorded,16,graphite,graphite,24023.012,0.405,,2.865,3.517,15.23,15.23,1116.64,39,45,1,0,,,10.057,10.377,142.113,145.222,0.049,204,3,5300
3,base,recorded,17,tokyo_night,tokyo_night,25222.974,0.365,,5.633,6.231,18.187,18.187,1112.239,38,44,1,0,,,10.231,10.459,137.484,141.39,0.038,197,5,5300
3,base,recorded,18,catppuccin_mocha,catppuccin_mocha,26423.344,0.52,,1.601,2.363,13.825,13.825,1115.864,26,26,1,0,,,10.381,10.667,96.046,99.208,0.011,186,5,5100
3,base,recorded,19,nord,nord,27623.175,0.5,,4.369,5.026,16.934,16.934,1119.133,26,26,1,0,,,9.918,10.165,95.231,98.323,0.018,181,5,5300
3,base,recorded,20,porcelain,porcelain,28823.312,0.501,,0.162,0.797,12.014,12.014,1114.608,39,44,1,0,,,9.92,10.24,131.807,134.833,0.03,202,5,5300
3,base,recorded,21,sandstone,sandstone,30022.684,0.455,,4.026,4.602,15.989,15.989,1118.531,20,21,1,0,,,9.928,10.162,79.133,82.222,0.026,187,5,5300
3,base,recorded,22,deep_sea,deep_sea,31223.315,0.577,,7.12,7.844,18.909,18.909,1113.262,37,42,1,0,,,9.815,10.045,133.875,137.342,0.061,193,3,5300
3,base,recorded,23,ember,ember,32422.688,0.496,,3.052,3.7,16.044,16.044,1117.346,39,44,1,0,,,10.647,10.885,138.254,141.533,0.202,195,3,5300
3,base,recorded,24,solarized_dark,solarized_dark,33622.753,0.401,,6.153,6.796,18.131,18.131,1113.252,23,23,1,0,,,10.177,10.423,90.759,94.489,0.033,187,3,5300
3,base,recorded,25,solarized_light,solarized_light,34823.308,0.496,,2.121,2.726,14.134,14.134,1114.891,26,26,1,0,,,9.997,10.273,90.008,92.811,0.049,194,3,5300
3,base,recorded,26,one_dark,one_dark,36022.802,0.506,,5.741,6.406,17.871,17.871,1120.623,21,21,1,0,,,10.226,10.51,86.246,88.895,0.082,178,3,5292
3,base,recorded,27,one_light,one_light,37223.309,0.492,,0.582,1.242,13.009,13.009,1115.402,26,26,1,0,,,10.011,10.27,97.813,100.827,0.04,182,5,5300
3,base,recorded,28,rose_pine,rose_pine,38422.91,0.573,,4.264,5.024,17.518,17.518,1119.325,26,26,1,0,,,10.547,10.807,96.798,99.562,0.015,184,4,5254
3,base,recorded,29,rose_pine_dawn,rose_pine_dawn,39623.051,0.585,,7.553,8.326,20.348,20.348,1114.664,26,26,1,0,,,10.204,10.471,96.312,99.267,0.017,178,4,5252
3,base,recorded,30,dracula,dracula,40823.274,0.466,,3.263,3.833,15.845,15.845,1116.948,26,26,1,0,,,10.29,10.527,94.543,97.787,0.009,172,4,5275
3,base,recorded,31,alucard,alucard,42022.7,0.509,,6.774,7.404,18.92,18.92,1114.273,26,26,1,0,,,9.992,10.22,89.629,93.109,0.005,194,4,5300
3,base,recorded,32,kanagawa_wave,kanagawa_wave,43222.722,0.508,,2.984,3.635,14.669,14.669,1117.75,25,25,1,0,,,10.045,10.352,94.16,96.629,0.032,183,4,5300
3,base,recorded,33,kanagawa_lotus,kanagawa_lotus,44422.703,0.521,,5.555,6.348,18.822,18.822,1113.185,26,26,1,0,,,11.2,11.443,98.196,100.741,0.012,175,4,5002
3,base,recorded,34,midnight,midnight,45623.061,0.487,,1.779,2.532,14.169,14.169,1115.331,26,26,1,0,,,10.303,10.582,96.865,99.949,0.041,178,4,5300
3,base,recorded,35,daylight,daylight,46822.877,0.473,,4.492,5.274,16.253,16.253,1119.107,26,26,1,0,,,9.927,10.359,91.631,94.21,0.745,193,4,5300
3,base,recorded,36,graphite,graphite,48023.198,0.46,,0.262,0.861,12.325,12.325,1114.921,28,31,1,0,,,10.237,10.529,109.756,113.174,0.093,177,4,5000
3,base,recorded,37,tokyo_night,tokyo_night,49222.908,0.452,,3.721,4.326,16.638,16.638,1117.755,35,41,1,0,,,10.23,10.782,133.316,137.229,0.009,179,4,5300
3,base,recorded,38,catppuccin_mocha,catppuccin_mocha,50423.246,0.481,,6.863,7.59,19.937,19.937,1114.056,26,26,1,0,,,10.661,10.981,98.877,102.26,0.037,190,5,5109
3,base,recorded,39,nord,nord,51622.661,0.467,,3.633,4.308,16.073,16.073,1118.183,19,19,1,0,,,10.108,10.622,81.034,84.187,0.018,175,5,5300
3,base,recorded,40,porcelain,porcelain,52822.703,0.512,,6.197,6.819,19.155,19.155,1113.303,34,37,1,0,,,10.122,10.624,122.77,125.973,0.01,179,5,5300
3,base,recorded,41,sandstone,sandstone,54023.238,0.354,,2.113,2.728,14.921,14.921,1116.115,25,25,1,0,,,10.253,10.554,94.724,97.11,0.008,179,4,5306
3,base,recorded,42,deep_sea,deep_sea,55222.795,0.515,,5.691,6.337,18.417,18.417,1112.388,37,43,1,0,,,10.226,10.536,135.906,139.116,0.024,189,4,5302
3,base,recorded,43,ember,ember,56423.266,0.454,,0.611,1.229,13.687,13.687,1114.71,39,44,1,0,,,10.69,11.097,139.759,142.927,0.023,195,4,5294
3,base,recorded,44,solarized_dark,solarized_dark,57622.678,0.462,,4.666,5.257,16.579,16.579,1118.407,26,26,1,0,,,10.134,10.474,95.468,98.64,0.01,178,4,5300
3,base,recorded,45,solarized_light,solarized_light,58823.312,0.529,,7.469,8.203,19.572,19.572,1113.757,26,26,1,0,,,9.979,10.242,90.318,92.635,0.015,194,4,5325
3,base,recorded,46,one_dark,one_dark,60023.32,0.495,,2.792,3.413,14.794,14.794,1118.035,19,19,1,0,,,9.822,10.119,80.509,82.622,0.049,181,4,5300
3,base,recorded,47,one_light,one_light,61223.33,0.497,,6.176,6.836,19.006,19.006,1113.933,26,26,1,0,,,10.163,10.435,96.253,98.26,0.043,192,5,5327
3,base,recorded,48,rose_pine,rose_pine,62422.774,0.507,,2.393,3.074,15.437,15.437,1117.65,26,26,1,0,,,10.444,10.697,96.077,98.845,0.027,189,5,5300
3,base,recorded,49,rose_pine_dawn,rose_pine_dawn,63622.676,0.512,,5.865,6.529,18.376,18.376,1113.217,26,26,1,0,,,10.258,10.503,96.717,99.653,0.036,178,5,5323
3,base,recorded,50,dracula,dracula,64823.316,0.488,,1.179,1.867,13.657,13.657,1115.564,26,26,1,0,,,10.074,10.34,95.528,98.473,0.008,174,5,5300
3,base,recorded,51,alucard,alucard,66022.892,0.493,,4.611,5.356,17.272,17.272,1119.529,26,26,1,0,,,10.172,10.414,95.949,99.046,0.0,171,5,5300
3,base,recorded,52,kanagawa_wave,kanagawa_wave,67223.334,0.507,,0.157,0.75,12.195,12.195,1114.997,25,25,1,0,,,10.09,10.33,95.052,98.225,0.016,184,5,5300
3,base,recorded,53,kanagawa_lotus,kanagawa_lotus,68423.115,0.508,,3.31,4.087,16.206,16.206,1118.407,26,26,1,0,,,10.597,10.981,95.256,98.369,0.03,180,7,5300
3,base,recorded,54,midnight,midnight,69623.024,0.54,,6.935,7.666,20.315,20.315,1114.045,26,26,1,0,,,10.684,10.915,95.832,99.124,0.004,179,6,5084
3,base,recorded,55,daylight,daylight,70823.301,0.492,,2.285,3.033,15.01,15.01,1116.581,26,26,1,0,,,10.186,10.434,94.544,97.817,0.009,172,6,5300
3,base,recorded,56,graphite,graphite,72022.687,0.503,,6.247,6.837,18.63,18.63,1113.407,36,42,1,0,,,10.266,10.518,133.56,135.966,0.029,176,6,5257
3,base,recorded,57,tokyo_night,tokyo_night,73222.956,0.393,,1.779,2.39,14.14,14.14,1116.323,38,44,1,0,,,10.471,10.725,138.115,141.052,0.013,182,6,5300
3,base,recorded,58,catppuccin_mocha,catppuccin_mocha,74423.328,0.506,,4.634,5.316,17.913,17.913,1118.97,26,26,1,0,,,11.195,11.391,96.329,99.06,0.029,191,6,5148
3,base,recorded,59,nord,nord,75623.322,0.462,,0.428,1.132,12.783,12.783,1115.231,24,24,1,0,,,10.204,10.441,91.663,95.052,0.013,180,6,5245
3,base,recorded,60,porcelain,porcelain,76823.319,0.468,,3.815,4.509,16.242,16.242,1118.506,38,43,1,0,,,10.109,10.34,136.904,140.163,0.045,180,6,5300
3,base,recorded,61,sandstone,sandstone,78023.034,0.448,,7.272,7.87,20.443,20.443,1114.276,25,25,1,0,,,10.629,10.87,95.13,99.104,0.071,178,0,5324
3,base,recorded,62,deep_sea,deep_sea,79223.322,0.489,,2.714,3.419,14.955,14.955,1117.096,39,44,1,0,,,10.209,10.409,147.409,151.64,0.038,190,0,5300
3,base,recorded,63,ember,ember,80422.71,0.486,,6.994,7.675,19.683,19.683,1113.952,39,43,1,0,,,10.793,11.035,143.269,146.396,0.043,203,0,5196
3,base,recorded,64,solarized_dark,solarized_dark,81623.257,0.452,,1.972,2.544,14.977,14.977,1117.008,26,26,1,0,,,10.639,10.923,99.544,103.211,0.095,191,0,5255
3,base,recorded,65,solarized_light,solarized_light,82822.729,0.468,,5.554,6.271,18.368,18.368,1112.68,26,26,1,0,,,10.407,10.682,97.137,100.483,0.141,185,1,5300
3,base,recorded,66,one_dark,one_dark,84023.318,0.483,,0.874,1.598,13.379,13.379,1116.657,26,26,1,0,,,10.344,10.593,98.788,102.522,0.215,194,0,5300
3,base,recorded,67,one_light,one_light,85223.313,0.486,,4.519,5.242,16.92,16.92,1119.116,25,25,1,0,,,10.244,10.478,95.779,98.851,0.038,182,5,5300
3,base,recorded,68,rose_pine,rose_pine,86423.066,0.569,,0.165,0.952,12.954,12.954,1115.243,26,26,1,0,,,10.599,10.857,96.859,99.663,0.063,181,1,5300
3,base,recorded,69,rose_pine_dawn,rose_pine_dawn,87623.315,0.496,,3.752,4.468,16.692,16.692,1117.94,24,24,1,0,,,10.097,10.354,92.034,95.014,0.032,187,5,5300
3,base,recorded,70,dracula,dracula,88822.744,0.481,,7.256,7.876,19.481,19.481,1114.562,25,25,1,0,,,10.165,10.41,94.039,97.918,0.008,180,5,5300
3,base,recorded,71,alucard,alucard,90023.317,0.471,,2.55,3.314,14.983,14.983,1117.505,25,25,1,0,,,10.168,10.43,94.568,97.769,0.052,185,5,5300
3,base,recorded,72,kanagawa_wave,kanagawa_wave,91223.322,0.442,,5.66,6.325,18.31,18.31,1112.992,25,25,1,0,,,10.328,10.553,95.385,99.01,0.01,183,5,5292
3,base,recorded,73,kanagawa_lotus,kanagawa_lotus,92422.733,0.513,,1.858,2.567,14.591,14.591,1116.645,25,25,1,0,,,10.54,10.763,94.118,96.79,0.043,176,5,5300
3,base,recorded,74,midnight,midnight,93623.294,0.497,,5.177,5.836,17.439,17.439,1119.311,23,23,1,0,,,10.159,10.416,89.802,93.029,0.02,176,5,5300
3,base,recorded,75,daylight,daylight,94823.323,0.516,,0.388,1.076,13.259,13.259,1114.475,25,25,1,0,,,10.127,10.432,93.748,97.048,0.015,184,5,5300
3,base,recorded,76,graphite,graphite,96022.665,0.492,,4.813,5.464,17.282,17.282,1118.683,38,43,1,0,,,10.288,10.528,137.531,140.472,0.036,197,5,5300
3,base,recorded,77,tokyo_night,tokyo_night,97222.768,0.481,,0.152,0.748,13.273,13.273,1114.203,39,43,1,0,,,10.574,10.828,136.209,139.234,0.038,199,5,5100
3,base,recorded,78,catppuccin_mocha,catppuccin_mocha,98423.268,0.499,,2.728,3.392,14.957,14.957,1117.254,26,26,1,0,,,10.587,10.878,91.28,94.071,0.024,185,5,5300
3,base,recorded,79,nord,nord,99623.306,0.407,,5.907,6.534,17.341,17.341,876.505,20,20,1,0,,,9.897,10.149,66.393,69.337,0.008,145,5,5300
3,base,idle,0,,nord,100597.217,,,,,,,,0,0,0,0,,,,,2.087,4.549,0.003,166,,
3,base,idle,1,,nord,101798.183,,,,,,,,0,0,0,0,,,,,2.09,3.754,0.003,165,,
3,base,idle,2,,nord,102998.563,,,,,,,,0,0,0,0,,,,,2.118,4.011,0.006,166,,
3,base,idle,3,,nord,104198.466,,,,,,,,0,0,0,0,,,,,2.099,4.415,0.014,165,,
3,base,idle,4,,nord,105397.92,,,,,,,,0,0,0,0,,,,,2.058,4.505,0.006,166,,
4,base,warmup,0,graphite,graphite,0.0,0.44,,6.252,6.956,19.428,19.428,1112.75,38,41,1,0,,,10.609,10.965,133.353,136.38,0.018,194,5,5291
4,base,warmup,1,tokyo_night,tokyo_night,1200.134,0.438,,1.746,2.35,14.723,14.723,1116.229,37,43,1,0,,,10.755,11.01,136.192,139.382,0.027,182,5,5089
4,base,warmup,2,catppuccin_mocha,catppuccin_mocha,2399.964,0.441,,5.601,6.235,17.895,17.895,1119.422,26,26,1,0,,,10.177,10.449,94.783,97.863,0.033,173,3,5230
4,base,warmup,3,nord,nord,3600.166,0.433,,0.72,1.409,13.435,13.435,1137.031,26,26,1,0,,,10.195,10.43,74.27,77.005,0.01,154,5,5300
4,base,recorded,0,porcelain,porcelain,4823.369,0.488,,2.816,3.513,15.411,15.411,1116.794,38,44,1,0,,,10.237,10.471,137.945,141.474,0.048,193,3,5301
4,base,recorded,1,sandstone,sandstone,6022.794,0.45,,6.451,7.194,19.367,19.367,1113.126,26,26,1,0,,,10.589,10.813,96.247,99.192,0.035,190,3,5071
4,base,recorded,2,deep_sea,deep_sea,7223.164,0.488,,1.793,2.415,14.5,14.5,1116.44,35,41,1,0,,,10.281,10.513,132.212,135.544,0.052,188,5,5300
4,base,recorded,3,ember,ember,8423.422,0.502,,4.54,5.325,17.863,17.863,1111.851,36,42,1,0,,,10.56,10.782,135.304,138.701,0.041,177,5,5300
4,base,recorded,4,solarized_dark,solarized_dark,9623.425,0.465,,0.554,1.238,13.426,13.426,1115.163,26,26,1,0,,,10.626,10.863,95.764,98.973,0.065,179,5,5300
4,base,recorded,5,solarized_light,solarized_light,10823.028,0.515,,4.12,4.822,16.595,16.595,1118.994,25,25,1,0,,,10.231,10.462,94.717,97.801,0.06,181,3,5300
4,base,recorded,6,one_dark,one_dark,12023.306,0.516,,6.885,7.832,20.033,20.033,1114.484,26,26,1,0,,,10.597,10.799,95.88,99.147,0.147,183,3,5296
4,base,recorded,7,one_light,one_light,13223.066,0.498,,3.727,4.443,16.791,16.791,1118.033,24,24,1,0,,,10.416,10.642,91.346,94.544,0.162,174,3,5190
4,base,recorded,8,rose_pine,rose_pine,14422.8,0.565,,7.041,7.818,20.072,20.072,1114.081,23,23,1,0,,,10.248,10.494,89.263,92.331,0.052,180,3,5202
4,base,recorded,9,rose_pine_dawn,rose_pine_dawn,15623.465,0.388,,2.517,3.231,15.372,15.372,1116.782,18,18,1,0,,,10.342,10.58,78.257,81.472,0.051,175,5,5302
4,base,recorded,10,dracula,dracula,16823.098,0.504,,5.629,6.276,18.119,18.119,1112.696,22,22,1,0,,,10.222,10.512,87.854,91.027,0.051,182,5,5302
4,base,recorded,11,alucard,alucard,18023.442,0.48,,0.882,1.639,14.342,14.342,1115.81,26,26,1,0,,,10.647,10.909,95.574,97.824,0.022,180,5,5289
4,base,recorded,12,kanagawa_wave,kanagawa_wave,19223.085,0.438,,4.533,5.186,17.801,17.801,1119.619,24,24,1,0,,,10.791,11.054,92.919,96.411,0.01,176,5,5296
4,base,recorded,13,kanagawa_lotus,kanagawa_lotus,20423.445,0.414,,0.157,0.822,12.42,12.42,1114.495,24,24,1,0,,,10.299,10.532,91.989,95.988,0.022,177,5,5300
4,base,recorded,14,midnight,midnight,21623.028,0.503,,4.018,4.6,16.885,16.885,1118.18,20,20,1,0,,,10.274,10.567,83.541,87.416,0.032,180,5,5300
4,base,recorded,15,daylight,daylight,22822.896,0.427,,7.513,8.163,20.144,20.144,1115.0,23,23,1,0,,,10.092,10.331,90.061,93.949,0.022,183,5,5259
4,base,recorded,16,graphite,graphite,24023.101,0.539,,2.789,3.45,15.76,15.76,1117.773,36,41,1,0,,,10.731,11.071,132.157,135.777,0.033,185,5,5300
4,base,recorded,17,tokyo_night,tokyo_night,25223.433,0.526,,5.497,6.242,17.935,17.935,1113.405,38,44,1,0,,,10.292,10.516,140.52,143.291,0.036,199,5,5190
4,base,recorded,18,catppuccin_mocha,catppuccin_mocha,26422.784,0.533,,2.097,2.845,15.052,15.052,1116.059,26,26,1,0,,,10.317,10.552,96.048,99.353,0.142,188,5,5300
4,base,recorded,19,nord,nord,27623.177,0.511,,5.432,6.153,18.011,18.011,1112.316,26,26,1,0,,,10.417,10.642,97.186,99.826,0.032,190,5,5233
4,base,recorded,20,porcelain,porcelain,28823.462,0.419,,0.496,1.175,13.373,13.373,1115.108,39,45,1,0,,,10.288,10.617,140.92,143.734,0.043,188,3,5089
4,base,recorded,21,sandstone,sandstone,30023.397,0.438,,3.753,4.399,16.365,16.365,1116.686,24,26,1,0,,,10.812,11.089,97.186,100.38,0.023,180,3,5100
4,base,recorded,22,deep_sea,deep_sea,31222.84,0.532,,0.175,0.885,11.14,11.14,1112.909,38,44,1,0,,,10.122,10.384,120.61,123.09,0.045,211,3,5294
4,base,recorded,23,ember,ember,32422.964,0.499,,3.28,3.907,13.777,13.777,1116.823,39,45,1,0,,,9.744,9.997,122.686,125.531,0.062,212,5,5300
4,base,recorded,24,solarized_dark,solarized_dark,33623.21,0.495,,6.667,7.357,18.213,18.213,1112.696,26,26,1,0,,,9.866,10.156,87.28,90.215,0.03,193,5,5300
4,base,recorded,25,solarized_light,solarized_light,34823.164,0.493,,2.149,2.839,14.765,14.765,1117.223,26,26,1,0,,,10.045,10.278,91.225,94.241,0.031,189,3,5300
4,base,recorded,26,one_dark,one_dark,36023.127,0.51,,5.312,6.005,17.901,17.901,1112.993,26,26,1,0,,,10.504,10.766,94.851,97.341,0.826,187,3,5284
4,base,recorded,27,one_light,one_light,37223.462,0.515,,1.043,1.745,13.445,13.445,1115.532,23,23,1,0,,,10.339,10.578,89.894,92.645,0.019,180,3,5300
4,base,recorded,28,rose_pine,rose_pine,38423.43,0.478,,4.12,4.805,17.069,17.069,1119.119,26,26,1,0,,,10.231,10.495,95.972,99.513,0.023,190,3,5300
4,base,recorded,29,rose_pine_dawn,rose_pine_dawn,39622.794,0.474,,0.714,1.33,13.149,13.149,1115.316,26,26,1,0,,,10.111,10.376,95.6,98.938,0.014,179,3,5300
4,base,recorded,30,dracula,dracula,40823.43,0.551,,3.158,3.92,16.125,16.125,1118.358,21,21,1,0,,,10.248,10.497,86.614,90.555,0.036,183,3,5300
4,base,recorded,31,alucard,alucard,42023.444,0.511,,6.483,7.178,19.492,19.492,1113.843,23,23,1,0,,,10.398,10.65,90.065,92.983,0.013,186,3,5305
4,base,recorded,32,kanagawa_wave,kanagawa_wave,43223.076,0.478,,2.645,3.337,14.944,14.944,1117.676,24,24,1,0,,,10.198,10.438,91.49,94.472,0.013,179,3,5287
4,base,recorded,33,kanagawa_lotus,kanagawa_lotus,44423.519,0.503,,5.378,6.079,18.275,18.275,1113.117,25,25,1,0,,,10.225,10.449,94.351,97.078,0.044,181,3,5300
4,base,recorded,34,midnight,midnight,45623.211,0.435,,1.763,2.425,14.569,14.569,1115.692,25,25,1,0,,,10.26,10.523,93.885,96.735,0.016,183,3,5300
4,base,recorded,35,daylight,daylight,46823.144,0.531,,4.747,5.476,17.749,17.749,1119.766,26,26,1,0,,,10.218,10.465,96.098,98.708,0.029,185,3,5300
4,base,recorded,36,graphite,graphite,48023.183,0.469,,0.654,1.405,13.583,13.583,1115.273,39,44,1,0,,,10.631,10.872,137.999,141.071,0.02,189,3,5287
4,base,recorded,37,tokyo_night,tokyo_night,49223.422,0.528,,4.226,4.914,16.478,16.478,1118.01,38,44,1,0,,,10.23,10.467,137.649,140.213,0.146,180,3,5245
4,base,recorded,38,catppuccin_mocha,catppuccin_mocha,50423.431,0.515,,7.281,8.018,19.401,19.401,1114.212,26,26,1,0,,,10.204,10.45,96.269,98.981,0.02,186,3,5300
4,base,recorded,39,nord,nord,51622.806,0.372,,3.928,4.599,16.691,16.691,1119.054,24,24,1,0,,,10.512,10.766,91.854,95.641,0.134,185,3,5308
4,base,recorded,40,porcelain,porcelain,52823.453,0.434,,5.956,6.626,18.682,18.682,1112.977,38,44,1,0,,,10.142,10.476,137.929,141.005,0.048,193,3,5300
4,base,recorded,41,sandstone,sandstone,54023.439,0.481,,1.975,2.8,14.594,14.594,1117.317,26,26,1,0,,,10.443,10.735,96.174,99.523,0.022,179,3,5312
4,base,recorded,42,deep_sea,deep_sea,55222.992,0.59,,5.885,6.647,18.085,18.085,1112.082,37,43,1,0,,,10.144,10.37,136.147,139.179,0.022,182,3,5290
4,base,recorded,43,ember,ember,56422.842,0.504,,2.037,2.788,14.655,14.655,1116.927,38,44,1,0,,,10.284,10.543,138.412,141.859,0.055,191,3,5169
4,base,recorded,44,solarized_dark,solarized_dark,57623.189,0.414,,4.886,5.498,17.298,17.298,1119.337,25,25,1,0,,,10.324,10.623,92.965,96.063,0.039,182,6,5300
4,base,recorded,45,solarized_light,solarized_light,58823.161,0.486,,0.274,0.899,12.866,12.866,1115.695,25,25,1,0,,,10.261,10.502,95.116,98.356,0.041,186,6,5300
4,base,recorded,46,one_dark,one_dark,60023.153,0.527,,3.411,4.08,16.744,16.744,1118.748,25,25,1,0,,,10.668,11.01,94.284,97.214,0.008,174,6,5273
4,base,recorded,47,one_light,one_light,61223.426,0.534,,6.55,7.247,19.053,19.053,1112.902,25,25,1,0,,,10.42,10.696,94.656,97.44,0.012,185,6,5275
4,base,recorded,48,rose_pine,rose_pine,62423.173,0.398,,2.516,3.147,14.932,14.932,1117.496,24,24,1,0,,,10.243,10.512,93.128,95.447,0.087,187,6,5300
4,base,recorded,49,rose_pine_dawn,rose_pine_dawn,63623.43,0.404,,5.995,6.657,18.949,18.949,1113.168,25,25,1,0,,,10.339,10.611,95.145,97.989,0.038,176,1,5303
4,base,recorded,50,dracula,dracula,64822.867,0.492,,2.167,2.763,14.944,14.944,1116.794,25,25,1,0,,,10.195,10.441,94.212,97.56,0.033,180,1,5300
4,base,recorded,51,alucard,alucard,66023.212,0.488,,5.06,5.812,18.087,18.087,1119.94,25,25,1,0,,,10.583,10.828,96.663,100.382,0.081,185,3,5293
4,base,recorded,52,kanagawa_wave,kanagawa_wave,67223.438,0.484,,0.405,1.1,13.056,13.056,1115.285,24,24,1,0,,,10.25,10.485,92.18,95.728,0.057,182,3,5283
4,base,recorded,53,kanagawa_lotus,kanagawa_lotus,68423.42,0.461,,3.579,4.29,15.754,15.754,1119.214,24,24,1,0,,,10.07,10.328,92.757,95.784,0.017,180,3,5283
4,base,recorded,54,midnight,midnight,69622.773,0.483,,0.153,0.856,12.27,12.27,1115.291,25,25,1,0,,,10.041,10.304,93.953,96.426,0.017,180,3,5300
4,base,recorded,55,daylight,daylight,70823.455,0.496,,3.325,3.935,16.386,16.386,1117.32,24,24,1,0,,,10.179,10.436,91.874,94.57,0.072,181,3,5295
4,base,recorded,56,graphite,graphite,72022.778,0.512,,6.889,7.626,19.616,19.616,1113.941,36,39,1,0,,,10.339,10.605,127.923,131.406,0.013,186,3,5287
4,base,recorded,57,tokyo_night,tokyo_night,73222.895,0.499,,2.896,3.578,15.992,15.992,1116.856,37,43,1,0,,,10.108,10.364,137.25,140.223,0.02,196,3,5300
4,base,recorded,58,catppuccin_mocha,catppuccin_mocha,74422.951,0.488,,5.955,6.681,17.499,17.499,1112.005,26,26,1,0,,,9.853,10.091,92.706,95.952,0.01,192,3,5300
4,base,recorded,59,nord,nord,75623.017,0.394,,1.852,2.547,13.83,13.83,1115.903,24,24,1,0,,,9.912,10.174,91.245,94.408,0.1,188,3,5300
4,base,recorded,60,porcelain,porcelain,76823.43,0.399,,3.929,4.752,16.807,16.807,1119.078,39,45,1,0,,,10.228,10.459,141.267,144.691,0.015,198,3,5300
4,base,recorded,61,sandstone,sandstone,78023.305,0.441,,0.172,0.845,12.457,12.457,1113.769,26,26,1,0,,,10.491,10.728,91.175,94.109,0.024,192,3,5100
4,base,recorded,62,deep_sea,deep_sea,79223.448,0.488,,3.487,4.184,15.368,15.368,1117.918,38,44,1,0,,,10.07,10.308,137.4,141.172,0.032,204,3,5300
4,base,recorded,63,ember,ember,80423.092,0.549,,6.995,7.818,18.673,18.673,1113.609,38,44,1,0,,,9.907,10.182,129.759,133.134,0.051,211,3,5271
4,base,recorded,64,solarized_dark,solarized_dark,81622.983,0.506,,2.639,3.336,14.876,14.876,1117.5,24,24,1,0,,,10.157,10.462,91.262,93.669,0.015,184,3,5288
4,base,recorded,65,solarized_light,solarized_light,82822.952,0.53,,6.257,7.034,19.034,19.034,1113.549,26,26,1,0,,,10.046,10.272,96.946,99.647,0.008,180,3,5267
4,base,recorded,66,one_dark,one_dark,84023.44,0.486,,1.519,2.219,14.201,14.201,1116.489,26,26,1,0,,,10.462,10.725,97.289,100.82,0.052,178,3,5207
4,base,recorded,67,one_light,one_light,85223.253,0.456,,4.704,5.376,17.647,17.647,1119.574,25,25,1,0,,,10.166,10.408,93.243,96.739,0.011,179,2,5300
4,base,recorded,68,rose_pine,rose_pine,86423.089,0.52,,0.674,1.403,13.61,13.61,1115.411,26,26,1,0,,,10.353,10.613,96.081,98.441,0.031,181,2,5292
4,base,recorded,69,rose_pine_dawn,rose_pine_dawn,87623.448,0.467,,3.503,4.165,16.38,16.38,1118.661,24,24,1,0,,,10.042,10.287,91.292,94.008,0.011,179,1,5300
4,base,recorded,70,dracula,dracula,88823.426,0.432,,6.675,7.437,19.984,19.984,1113.841,24,24,1,0,,,10.243,10.472,93.027,95.664,0.021,178,2,5282
4,base,recorded,71,alucard,alucard,90022.888,0.455,,3.15,3.862,15.911,15.911,1117.925,26,26,1,0,,,10.766,11.049,96.284,99.269,0.022,187,2,5100
4,base,recorded,72,kanagawa_wave,kanagawa_wave,91223.434,0.448,,5.839,6.464,18.939,18.939,1113.095,25,25,1,0,,,10.182,10.432,94.52,98.138,0.017,184,2,5300
4,base,recorded,73,kanagawa_lotus,kanagawa_lotus,92423.429,0.47,,2.313,2.98,14.445,14.445,1116.495,25,25,1,0,,,10.139,10.434,92.905,95.494,0.043,176,2,5300
4,base,recorded,74,midnight,midnight,93622.899,0.449,,6.024,6.762,17.934,17.934,1120.365,26,26,1,0,,,10.133,10.381,95.492,98.619,0.026,183,2,5300
4,base,recorded,75,daylight,daylight,94822.778,0.461,,2.053,2.816,14.061,14.061,1116.168,25,25,1,0,,,10.094,10.351,94.403,97.651,0.015,179,2,5300
4,base,recorded,76,graphite,graphite,96023.032,0.489,,4.516,5.173,17.639,17.639,1118.708,39,44,1,0,,,10.569,10.879,139.771,142.785,0.031,189,2,5300
4,base,recorded,77,tokyo_night,tokyo_night,97223.148,0.485,,0.184,0.927,12.973,12.973,1114.102,39,44,1,0,,,10.078,10.356,136.076,138.527,0.101,209,2,5300
4,base,recorded,78,catppuccin_mocha,catppuccin_mocha,98422.961,0.481,,3.936,4.732,15.572,15.572,1117.882,26,26,1,0,,,9.95,10.225,89.675,92.348,0.024,194,1,5300
4,base,recorded,79,nord,nord,99623.032,0.467,,6.605,7.283,18.7,18.7,876.84,21,21,1,0,,,9.804,10.077,67.548,69.999,0.024,147,1,5110
4,base,idle,0,,nord,100597.09,,,,,,,,0,0,0,0,,,,,2.345,4.2,0.102,166,,
4,base,idle,1,,nord,101798.042,,,,,,,,0,0,0,0,,,,,2.087,3.209,0.117,165,,
4,base,idle,2,,nord,102997.563,,,,,,,,0,0,0,0,,,,,2.059,3.162,0.138,166,,
4,base,idle,3,,nord,104198.483,,,,,,,,0,0,0,0,,,,,2.202,3.516,0.075,165,,
4,base,idle,4,,nord,105398.45,,,,,,,,0,0,0,0,,,,,2.182,3.508,0.005,166,,
5,cand,warmup,0,graphite,graphite,0.0,0.291,,3.145,3.777,16.153,16.153,1118.135,38,43,1,0,,,10.752,10.985,138.415,141.857,0.022,200,4,5291
5,cand,warmup,1,tokyo_night,tokyo_night,1200.069,0.44,,6.66,7.262,19.026,19.026,1113.096,39,44,1,0,,,10.576,10.797,140.875,144.051,0.061,202,5,5100
5,cand,warmup,2,catppuccin_mocha,catppuccin_mocha,2400.231,0.472,,2.024,2.667,14.924,14.924,1117.023,25,25,1,0,,,10.557,10.793,95.61,98.826,0.019,189,5,5100
5,cand,warmup,3,nord,nord,3599.849,0.465,,5.506,6.219,18.532,18.532,1143.087,24,24,1,0,,,10.563,10.84,71.594,74.453,0.021,139,4,5250
5,cand,recorded,0,porcelain,porcelain,4822.276,0.451,,0.703,1.42,13.188,13.188,1114.793,37,42,1,0,,,10.466,10.701,133.601,136.876,0.013,189,4,5300
5,cand,recorded,1,sandstone,sandstone,6022.409,0.415,,3.862,4.528,16.485,16.485,1118.845,26,26,1,0,,,10.837,11.07,96.862,99.788,0.01,183,5,5300
5,cand,recorded,2,deep_sea,deep_sea,7222.501,0.441,,7.136,7.735,19.709,19.709,1113.616,38,44,1,0,,,10.13,10.373,137.695,140.883,0.025,190,4,5304
5,cand,recorded,3,ember,ember,8422.292,0.387,,3.047,3.742,15.463,15.463,1117.915,39,45,1,0,,,10.106,10.359,139.005,141.469,0.046,194,4,5300
5,cand,recorded,4,solarized_dark,solarized_dark,9622.785,0.354,,5.821,6.401,17.922,17.922,1112.342,26,26,1,0,,,10.156,10.378,91.283,94.114,0.033,193,4,5313
5,cand,recorded,5,solarized_light,solarized_light,10822.602,0.496,,1.796,2.447,13.218,13.218,1116.748,22,22,1,0,,,10.376,10.597,86.659,89.793,0.03,181,4,5300
5,cand,recorded,6,one_dark,one_dark,12022.387,0.399,,5.842,6.448,18.14,18.14,1112.41,25,25,1,0,,,10.448,10.717,96.12,98.71,0.017,182,5,5297
5,cand,recorded,7,one_light,one_light,13222.23,0.385,,1.265,1.9,13.913,13.913,1115.775,26,26,1,0,,,10.705,10.959,97.034,99.806,0.002,183,4,5300
5,cand,recorded,8,rose_pine,rose_pine,14422.489,0.376,,4.228,4.808,16.733,16.733,1119.417,22,22,1,0,,,10.161,10.369,87.694,90.071,0.025,177,4,5300
5,cand,recorded,9,rose_pine_dawn,rose_pine_dawn,15622.511,0.349,,0.529,1.11,12.955,12.955,1114.054,25,25,1,0,,,10.571,10.799,94.561,96.498,0.033,175,4,5300
5,cand,recorded,10,dracula,dracula,16822.86,0.424,,2.832,3.525,15.663,15.663,1117.423,26,26,1,0,,,10.355,10.59,95.509,98.13,0.011,186,5,5300
5,cand,recorded,11,alucard,alucard,18022.719,0.368,,6.516,7.131,18.607,18.607,1113.331,25,25,1,0,,,10.596,10.801,94.404,97.381,0.023,182,4,5274
5,cand,recorded,12,kanagawa_wave,kanagawa_wave,19222.883,0.336,,2.443,3.085,14.926,14.926,1117.227,24,24,1,0,,,10.364,10.638,92.958,96.043,0.008,184,4,5300
5,cand,recorded,13,kanagawa_lotus,kanagawa_lotus,20422.505,0.369,,5.896,6.483,18.697,18.697,1112.313,23,23,1,0,,,10.665,10.884,91.28,94.847,0.019,181,4,5111
5,cand,recorded,14,midnight,midnight,21622.203,0.439,,2.099,2.692,15.457,15.457,1116.774,26,26,1,0,,,10.92,11.155,96.192,99.259,0.06,185,4,5275
5,cand,recorded,15,daylight,daylight,22822.877,0.408,,4.478,5.115,17.658,17.658,1119.243,23,23,1,0,,,11.228,11.485,91.699,94.405,0.068,183,5,5243
5,cand,recorded,16,graphite,graphite,24022.854,0.525,,0.218,0.858,12.405,12.405,1115.863,37,42,1,0,,,10.328,10.559,140.383,143.439,0.012,196,4,5300
5,cand,recorded,17,tokyo_night,tokyo_night,25222.767,0.419,,3.324,4.05,15.851,15.851,1118.178,38,44,1,0,,,10.221,10.525,140.543,144.06,0.02,182,5,5300
5,cand,recorded,18,catppuccin_mocha,catppuccin_mocha,26422.786,0.445,,6.761,7.382,18.838,18.838,1113.078,26,26,1,0,,,10.091,10.322,92.173,95.645,0.023,193,5,5300
5,cand,recorded,19,nord,nord,27622.439,0.48,,2.864,3.52,14.834,14.834,1117.914,25,25,1,0,,,9.988,10.275,94.839,97.344,0.033,188,5,5273
5,cand,recorded,20,porcelain,porcelain,28822.868,0.541,,5.966,6.815,19.288,19.288,1112.884,38,43,1,0,,,10.459,10.683,134.988,137.733,0.023,193,5,5289
5,cand,recorded,21,sandstone,sandstone,30022.279,0.447,,2.081,2.695,14.702,14.702,1115.962,25,25,1,0,,,11.047,11.304,95.14,97.847,0.029,184,5,5300
5,cand,recorded,22,deep_sea,deep_sea,31222.501,0.604,,5.557,6.281,18.697,18.697,1112.564,37,43,1,0,,,10.258,10.524,136.808,140.942,0.021,181,5,5214
5,cand,recorded,23,ember,ember,32422.386,0.432,,1.619,2.247,14.833,14.833,1115.624,38,44,1,0,,,10.253,10.51,140.247,143.503,0.014,188,5,5300
5,cand,recorded,24,solarized_dark,solarized_dark,33622.787,0.439,,3.832,4.461,15.711,15.711,1118.422,26,26,1,0,,,10.06,10.336,91.773,94.391,0.012,193,5,5300
5,cand,recorded,25,solarized_light,solarized_light,34822.844,0.467,,7.329,8.003,19.214,19.214,1115.641,21,21,1,0,,,10.396,10.639,85.765,88.873,0.061,181,5,5300
5,cand,recorded,26,one_dark,one_dark,36022.647,0.502,,3.624,4.331,17.124,17.124,1118.749,24,24,1,0,,,10.201,10.437,92.28,95.519,0.007,179,5,5300
5,cand,recorded,27,one_light,one_light,37222.853,0.501,,6.258,6.962,19.342,19.342,1114.224,25,25,1,0,,,10.884,11.106,94.943,98.652,0.036,175,5,5219
5,cand,recorded,28,rose_pine,rose_pine,38422.372,0.493,,2.932,3.595,15.816,15.816,1117.711,26,26,1,0,,,10.281,10.539,97.389,101.144,0.016,183,5,5244
5,cand,recorded,29,rose_pine_dawn,rose_pine_dawn,39622.203,0.495,,6.037,6.784,18.863,18.863,1113.461,26,26,1,0,,,10.483,10.737,97.679,100.651,0.021,182,5,5288
5,cand,recorded,30,dracula,dracula,40822.536,0.53,,1.271,1.981,14.549,14.549,1115.751,25,25,1,0,,,10.631,10.91,96.21,99.102,0.007,178,5,5300
5,cand,recorded,31,alucard,alucard,42022.229,0.519,,5.002,5.749,17.923,17.923,1119.933,26,26,1,0,,,10.596,10.857,96.865,100.699,0.067,183,5,5300
5,cand,recorded,32,kanagawa_wave,kanagawa_wave,43222.845,0.492,,0.259,0.935,13.345,13.345,1114.438,25,25,1,0,,,10.297,10.532,94.951,97.357,0.022,180,5,5300
5,cand,recorded,33,kanagawa_lotus,kanagawa_lotus,44422.214,0.457,,4.408,5.096,16.926,16.926,1118.913,24,24,1,0,,,10.288,10.547,93.09,96.475,0.07,181,5,5300
5,cand,recorded,34,midnight,midnight,45622.851,0.446,,6.444,7.152,19.609,19.609,1113.701,26,26,1,0,,,10.286,10.525,96.075,100.02,0.047,181,5,5300
5,cand,recorded,35,daylight,daylight,46822.441,0.538,,3.023,3.725,15.71,15.71,1117.733,25,25,1,0,,,10.885,11.166,94.831,98.304,0.011,180,5,5209
5,cand,recorded,36,graphite,graphite,48022.847,0.392,,5.959,6.688,18.428,18.428,1113.234,38,43,1,0,,,10.069,10.328,136.736,139.67,0.015,185,5,5302
5,cand,recorded,37,tokyo_night,tokyo_night,49222.422,0.371,,1.948,2.503,14.757,14.757,1116.653,39,45,1,0,,,10.244,10.502,141.813,144.273,0.015,195,5,5300
5,cand,recorded,38,catppuccin_mocha,catppuccin_mocha,50422.319,0.416,,5.187,5.843,16.788,16.788,1119.447,26,26,1,0,,,10.102,10.348,90.444,92.742,0.039,191,5,5300
5,cand,recorded,39,nord,nord,51622.505,0.504,,0.895,1.529,13.343,13.343,1115.666,26,26,1,0,,,10.522,10.817,98.48,101.631,0.037,185,5,5282
5,cand,recorded,40,porcelain,porcelain,52822.449,0.462,,4.138,4.752,17.296,17.296,1118.608,38,44,1,0,,,10.469,10.732,138.483,141.049,0.016,192,5,5300
5,cand,recorded,41,sandstone,sandstone,54022.784,0.45,,7.672,8.253,19.367,19.367,1113.685,26,26,1,0,,,10.551,10.771,92.515,95.17,0.024,194,4,5300
5,cand,recorded,42,deep_sea,deep_sea,55222.284,0.445,,3.86,4.464,15.395,15.395,1117.756,37,43,1,0,,,10.027,10.284,136.545,139.723,0.016,205,4,5300
5,cand,recorded,43,ember,ember,56422.775,0.395,,6.602,7.287,18.476,18.476,1112.979,38,44,1,0,,,9.928,10.148,129.375,132.105,0.032,211,4,5178
5,cand,recorded,44,solarized_dark,solarized_dark,57622.789,0.421,,2.448,3.119,14.412,14.412,1117.017,25,25,1,0,,,9.971,10.233,95.103,97.591,0.01,184,5,5300
5,cand,recorded,45,solarized_light,solarized_light,58822.519,0.408,,5.752,6.404,18.671,18.671,1112.673,26,26,1,0,,,10.742,10.967,97.135,100.135,0.061,187,5,5260
5,cand,recorded,46,one_dark,one_dark,60022.859,0.418,,1.347,1.959,14.351,14.351,1115.238,26,26,1,0,,,10.747,11.005,97.57,100.919,0.024,187,7,5287
5,cand,recorded,47,one_light,one_light,61222.874,0.439,,4.082,4.737,16.566,16.566,1118.304,25,25,1,0,,,10.637,10.873,94.202,97.736,0.055,178,7,5300
5,cand,recorded,48,rose_pine,rose_pine,62422.848,0.571,,0.246,0.873,12.286,12.286,1114.807,26,26,1,0,,,10.195,10.436,97.449,100.699,0.019,185,7,5300
5,cand,recorded,49,rose_pine_dawn,rose_pine_dawn,63622.423,0.521,,3.615,4.298,16.009,16.009,1118.793,26,26,1,0,,,10.569,10.801,96.165,98.808,0.013,181,4,5300
5,cand,recorded,50,dracula,dracula,64822.856,0.477,,6.959,7.605,19.333,19.333,1113.991,24,24,1,0,,,10.528,10.75,92.95,95.391,0.019,176,4,5208
5,cand,recorded,51,alucard,alucard,66022.892,0.606,,2.325,3.084,14.432,14.432,1116.811,24,24,1,0,,,10.354,10.611,91.939,95.537,0.168,187,4,5300
5,cand,recorded,52,kanagawa_wave,kanagawa_wave,67222.854,0.456,,5.587,6.24,17.583,17.583,1113.12,26,26,1,0,,,10.102,10.342,96.218,100.021,0.008,179,4,5306
5,cand,recorded,53,kanagawa_lotus,kanagawa_lotus,68422.412,0.507,,2.329,3.033,14.786,14.786,1116.9,26,26,1,0,,,10.469,10.713,98.934,101.906,0.031,182,4,5216
5,cand,recorded,54,midnight,midnight,69622.606,0.501,,4.706,5.46,17.379,17.379,1119.612,26,26,1,0,,,10.246,10.586,97.051,100.643,0.008,185,4,5300
5,cand,recorded,55,daylight,daylight,70822.858,0.393,,0.468,1.212,12.847,12.847,1115.503,25,25,1,0,,,10.402,10.658,95.48,99.177,0.015,175,4,5300
5,cand,recorded,56,graphite,graphite,72022.459,0.533,,3.858,4.666,16.921,16.921,1118.43,39,45,1,0,,,10.541,10.841,142.766,146.186,0.02,198,4,5300
5,cand,recorded,57,tokyo_night,tokyo_night,73222.725,0.515,,6.922,7.598,19.421,19.421,1113.447,38,44,1,0,,,10.603,10.884,130.104,132.904,0.017,211,4,5100
5,cand,recorded,58,catppuccin_mocha,catppuccin_mocha,74422.431,0.446,,3.838,4.436,16.376,16.376,1118.859,24,24,1,0,,,10.668,10.9,94.634,97.553,0.015,176,4,5288
5,cand,recorded,59,nord,nord,75622.742,0.477,,6.608,7.309,19.48,19.48,1114.413,26,26,1,0,,,10.561,10.853,96.741,99.687,0.024,186,7,5246
5,cand,recorded,60,porcelain,porcelain,76822.198,0.533,,2.467,3.108,15.097,15.097,1117.212,38,44,1,0,,,10.24,10.482,137.864,141.336,0.006,178,7,5300
5,cand,recorded,61,sandstone,sandstone,78022.376,0.423,,5.523,6.098,17.564,17.564,1112.254,26,26,1,0,,,10.646,10.924,90.906,93.488,0.009,192,7,5300
5,cand,recorded,62,deep_sea,deep_sea,79222.49,0.468,,1.9,2.518,13.664,13.664,1116.564,32,38,1,0,,,10.008,10.265,126.69,129.325,0.015,174,7,5300
5,cand,recorded,63,ember,ember,80422.388,0.452,,4.609,5.177,16.979,16.979,1118.672,39,45,1,0,,,10.479,10.719,143.17,146.617,0.029,183,7,5277
5,cand,recorded,64,solarized_dark,solarized_dark,81622.489,0.449,,0.402,1.01,12.776,12.776,1114.171,26,26,1,0,,,10.778,11.085,90.962,93.91,0.016,193,4,5274
5,cand,recorded,65,solarized_light,solarized_light,82822.484,0.467,,3.842,4.496,15.665,15.665,1118.737,23,23,1,0,,,10.277,10.553,89.733,92.279,0.005,172,4,5300
5,cand,recorded,66,one_dark,one_dark,84022.23,0.509,,7.072,7.743,19.804,19.804,1114.91,25,25,1,0,,,10.271,10.515,95.486,98.282,0.02,176,4,5291
5,cand,recorded,67,one_light,one_light,85222.796,0.391,,2.539,3.236,15.445,15.445,1117.434,26,26,1,0,,,10.967,11.2,97.572,100.912,0.028,192,4,5300
5,cand,recorded,68,rose_pine,rose_pine,86422.443,0.473,,5.875,6.586,18.745,18.745,1113.693,24,24,1,0,,,10.536,10.756,98.044,101.475,0.008,177,4,5226
5,cand,recorded,69,rose_pine_dawn,rose_pine_dawn,87622.909,0.517,,1.851,2.505,14.244,14.244,1116.308,26,26,1,0,,,10.594,11.013,97.735,100.199,0.003,174,4,5300
5,cand,recorded,70,dracula,dracula,88822.402,0.364,,4.919,5.623,16.852,16.852,1119.715,26,26,1,0,,,10.182,10.449,97.885,100.497,0.017,188,4,5300
5,cand,recorded,71,alucard,alucard,90022.379,0.51,,0.778,1.557,15.654,15.654,1115.265,26,26,1,0,,,12.265,12.616,100.227,102.847,0.127,177,4,4995
5,cand,recorded,72,kanagawa_wave,kanagawa_wave,91222.85,0.442,,4.228,4.862,16.474,16.474,1118.269,26,26,1,0,,,10.181,10.586,91.71,94.624,0.013,193,4,5300
5,cand,recorded,73,kanagawa_lotus,kanagawa_lotus,92422.853,0.407,,7.381,8.027,19.337,19.337,1114.381,22,22,1,0,,,10.158,10.375,89.232,92.456,0.003,175,4,5190
5,cand,recorded,74,midnight,midnight,93622.274,0.495,,3.916,4.524,16.7,16.7,1117.923,26,26,1,0,,,10.357,10.832,97.425,99.857,0.018,184,4,5310
5,cand,recorded,75,daylight,daylight,94822.85,0.444,,6.271,6.99,18.748,18.748,1113.359,26,26,1,0,,,10.528,10.793,97.41,100.135,0.013,187,4,5264
5,cand,recorded,76,graphite,graphite,96022.863,0.528,,1.726,2.44,14.583,14.583,1116.017,39,45,1,0,,,10.499,10.759,137.677,140.582,0.006,174,4,5300
5,cand,recorded,77,tokyo_night,tokyo_night,97222.32,0.439,,6.064,6.638,18.043,18.043,1112.622,38,44,1,0,,,10.165,10.385,131.247,133.694,0.011,208,4,5219
5,cand,recorded,78,catppuccin_mocha,catppuccin_mocha,98422.792,0.394,,1.557,2.128,13.161,13.161,1116.454,22,22,1,0,,,10.043,10.274,95.547,98.539,0.06,182,4,5300
5,cand,recorded,79,nord,nord,99622.465,0.521,,4.391,5.091,16.879,16.879,880.35,24,24,1,0,,,10.492,10.925,79.13,81.631,0.017,146,2,5299
5,cand,idle,0,,nord,100596.38,,,,,,,,0,0,0,0,,,,,2.339,3.993,0.017,166,,
5,cand,idle,1,,nord,101797.748,,,,,,,,0,0,0,0,,,,,2.575,3.975,0.005,165,,
5,cand,idle,2,,nord,102997.192,,,,,,,,0,0,0,0,,,,,3.748,5.314,0.004,166,,
5,cand,idle,3,,nord,104197.728,,,,,,,,0,0,0,0,,,,,3.381,5.165,0.003,166,,
5,cand,idle,4,,nord,105397.455,,,,,,,,0,0,0,0,,,,,3.344,4.726,0.011,165,,
6,cand,warmup,0,graphite,graphite,0.0,0.477,,7.412,8.055,20.348,20.348,1115.25,34,39,1,0,,,10.56,10.83,131.575,134.27,0.092,180,4,5292
6,cand,warmup,1,tokyo_night,tokyo_night,1200.434,0.384,,2.63,3.211,15.228,15.228,1116.381,39,45,1,0,,,10.609,10.837,137.967,141.445,0.024,206,5,5300
6,cand,warmup,2,catppuccin_mocha,catppuccin_mocha,2400.434,0.44,,6.128,6.74,18.069,18.069,1113.553,26,26,1,0,,,9.992,10.24,92.439,95.788,0.052,191,5,5300
6,cand,warmup,3,nord,nord,3599.841,0.456,,2.633,3.302,15.098,15.098,1137.94,23,23,1,0,,,10.37,10.623,68.253,70.479,0.06,150,5,5300
6,cand,recorded,0,porcelain,porcelain,4822.851,0.371,,4.706,5.319,17.531,17.531,1117.897,38,44,1,0,,,10.322,10.583,133.289,135.91,0.032,194,4,5300
6,cand,recorded,1,sandstone,sandstone,6023.572,0.372,,6.993,7.596,18.443,18.443,1112.696,26,26,1,0,,,10.54,10.783,91.178,93.86,0.049,195,4,5299
6,cand,recorded,2,deep_sea,deep_sea,7223.519,0.366,,2.622,3.222,14.325,14.325,1117.243,39,45,1,0,,,10.135,10.432,141.658,144.938,0.019,201,4,5281
6,cand,recorded,3,ember,ember,8423.583,0.451,,6.025,6.772,17.809,17.809,1112.322,38,44,1,0,,,10.148,10.415,131.274,133.742,0.063,207,5,5181
6,cand,recorded,4,solarized_dark,solarized_dark,9622.977,0.382,,2.411,3.195,14.269,14.269,1116.436,23,23,1,0,,,10.241,10.493,90.129,92.631,0.041,179,5,5284
6,cand,recorded,5,solarized_light,solarized_light,10823.265,0.392,,5.224,5.872,16.809,16.809,1119.893,26,26,1,0,,,10.248,10.481,91.413,94.435,0.046,194,5,5300
6,cand,recorded,6,one_dark,one_dark,12023.575,0.407,,0.648,1.337,12.946,12.946,1115.683,23,23,1,0,,,10.495,10.756,91.464,95.22,0.028,184,5,5300
6,cand,recorded,7,one_light,one_light,13223.611,0.447,,3.803,4.472,16.559,16.559,1117.879,25,25,1,0,,,10.839,11.069,94.709,98.338,0.052,178,5,5300
6,cand,recorded,8,rose_pine,rose_pine,14423.567,0.5,,7.384,8.12,19.47,19.47,1114.477,26,26,1,0,,,10.0,10.219,91.646,95.256,0.013,193,5,5277
6,cand,recorded,9,rose_pine_dawn,rose_pine_dawn,15623.546,0.449,,3.551,4.188,15.833,15.833,1117.848,24,24,1,0,,,10.525,10.782,92.861,95.584,0.047,178,5,5300
6,cand,recorded,10,dracula,dracula,16823.574,0.394,,6.294,6.989,19.688,19.688,1112.532,25,25,1,0,,,10.427,10.685,94.024,96.718,0.008,178,5,5299
6,cand,recorded,11,alucard,alucard,18023.55,0.424,,2.642,3.337,15.276,15.276,1116.555,26,26,1,0,,,10.883,11.196,92.915,95.772,0.024,193,5,5291
6,cand,recorded,12,kanagawa_wave,kanagawa_wave,19222.92,0.422,,5.844,6.482,17.947,17.947,1113.412,24,24,1,0,,,10.301,10.549,91.746,94.238,0.008,177,5,5300
6,cand,recorded,13,kanagawa_lotus,kanagawa_lotus,20423.645,0.361,,1.72,2.319,14.419,14.419,1115.236,26,26,1,0,,,10.287,10.56,96.848,98.996,0.018,187,5,5300
6,cand,recorded,14,midnight,midnight,21623.589,0.49,,4.187,4.984,16.732,16.732,1118.9,26,26,1,0,,,10.335,10.596,91.277,94.063,0.039,193,5,5300
6,cand,recorded,15,daylight,daylight,22823.574,0.366,,0.505,1.104,12.47,12.47,1115.141,24,24,1,0,,,10.204,10.464,90.665,93.654,0.013,176,5,5300
6,cand,recorded,16,graphite,graphite,24023.675,0.44,,3.398,4.048,16.631,16.631,1117.271,39,45,1,0,,,10.501,10.811,137.931,141.555,0.041,202,5,5300
6,cand,recorded,17,tokyo_night,tokyo_night,25223.475,0.394,,7.286,7.968,19.366,19.366,1113.781,38,44,1,0,,,10.117,10.417,127.874,130.464,0.064,211,5,5302
6,cand,recorded,18,catppuccin_mocha,catppuccin_mocha,26422.987,0.354,,3.577,4.222,15.591,15.591,1118.106,26,26,1,0,,,10.022,10.303,97.074,99.97,0.019,179,5,5300
6,cand,recorded,19,nord,nord,27623.511,0.39,,6.142,6.764,18.456,18.456,1112.761,26,26,1,0,,,10.224,10.51,90.677,93.453,0.03,193,5,5300
6,cand,recorded,20,porcelain,porcelain,28823.573,0.366,,1.587,2.183,13.292,13.292,1116.074,37,43,1,0,,,10.149,10.459,136.403,140.08,0.136,202,5,5300
6,cand,recorded,21,sandstone,sandstone,30022.962,0.365,,5.749,6.368,17.616,17.616,1119.047,26,26,1,0,,,10.423,10.692,91.068,94.344,0.049,195,5,5300
6,cand,recorded,22,deep_sea,deep_sea,31223.574,0.357,,0.673,1.291,12.713,12.713,1114.656,39,45,1,0,,,9.929,10.183,137.719,140.045,0.03,203,4,5300
6,cand,recorded,23,ember,ember,32422.942,0.364,,5.052,5.676,16.468,16.468,1119.078,39,45,1,0,,,9.814,10.077,130.088,133.069,0.026,191,5,5300
6,cand,recorded,24,solarized_dark,solarized_dark,33623.501,0.383,,7.644,8.254,19.756,19.756,1114.525,24,24,1,0,,,10.427,10.653,92.856,96.388,0.025,178,5,5100
6,cand,recorded,25,solarized_light,solarized_light,34823.045,0.387,,4.074,4.708,16.335,16.335,1117.817,26,26,1,0,,,10.412,10.693,95.564,99.642,0.022,184,5,5253
6,cand,recorded,26,one_dark,one_dark,36023.493,0.364,,6.248,6.841,18.216,18.216,1113.103,26,26,1,0,,,9.949,10.263,91.346,94.308,0.04,193,5,5300
6,cand,recorded,27,one_light,one_light,37223.479,0.367,,2.112,2.68,14.131,14.131,1116.073,26,26,1,0,,,10.405,10.667,96.161,99.872,0.009,175,5,5300
6,cand,recorded,28,rose_pine,rose_pine,38422.947,0.388,,5.795,6.487,18.055,18.055,1111.972,26,26,1,0,,,10.049,10.347,89.935,93.261,0.024,192,5,5300
6,cand,recorded,29,rose_pine_dawn,rose_pine_dawn,39622.928,0.407,,2.282,3.02,14.36,14.36,1116.116,25,25,1,0,,,10.637,10.895,94.344,97.975,0.012,176,5,5300
6,cand,recorded,30,dracula,dracula,40823.623,0.445,,4.209,4.842,16.639,16.639,1118.785,26,26,1,0,,,10.266,10.501,95.835,99.264,0.035,188,5,5300
6,cand,recorded,31,alucard,alucard,42022.914,0.417,,0.849,1.472,12.989,12.989,1115.198,25,25,1,0,,,10.477,10.768,89.473,92.778,0.029,190,5,5300
6,cand,recorded,32,kanagawa_wave,kanagawa_wave,43223.06,0.455,,4.42,5.074,16.126,16.126,1118.287,25,25,1,0,,,10.175,10.436,94.298,97.641,0.007,178,5,5300
6,cand,recorded,33,kanagawa_lotus,kanagawa_lotus,44423.579,0.445,,6.9,7.459,19.033,19.033,1112.971,26,26,1,0,,,10.408,10.624,96.419,99.879,0.019,187,5,5243
6,cand,recorded,34,midnight,midnight,45623.603,0.453,,2.8,3.407,14.55,14.55,1116.797,26,26,1,0,,,10.221,10.562,91.408,93.683,0.032,194,5,5300
6,cand,recorded,35,daylight,daylight,46823.568,0.442,,5.936,6.581,17.89,17.89,1113.249,24,24,1,0,,,10.197,10.495,98.528,101.287,0.095,174,5,5300
6,cand,recorded,36,graphite,graphite,48023.581,0.441,,1.936,2.531,14.572,14.572,1115.244,39,45,1,0,,,10.287,10.586,140.384,143.25,0.09,200,0,5308
6,cand,recorded,37,tokyo_night,tokyo_night,49223.016,0.447,,5.653,6.37,16.967,16.967,1118.874,39,45,1,0,,,9.874,10.117,128.832,131.223,0.021,199,3,5300
6,cand,recorded,38,catppuccin_mocha,catppuccin_mocha,50423.576,0.391,,0.611,1.26,12.591,12.591,1115.54,26,26,1,0,,,9.991,10.247,95.689,98.51,0.008,173,3,5277
6,cand,recorded,39,nord,nord,51623.078,0.331,,4.299,5.089,16.588,16.588,1118.427,26,26,1,0,,,10.046,10.284,91.116,94.241,0.043,194,3,5279
6,cand,recorded,40,porcelain,porcelain,52823.568,0.354,,7.268,7.96,19.573,19.573,1113.67,35,40,1,0,,,10.327,10.598,128.917,131.951,0.046,190,3,5285
6,cand,recorded,41,sandstone,sandstone,54023.579,0.432,,2.943,3.598,15.203,15.203,1116.638,25,25,1,0,,,10.862,11.173,94.887,97.665,0.016,183,3,5300
6,cand,recorded,42,deep_sea,deep_sea,55223.367,0.464,,6.721,7.359,18.824,18.824,1112.879,38,44,1,0,,,10.054,10.317,130.107,133.577,0.093,195,3,5300
6,cand,recorded,43,ember,ember,56423.577,0.464,,2.012,2.614,14.007,14.007,1115.6,39,45,1,0,,,10.136,10.401,141.766,145.001,0.008,175,7,5300
6,cand,recorded,44,solarized_dark,solarized_dark,57623.216,0.484,,6.127,6.786,17.979,17.979,1111.673,26,26,1,0,,,10.482,10.761,91.793,94.781,0.023,193,7,5299
6,cand,recorded,45,solarized_light,solarized_light,58823.613,0.448,,0.975,1.61,12.747,12.747,1115.775,24,24,1,0,,,10.129,10.398,92.589,95.655,0.028,177,6,5297
6,cand,recorded,46,one_dark,one_dark,60023.203,0.49,,4.477,5.191,16.882,16.882,1119.131,26,26,1,0,,,10.192,10.426,97.025,99.607,0.097,180,7,5300
6,cand,recorded,47,one_light,one_light,61223.276,0.405,,0.72,1.422,12.876,12.876,1115.075,26,26,1,0,,,10.616,10.902,92.036,94.772,0.074,191,6,5300
6,cand,recorded,48,rose_pine,rose_pine,62423.578,0.409,,3.865,4.544,15.63,15.63,1117.53,26,26,1,0,,,10.238,10.542,99.656,102.683,0.027,173,4,5293
6,cand,recorded,49,rose_pine_dawn,rose_pine_dawn,63622.905,0.441,,7.556,8.291,20.446,20.446,1113.76,25,25,1,0,,,10.805,11.255,95.216,97.985,0.042,185,6,5263
6,cand,recorded,50,dracula,dracula,64823.579,0.411,,2.936,3.593,14.801,14.801,1115.983,26,26,1,0,,,10.178,10.411,92.686,95.23,0.016,192,4,5284
6,cand,recorded,51,alucard,alucard,66023.602,0.374,,5.806,6.518,17.594,17.594,1112.786,22,22,1,0,,,10.526,10.831,89.591,92.211,0.012,175,4,5300
6,cand,recorded,52,kanagawa_wave,kanagawa_wave,67223.614,0.353,,1.982,2.557,14.11,14.11,1115.307,26,26,1,0,,,10.376,10.66,96.145,98.774,0.022,175,4,5192
6,cand,recorded,53,kanagawa_lotus,kanagawa_lotus,68422.952,0.362,,5.452,6.049,17.333,17.333,1119.565,26,26,1,0,,,10.179,10.462,92.955,96.202,0.015,191,4,5300
6,cand,recorded,54,midnight,midnight,69623.581,0.362,,0.569,1.188,12.865,12.865,1114.81,24,24,1,0,,,10.413,10.956,94.561,97.733,0.059,175,4,5300
6,cand,recorded,55,daylight,daylight,70823.578,0.347,,4.047,4.682,16.679,16.679,1118.346,26,26,1,0,,,10.672,11.169,98.571,101.284,0.02,186,6,5300
6,cand,recorded,56,graphite,graphite,72023.57,0.378,,7.5,8.251,19.806,19.806,1113.622,39,44,1,0,,,10.219,10.443,131.966,134.287,0.048,187,6,5291
6,cand,recorded,57,tokyo_night,tokyo_night,73223.586,0.362,,3.449,4.106,15.511,15.511,1119.205,39,45,1,0,,,10.121,10.475,140.97,143.612,0.03,173,4,5300
6,cand,recorded,58,catppuccin_mocha,catppuccin_mocha,74423.576,0.356,,6.524,7.125,18.803,18.803,1113.183,26,26,1,0,,,10.271,10.606,97.248,100.441,0.03,187,4,5245
6,cand,recorded,59,nord,nord,75623.208,0.369,,2.27,2.944,13.948,13.948,1116.464,26,26,1,0,,,10.249,10.559,91.473,93.949,0.018,192,4,5300
6,cand,recorded,60,porcelain,porcelain,76823.142,0.381,,6.048,6.743,18.207,18.207,1112.168,37,43,1,0,,,10.163,10.413,133.427,136.323,0.008,176,4,5239
6,cand,recorded,61,sandstone,sandstone,78023.001,0.362,,2.033,2.624,14.196,14.196,1115.312,26,26,1,0,,,10.801,11.112,97.217,100.368,0.049,183,4,5300
6,cand,recorded,62,deep_sea,deep_sea,79223.575,0.438,,4.106,4.793,16.072,16.072,1118.503,39,45,1,0,,,10.14,10.397,131.745,135.079,0.017,192,4,5300
6,cand,recorded,63,ember,ember,80423.582,0.428,,0.203,0.81,12.443,12.443,1113.659,39,44,1,0,,,10.216,10.473,137.583,141.095,0.037,198,4,5300
6,cand,recorded,64,solarized_dark,solarized_dark,81623.628,0.426,,3.551,4.293,15.74,15.74,1116.617,26,26,1,0,,,10.288,10.648,92.716,95.444,0.02,194,4,5300
6,cand,recorded,65,solarized_light,solarized_light,82823.572,0.448,,6.451,7.094,18.689,18.689,1113.861,24,24,1,0,,,10.418,10.683,91.487,94.567,0.008,190,4,5225
6,cand,recorded,66,one_dark,one_dark,84023.575,0.43,,2.408,3.006,14.805,14.805,1116.402,25,25,1,0,,,10.499,10.75,94.081,97.316,0.014,187,4,5299
6,cand,recorded,67,one_light,one_light,85223.184,0.499,,6.04,6.762,18.107,18.107,1112.144,26,26,1,0,,,10.829,11.076,92.239,95.547,0.013,193,4,5300
6,cand,recorded,68,rose_pine,rose_pine,86423.588,0.351,,1.512,2.137,13.658,13.658,1115.748,26,26,1,0,,,10.212,10.454,96.534,100.06,0.0,193,4,5300
6,cand,recorded,69,rose_pine_dawn,rose_pine_dawn,87623.601,0.436,,4.41,5.199,17.169,17.169,1110.769,26,26,1,0,,,10.871,11.105,96.655,100.037,0.021,172,4,5294
6,cand,recorded,70,dracula,dracula,88823.585,0.395,,0.507,1.134,12.757,12.757,1114.789,26,26,1,0,,,10.399,10.634,92.643,95.725,0.037,193,4,5300
6,cand,recorded,71,alucard,alucard,90023.36,0.431,,3.926,4.509,15.746,15.746,1118.338,24,24,1,0,,,10.146,10.38,93.962,97.314,0.018,185,4,5300
6,cand,recorded,72,kanagawa_wave,kanagawa_wave,91223.57,0.451,,6.855,7.527,18.838,18.838,1113.735,26,26,1,0,,,10.269,10.494,95.202,98.868,0.045,190,4,5300
6,cand,recorded,73,kanagawa_lotus,kanagawa_lotus,92422.923,0.449,,3.431,4.075,15.306,15.306,1117.421,26,26,1,0,,,10.484,10.759,91.423,93.878,0.019,193,4,5300
6,cand,recorded,74,midnight,midnight,93622.968,0.534,,7.012,7.795,19.421,19.421,1113.441,24,24,1,0,,,10.288,10.509,92.185,94.964,0.008,177,4,5300
6,cand,recorded,75,daylight,daylight,94823.584,0.448,,2.202,2.854,15.046,15.046,1115.472,26,26,1,0,,,10.708,10.96,94.987,98.446,0.014,180,4,5300
6,cand,recorded,76,graphite,graphite,96022.979,0.377,,5.924,6.56,18.168,18.168,1112.282,38,44,1,0,,,10.13,10.377,129.985,132.629,0.13,185,2,5300
6,cand,recorded,77,tokyo_night,tokyo_night,97223.03,0.441,,1.483,2.127,13.631,13.631,1115.486,38,43,1,0,,,10.141,10.398,135.461,138.072,0.028,183,4,5300
6,cand,recorded,78,catppuccin_mocha,catppuccin_mocha,98423.59,0.449,,4.69,5.36,16.836,16.836,1118.184,26,26,1,0,,,10.071,10.322,90.87,93.641,0.05,193,4,5300
6,cand,recorded,79,nord,nord,99623.597,0.444,,0.235,0.907,12.775,12.775,877.181,22,22,1,0,,,10.445,10.677,71.107,73.55,0.003,137,4,5300
6,cand,idle,0,,nord,100596.445,,,,,,,,0,0,0,0,,,,,2.234,3.678,0.004,165,,
6,cand,idle,1,,nord,101798.135,,,,,,,,0,0,0,0,,,,,2.129,3.53,0.139,167,,
6,cand,idle,2,,nord,102998.055,,,,,,,,0,0,0,0,,,,,2.243,3.484,0.022,165,,
6,cand,idle,3,,nord,104197.532,,,,,,,,0,0,0,0,,,,,2.204,3.547,0.079,166,,
6,cand,idle,4,,nord,105397.678,,,,,,,,0,0,0,0,,,,,1.994,3.183,0.244,166,,
7,base,warmup,0,graphite,graphite,0.0,0.443,,5.523,6.157,18.35,18.35,1119.714,37,41,1,0,,,10.473,10.752,134.487,137.615,0.03,187,1,5220
7,base,warmup,1,tokyo_night,tokyo_night,1200.476,0.472,,0.557,1.209,13.741,13.741,1114.357,39,45,1,0,,,10.804,11.056,141.527,145.067,0.114,202,1,5100
7,base,warmup,2,catppuccin_mocha,catppuccin_mocha,2400.064,0.538,,4.071,4.805,16.272,16.272,1118.371,26,26,1,0,,,10.104,10.4,92.118,95.136,0.048,193,1,5300
7,base,warmup,3,nord,nord,3599.845,0.482,,0.231,0.889,12.59,12.59,1144.375,22,22,1,0,,,10.178,10.447,67.624,70.545,0.007,146,1,5290
7,base,recorded,0,porcelain,porcelain,4824.207,0.507,,0.792,1.49,13.195,13.195,1114.989,39,44,1,0,,,10.42,10.685,139.637,143.023,0.046,180,1,5277
7,base,recorded,1,sandstone,sandstone,6024.088,0.456,,4.362,4.94,17.054,17.054,1119.402,26,26,1,0,,,10.267,10.534,96.76,99.44,0.018,185,5,5100
7,base,recorded,2,deep_sea,deep_sea,7224.477,0.471,,7.068,7.678,19.577,19.577,1113.727,37,42,1,0,,,10.121,10.372,134.934,137.666,0.18,184,5,5306
7,base,recorded,3,ember,ember,8423.834,0.45,,3.6,4.205,16.299,16.299,1117.42,39,45,1,0,,,10.278,10.55,144.685,148.413,0.12,179,5,5100
7,base,recorded,4,solarized_dark,solarized_dark,9624.423,0.431,,6.12,6.761,18.806,18.806,1113.917,24,24,1,0,,,10.363,10.611,92.778,95.13,0.032,178,0,5097
7,base,recorded,5,solarized_light,solarized_light,10824.475,0.464,,2.095,2.671,14.652,14.652,1116.852,26,26,1,0,,,10.065,10.369,97.584,100.447,0.027,173,1,5300
7,base,recorded,6,one_dark,one_dark,12024.026,0.431,,6.013,6.807,18.661,18.661,1121.168,26,26,1,0,,,10.368,10.636,98.282,101.726,0.025,178,1,5300
7,base,recorded,7,one_light,one_light,13224.481,0.488,,1.525,2.286,14.753,14.753,1116.465,18,18,1,0,,,10.6,10.873,80.401,83.309,0.031,177,1,5291
7,base,recorded,8,rose_pine,rose_pine,14424.162,0.528,,4.477,5.085,17.199,17.199,1120.162,17,17,1,0,,,10.11,10.376,76.874,80.191,0.125,174,1,5300
7,base,recorded,9,rose_pine_dawn,rose_pine_dawn,15624.472,0.464,,0.146,0.857,13.143,13.143,1115.257,23,23,1,0,,,10.109,10.407,92.322,96.006,0.039,185,0,5300
7,base,recorded,10,dracula,dracula,16824.47,0.448,,3.813,4.49,16.538,16.538,1118.757,26,26,1,0,,,10.374,10.714,98.823,101.715,0.08,172,0,5221
7,base,recorded,11,alucard,alucard,18023.821,0.456,,7.533,8.074,20.51,20.51,1114.385,25,25,1,0,,,10.417,10.717,95.392,97.477,0.021,174,6,5300
7,base,recorded,12,kanagawa_wave,kanagawa_wave,19223.815,0.489,,3.646,4.282,16.335,16.335,1117.388,23,23,1,0,,,10.48,10.723,90.611,93.211,0.034,177,6,5302
7,base,recorded,13,kanagawa_lotus,kanagawa_lotus,20424.543,0.487,,5.615,6.3,17.91,17.91,1113.111,17,17,1,0,,,10.115,10.374,76.206,79.314,0.009,172,7,5276
7,base,recorded,14,midnight,midnight,21624.309,0.451,,2.221,2.829,15.078,15.078,1116.535,19,19,1,0,,,10.383,10.725,84.622,87.796,0.03,176,7,5241
7,base,recorded,15,daylight,daylight,22824.304,0.466,,5.03,5.681,17.942,17.942,1119.738,19,19,1,0,,,10.053,10.609,80.458,83.372,0.03,177,7,5300
7,base,recorded,16,graphite,graphite,24024.173,0.488,,0.745,1.423,13.495,13.495,1115.373,30,35,1,0,,,10.379,10.675,121.106,123.942,0.068,178,7,5279
7,base,recorded,17,tokyo_night,tokyo_night,25224.3,0.44,,4.117,4.718,16.946,16.946,1117.925,36,40,1,0,,,10.725,11.167,132.154,135.738,0.023,181,5,5100
7,base,recorded,18,catppuccin_mocha,catppuccin_mocha,26424.475,0.395,,7.503,8.085,19.867,19.867,1114.374,24,24,1,0,,,10.254,10.753,93.247,96.501,0.049,188,5,5295
7,base,recorded,19,nord,nord,27623.97,0.412,,3.196,3.888,15.831,15.831,1118.602,18,18,1,0,,,10.368,10.709,79.697,82.876,0.03,173,7,5285
7,base,recorded,20,porcelain,porcelain,28824.559,0.474,,5.977,6.572,18.591,18.591,1120.431,29,33,1,0,,,10.333,10.572,113.315,116.47,0.023,180,7,5300
7,base,recorded,21,sandstone,sandstone,30024.472,0.482,,2.045,2.697,14.751,14.751,1116.715,21,21,1,0,,,10.324,10.654,85.445,88.892,0.023,178,7,5300
7,base,recorded,22,deep_sea,deep_sea,31224.138,0.498,,5.918,6.579,19.172,19.172,1113.033,31,36,1,0,,,10.451,10.712,122.291,126.23,0.021,185,7,5231
7,base,recorded,23,ember,ember,32424.39,0.439,,1.05,1.641,13.84,13.84,1115.304,35,37,1,0,,,10.519,11.013,125.502,128.963,0.02,190,7,5103
7,base,recorded,24,solarized_dark,solarized_dark,33624.481,0.466,,4.114,4.695,16.929,16.929,1118.832,25,25,1,0,,,10.132,10.759,97.814,100.983,0.022,187,7,5300
7,base,recorded,25,solarized_light,solarized_light,34824.469,0.423,,0.146,0.808,12.522,12.522,1114.814,26,26,1,0,,,10.356,10.621,99.136,103.023,0.015,189,0,5287
7,base,recorded,26,one_dark,one_dark,36024.361,0.473,,3.683,4.36,16.117,16.117,1118.133,26,26,1,0,,,10.34,11.012,98.853,102.414,0.003,183,7,5300
7,base,recorded,27,one_light,one_light,37224.356,0.482,,6.583,7.258,18.975,18.975,1113.573,23,23,1,0,,,10.231,10.513,90.556,94.266,0.045,178,7,5274
7,base,recorded,28,rose_pine,rose_pine,38424.476,0.474,,2.288,2.892,14.866,14.866,1117.091,23,23,1,0,,,10.45,11.07,92.037,96.789,0.05,185,7,5300
7,base,recorded,29,rose_pine_dawn,rose_pine_dawn,39624.245,0.453,,5.899,6.482,18.333,18.333,1113.42,23,23,1,0,,,10.278,10.539,89.71,92.064,0.009,185,7,5266
7,base,recorded,30,dracula,dracula,40824.473,0.47,,1.371,2.036,14.374,14.374,1115.869,26,26,1,0,,,10.141,10.465,97.037,99.741,0.025,193,7,5300
7,base,recorded,31,alucard,alucard,42024.478,0.469,,4.5,5.154,16.893,16.893,1118.876,26,26,1,0,,,10.181,10.484,97.603,101.677,0.027,188,7,5300
7,base,recorded,32,kanagawa_wave,kanagawa_wave,43224.472,0.475,,0.346,1.075,13.513,13.513,1115.238,24,24,1,0,,,10.319,10.569,92.743,96.322,0.007,177,7,5300
7,base,recorded,33,kanagawa_lotus,kanagawa_lotus,44424.473,0.451,,3.612,4.249,16.414,16.414,1118.403,25,25,1,0,,,10.063,10.395,94.598,98.058,0.003,176,7,5300
7,base,recorded,34,midnight,midnight,45623.947,0.449,,0.159,0.769,12.98,12.98,1115.138,24,24,1,0,,,10.045,10.298,91.885,95.068,0.025,185,7,5281
7,base,recorded,35,daylight,daylight,46824.469,0.464,,2.687,3.337,15.054,15.054,1117.758,26,26,1,0,,,10.08,10.332,96.534,100.03,0.055,189,7,5300
7,base,recorded,36,graphite,graphite,48024.235,0.47,,6.351,7.008,19.189,19.189,1113.506,38,42,1,0,,,10.396,10.628,136.365,139.299,0.074,190,0,5277
7,base,recorded,37,tokyo_night,tokyo_night,49224.398,0.476,,1.877,2.501,14.971,14.971,1116.299,37,43,1,0,,,10.524,10.768,136.716,139.548,0.073,186,7,5100
7,base,recorded,38,catppuccin_mocha,catppuccin_mocha,50424.429,0.437,,4.961,5.633,17.824,17.824,1112.211,23,23,1,0,,,10.338,10.591,89.506,93.117,0.014,177,7,5300
7,base,recorded,39,nord,nord,51623.815,0.47,,1.519,2.165,14.448,14.448,1116.401,19,19,1,0,,,10.329,10.635,83.528,87.062,0.009,177,7,5300
7,base,recorded,40,porcelain,porcelain,52824.4,0.37,,4.633,5.252,17.134,17.134,1119.071,32,37,1,0,,,10.251,10.496,121.961,125.194,0.033,181,7,5300
7,base,recorded,41,sandstone,sandstone,54024.137,0.365,,0.326,0.933,13.108,13.108,1115.267,20,20,1,0,,,10.565,10.825,82.403,85.924,0.012,175,7,5100
7,base,recorded,42,deep_sea,deep_sea,55224.491,0.466,,3.662,4.369,16.981,16.981,1117.683,35,41,1,0,,,10.714,10.958,132.667,135.919,0.023,186,7,5252
7,base,recorded,43,ember,ember,56423.886,0.35,,7.529,8.092,20.35,20.35,1114.216,38,43,1,0,,,10.457,10.688,138.577,141.818,0.031,184,7,5102
7,base,recorded,44,solarized_dark,solarized_dark,57624.481,0.381,,2.945,3.571,15.904,15.904,1116.977,25,25,1,0,,,10.389,10.695,95.414,98.39,0.052,180,7,5262
7,base,recorded,45,solarized_light,solarized_light,58824.461,0.389,,6.104,6.715,18.224,18.224,1112.56,24,24,1,0,,,10.011,10.29,90.627,93.681,0.013,182,7,5252
7,base,recorded,46,one_dark,one_dark,60023.847,0.386,,2.579,3.188,15.305,15.305,1116.739,22,22,1,0,,,10.104,10.386,87.771,90.378,0.072,183,7,5300
7,base,recorded,47,one_light,one_light,61224.07,0.373,,5.327,6.049,18.166,18.166,1113.169,19,19,1,0,,,10.341,10.563,82.86,85.7,0.076,177,0,5300
7,base,recorded,48,rose_pine,rose_pine,62424.341,0.365,,0.566,1.197,13.424,13.424,1115.214,23,23,1,0,,,10.402,10.658,91.261,94.291,0.218,183,0,5300
7,base,recorded,49,rose_pine_dawn,rose_pine_dawn,63624.17,0.465,,4.303,4.971,17.139,17.139,1119.216,20,20,1,0,,,10.186,10.437,83.326,86.286,0.208,177,0,5300
7,base,recorded,50,dracula,dracula,64823.912,0.464,,0.146,0.805,12.815,12.815,1120.036,26,26,1,0,,,10.371,10.602,96.424,99.618,0.22,171,0,5300
7,base,recorded,51,alucard,alucard,66024.346,0.496,,2.741,3.417,16.021,16.021,1118.11,25,25,1,0,,,10.431,10.704,95.509,98.327,0.205,187,0,5300
7,base,recorded,52,kanagawa_wave,kanagawa_wave,67224.311,0.486,,6.198,6.824,18.952,18.952,1113.736,19,19,1,0,,,10.552,10.794,80.973,83.48,0.067,177,2,5300
7,base,recorded,53,kanagawa_lotus,kanagawa_lotus,68424.474,0.358,,2.023,2.649,15.211,15.211,1116.749,22,22,1,0,,,10.32,10.611,89.0,92.201,0.059,185,2,5300
7,base,recorded,54,midnight,midnight,69624.12,0.394,,5.284,5.92,17.911,17.911,1112.911,21,21,1,0,,,10.245,10.524,89.622,93.062,0.063,178,2,5300
7,base,recorded,55,daylight,daylight,70824.364,0.371,,1.397,2.009,14.317,14.317,1118.564,22,22,1,0,,,10.168,10.408,86.851,90.697,0.009,184,5,5300
7,base,recorded,56,graphite,graphite,72024.467,0.491,,4.007,4.68,17.294,17.294,1118.723,38,41,1,0,,,10.367,10.612,131.973,134.565,0.024,193,2,5300
7,base,recorded,57,tokyo_night,tokyo_night,73223.852,0.407,,0.558,1.204,13.672,13.672,1114.365,39,44,1,0,,,10.71,10.955,140.261,143.273,0.093,197,2,5100
7,base,recorded,58,catppuccin_mocha,catppuccin_mocha,74423.826,0.451,,3.777,4.4,16.095,16.095,1118.804,25,25,1,0,,,10.55,10.819,95.967,99.269,0.156,185,2,5100
7,base,recorded,59,nord,nord,75624.474,0.469,,6.774,7.429,19.442,19.442,1113.814,23,23,1,0,,,10.412,10.672,91.0,93.375,0.008,187,1,5309
7,base,recorded,60,porcelain,porcelain,76824.467,0.467,,2.159,2.812,15.153,15.153,1120.069,34,39,1,0,,,10.064,10.343,126.138,129.085,0.011,188,5,5300
7,base,recorded,61,sandstone,sandstone,78024.347,0.462,,5.969,6.593,18.934,18.934,1112.326,26,26,1,0,,,10.577,10.861,95.706,99.082,0.067,177,5,5113
7,base,recorded,62,deep_sea,deep_sea,79224.479,0.501,,1.207,1.856,14.081,14.081,1115.709,35,41,1,0,,,10.595,10.866,134.099,138.049,0.034,200,1,5283
7,base,recorded,63,ember,ember,80424.074,0.523,,4.796,5.507,17.271,17.271,1119.489,39,45,1,0,,,10.38,10.65,143.221,146.285,0.036,200,1,5300
7,base,recorded,64,solarized_dark,solarized_dark,81624.028,0.441,,0.78,1.499,13.452,13.452,1115.511,24,24,1,0,,,10.653,10.928,97.078,99.668,0.03,184,1,5100
7,base,recorded,65,solarized_light,solarized_light,82824.471,0.382,,3.555,4.15,16.372,16.372,1121.794,23,23,1,0,,,10.235,10.476,91.039,94.36,0.03,184,7,5300
7,base,recorded,66,one_dark,one_dark,84024.463,0.46,,6.987,7.675,20.06,20.06,1114.55,23,23,1,0,,,10.482,10.707,89.219,92.217,0.017,183,7,5292
7,base,recorded,67,one_light,one_light,85223.981,0.4,,3.124,3.729,15.361,15.361,1117.859,23,23,1,0,,,10.217,10.474,90.573,94.014,0.037,187,7,5300
7,base,recorded,68,rose_pine,rose_pine,86424.434,0.378,,6.14,6.73,19.146,19.146,1113.497,26,26,1,0,,,10.356,10.587,98.443,101.673,0.02,188,7,5260
7,base,recorded,69,rose_pine_dawn,rose_pine_dawn,87624.466,0.493,,1.867,2.712,14.93,14.93,1116.589,22,22,1,0,,,10.248,10.547,88.71,92.044,0.005,182,7,5300
7,base,recorded,70,dracula,dracula,88823.908,0.38,,5.567,6.159,18.639,18.639,1123.717,23,23,1,0,,,10.239,10.517,90.148,94.0,0.034,185,7,5300
7,base,recorded,71,alucard,alucard,90024.15,0.371,,1.037,1.734,14.335,14.335,1115.847,23,23,1,0,,,10.426,10.695,90.295,93.239,0.006,175,7,5300
7,base,recorded,72,kanagawa_wave,kanagawa_wave,91224.481,0.417,,4.658,5.31,17.713,17.713,1119.704,23,23,1,0,,,10.435,10.728,91.344,94.676,0.753,182,7,5301
7,base,recorded,73,kanagawa_lotus,kanagawa_lotus,92424.465,0.381,,0.148,0.708,12.732,12.732,1115.931,23,23,1,0,,,10.04,10.283,90.855,94.427,0.046,184,7,5300
7,base,recorded,74,midnight,midnight,93624.472,0.486,,2.984,3.722,15.991,15.991,1117.411,25,25,1,0,,,10.417,10.669,95.163,98.153,0.041,185,0,5300
7,base,recorded,75,daylight,daylight,94824.178,0.502,,6.878,7.602,20.309,20.309,1114.191,25,25,1,0,,,10.86,11.111,95.16,98.36,0.055,183,0,5296
7,base,recorded,76,graphite,graphite,96024.247,0.531,,2.268,3.033,15.25,15.25,1116.936,37,42,1,0,,,10.609,10.902,136.376,139.682,0.039,199,0,5300
7,base,recorded,77,tokyo_night,tokyo_night,97223.932,0.488,,5.821,6.513,19.335,19.335,1112.854,37,43,1,0,,,11.085,11.358,138.646,142.252,0.041,194,0,5110
7,base,recorded,78,catppuccin_mocha,catppuccin_mocha,98424.102,0.519,,1.55,2.216,14.246,14.246,1116.163,24,24,1,0,,,10.255,10.513,93.395,96.964,0.084,183,0,5294
7,base,recorded,79,nord,nord,99624.462,0.479,,4.649,5.4,17.661,17.661,884.787,22,22,1,0,,,10.416,10.67,71.798,74.9,0.097,152,0,5300
7,base,idle,0,,nord,100597.728,,,,,,,,0,0,0,0,,,,,2.194,4.263,0.038,166,,
7,base,idle,1,,nord,101799.601,,,,,,,,0,0,0,0,,,,,2.093,3.57,0.062,165,,
7,base,idle,2,,nord,102999.62,,,,,,,,0,0,0,0,,,,,2.106,3.579,0.112,166,,
7,base,idle,3,,nord,104199.622,,,,,,,,0,0,0,0,,,,,2.255,3.894,0.029,166,,
7,base,idle,4,,nord,105399.592,,,,,,,,0,0,0,0,,,,,2.206,3.857,0.072,165,,
